from,to,length
1537,5106,6.339
5106,1537,6.339
5106,9,25.000
9,5106,25.000
9,1574,9.205
1574,9,9.205
5263,530,26.411
530,5263,26.411
530,1091,54.785
1091,530,54.785
1091,1092,69.669
1092,1091,69.669
1092,1090,39.795
1090,1092,39.795
142,2556,1.663
2556,142,1.663
2556,4027,5.524
4027,2556,5.524
4027,5461,0.892
5461,4027,0.892
5461,529,25.975
529,5461,25.975
239,2982,4.133
2982,239,4.133
2982,4022,181.663
4022,2982,181.663
4022,2555,6.050
2555,4022,6.050
2555,240,1.563
240,2555,1.563
356,8320,5.680
8320,356,5.680
8320,130,36.169
130,8320,36.169
4057,359,33.885
359,4057,33.885
364,3018,2.932
3018,364,2.932
3018,3019,2.787
3019,3018,2.787
3019,367,2.782
367,3019,2.782
367,3023,2.782
3023,367,2.782
3023,3024,2.791
3024,3023,2.791
3024,3025,2.778
3025,3024,2.778
3025,375,2.780
375,3025,2.780
375,3028,2.789
3028,375,2.789
3028,3029,2.780
3029,3028,2.780
3029,372,2.789
372,3029,2.789
372,3032,2.779
3032,372,2.779
3032,3034,2.788
3034,3032,2.788
3034,2351,2.785
2351,3034,2.785
2351,3036,2.780
3036,2351,2.780
3036,3038,2.782
3038,3036,2.782
3038,362,2.789
362,3038,2.789
362,3041,2.605
3041,362,2.605
3041,3042,2.606
3042,3041,2.606
3042,374,2.612
374,3042,2.612
374,3045,2.608
3045,374,2.608
3045,3046,2.606
3046,3045,2.606
3046,3048,2.610
3048,3046,2.610
3048,365,2.609
365,3048,2.609
365,3051,3.033
3051,365,3.033
3051,3050,3.036
3050,3051,3.036
3050,3049,3.029
3049,3050,3.029
3049,366,3.036
366,3049,3.036
366,3047,3.031
3047,366,3.031
3047,3044,3.035
3044,3047,3.035
3044,3043,3.032
3043,3044,3.032
3043,137,3.034
137,3043,3.034
5365,5367,6.363
5367,5365,6.363
5367,1572,22.560
1572,5367,22.560
1572,1571,31.437
1571,1572,31.437
1571,7567,13.546
7567,1571,13.546
7567,5291,12.018
5291,7567,12.018
5291,5411,10.323
5411,5291,10.323
5411,1538,4.415
1538,5411,4.415
1538,3889,5.219
3889,1538,5.219
3889,8317,4.517
8317,3889,4.517
8317,246,9.808
246,8317,9.808
248,7197,8.678
7197,248,8.678
7197,1582,17.595
1582,7197,17.595
1582,7198,45.159
7198,1582,45.159
7198,249,4.626
249,7198,4.626
249,4035,5.009
4035,249,5.009
4035,3624,2.807
3624,4035,2.807
3624,377,1.501
377,3624,1.501
377,2907,5.425
2907,377,5.425
2907,3619,76.442
3619,2907,76.442
3619,2352,4.217
2352,3619,4.217
2352,2909,3.904
2909,2352,3.904
2909,5224,0.900
5224,2909,0.900
5224,3618,3.649
3618,5224,3.649
3618,6246,5.119
6246,3618,5.119
6575,5222,40.152
5222,6575,40.152
5222,4116,5.634
4116,5222,5.634
4116,3616,4.342
3616,4116,4.342
3616,6246,1.726
6246,3616,1.726
136,6036,10.238
6036,136,10.238
6036,6607,38.461
6607,6036,38.461
376,4319,6.725
4319,376,6.725
4319,6380,71.913
6380,4319,71.913
6380,8312,127.565
8312,6380,127.565
8312,1729,120.845
1729,8312,120.845
1729,371,11.214
371,1729,11.214
386,156,47.447
156,386,47.447
156,7790,13.538
7790,156,13.538
2771,7831,23.646
7831,2771,23.646
408,1252,14.551
1252,408,14.551
1252,7832,12.954
7832,1252,12.954
3203,1410,5.042
1410,3203,5.042
1410,3201,37.286
3201,1410,37.286
382,7799,18.370
7799,382,18.370
418,7362,8.745
7362,418,8.745
7362,8359,74.025
8359,7362,74.025
8359,8360,55.702
8360,8359,55.702
8360,2427,18.810
2427,8360,18.810
2427,419,9.983
419,2427,9.983
419,2426,66.731
2426,419,66.731
426,5789,9.005
5789,426,9.005
5789,7724,2.312
7724,5789,2.312
7724,7725,2.642
7725,7724,2.642
7725,1217,4.095
1217,7725,4.095
1217,593,11.757
593,1217,11.757
427,6172,5.978
6172,427,5.978
6172,1771,2.736
1771,6172,2.736
1771,6158,0.699
6158,1771,0.699
6158,5406,7.461
5406,6158,7.461
5406,5405,0.972
5405,5406,0.972
5405,6157,0.811
6157,5405,0.811
6157,432,7.941
432,6157,7.941
432,5404,4.832
5404,432,4.832
5404,1767,3.866
1767,5404,3.866
1767,431,8.461
431,1767,8.461
431,1768,7.908
1768,431,7.908
1768,6170,2.247
6170,1768,2.247
6170,5401,2.847
5401,6170,2.847
5401,429,3.656
429,5401,3.656
429,6173,8.829
6173,429,8.829
6173,1769,0.383
1769,6173,0.383
1769,430,11.759
430,1769,11.759
430,1770,10.868
1770,430,10.868
1770,6174,1.824
6174,1770,1.824
6174,428,10.488
428,6174,10.488
437,5089,21.577
5089,437,21.577
5089,1216,5.864
1216,5089,5.864
187,6160,11.306
6160,187,11.306
6160,4923,12.819
4923,6160,12.819
4923,2945,22.965
2945,4923,22.965
2945,5638,25.704
5638,2945,25.704
5638,2946,13.370
2946,5638,13.370
2946,444,10.561
444,2946,10.561
443,2327,27.437
2327,443,27.437
2327,439,62.750
439,2327,62.750
443,2328,7.143
2328,443,7.143
2328,4688,86.108
4688,2328,86.108
4688,6267,23.762
6267,4688,23.762
6267,5639,1.298
5639,6267,1.298
5639,6268,22.710
6268,5639,22.710
6268,7764,67.849
7764,6268,67.849
7764,3181,28.530
3181,7764,28.530
6666,2270,10.168
2270,6666,10.168
2270,8145,35.034
8145,2270,35.034
8145,4030,4.594
4030,8145,4.594
4030,3407,3.819
3407,4030,3.819
3407,450,1.231
450,3407,1.231
418,8361,3.402
8361,418,3.402
8361,7349,3.580
7349,8361,3.580
7349,8358,38.299
8358,7349,38.299
8358,469,13.591
469,8358,13.591
469,470,8.184
470,469,8.184
470,4721,33.250
4721,470,33.250
4721,2422,3.977
2422,4721,3.977
2422,7350,7.507
7350,2422,7.507
2299,4026,6.618
4026,2299,6.618
4026,5779,48.061
5779,4026,48.061
5779,5780,22.395
5780,5779,22.395
5780,2787,8.519
2787,5780,8.519
2787,1579,7.540
1579,2787,7.540
1579,5536,25.879
5536,1579,25.879
5536,2242,31.418
2242,5536,31.418
2242,484,49.891
484,2242,49.891
1976,5892,28.182
5892,1976,28.182
5892,5893,19.742
5893,5892,19.742
5893,5894,4.629
5894,5893,4.629
5894,1519,7.252
1519,5894,7.252
485,7701,16.181
7701,485,16.181
7701,487,43.477
487,7701,43.477
487,7538,4.607
7538,487,4.607
7538,7537,5.063
7537,7538,5.063
7537,645,2.619
645,7537,2.619
645,5885,2.980
5885,645,2.980
5885,7705,29.453
7705,5885,29.453
7705,6079,17.884
6079,7705,17.884
6079,5884,3.047
5884,6079,3.047
5884,6080,2.742
6080,5884,2.742
6080,6078,2.955
6078,6080,2.955
488,6082,3.173
6082,488,3.173
6082,6075,2.286
6075,6082,2.286
6075,6076,6.123
6076,6075,6.123
6076,4129,35.369
4129,6076,35.369
4129,190,12.501
190,4129,12.501
5038,6136,8.360
6136,5038,8.360
6136,5183,3.750
5183,6136,3.750
5183,5185,11.011
5185,5183,11.011
5185,5184,9.474
5184,5185,9.474
453,7081,2.502
7081,453,2.502
7081,5234,5.517
5234,7081,5.517
5234,4219,47.575
4219,5234,47.575
277,6840,106.911
6840,277,106.911
6840,136,10.702
136,6840,10.702
6246,3620,3.980
3620,6246,3.980
3620,5225,9.438
5225,3620,9.438
5225,3622,8.213
3622,5225,8.213
3622,5227,32.072
5227,3622,32.072
5227,6810,100.909
6810,5227,100.909
6810,493,86.456
493,6810,86.456
493,3638,6.565
3638,493,6.565
3638,3640,4.793
3640,3638,4.793
3640,2904,5.492
2904,3640,5.492
2904,4234,5.222
4234,2904,5.222
4234,1189,4.632
1189,4234,4.632
1601,1420,10.485
1420,1601,10.485
146,5046,55.590
5046,146,55.590
5046,4054,55.198
4054,5046,55.198
4054,2553,7.837
2553,4054,7.837
2553,289,1.420
289,2553,1.420
1025,306,39.757
306,1025,39.757
5579,4781,12.084
4781,5579,12.084
4781,7932,7.800
7932,4781,7.800
7932,4120,2.644
4120,7932,2.644
4120,4782,25.239
4782,4120,25.239
4782,145,8.425
145,4782,8.425
145,755,36.010
755,145,36.010
755,4780,44.335
4780,755,44.335
4417,1878,7.210
1878,4417,7.210
1878,1879,18.043
1879,1878,18.043
1879,5516,13.025
5516,1879,13.025
496,5835,24.480
5835,496,24.480
928,1607,6.550
1607,928,6.550
1607,8079,21.223
8079,1607,21.223
312,3564,1.360
3564,312,1.360
3564,3342,3.505
3342,3564,3.505
3342,6857,3.954
6857,3342,3.954
6857,6856,2.536
6856,6857,2.536
6856,6855,2.357
6855,6856,2.357
6855,2267,2.587
2267,6855,2.587
2267,6854,4.316
6854,2267,4.316
6854,310,7.684
310,6854,7.684
310,7938,31.631
7938,310,31.631
8171,7435,9.537
7435,8171,9.537
8171,7436,6.399
7436,8171,6.399
7436,2151,4.928
2151,7436,4.928
2151,8172,3.341
8172,2151,3.341
8172,112,15.453
112,8172,15.453
112,113,22.861
113,112,22.861
113,4709,2.988
4709,113,2.988
4709,2145,2.975
2145,4709,2.975
2145,8033,22.864
8033,2145,22.864
507,6626,4.141
6626,507,4.141
6626,8003,26.154
8003,6626,26.154
120,2531,1.929
2531,120,1.929
2531,5205,6.258
5205,2531,6.258
5205,7971,27.316
7971,5205,27.316
512,2539,2.518
2539,512,2.518
2539,6502,12.008
6502,2539,12.008
6502,4062,7.369
4062,6502,7.369
114,6622,7.070
6622,114,7.070
6622,8024,7.188
8024,6622,7.188
116,6338,2.986
6338,116,2.986
6338,6336,53.479
6336,6338,53.479
6336,117,2.405
117,6336,2.405
510,6621,2.542
6621,510,2.542
6621,6620,54.171
6620,6621,54.171
6620,511,2.553
511,6620,2.553
513,6334,5.544
6334,513,5.544
6334,6335,35.228
6335,6334,35.228
6335,117,2.261
117,6335,2.261
117,6337,3.521
6337,117,3.521
6337,5057,20.743
5057,6337,20.743
5057,511,19.177
511,5057,19.177
511,6619,25.673
6619,511,25.673
6619,727,6.855
727,6619,6.855
2808,4143,7.045
4143,2808,7.045
4143,4144,10.375
4144,4143,10.375
4144,475,6.759
475,4144,6.759
475,5545,13.904
5545,475,13.904
5545,5055,16.653
5055,5545,16.653
5055,5544,16.333
5544,5055,16.333
5544,5542,44.575
5542,5544,44.575
5542,4797,16.224
4797,5542,16.224
477,478,45.011
478,477,45.011
478,479,65.195
479,478,65.195
479,5870,23.664
5870,479,23.664
5870,4299,44.030
4299,5870,44.030
1788,1811,32.218
1811,1788,32.218
1811,2775,2.812
2775,1811,2.812
2775,5009,82.815
5009,2775,82.815
5009,1046,8.172
1046,5009,8.172
649,6639,4.846
6639,649,4.846
6639,6772,1.166
6772,6639,1.166
6772,2492,1.856
2492,6772,1.856
2492,2951,5.731
2951,2492,5.731
2951,650,14.750
650,2951,14.750
650,2898,14.846
2898,650,14.846
2898,2949,9.340
2949,2898,9.340
2949,483,7.438
483,2949,7.438
483,2954,26.007
2954,483,26.007
2954,4065,15.855
4065,2954,15.855
4065,252,16.069
252,4065,16.069
252,2952,3.312
2952,252,3.312
2952,4551,67.125
4551,2952,67.125
4551,2900,15.951
2900,4551,15.951
2900,2901,73.459
2901,2900,73.459
4059,2157,80.936
2157,4059,80.936
2157,6686,7.992
6686,2157,7.992
532,6125,12.370
6125,532,12.370
6125,2063,7.250
2063,6125,7.250
2063,756,29.248
756,2063,29.248
756,1329,13.642
1329,756,13.642
1329,536,21.940
536,1329,21.940
536,4638,9.998
4638,536,9.998
4638,541,38.693
541,4638,38.693
541,302,15.684
302,541,15.684
302,933,17.535
933,302,17.535
537,8326,4.786
8326,537,4.786
8326,542,24.740
542,8326,24.740
542,5044,25.741
5044,542,25.741
5044,4554,27.752
4554,5044,27.752
4554,1330,11.672
1330,4554,11.672
1330,8322,21.238
8322,1330,21.238
8322,536,3.600
536,8322,3.600
539,6126,13.518
6126,539,13.518
6126,757,15.077
757,6126,15.077
757,2362,20.836
2362,757,20.836
2362,758,23.433
758,2362,23.433
758,4555,16.271
4555,758,16.271
4555,1880,10.074
1880,4555,10.074
1880,8325,16.798
8325,1880,16.798
8325,537,4.160
537,8325,4.160
246,1774,16.656
1774,246,16.656
1561,5412,15.929
5412,1561,15.929
5412,336,10.474
336,5412,10.474
336,3121,16.046
3121,336,16.046
3121,1560,18.300
1560,3121,18.300
1560,8316,21.799
8316,1560,21.799
8316,1894,8.004
1894,8316,8.004
1894,246,3.856
246,1894,3.856
6576,2349,58.392
2349,6576,58.392
2349,8327,19.742
8327,2349,19.742
8327,538,5.259
538,8327,5.259
349,6095,6.962
6095,349,6.962
6095,1106,36.133
1106,6095,36.133
1106,2887,24.232
2887,1106,24.232
2887,6094,11.060
6094,2887,11.060
6094,207,9.232
207,6094,9.232
5020,8155,14.503
8155,5020,14.503
8155,2254,0.305
2254,8155,0.305
2254,8156,81.453
8156,2254,81.453
8156,5979,1.010
5979,8156,1.010
5979,3396,4.701
3396,5979,4.701
3396,543,1.764
543,3396,1.764
205,2518,12.705
2518,205,12.705
2518,2751,23.034
2751,2518,23.034
2751,544,37.093
544,2751,37.093
344,2310,13.140
2310,344,13.140
2310,5573,6.081
5573,2310,6.081
5573,2336,17.844
2336,5573,17.844
2336,1916,9.022
1916,2336,9.022
1916,1921,24.351
1921,1916,24.351
1921,1084,53.072
1084,1921,53.072
1084,1530,3.590
1530,1084,3.590
1530,2312,55.207
2312,1530,55.207
2312,342,4.627
342,2312,4.627
342,2311,4.497
2311,342,4.497
2311,332,140.855
332,2311,140.855
1082,5994,16.575
5994,1082,16.575
5994,1081,15.614
1081,5994,15.614
1081,1562,25.239
1562,1081,25.239
1562,343,44.089
343,1562,44.089
343,763,35.024
763,343,35.024
763,8102,4.144
8102,763,4.144
8102,5486,3.338
5486,8102,3.338
5486,5485,10.920
5485,5486,10.920
5485,762,15.420
762,5485,15.420
335,2241,46.272
2241,335,46.272
2241,4547,30.477
4547,2241,30.477
4547,4550,9.704
4550,4547,9.704
4550,1248,10.135
1248,4550,10.135
1248,4548,20.731
4548,1248,20.731
4548,2240,10.984
2240,4548,10.984
2240,343,32.167
343,2240,32.167
26,2503,7.383
2503,26,7.383
332,7246,5.707
7246,332,5.707
7246,4332,13.122
4332,7246,13.122
561,8045,9.559
8045,561,9.559
121,2529,4.003
2529,121,4.003
2529,2527,13.810
2527,2529,13.810
2527,495,3.761
495,2527,3.761
378,7202,10.317
7202,378,10.317
7202,3063,74.290
3063,7202,74.290
3063,3064,50.630
3064,3063,50.630
3064,6035,44.890
6035,3064,44.890
6035,364,11.615
364,6035,11.615
594,1988,8.235
1988,594,8.235
33,2218,11.195
2218,33,11.195
2640,2088,2.857
2088,2640,2.857
2088,4198,9.776
4198,2088,9.776
4198,4515,19.078
4515,4198,19.078
4515,1876,8.074
1876,4515,8.074
1876,4513,27.098
4513,1876,27.098
4513,5636,16.653
5636,4513,16.653
5636,4514,16.917
4514,5636,16.917
4514,5306,60.489
5306,4514,60.489
5306,2450,16.633
2450,5306,16.633
575,7295,7.785
7295,575,7.785
7295,7294,12.518
7294,7295,12.518
7294,4308,30.087
4308,7294,30.087
623,6683,39.887
6683,623,39.887
6683,7298,14.667
7298,6683,14.667
7298,2120,12.580
2120,7298,12.580
266,654,29.601
654,266,29.601
327,185,38.286
185,327,38.286
185,5728,6.631
5728,185,6.631
5728,2730,6.813
2730,5728,6.813
2730,2731,71.693
2731,2730,71.693
2731,6187,5.558
6187,2731,5.558
6187,5727,1.284
5727,6187,1.284
5727,186,6.128
186,5727,6.128
186,2726,4.965
2726,186,4.965
293,5422,5.170
5422,293,5.170
5422,1458,3.352
1458,5422,3.352
1458,2649,7.030
2649,1458,7.030
2649,1459,7.035
1459,2649,7.035
1459,5423,2.551
5423,1459,2.551
5423,292,2.848
292,5423,2.848
292,1463,2.853
1463,292,2.853
23,1603,9.872
1603,23,9.872
228,7192,7.179
7192,228,7.179
7192,4171,54.872
4171,7192,54.872
4171,5614,44.708
5614,4171,44.708
5614,2333,11.666
2333,5614,11.666
2333,5050,45.138
5050,2333,45.138
5050,1163,67.766
1163,5050,67.766
1163,7598,9.534
7598,1163,9.534
7598,5565,2.749
5565,7598,2.749
917,922,5.202
922,917,5.202
922,4375,8.163
4375,922,8.163
4375,2167,7.301
2167,4375,7.301
2167,918,20.600
918,2167,20.600
918,3607,24.354
3607,918,24.354
3607,1111,14.293
1111,3607,14.293
275,1010,11.401
1010,275,11.401
1010,6482,5.316
6482,1010,5.316
6482,2870,29.575
2870,6482,29.575
483,683,71.313
683,483,71.313
252,761,105.277
761,252,105.277
361,764,12.441
764,361,12.441
764,554,13.578
554,764,13.578
474,5547,16.028
5547,474,16.028
5547,5546,21.519
5546,5547,21.519
5546,5554,20.715
5554,5546,20.715
5554,7591,21.635
7591,5554,21.635
7591,475,7.165
475,7591,7.165
477,480,59.292
480,477,59.292
2113,2809,15.671
2809,2113,15.671
2809,4294,12.167
4294,2809,12.167
4294,474,4.969
474,4294,4.969
588,2208,6.772
2208,588,6.772
7356,7359,13.035
7359,7356,13.035
7359,7358,3.133
7358,7359,3.133
7358,7357,3.212
7357,7358,3.212
7357,418,5.232
418,7357,5.232
451,2936,1.528
2936,451,1.528
2936,4031,2.785
4031,2936,2.785
4031,8134,2.467
8134,4031,2.467
8134,2425,21.323
2425,8134,21.323
2425,7481,44.314
7481,2425,44.314
7481,4228,51.100
4228,7481,51.100
4228,2844,18.404
2844,4228,18.404
2844,872,5.163
872,2844,5.163
872,3786,38.236
3786,872,38.236
3786,4521,7.800
4521,3786,7.800
4521,871,10.226
871,4521,10.226
468,1015,21.171
1015,468,21.171
2647,7354,4.499
7354,2647,4.499
7354,462,48.398
462,7354,48.398
462,463,33.253
463,462,33.253
455,8147,5.498
8147,455,5.498
8147,3787,2.041
3787,8147,2.041
3787,2828,21.311
2828,3787,21.311
169,2015,7.813
2015,169,7.813
2015,4872,6.463
4872,2015,6.463
4872,7745,39.079
7745,4872,39.079
5735,3533,2.336
3533,5735,2.336
3533,2076,5.634
2076,3533,5.634
2076,3948,49.988
3948,2076,49.988
3948,1889,4.650
1889,3948,4.650
1889,258,6.445
258,1889,6.445
255,3531,1.426
3531,255,1.426
3531,592,34.894
592,3531,34.894
81,2057,6.853
2057,81,6.853
2057,257,90.185
257,2057,90.185
257,3530,108.944
3530,257,108.944
3530,101,1.367
101,3530,1.367
2282,2402,64.382
2402,2282,64.382
2402,7562,2.391
7562,2402,2.391
7562,7561,2.062
7561,7562,2.062
7561,714,1.854
714,7561,1.854
15,1994,7.156
1994,15,7.156
1994,4710,6.428
4710,1994,6.428
4124,4123,8.885
4123,4124,8.885
4123,2379,4.628
2379,4123,4.628
2379,179,10.698
179,2379,10.698
6206,7704,4.839
7704,6206,4.839
7704,4946,19.838
4946,7704,19.838
4946,4196,5.399
4196,4946,5.399
4196,1,16.154
1,4196,16.154
102,3535,4.979
3535,102,4.979
3535,5111,19.129
5111,3535,19.129
5111,7507,2.483
7507,5111,2.483
7507,7570,2.316
7570,7507,2.316
195,6480,14.044
6480,195,14.044
593,6685,4.932
6685,593,4.932
6685,5788,1.725
5788,6685,1.725
5788,7728,1.592
7728,5788,1.592
7728,5259,4.418
5259,7728,4.418
194,1218,11.427
1218,194,11.427
1218,4471,9.475
4471,1218,9.475
4471,182,8.115
182,4471,8.115
312,3807,2.237
3807,312,2.237
3807,1815,2.757
1815,3807,2.757
2792,3593,1.548
3593,2792,1.548
3593,5219,6.092
5219,3593,6.092
5219,5741,5.357
5741,5219,5.357
5741,8006,7.455
8006,5741,7.455
508,4755,3.397
4755,508,3.397
4755,4648,1.526
4648,4755,1.526
4648,4756,50.626
4756,4648,50.626
4756,736,11.241
736,4756,11.241
736,7993,37.942
7993,736,37.942
508,4649,5.061
4649,508,5.061
4649,7992,52.661
7992,4649,52.661
5891,1497,93.118
1497,5891,93.118
1497,178,7.526
178,1497,7.526
554,6688,41.851
6688,554,41.851
6688,553,4.570
553,6688,4.570
762,8100,3.923
8100,762,3.923
8100,8101,3.310
8101,8100,3.310
8101,2255,3.996
2255,8101,3.996
2255,1532,45.103
1532,2255,45.103
1532,342,7.418
342,1532,7.418
29,341,7.326
341,29,7.326
341,6475,72.805
6475,341,72.805
6475,4546,41.251
4546,6475,41.251
4546,1533,58.241
1533,4546,58.241
1533,332,6.589
332,1533,6.589
494,2737,57.114
2737,494,57.114
2737,6090,5.950
6090,2737,5.950
6090,2738,12.831
2738,6090,12.831
5038,6135,6.974
6135,5038,6.974
6135,5187,2.720
5187,6135,2.720
5187,5189,11.665
5189,5187,11.665
5189,1529,5.637
1529,5189,5.637
1792,5464,5.271
5464,1792,5.271
5464,4618,52.357
4618,5464,52.357
4618,5462,53.613
5462,4618,53.613
5462,771,7.103
771,5462,7.103
771,6454,7.514
6454,771,7.514
6454,770,77.847
770,6454,77.847
770,768,93.987
768,770,93.987
768,257,96.502
257,768,96.502
257,6289,7.365
6289,257,7.365
6289,256,78.058
256,6289,78.058
256,5004,114.525
5004,256,114.525
5004,766,6.621
766,5004,6.621
5373,1609,87.022
1609,5373,87.022
1609,4167,74.272
4167,1609,74.272
4167,2051,36.580
2051,4167,36.580
1233,2066,6.745
2066,1233,6.745
2066,848,27.962
848,2066,27.962
848,768,64.429
768,848,64.429
768,3528,107.358
3528,768,107.358
3528,767,1.322
767,3528,1.322
229,2247,9.187
2247,229,9.187
2247,7879,28.355
7879,2247,28.355
7879,7882,16.676
7882,7879,16.676
7882,7880,16.697
7880,7882,16.697
69,1304,11.970
1304,69,11.970
1641,4053,6.270
4053,1641,6.270
4053,4395,87.447
4395,4053,87.447
4395,778,59.241
778,4395,59.241
775,774,60.406
774,775,60.406
774,5873,38.948
5873,774,38.948
5873,792,20.402
792,5873,20.402
792,773,30.043
773,792,30.043
198,7551,4.454
7551,198,4.454
7551,7552,5.425
7552,7551,5.425
7552,7553,6.184
7553,7552,6.184
7553,664,8.670
664,7553,8.670
667,6505,12.273
6505,667,12.273
6505,2375,10.104
2375,6505,10.104
2375,6506,10.113
6506,2375,10.113
6506,2378,9.759
2378,6506,9.759
2378,6507,11.382
6507,2378,11.382
6507,668,9.925
668,6507,9.925
668,5698,10.748
5698,668,10.748
5698,4669,7.369
4669,5698,7.369
4669,1487,6.238
1487,4669,6.238
1,2289,13.705
2289,1,13.705
2289,4952,5.299
4952,2289,5.299
4952,4955,60.794
4955,4952,60.794
4955,4956,54.078
4956,4955,54.078
4956,4959,14.846
4959,4956,14.846
4959,2288,1.257
2288,4959,1.257
2288,2285,5.860
2285,2288,5.860
847,2071,6.614
2071,847,6.614
2071,5435,7.261
5435,2071,7.261
5435,823,4.617
823,5435,4.617
823,5433,4.585
5433,823,4.585
5433,5434,4.662
5434,5433,4.662
5434,5436,4.829
5436,5434,4.829
5436,824,3.933
824,5436,3.933
824,5437,4.450
5437,824,4.450
5437,5438,4.397
5438,5437,4.397
5438,848,9.808
848,5438,9.808
848,5439,8.969
5439,848,8.969
5439,5440,4.032
5440,5439,4.032
5440,825,3.945
825,5440,3.945
825,5441,4.609
5441,825,4.609
5441,5442,4.074
5442,5441,4.074
5442,5443,4.380
5443,5442,4.380
5443,826,3.693
826,5443,3.693
826,5444,8.043
5444,826,8.043
5444,2072,6.420
2072,5444,6.420
2072,849,6.268
849,2072,6.268
231,2294,9.634
2294,231,9.634
2294,5262,16.245
5262,2294,16.245
5262,2065,9.426
2065,5262,9.426
2065,691,19.177
691,2065,19.177
691,1765,30.386
1765,691,30.386
1765,8269,38.143
8269,1765,38.143
8269,5253,10.077
5253,8269,10.077
5253,5249,18.119
5249,5253,18.119
5249,3953,20.881
3953,5249,20.881
3953,1514,12.806
1514,3953,12.806
689,688,11.480
688,689,11.480
693,8265,17.015
8265,693,17.015
8265,2219,8.037
2219,8265,8.037
2219,605,9.159
605,2219,9.159
51,3574,5.741
3574,51,5.741
3574,914,1.871
914,3574,1.871
302,935,21.977
935,302,21.977
935,1731,15.261
1731,935,15.261
1731,2902,10.822
2902,1731,10.822
2902,4312,4.521
4312,2902,4.521
4312,936,5.619
936,4312,5.619
936,937,59.586
937,936,59.586
937,4841,10.772
4841,937,10.772
4841,938,57.213
938,4841,57.213
7495,2179,119.727
2179,7495,119.727
2179,2176,21.030
2176,2179,21.030
2176,929,9.695
929,2176,9.695
742,8204,4.777
8204,742,4.777
8204,5465,99.032
5465,8204,99.032
5465,4107,3.097
4107,5465,3.097
4107,3650,2.599
3650,4107,2.599
3650,1740,1.493
1740,3650,1.493
923,5282,12.269
5282,923,12.269
5282,2671,4.514
2671,5282,4.514
2671,7335,82.349
7335,2671,82.349
7335,927,8.534
927,7335,8.534
929,6343,88.810
6343,929,88.810
6343,671,12.456
671,6343,12.456
670,6342,8.457
6342,670,8.457
6342,4108,62.420
4108,6342,62.420
4108,5292,4.638
5292,4108,4.638
5292,1742,1.148
1742,5292,1.148
15,4195,15.836
4195,15,15.836
4195,4944,9.194
4944,4195,9.194
4944,6504,26.713
6504,4944,26.713
6504,667,11.587
667,6504,11.587
896,6177,10.716
6177,896,10.716
6177,2280,8.523
2280,6177,8.523
2280,6016,94.663
6016,2280,94.663
6016,4126,52.567
4126,6016,52.567
4126,4125,15.966
4125,4126,15.966
4125,897,13.714
897,4125,13.714
187,5403,18.990
5403,187,18.990
5403,432,12.761
432,5403,12.761
183,5871,8.335
5871,183,8.335
5871,4724,32.601
4724,5871,32.601
4724,2243,5.658
2243,4724,5.658
2243,4725,3.136
4725,2243,3.136
4725,184,5.449
184,4725,5.449
184,2381,7.893
2381,184,7.893
2381,6549,112.843
6549,2381,112.843
6549,3936,5.903
3936,6549,5.903
3936,6183,33.516
6183,3936,33.516
6183,185,12.864
185,6183,12.864
819,7177,5.114
7177,819,5.114
7177,6145,6.394
6145,7177,6.394
6145,6149,17.591
6149,6145,17.591
6149,4916,74.088
4916,6149,74.088
4916,5953,73.388
5953,4916,73.388
5953,4917,20.730
4917,5953,20.730
4917,6179,4.224
6179,4917,4.224
6179,586,12.364
586,6179,12.364
819,2763,5.972
2763,819,5.972
2763,6147,4.822
6147,2763,4.822
6147,805,7.641
805,6147,7.641
805,6150,7.862
6150,805,7.862
6150,3935,26.653
3935,6150,26.653
3935,806,19.809
806,3935,19.809
806,2760,21.042
2760,806,21.042
2760,807,19.773
807,2760,19.773
807,2765,22.769
2765,807,22.769
2765,808,26.516
808,2765,26.516
808,4183,12.193
4183,808,12.193
4183,2757,14.489
2757,4183,14.489
2757,809,19.202
809,2757,19.202
809,7368,24.378
7368,809,24.378
7368,2755,25.713
2755,7368,25.713
2755,182,7.080
182,2755,7.080
851,4194,17.968
4194,851,17.968
4194,2762,68.171
2762,4194,68.171
2762,808,39.581
808,2762,39.581
852,1219,12.575
1219,852,12.575
1219,850,10.077
850,1219,10.077
850,851,70.827
851,850,70.827
851,1495,84.645
1495,851,84.645
1495,197,9.678
197,1495,9.678
818,4468,10.331
4468,818,10.331
4468,4354,8.619
4354,4468,8.619
426,1406,13.555
1406,426,13.555
1406,6631,8.069
6631,1406,8.069
6631,244,25.986
244,6631,25.986
192,8152,4.625
8152,192,4.625
8152,5080,4.244
5080,8152,4.244
5080,5799,40.564
5799,5080,40.564
5799,2268,37.878
2268,5799,37.878
2268,193,33.746
193,2268,33.746
193,5798,25.716
5798,193,25.716
5798,6844,22.114
6844,5798,22.114
6844,880,6.983
880,6844,6.983
880,4188,13.308
4188,880,13.308
4188,2272,20.840
2272,4188,20.840
2272,5466,20.533
5466,2272,20.533
5466,879,15.526
879,5466,15.526
879,3766,14.828
3766,879,14.828
3766,6022,21.691
6022,3766,21.691
6022,5838,35.496
5838,6022,35.496
5838,241,12.162
241,5838,12.162
3766,6011,88.902
6011,3766,88.902
6011,884,2.720
884,6011,2.720
884,7363,28.711
7363,884,28.711
7363,6221,5.305
6221,7363,5.305
6221,1348,69.699
1348,6221,69.699
1348,891,12.396
891,1348,12.396
193,5797,9.242
5797,193,9.242
5797,2275,5.099
2275,5797,5.099
2275,6843,6.013
6843,2275,6.013
6843,882,7.031
882,6843,7.031
882,2273,7.236
2273,882,7.236
2273,6845,17.906
6845,2273,17.906
6845,2274,13.799
2274,6845,13.799
2274,2276,20.871
2276,2274,20.871
2276,883,8.546
883,2276,8.546
883,2269,9.338
2269,883,9.338
2269,1404,9.653
1404,2269,9.653
1404,890,11.839
890,1404,11.839
876,877,73.354
877,876,73.354
877,8135,19.630
8135,877,19.630
8135,889,12.612
889,8135,12.612
876,8148,6.846
8148,876,6.846
8148,5081,75.439
5081,8148,75.439
5081,192,8.650
192,5081,8.650
241,4185,38.537
4185,241,38.537
4185,4186,53.143
4186,4185,53.143
4186,881,5.254
881,4186,5.254
881,2400,37.901
2400,881,37.901
2400,2401,37.354
2401,2400,37.354
2401,4715,22.196
4715,2401,22.196
4715,4716,37.798
4716,4715,37.798
4716,8153,46.648
8153,4716,46.648
8153,878,6.685
878,8153,6.685
878,8150,7.774
8150,878,7.774
8150,8149,118.228
8149,8150,118.228
8149,876,4.376
876,8149,4.376
888,6710,2.486
6710,888,2.486
6710,6017,98.991
6017,6710,98.991
6017,6018,3.550
6018,6017,3.550
6018,1149,96.378
1149,6018,96.378
1149,1403,10.361
1403,1149,10.361
1403,887,8.659
887,1403,8.659
438,1349,9.108
1349,438,9.108
1349,2495,2.436
2495,1349,2.436
2495,2672,39.247
2672,2495,39.247
2672,8203,20.932
8203,2672,20.932
8203,6711,75.292
6711,8203,75.292
6711,456,2.774
456,6711,2.774
449,3410,6.400
3410,449,6.400
3410,3412,3.624
3412,3410,3.624
3412,7158,1.533
7158,3412,1.533
7158,3413,0.614
3413,7158,0.614
3413,7159,1.687
7159,3413,1.687
7159,7341,0.897
7341,7159,0.897
7341,7157,1.976
7157,7341,1.976
7157,7160,0.592
7160,7157,0.592
7160,7156,1.980
7156,7160,1.980
7156,7410,0.859
7410,7156,0.859
7410,3414,0.871
3414,7410,0.871
3414,952,1.718
952,3414,1.718
952,3415,1.849
3415,952,1.849
3415,3160,1.835
3160,3415,1.835
3160,7149,2.853
7149,3160,2.853
7149,7150,2.254
7150,7149,2.254
7150,6152,2.866
6152,7150,2.866
6152,7151,3.515
7151,6152,3.515
7151,7152,2.316
7152,7151,2.316
7152,2496,2.519
2496,7152,2.519
2496,7153,3.000
7153,2496,3.000
7153,7154,2.920
7154,7153,2.920
7154,7155,2.640
7155,7154,2.640
7155,3980,3.092
3980,7155,3.092
448,6708,2.618
6708,448,2.618
6708,3409,1.717
3409,6708,1.717
3409,3411,0.723
3411,3409,0.723
6663,2970,12.115
2970,6663,12.115
2970,5237,9.368
5237,2970,9.368
5237,7080,5.112
7080,5237,5.112
7080,40,2.456
40,7080,2.456
1871,5839,23.998
5839,1871,23.998
5839,8138,29.381
8138,5839,29.381
8138,7374,2.133
7374,8138,2.133
3784,959,22.654
959,3784,22.654
959,2042,36.744
2042,959,36.744
2042,1194,10.509
1194,2042,10.509
1194,2043,14.571
2043,1194,14.571
704,4722,9.033
4722,704,9.033
4722,894,80.886
894,4722,80.886
963,520,66.314
520,963,66.314
815,4349,9.163
4349,815,9.163
4349,6466,18.619
6466,4349,18.619
6466,4459,7.707
4459,6466,7.707
4459,4229,37.485
4229,4459,37.485
4229,2407,38.295
2407,4229,38.295
2407,811,16.861
811,2407,16.861
6599,7472,7.716
7472,6599,7.716
7472,7476,5.821
7476,7472,5.821
7476,7475,5.416
7475,7476,5.416
7475,7452,10.156
7452,7475,10.156
7452,6600,5.272
6600,7452,5.272
6600,7461,2.989
7461,6600,2.989
7461,7473,3.054
7473,7461,3.054
7473,7474,3.057
7474,7473,3.057
7474,4182,40.764
4182,7474,40.764
4182,8234,53.451
8234,4182,53.451
6605,2669,4.582
2669,6605,4.582
2669,5537,2.580
5537,2669,2.580
5537,8232,12.586
8232,5537,12.586
92,1969,43.038
1969,92,43.038
1969,2069,96.407
2069,1969,96.407
2069,1800,7.654
1800,2069,7.654
1984,5916,3.706
5916,1984,3.706
5916,5919,3.301
5919,5916,3.301
5919,2089,17.374
2089,5919,17.374
338,548,7.154
548,338,7.154
548,550,7.078
550,548,7.078
550,549,7.626
549,550,7.626
549,337,7.197
337,549,7.197
547,4862,31.031
4862,547,31.031
4862,4861,52.882
4861,4862,52.882
4861,7416,45.491
7416,4861,45.491
7416,1552,2.124
1552,7416,2.124
1552,7044,1.793
7044,1552,1.793
7044,2330,1.301
2330,7044,1.301
2330,7045,1.290
7045,2330,1.290
7045,7042,1.188
7042,7045,1.188
7042,7043,2.467
7043,7042,2.467
7043,340,2.869
340,7043,2.869
29,5832,8.449
5832,29,8.449
5832,1569,40.453
1569,5832,40.453
1569,1551,63.499
1551,1569,63.499
1551,30,42.392
30,1551,42.392
7327,628,16.710
628,7327,16.710
628,3821,12.762
3821,628,12.762
3821,7326,9.869
7326,3821,9.869
7326,1425,6.702
1425,7326,6.702
1425,1422,7.828
1422,1425,7.828
1422,632,7.331
632,1422,7.331
2090,8261,6.557
8261,2090,6.557
8261,2135,3.767
2135,8261,3.767
2135,2128,4.311
2128,2135,4.311
2128,2134,5.201
2134,2128,5.201
2134,2129,5.240
2129,2134,5.240
473,3876,28.782
3876,473,28.782
3876,2113,49.392
2113,3876,49.392
651,3258,12.560
3258,651,12.560
3258,6778,13.855
6778,3258,13.855
6778,3254,26.285
3254,6778,26.285
3254,652,15.659
652,3254,15.659
652,3984,11.191
3984,652,11.191
3984,2520,16.472
2520,3984,16.472
2520,2521,38.923
2521,2520,38.923
2521,1341,28.755
1341,2521,28.755
4124,897,17.748
897,4124,17.748
1741,3651,1.493
3651,1741,1.493
3651,4106,2.554
4106,3651,2.554
4106,929,14.569
929,4106,14.569
25,6979,5.913
6979,25,5.913
6979,6978,4.125
6978,6979,4.125
6978,2604,4.769
2604,6978,4.769
2604,2966,5.219
2966,2604,5.219
2966,1567,5.518
1567,2966,5.518
1567,2967,5.097
2967,1567,5.097
2967,3053,1.576
3053,2967,1.576
3053,3054,1.753
3054,3053,1.753
3054,3055,1.621
3055,3054,1.621
3055,1566,1.722
1566,3055,1.722
1566,3056,1.587
3056,1566,1.587
3056,2968,1.716
2968,3056,1.716
2968,8166,2.538
8166,2968,2.538
8166,1716,2.544
1716,8166,2.544
1716,2606,3.188
2606,1716,3.188
2606,2619,3.235
2619,2606,3.235
2619,2594,5.627
2594,2619,5.627
93,1441,8.641
1441,93,8.641
1441,6488,5.766
6488,1441,5.766
6488,7423,2.039
7423,6488,2.039
7423,580,6.782
580,7423,6.782
580,581,2.675
581,580,2.675
581,1444,4.799
1444,581,4.799
1444,6487,4.604
6487,1444,4.604
6487,264,5.887
264,6487,5.887
620,1734,9.430
1734,620,9.430
1734,4302,8.757
4302,1734,8.757
4302,7572,7.176
7572,4302,7.176
7572,7408,3.499
7408,7572,3.499
7408,1540,4.454
1540,7408,4.454
247,4224,37.626
4224,247,37.626
4224,963,10.238
963,4224,10.238
1007,7437,128.208
7437,1007,128.208
997,8070,8.050
8070,997,8.050
4633,1256,7.401
1256,4633,7.401
1256,8071,17.401
8071,1256,17.401
1255,8085,19.315
8085,1255,19.315
172,2013,7.262
2013,172,7.262
2013,174,14.561
174,2013,14.561
174,2995,7.837
2995,174,7.837
2995,2396,69.753
2396,2995,69.753
3880,165,20.061
165,3880,20.061
165,3956,24.406
3956,165,24.406
3956,2871,26.222
2871,3956,26.222
995,5493,6.745
5493,995,6.745
5493,2431,6.729
2431,5493,6.729
2431,5494,8.256
5494,2431,8.256
5494,996,8.168
996,5494,8.168
1014,2766,10.394
2766,1014,10.394
2766,5065,58.713
5065,2766,58.713
5065,167,63.842
167,5065,63.842
987,8106,14.158
8106,987,14.158
8106,6634,16.637
6634,8106,16.637
6634,1014,6.264
1014,6634,6.264
388,2971,1.561
2971,388,1.561
2971,5760,1.765
5760,2971,1.765
5760,2353,5.964
2353,5760,5.964
2353,5141,41.836
5141,2353,41.836
5141,5137,30.001
5137,5141,30.001
5137,989,7.512
989,5137,7.512
989,1022,33.247
1022,989,33.247
1022,6002,9.476
6002,1022,9.476
6002,1289,12.786
1289,6002,12.786
1007,3059,62.437
3059,1007,62.437
3059,3061,7.571
3061,3059,7.571
3061,6741,15.378
6741,3061,15.378
6741,1024,10.083
1024,6741,10.083
760,7195,9.627
7195,760,9.627
7195,2360,103.023
2360,7195,103.023
2360,7194,2.210
7194,2360,2.210
7194,759,16.635
759,7194,16.635
278,4220,79.489
4220,278,79.489
4220,6798,58.563
6798,4220,58.563
6798,4412,19.894
4412,6798,19.894
4412,277,4.379
277,4412,4.379
1189,3639,1.562
3639,1189,1.562
3639,4033,3.171
4033,3639,3.171
4033,2471,5.151
2471,4033,5.151
2471,2361,11.371
2361,2471,11.371
2361,277,69.070
277,2361,69.070
1190,6071,144.324
6071,1190,144.324
6071,1393,73.032
1393,6071,73.032
1393,56,8.619
56,1393,8.619
4124,4122,21.772
4122,4124,21.772
4122,5956,36.152
5956,4122,36.152
5956,4920,123.236
4920,5956,123.236
4920,6178,3.428
6178,4920,3.428
6178,2724,2.360
2724,6178,2.360
1488,3520,1.720
3520,1488,1.720
3520,6651,157.503
6651,3520,157.503
6651,7508,45.716
7508,6651,45.716
7508,6134,4.221
6134,7508,4.221
6134,942,6.126
942,6134,6.126
94,6297,6.050
6297,94,6.050
6297,5432,1.587
5432,6297,1.587
5432,6298,126.632
6298,5432,126.632
6298,695,4.522
695,6298,4.522
696,5866,6.539
5866,696,6.539
5866,6370,54.707
6370,5866,54.707
6370,6423,5.518
6423,6370,5.518
6423,695,43.562
695,6423,43.562
695,7391,5.907
7391,695,5.907
7391,2837,83.369
2837,7391,83.369
2837,697,7.041
697,2837,7.041
5530,2215,95.157
2215,5530,95.157
2215,853,6.598
853,2215,6.598
1489,6315,6.224
6315,1489,6.224
6315,8248,99.494
8248,6315,99.494
8248,5416,3.622
5416,8248,3.622
96,6312,6.027
6312,96,6.027
6312,4646,2.185
4646,6312,2.185
842,6286,7.536
6286,842,7.536
6286,710,61.988
710,6286,61.988
710,4566,42.975
4566,710,42.975
4566,4565,35.376
4565,4566,35.376
4565,4564,10.657
4564,4565,10.657
4564,6630,53.188
6630,4564,53.188
6630,3527,6.781
3527,6630,6.781
3527,841,1.328
841,3527,1.328
843,7874,67.861
7874,843,67.861
7874,6398,47.970
6398,7874,47.970
6398,4361,9.421
4361,6398,9.421
4361,6284,4.031
6284,4361,4.031
6284,844,10.363
844,6284,10.363
1325,1630,122.561
1630,1325,122.561
1630,752,12.433
752,1630,12.433
845,6616,5.962
6616,845,5.962
6616,822,60.849
822,6616,60.849
822,820,46.478
820,822,46.478
138,4336,11.995
4336,138,11.995
4336,7317,16.052
7317,4336,16.052
7317,4842,16.354
4842,7317,16.354
4842,146,41.123
146,4842,41.123
146,4562,38.142
4562,146,38.142
4562,3105,17.117
3105,4562,17.117
3105,939,25.993
939,3105,25.993
939,1244,10.735
1244,939,10.735
1244,1243,64.222
1243,1244,64.222
306,301,35.670
301,306,35.670
307,2558,1.655
2558,307,1.655
2558,4055,6.325
4055,2558,6.325
4055,4560,29.462
4560,4055,29.462
4560,2941,31.085
2941,4560,31.085
2941,6721,15.825
6721,2941,15.825
6721,5553,23.982
5553,6721,23.982
5553,306,26.991
306,5553,26.991
303,2903,9.210
2903,303,9.210
2903,304,11.801
304,2903,11.801
304,5345,14.346
5345,304,14.346
5345,1243,85.480
1243,5345,85.480
1243,305,50.662
305,1243,50.662
301,933,76.878
933,301,76.878
359,4824,5.925
4824,359,5.925
4824,4823,22.252
4823,4824,22.252
4823,4423,46.311
4423,4823,46.311
4423,754,16.863
754,4423,16.863
142,2551,1.570
2551,142,1.570
2551,4056,6.944
4056,2551,6.944
4056,753,23.437
753,4056,23.437
68,1306,13.544
1306,68,13.544
1306,5063,43.231
5063,1306,43.231
5063,3868,15.719
3868,5063,15.719
3868,3853,4.004
3853,3868,4.004
3853,3867,2.283
3867,3853,2.283
85,7683,6.399
7683,85,6.399
7683,7678,49.401
7678,7683,49.401
7678,7680,52.336
7680,7678,52.336
7680,4113,30.073
4113,7680,30.073
4113,3714,5.079
3714,4113,5.079
795,1371,45.904
1371,795,45.904
86,3333,58.716
3333,86,58.716
3333,944,17.120
944,3333,17.120
944,3334,23.859
3334,944,23.859
3334,3332,17.628
3332,3334,17.628
3332,804,15.075
804,3332,15.075
867,2980,45.122
2980,867,45.122
2980,5228,14.870
5228,2980,14.870
5228,6727,12.675
6727,5228,12.675
6727,866,9.557
866,6727,9.557
866,5229,15.036
5229,866,15.036
5229,865,12.832
865,5229,12.832
865,751,87.401
751,865,87.401
751,2986,82.249
2986,751,82.249
2986,6263,2.784
6263,2986,2.784
3871,7691,2.303
7691,3871,2.303
7691,3870,7.588
3870,7691,7.588
3870,3869,4.994
3869,3870,4.994
3869,1619,76.200
1619,3869,76.200
1619,7690,28.352
7690,1619,28.352
7690,906,8.436
906,7690,8.436
3685,7694,3.192
7694,3685,3.192
7694,7692,5.804
7692,7694,5.804
7692,7486,7.204
7486,7692,7.204
7486,6577,162.183
6577,7486,162.183
7714,3679,1.314
3679,7714,1.314
3679,861,25.786
861,3679,25.786
861,7721,51.005
7721,861,51.005
7721,7711,6.485
7711,7721,6.485
868,7527,12.792
7527,868,12.792
7527,750,78.312
750,7527,78.312
835,4518,45.866
4518,835,45.866
4518,7674,8.313
7674,4518,8.313
7674,7667,6.246
7667,7674,6.246
7667,1365,5.798
1365,7667,5.798
1365,7666,4.275
7666,1365,4.275
7666,1379,10.494
1379,7666,10.494
1379,7669,8.822
7669,1379,8.822
7669,7668,4.207
7668,7669,4.207
7668,746,5.079
746,7668,5.079
902,1364,6.672
1364,902,6.672
1364,2040,9.028
2040,1364,9.028
2040,1366,3.080
1366,2040,3.080
1366,8121,0.335
8121,1366,0.335
8121,8120,6.011
8120,8121,6.011
8120,8123,5.891
8123,8120,5.891
8123,8122,6.695
8122,8123,6.695
8122,1363,28.161
1363,8122,28.161
1363,7670,53.455
7670,1363,53.455
7670,7671,8.218
7671,7670,8.218
7671,3993,11.862
3993,7671,11.862
3993,7672,5.601
7672,3993,5.601
7672,7673,6.275
7673,7672,6.275
7673,3994,8.153
3994,7673,8.153
903,2928,7.986
2928,903,7.986
2928,905,137.443
905,2928,137.443
905,1214,10.964
1214,905,10.964
1214,1085,9.326
1085,1214,9.326
1066,1065,43.614
1065,1066,43.614
170,171,84.320
171,170,84.320
5360,5051,8.723
5051,5360,8.723
5051,5052,4.228
5052,5051,4.228
5052,4876,42.121
4876,5052,42.121
4876,2012,5.990
2012,4876,5.990
6698,3777,11.180
3777,6698,11.180
3777,5501,7.115
5501,3777,7.115
1013,5139,60.591
5139,1013,60.591
5139,989,45.390
989,5139,45.390
1036,1257,6.590
1257,1036,6.590
1257,2866,20.212
2866,1257,20.212
2866,8067,6.812
8067,2866,6.812
1035,2703,2.159
2703,1035,2.159
2703,1265,7.451
1265,2703,7.451
1265,1032,10.114
1032,1265,10.114
1038,2706,1.476
2706,1038,1.476
2706,1269,7.632
1269,2706,7.632
1269,8073,16.804
8073,1269,16.804
4854,7753,6.013
7753,4854,6.013
640,5117,5.217
5117,640,5.217
5117,5715,4.188
5715,5117,4.188
5715,5116,4.240
5116,5715,4.240
5116,5499,6.721
5499,5116,6.721
5499,5115,28.074
5115,5499,28.074
5115,5976,10.409
5976,5115,10.409
5976,5113,35.264
5113,5976,35.264
5113,7760,4.210
7760,5113,4.210
987,8105,10.238
8105,987,10.238
8105,5503,23.347
5503,8105,23.347
641,1827,11.378
1827,641,11.378
1827,7810,36.289
7810,1827,36.289
1048,5574,6.925
5574,1048,6.925
5574,4333,18.527
4333,5574,18.527
4333,5575,30.303
5575,4333,30.303
5575,5576,15.951
5576,5575,15.951
5576,7809,3.415
7809,5576,3.415
1056,5150,8.093
5150,1056,8.093
5150,3567,41.218
3567,5150,41.218
3567,1053,19.224
1053,3567,19.224
731,3840,3.103
3840,731,3.103
3840,6374,1.568
6374,3840,1.568
6374,6403,13.227
6403,6374,13.227
6403,730,68.603
730,6403,68.603
730,1182,36.040
1182,730,36.040
1182,2925,109.308
2925,1182,109.308
2925,1618,72.264
1618,2925,72.264
1618,827,2.704
827,1618,2.704
827,830,54.667
830,827,54.667
830,831,52.959
831,830,52.959
831,2927,34.551
2927,831,34.551
2927,2926,74.532
2926,2927,74.532
3562,6406,84.581
6406,3562,84.581
6406,78,5.775
78,6406,5.775
78,6361,6.400
6361,78,6.400
502,1242,32.607
1242,502,32.607
1242,1241,47.436
1241,1242,47.436
1241,854,11.387
854,1241,11.387
737,2313,9.413
2313,737,9.413
2313,7988,4.537
7988,2313,4.537
1002,1003,82.598
1003,1002,82.598
1002,1267,7.385
1267,1002,7.385
1267,8074,5.901
8074,1267,5.901
1034,1231,9.725
1231,1034,9.725
1231,7489,9.117
7489,1231,9.117
7489,8077,3.920
8077,7489,3.920
834,1212,116.334
1212,834,116.334
379,5240,5.120
5240,379,5.120
5240,2442,8.710
2442,5240,8.710
2442,7370,132.208
7370,2442,132.208
7370,7204,118.679
7204,7370,118.679
7204,378,13.778
378,7204,13.778
388,3517,1.168
3517,388,1.168
3517,5142,9.008
5142,3517,9.008
5142,1857,12.837
1857,5142,12.837
500,2743,3.506
2743,500,3.506
2743,8043,60.410
8043,2743,60.410
2202,8092,3.703
8092,2202,3.703
8092,8098,3.226
8098,8092,3.226
8098,2204,4.695
2204,8098,4.695
2204,2214,3.743
2214,2204,3.743
2214,8093,3.964
8093,2214,3.964
8093,2206,4.776
2206,8093,4.776
3075,916,17.665
916,3075,17.665
916,5395,25.171
5395,916,25.171
914,3575,3.750
3575,914,3.750
3575,3577,3.400
3577,3575,3.400
3577,917,4.446
917,3577,4.446
813,8370,3.576
8370,813,3.576
8370,8371,7.182
8371,8370,7.182
8371,8372,4.958
8372,8371,4.958
8372,8397,2.679
8397,8372,2.679
8397,814,1.409
814,8397,1.409
466,4494,18.475
4494,466,18.475
4494,420,30.389
420,4494,30.389
420,2426,4.132
2426,420,4.132
2426,2647,12.452
2647,2426,12.452
2647,7375,93.996
7375,2647,93.996
1015,7928,5.227
7928,1015,5.227
7928,2768,5.337
2768,7928,5.337
2768,7930,23.364
7930,2768,23.364
7930,1016,3.980
1016,7930,3.980
1016,7931,4.274
7931,1016,4.274
7931,963,5.075
963,7931,5.075
191,1405,13.091
1405,191,13.091
945,8309,58.979
8309,945,58.979
976,978,40.208
978,976,40.208
828,3557,1.503
3557,828,1.503
3557,3556,10.235
3556,3557,10.235
3556,829,9.187
829,3556,9.187
838,837,61.238
837,838,61.238
829,6703,8.184
6703,829,8.184
6703,2182,19.848
2182,6703,19.848
609,1631,13.655
1631,609,13.655
1631,610,65.504
610,1631,65.504
728,3547,1.609
3547,728,1.609
3547,6377,5.352
6377,3547,5.352
6377,3548,4.094
3548,6377,4.094
3548,7943,11.356
7943,3548,11.356
1098,1262,7.554
1262,1098,7.554
1099,7682,6.232
7682,1099,6.232
7682,7681,49.842
7681,7682,49.842
7681,7677,4.682
7677,7681,4.682
7677,7679,1.770
7679,7677,1.770
7679,3706,123.904
3706,7679,123.904
3706,3707,6.171
3707,3706,6.171
108,3729,7.968
3729,108,7.968
3729,3728,3.203
3728,3729,3.203
3728,4114,3.911
4114,3728,3.911
4114,3727,5.351
3727,4114,5.351
3727,82,9.962
82,3727,9.962
3746,3745,13.179
3745,3746,13.179
3745,3744,8.593
3744,3745,8.593
3744,3743,8.731
3743,3744,8.731
3743,3742,6.094
3742,3743,6.094
3742,3741,7.563
3741,3742,7.563
3741,3740,12.660
3740,3741,12.660
3740,3739,4.291
3739,3740,4.291
3739,3738,41.203
3738,3739,41.203
3738,3737,7.742
3737,3738,7.742
3737,3736,9.857
3736,3737,9.857
3736,3735,11.757
3735,3736,11.757
3735,3734,28.669
3734,3735,28.669
3734,4833,8.482
4833,3734,8.482
4833,3733,12.100
3733,4833,12.100
3733,3732,19.450
3732,3733,19.450
3732,3731,42.806
3731,3732,42.806
3731,3730,11.005
3730,3731,11.005
3730,108,10.155
108,3730,10.155
3747,3746,20.706
3746,3747,20.706
5562,3749,3.952
3749,5562,3.952
3749,3750,4.027
3750,3749,4.027
3750,3751,15.658
3751,3750,15.658
3751,3754,31.218
3754,3751,31.218
3754,3755,15.194
3755,3754,15.194
3755,3756,14.970
3756,3755,14.970
3756,3757,14.491
3757,3756,14.491
5742,7516,3.648
7516,5742,3.648
7516,7187,1.811
7187,7516,1.811
7187,2409,18.079
2409,7187,18.079
2409,6005,65.690
6005,2409,65.690
6005,6310,37.373
6310,6005,37.373
6310,95,5.197
95,6310,5.197
2205,6399,35.018
6399,2205,35.018
6399,4368,18.390
4368,6399,18.390
4368,8090,54.246
8090,4368,54.246
8090,7191,5.353
7191,8090,5.353
7191,228,8.022
228,7191,8.022
95,2833,6.042
2833,95,6.042
2833,4164,58.885
4164,2833,58.885
4164,4602,28.260
4602,4164,28.260
4602,96,3.990
96,4602,3.990
96,6316,102.230
6316,96,102.230
6316,1489,5.403
1489,6316,5.403
1489,6318,7.951
6318,1489,7.951
6318,4603,54.522
4603,6318,54.522
4603,4601,3.373
4601,4603,3.373
4601,7431,15.360
7431,4601,15.360
7431,6130,42.223
6130,7431,42.223
6130,6151,4.332
6151,6130,4.332
6151,1829,34.120
1829,6151,34.120
1829,2045,38.585
2045,1829,38.585
2045,1097,6.618
1097,2045,6.618
769,6306,9.304
6306,769,9.304
6306,7407,40.059
7407,6306,40.059
7407,5017,129.928
5017,7407,129.928
801,3611,25.284
3611,801,25.284
3611,924,23.254
924,3611,23.254
435,3602,10.276
3602,435,10.276
3602,4369,8.632
4369,3602,8.632
4369,52,11.855
52,4369,11.855
919,920,15.334
920,919,15.334
920,921,52.309
921,920,52.309
921,800,16.029
800,921,16.029
800,8180,30.853
8180,800,30.853
8180,3610,3.709
3610,8180,3.709
3610,801,11.050
801,3610,11.050
1112,2545,4.790
2545,1112,4.790
103,6196,12.817
6196,103,12.817
6196,1957,47.829
1957,6196,47.829
1957,5247,1.323
5247,1957,1.323
5247,900,20.446
900,5247,20.446
900,7630,27.958
7630,900,27.958
55,54,47.982
54,55,47.982
154,1411,11.702
1411,154,11.702
3307,1122,11.422
1122,3307,11.422
1122,4901,7.734
4901,1122,7.734
4901,1124,8.329
1124,4901,8.329
1124,6717,9.030
6717,1124,9.030
6717,1123,8.762
1123,6717,8.762
1123,1952,16.166
1952,1123,16.166
685,686,63.425
686,685,63.425
685,1958,40.717
1958,685,40.717
2026,1127,9.319
1127,2026,9.319
1127,4540,9.321
4540,1127,9.321
4540,4425,9.318
4425,4540,9.318
4425,4544,9.310
4544,4425,9.310
4544,1128,9.318
1128,4544,9.318
1128,1126,9.321
1126,1128,9.321
1126,5825,9.326
5825,1126,9.326
5825,2752,6.052
2752,5825,6.052
2752,4541,10.178
4541,2752,10.178
4541,1129,10.180
1129,4541,10.180
1129,1108,10.181
1108,1129,10.181
1108,2918,10.024
2918,1108,10.024
2918,1130,10.028
1130,2918,10.028
1130,2025,10.029
2025,1130,10.029
1136,8183,13.516
8183,1136,13.516
8183,155,10.126
155,8183,10.126
1137,380,44.273
380,1137,44.273
3339,6938,2.740
6938,3339,2.740
6938,3340,1.974
3340,6938,1.974
3340,1757,7.350
1757,3340,7.350
1757,7958,17.052
7958,1757,17.052
741,3773,5.548
3773,741,5.548
3773,7661,3.572
7661,3773,3.572
7661,6142,52.655
6142,7661,52.655
6142,785,48.911
785,6142,48.911
108,1144,13.608
1144,108,13.608
1144,1146,64.199
1146,1144,64.199
1146,1145,11.894
1145,1146,11.894
738,7445,4.368
7445,738,4.368
7445,7995,28.352
7995,7445,28.352
194,1347,13.060
1347,194,13.060
1160,4069,63.336
4069,1160,63.336
4069,7525,38.391
7525,4069,38.391
7525,4072,56.128
4072,7525,56.128
4072,7522,3.642
7522,4072,3.642
7522,1159,0.854
1159,7522,0.854
8162,5572,9.972
5572,8162,9.972
5572,2189,13.231
2189,5572,13.231
2189,1162,9.995
1162,2189,9.995
1163,6601,4.741
6601,1163,4.741
6601,1164,2.771
1164,6601,2.771
1164,6604,3.002
6604,1164,3.002
6604,6602,2.688
6602,6604,2.688
6602,1165,4.071
1165,6602,4.071
1165,6603,2.715
6603,1165,2.715
6603,1166,3.344
1166,6603,3.344
398,2861,12.331
2861,398,12.331
2861,399,15.442
399,2861,15.442
399,4253,12.124
4253,399,12.124
4253,5730,15.866
5730,4253,15.866
1179,1850,51.797
1850,1179,51.797
6609,6073,12.743
6073,6609,12.743
6073,3115,4.297
3115,6073,4.297
3115,6610,17.453
6610,3115,17.453
1190,6072,31.025
6072,1190,31.025
6072,2822,27.698
2822,6072,27.698
2822,153,10.537
153,2822,10.537
152,7634,47.368
7634,152,47.368
7634,2347,4.125
2347,7634,4.125
2347,2346,22.035
2346,2347,22.035
2346,799,21.232
799,2346,21.232
1297,2472,46.199
2472,1297,46.199
2472,2468,15.543
2468,2472,15.543
2468,534,16.040
534,2468,16.040
534,1332,22.725
1332,534,22.725
1332,47,23.491
47,1332,23.491
5371,3790,5.790
3790,5371,5.790
3790,6684,16.030
6684,3790,16.030
6684,5097,12.115
5097,6684,12.115
5097,5328,5.496
5328,5097,5.496
5328,5372,11.148
5372,5328,11.148
5372,5327,11.994
5327,5372,11.994
5327,3789,38.942
3789,5327,38.942
3789,5324,18.824
5324,3789,18.824
5324,5322,8.407
5322,5324,8.407
5322,1199,2.180
1199,5322,2.180
1199,5321,0.900
5321,1199,0.900
5321,5320,10.742
5320,5321,10.742
5320,4115,4.279
4115,5320,4.279
4115,4693,36.161
4693,4115,36.161
4693,2665,41.894
2665,4693,41.894
2665,1901,13.326
1901,2665,13.326
1901,2662,18.525
2662,1901,18.525
2662,5368,24.639
5368,2662,24.639
5368,137,11.003
137,5368,11.003
253,4595,4.899
4595,253,4.899
4595,5102,5.923
5102,4595,5.923
5102,5100,23.732
5100,5102,23.732
5100,7872,5.999
7872,5100,5.999
7872,1198,3.814
1198,7872,3.814
1198,5098,26.277
5098,1198,26.277
5098,5991,3.369
5991,5098,3.369
5991,5372,12.873
5372,5991,12.873
1206,2469,16.378
2469,1206,16.378
2469,7610,3.368
7610,2469,3.368
7610,1208,8.550
1208,7610,8.550
10,1383,4.842
1383,10,4.842
1383,1204,11.923
1204,1383,11.923
1204,1721,12.284
1721,1204,12.284
47,6617,39.583
6617,47,39.583
6617,2467,2.847
2467,6617,2.847
2467,1207,9.561
1207,2467,9.561
1189,3641,1.525
3641,1189,1.525
3641,7206,7.395
7206,3641,7.395
7206,7205,51.507
7205,7206,51.507
7205,1208,3.581
1208,7205,3.581
4836,6671,7.192
6671,4836,7.192
6671,6411,3.836
6411,6671,3.836
6411,5029,2.485
5029,6411,2.485
5029,6677,2.405
6677,5029,2.405
6677,6676,2.204
6676,6677,2.204
6676,6665,2.436
6665,6676,2.436
6665,5030,4.464
5030,6665,4.464
5027,7035,53.668
7035,5027,53.668
5035,5180,52.072
5180,5035,52.072
1029,8075,5.425
8075,1029,5.425
837,2754,56.927
2754,837,56.927
2754,4409,17.386
4409,2754,17.386
4409,839,22.135
839,4409,22.135
839,7950,28.102
7950,839,28.102
303,1245,29.034
1245,303,29.034
1245,4561,25.931
4561,1245,25.931
4561,934,13.823
934,4561,13.823
934,1025,13.761
1025,934,13.761
754,5364,9.410
5364,754,9.410
5364,5363,17.453
5363,5364,17.453
5363,1026,5.867
1026,5363,5.867
5480,1261,5.430
1261,5480,5.430
1261,6548,59.667
6548,1261,59.667
6548,1270,6.150
1270,6548,6.150
1270,7852,7.415
7852,1270,7.415
1263,3940,61.318
3940,1263,61.318
3940,3419,29.112
3419,3940,29.112
3419,1262,1.386
1262,3419,1.386
1275,2827,10.835
2827,1275,10.835
1276,1138,157.678
1138,1276,157.678
118,6333,3.266
6333,118,3.266
6333,2149,7.628
2149,6333,7.628
2149,504,10.739
504,2149,10.739
504,2146,23.592
2146,504,23.592
2146,8012,6.596
8012,2146,6.596
3606,1173,31.223
1173,3606,31.223
1173,4373,8.370
4373,1173,8.370
4373,3605,9.061
3605,4373,9.061
3605,919,7.550
919,3605,7.550
1830,2690,5.226
2690,1830,5.226
2690,2683,3.169
2683,2690,3.169
2683,915,7.792
915,2683,7.792
498,8176,10.167
8176,498,10.167
8176,2694,1.920
2694,8176,1.920
2694,2535,4.531
2535,2694,4.531
2535,5204,4.494
5204,2535,4.494
5204,1831,7.103
1831,5204,7.103
119,512,12.661
512,119,12.661
512,6861,7.237
6861,512,7.237
6861,6862,4.560
6862,6861,4.560
6862,2537,4.184
2537,6862,4.184
2537,6863,4.200
6863,2537,4.200
6863,2577,4.132
2577,6863,4.132
2577,6864,4.752
6864,2577,4.752
6864,726,4.982
726,6864,4.982
726,6865,5.995
6865,726,5.995
6865,6867,5.462
6867,6865,5.462
6867,6866,4.537
6866,6867,4.537
6866,1677,6.266
1677,6866,6.266
1677,120,26.408
120,1677,26.408
1283,6628,19.880
6628,1283,19.880
6628,502,4.684
502,6628,4.684
911,7975,28.408
7975,911,28.408
6078,6081,2.841
6081,6078,2.841
6081,6077,6.627
6077,6081,6.627
6077,2,78.811
2,6077,78.811
1285,7702,19.595
7702,1285,19.595
7702,2932,15.988
2932,7702,15.988
2932,6077,3.614
6077,2932,3.614
797,7656,4.899
7656,797,4.899
7656,1088,8.023
1088,7656,8.023
2180,7655,4.981
7655,2180,4.981
7655,2177,4.132
2177,7655,4.132
2177,7654,4.120
7654,2177,4.120
7654,7653,4.727
7653,7654,4.727
7653,82,79.104
82,7653,79.104
126,2104,19.072
2104,126,19.072
2104,7443,2.408
7443,2104,2.408
5890,5587,44.824
5587,5890,44.824
5587,7182,30.541
7182,5587,30.541
7182,429,42.109
429,7182,42.109
397,6190,53.404
6190,397,53.404
6190,1292,77.940
1292,6190,77.940
1292,2720,7.808
2720,1292,7.808
2720,1701,1.438
1701,2720,1.438
450,8144,11.783
8144,450,11.783
8144,3405,3.885
3405,8144,3.885
4797,6581,2.538
6581,4797,2.538
6581,4796,2.000
4796,6581,2.000
4796,1310,2.052
1310,4796,2.052
1310,6582,1.571
6582,1310,1.571
6582,4798,2.018
4798,6582,2.018
4798,1311,5.417
1311,4798,5.417
1311,6583,2.132
6583,1311,2.132
6583,5543,1.771
5543,6583,1.771
5543,1312,2.061
1312,5543,2.061
1312,6584,2.420
6584,1312,2.420
6584,8114,5.455
8114,6584,5.455
8114,8113,20.737
8113,8114,20.737
8113,1313,11.150
1313,8113,11.150
1313,6585,3.124
6585,1313,3.124
6585,6586,2.539
6586,6585,2.539
6586,1314,2.702
1314,6586,2.702
1314,6587,2.655
6587,1314,2.655
6587,476,2.679
476,6587,2.679
1321,1320,117.258
1320,1321,117.258
1320,7253,21.675
7253,1320,21.675
7253,7254,14.035
7254,7253,14.035
7254,4558,85.102
4558,7254,85.102
4558,6235,7.786
6235,4558,7.786
6235,6234,12.502
6234,6235,12.502
6234,8210,17.321
8210,6234,17.321
8210,134,4.205
134,8210,4.205
1322,2318,4.477
2318,1322,4.477
2318,8206,2.810
8206,2318,2.810
8206,4362,52.282
4362,8206,52.282
4362,860,4.705
860,4362,4.705
860,1446,129.928
1446,860,129.928
2984,4245,3.019
4245,2984,3.019
4245,1398,4.270
1398,4245,4.270
1710,8054,16.800
8054,1710,16.800
8054,8254,5.406
8254,8054,5.406
8254,1043,22.297
1043,8254,22.297
1895,6643,18.066
6643,1895,18.066
6643,4280,16.179
4280,6643,16.179
1335,4273,10.082
4273,1335,10.082
4273,1339,33.061
1339,4273,33.061
1339,1337,29.905
1337,1339,29.905
1337,2933,6.971
2933,1337,6.971
2933,1334,4.762
1334,2933,4.762
342,2253,116.395
2253,342,116.395
2253,1531,7.387
1531,2253,7.387
1531,30,7.269
30,1531,7.269
1650,5062,57.614
5062,1650,57.614
5062,1353,35.704
1353,5062,35.704
1353,832,7.714
832,1353,7.714
2984,904,13.398
904,2984,13.398
1356,2173,19.378
2173,1356,19.378
2173,1355,43.558
1355,2173,43.558
1357,3266,8.396
3266,1357,8.396
3266,1358,108.929
1358,3266,108.929
1359,2039,4.808
2039,1359,4.808
2039,1362,4.382
1362,2039,4.382
1367,3196,32.088
3196,1367,32.088
1367,1368,26.277
1368,1367,26.277
1376,1375,2.123
1375,1376,2.123
1375,1817,3.345
1817,1375,3.345
1817,1100,25.929
1100,1817,25.929
1100,2178,23.376
2178,1100,23.376
2178,908,34.702
908,2178,34.702
1379,4121,67.748
4121,1379,67.748
4121,836,22.938
836,4121,22.938
2846,3780,3.548
3780,2846,3.548
3780,10,3.649
10,3780,3.649
1831,5669,1.173
5669,1831,1.173
5669,2534,0.200
2534,5669,0.200
2534,4690,11.092
4690,2534,11.092
3075,2668,19.378
2668,3075,19.378
2668,6060,19.422
6060,2668,19.422
6060,50,11.383
50,6060,11.383
518,1392,12.799
1392,518,12.799
833,1377,105.837
1377,833,105.837
1377,5061,8.436
5061,1377,8.436
5061,832,2.485
832,5061,2.485
835,833,19.387
833,835,19.387
1394,4243,3.467
4243,1394,3.467
4243,4484,2.287
4484,4243,2.287
4484,4480,2.138
4480,4484,2.138
4480,4482,2.091
4482,4480,2.091
4482,1395,1.915
1395,4482,1.915
1395,4483,2.074
4483,1395,2.074
4483,4479,1.754
4479,4483,1.754
4479,4481,2.035
4481,4479,2.035
4481,4241,2.235
4241,4481,2.235
4241,1396,2.865
1396,4241,2.865
6680,1997,6.386
1997,6680,6.386
1997,5333,43.478
5333,1997,43.478
5333,4652,94.755
4652,5333,94.755
4652,5336,26.457
5336,4652,26.457
5336,1401,16.856
1401,5336,16.856
177,2756,12.594
2756,177,12.594
2756,6144,3.172
6144,2756,3.172
6144,707,81.151
707,6144,81.151
707,197,95.055
197,707,95.055
197,6014,71.970
6014,197,71.970
4667,2894,5.674
2894,4667,5.674
2894,4939,10.720
4939,2894,10.720
4939,665,11.348
665,4939,11.348
665,4943,15.560
4943,665,15.560
4943,2377,15.646
2377,4943,15.646
664,4660,14.770
4660,664,14.770
1137,4262,9.604
4262,1137,9.604
4262,1411,6.236
1411,4262,6.236
924,6198,7.210
6198,924,7.210
6198,1412,8.624
1412,6198,8.624
54,2166,7.994
2166,54,7.994
2166,3609,6.118
3609,2166,6.118
3609,3608,7.463
3608,3609,7.463
3608,2246,15.543
2246,3608,15.543
2246,4374,11.788
4374,2246,11.788
4374,53,17.025
53,4374,17.025
53,435,67.701
435,53,67.701
155,8181,8.626
8181,155,8.626
4150,7424,8.639
7424,4150,8.639
7424,6449,1.181
6449,7424,1.181
6449,1798,5.519
1798,6449,5.519
1798,6444,2.449
6444,1798,2.449
6444,1956,34.143
1956,6444,34.143
1956,4581,23.937
4581,1956,23.937
4581,5847,32.187
5847,4581,32.187
5847,4070,69.506
4070,5847,69.506
4070,4579,7.759
4579,4070,7.759
4579,4073,30.095
4073,4579,30.095
4073,7520,6.333
7520,4073,6.333
7520,1598,3.379
1598,7520,3.379
264,2212,5.082
2212,264,5.082
2212,4689,5.584
4689,2212,5.584
4689,1440,3.672
1440,4689,3.672
1440,1795,6.357
1795,1440,6.357
1795,1434,5.540
1434,1795,5.540
1434,583,4.806
583,1434,4.806
583,5682,8.143
5682,583,8.143
5682,1433,6.922
1433,5682,6.922
1433,582,5.251
582,1433,5.251
582,5683,4.791
5683,582,4.791
5683,1437,5.359
1437,5683,5.359
1437,585,9.967
585,1437,9.967
585,7901,6.560
7901,585,6.560
7901,92,6.045
92,7901,6.045
1797,4830,4.009
4830,1797,4.009
4830,6490,5.973
6490,4830,5.973
6490,1443,5.703
1443,6490,5.703
1443,579,2.143
579,1443,2.143
579,6492,12.201
6492,579,12.201
6492,1442,6.554
1442,6492,6.554
1442,93,4.889
93,1442,4.889
1351,8313,50.344
8313,1351,50.344
8313,7696,44.470
7696,8313,44.470
7696,747,6.751
747,7696,6.751
1213,1357,16.964
1357,1213,16.964
1357,833,87.353
833,1357,87.353
632,7663,4.782
7663,632,4.782
7663,3818,4.734
3818,7663,4.734
3818,3819,5.515
3819,3818,5.515
1423,3817,7.040
3817,1423,7.040
3817,632,3.408
632,3817,3.408
1367,1302,62.688
1302,1367,62.688
1302,900,13.052
900,1302,13.052
1427,2981,10.339
2981,1427,10.339
2981,901,12.087
901,2981,12.087
149,5580,9.343
5580,149,9.343
5580,4424,67.694
4424,5580,67.694
4424,4650,50.971
4650,4424,50.971
149,4029,26.961
4029,149,26.961
4029,1397,4.286
1397,4029,4.286
6365,6038,30.286
6038,6365,30.286
6038,6537,58.090
6537,6038,58.090
6537,1398,2.145
1398,6537,2.145
41,2963,7.115
2963,41,7.115
2963,1507,4.124
1507,2963,4.124
1507,7381,5.019
7381,1507,5.019
7381,2962,3.403
2962,7381,3.403
2962,1506,5.588
1506,2962,5.588
1506,2594,12.820
2594,1506,12.820
1813,2568,5.706
2568,1813,5.706
2568,2565,14.854
2565,2568,14.854
2565,2501,14.609
2501,2565,14.609
2501,6750,1.784
6750,2501,1.784
339,1543,25.472
1543,339,25.472
1543,1546,17.011
1546,1543,17.011
1546,1557,55.082
1557,1546,55.082
1557,6175,14.594
6175,1557,14.594
6175,1549,15.346
1549,6175,15.346
1549,5331,37.798
5331,1549,37.798
5331,1550,10.890
1550,5331,10.890
1550,5332,2.523
5332,1550,2.523
5332,338,3.497
338,5332,3.497
338,1105,35.555
1105,338,35.555
229,5482,8.270
5482,229,8.270
5482,1839,5.888
1839,5482,5.888
1839,7878,6.574
7878,1839,6.574
7878,7877,9.707
7877,7878,9.707
7877,1841,10.468
1841,7877,10.468
1841,7876,9.912
7876,1841,9.912
7876,1840,12.088
1840,7876,12.088
1321,148,24.336
148,1321,24.336
148,8213,18.685
8213,148,18.685
8213,149,4.708
149,8213,4.708
1453,4969,62.441
4969,1453,62.441
4969,4576,5.143
4576,4969,5.143
4576,4152,111.852
4152,4576,111.852
4152,212,7.647
212,4152,7.647
1488,3950,26.826
3950,1488,26.826
3950,4137,47.327
4137,3950,47.327
4137,5676,32.977
5676,4137,32.977
5676,1047,10.547
1047,5676,10.547
471,6647,8.032
6647,471,8.032
6647,6648,101.029
6648,6647,101.029
6648,6644,46.495
6644,6648,46.495
6644,1449,25.847
1449,6644,25.847
295,2648,10.558
2648,295,10.558
2648,1469,5.956
1469,2648,5.956
1469,8257,2.984
8257,1469,2.984
8257,8256,2.266
8256,8257,2.266
8256,8255,3.515
8255,8256,3.515
1234,6067,11.718
6067,1234,11.718
6067,1472,5.584
1472,6067,5.584
1472,1450,6.427
1450,1472,6.427
1512,3294,18.244
3294,1512,18.244
3294,1480,20.121
1480,3294,20.121
634,1482,14.460
1482,634,14.460
1481,6816,4.481
6816,1481,4.481
6816,6817,3.446
6817,6816,3.446
6817,634,3.903
634,6817,3.903
71,6829,13.847
6829,71,13.847
6829,637,3.449
637,6829,3.449
637,6828,3.236
6828,637,3.236
6828,6827,2.717
6827,6828,2.717
6827,6826,4.644
6826,6827,4.644
6826,288,5.614
288,6826,5.614
288,6814,3.629
6814,288,3.629
6814,638,4.180
638,6814,4.180
638,1418,4.838
1418,638,4.838
1418,6815,5.195
6815,1418,5.195
6815,3824,4.054
3824,6815,4.054
3824,1481,10.463
1481,3824,10.463
1483,2122,17.436
2122,1483,17.436
2122,7268,8.577
7268,2122,8.577
7268,7267,7.148
7267,7268,7.148
7267,7265,6.099
7265,7267,6.099
7265,7266,5.979
7266,7265,5.979
7266,572,4.370
572,7266,4.370
572,7264,12.547
7264,572,12.547
7264,2111,7.171
2111,7264,7.171
2111,7263,8.465
7263,2111,8.465
7263,7262,49.909
7262,7263,49.909
7262,571,10.453
571,7262,10.453
1343,1872,16.827
1872,1343,16.827
1872,3920,32.472
3920,1872,32.472
3920,31,22.325
31,3920,22.325
819,1496,8.648
1496,819,8.648
1496,177,10.629
177,1496,10.629
7605,201,29.530
201,7605,29.530
201,2922,26.028
2922,201,26.028
742,2317,7.009
2317,742,7.009
2317,2321,11.478
2321,2317,11.478
2321,743,6.066
743,2321,6.066
743,8209,67.706
8209,743,67.706
8209,134,5.634
134,8209,5.634
1511,1512,103.571
1512,1511,103.571
446,6168,11.054
6168,446,11.054
6168,4936,4.426
4936,6168,4.426
4936,4937,32.628
4937,4936,32.628
4937,6724,22.296
6724,4937,22.296
6724,4522,9.915
4522,6724,9.915
4522,4210,6.573
4210,4522,6.573
593,4696,15.027
4696,593,15.027
4696,2029,6.429
2029,4696,6.429
2029,2028,18.531
2028,2029,18.531
2028,5261,49.534
5261,2028,49.534
878,8154,6.733
8154,878,6.733
8154,8151,81.147
8151,8154,81.147
8151,1518,7.626
1518,8151,7.626
1519,5883,0.956
5883,1519,0.956
5883,1998,5.971
1998,5883,5.971
1998,1520,35.939
1520,1998,35.939
1520,4199,11.307
4199,1520,11.307
4199,4200,14.834
4200,4199,14.834
4200,5066,16.293
5066,4200,16.293
5066,1521,7.160
1521,5066,7.160
1521,1522,55.287
1522,1521,55.287
102,3536,7.545
3536,102,7.545
3536,5001,54.292
5001,3536,54.292
5001,5735,8.915
5735,5001,8.915
1527,6689,39.203
6689,1527,39.203
6689,545,3.748
545,6689,3.748
3584,3580,58.817
3580,3584,58.817
3580,3579,10.482
3579,3580,10.482
3579,3578,10.382
3578,3579,10.382
3578,1414,10.293
1414,3578,10.293
1414,917,6.006
917,1414,6.006
344,1542,5.735
1542,344,5.735
1542,6176,4.539
6176,1542,4.539
6176,339,22.570
339,6176,22.570
344,5191,44.454
5191,344,44.454
5191,5487,8.430
5487,5191,8.430
5487,331,26.867
331,5487,26.867
30,337,31.586
337,30,31.586
337,1559,24.957
1559,337,24.957
1559,1917,24.190
1917,1559,24.190
1917,1558,33.590
1558,1917,33.590
1558,2337,59.348
2337,1558,59.348
2337,344,35.983
344,2337,35.983
1535,6719,28.426
6719,1535,28.426
6719,7303,21.740
7303,6719,21.740
7303,6596,14.715
6596,7303,14.715
6596,7306,19.054
7306,6596,19.054
7306,6597,7.312
6597,7306,7.312
6597,4130,9.105
4130,6597,9.105
4130,7304,6.559
7304,4130,6.559
7304,131,5.850
131,7304,5.850
1197,539,22.001
539,1197,22.001
539,1331,26.611
1331,539,26.611
1331,6119,38.343
6119,1331,38.343
6119,532,9.432
532,6119,9.432
532,4536,19.956
4536,532,19.956
4536,1296,5.241
1296,4536,5.241
1296,4537,5.527
4537,1296,5.527
4537,540,17.396
540,4537,17.396
540,1416,31.855
1416,540,31.855
1416,133,27.432
133,1416,27.432
133,6120,63.232
6120,133,63.232
6120,147,5.072
147,6120,5.072
538,8329,4.932
8329,538,4.932
8329,355,52.271
355,8329,52.271
355,1223,6.337
1223,355,6.337
1223,5045,62.873
5045,1223,62.873
205,5740,25.850
5740,205,25.850
2500,7165,7.878
7165,2500,7.878
7165,4882,22.584
4882,7165,22.584
4882,2499,3.867
2499,4882,3.867
2499,3801,1.691
3801,2499,1.691
191,5085,13.633
5085,191,13.633
5085,887,38.515
887,5085,38.515
887,5969,65.827
5969,887,65.827
5969,5968,33.867
5968,5969,33.867
5968,438,29.135
438,5968,29.135
624,4675,6.147
4675,624,6.147
4675,4142,16.909
4142,4675,16.909
4142,7289,36.019
7289,4142,36.019
7289,7290,35.883
7290,7289,35.883
7290,7291,7.410
7291,7290,7.410
7291,4145,11.256
4145,7291,11.256
4145,576,12.268
576,4145,12.268
206,5182,7.354
5182,206,7.354
5182,5186,11.589
5186,5182,11.589
5186,7176,5.865
7176,5186,5.865
7176,491,6.172
491,7176,6.172
554,1553,12.511
1553,554,12.511
1553,4328,9.832
4328,1553,9.832
4328,1554,16.284
1554,4328,16.284
1554,2573,41.310
2573,1554,41.310
2573,5996,14.490
5996,2573,14.490
5996,6087,3.163
6087,5996,3.163
6087,6088,2.666
6088,6087,2.666
6088,556,25.458
556,6088,25.458
545,2382,5.971
2382,545,5.971
2382,335,12.606
335,2382,12.606
5681,5019,15.049
5019,5681,15.049
5019,2494,14.156
2494,5019,14.156
2494,7167,9.410
7167,2494,9.410
196,2511,7.989
2511,196,7.989
2511,2516,3.499
2516,2511,3.499
2516,2623,3.703
2623,2516,3.703
2623,2629,2.797
2629,2623,2.797
2629,2630,6.203
2630,2629,6.203
2630,7051,1.395
7051,2630,1.395
7051,7053,3.728
7053,7051,3.728
7053,7052,5.015
7052,7053,5.015
7052,2634,7.848
2634,7052,7.848
2634,2633,36.789
2633,2634,36.789
2633,5754,1.994
5754,2633,1.994
5754,5707,22.586
5707,5754,22.586
951,196,10.415
196,951,10.415
29,5831,7.579
5831,29,7.579
5831,551,52.983
551,5831,52.983
923,1390,8.445
1390,923,8.445
1390,6199,8.148
6199,1390,8.148
6199,4535,19.946
4535,6199,19.946
4535,8292,33.273
8292,4535,33.273
1189,2908,5.410
2908,1189,5.410
2908,2905,6.852
2905,2908,6.852
2905,2430,6.974
2430,2905,6.974
2430,4853,47.389
4853,2430,47.389
4853,3636,16.420
3636,4853,16.420
3636,3635,31.820
3635,3636,31.820
3635,1577,32.555
1577,3635,32.555
856,3629,6.363
3629,856,6.363
3629,3628,5.910
3628,3629,5.910
3628,3630,5.033
3630,3628,5.033
3630,3631,5.018
3631,3630,5.018
3631,4852,6.725
4852,3631,6.725
4852,1577,13.520
1577,4852,13.520
1577,3633,1.500
3633,1577,1.500
3633,4103,4.555
4103,3633,4.555
4103,3625,19.901
3625,4103,19.901
3625,1578,6.419
1578,3625,6.419
80,1578,24.277
1578,80,24.277
856,3627,6.617
3627,856,6.617
3627,3626,7.753
3626,3627,7.753
3626,3117,18.147
3117,3626,18.147
3117,1578,21.885
1578,3117,21.885
1107,535,37.751
535,1107,37.751
535,4985,23.477
4985,535,23.477
4985,2470,18.595
2470,4985,18.595
2470,1576,41.418
1576,2470,41.418
1576,1206,56.056
1206,1576,56.056
1079,1213,10.442
1213,1079,10.442
1420,7323,54.422
7323,1420,54.422
7323,2235,5.873
2235,7323,5.873
2235,673,2.965
673,2235,2.965
673,1587,7.920
1587,673,7.920
1587,128,7.090
128,1587,7.090
128,1586,4.558
1586,128,4.558
1586,1599,5.293
1599,1586,5.293
677,1201,11.040
1201,677,11.040
6237,2233,8.236
2233,6237,8.236
2233,6436,18.200
6436,2233,18.200
6436,45,23.363
45,6436,23.363
45,6438,23.069
6438,45,23.069
6438,139,20.205
139,6438,20.205
139,6437,22.107
6437,139,22.107
6437,6439,11.879
6439,6437,11.879
6439,141,10.894
141,6439,10.894
141,140,14.980
140,141,14.980
140,6441,12.235
6441,140,12.235
6441,7310,8.367
7310,6441,8.367
7310,6401,4.731
6401,7310,4.731
6401,44,15.452
44,6401,15.452
898,573,4.201
573,898,4.201
836,1702,95.967
1702,836,95.967
1702,1651,37.679
1651,1702,37.679
69,2937,1.137
2937,69,1.137
2937,2938,3.074
2938,2937,3.074
2938,4624,10.469
4624,2938,10.469
4624,1959,38.246
1959,4624,38.246
1959,5578,1.327
5578,1959,1.327
7632,1965,26.105
1965,7632,26.105
1965,1819,45.690
1819,1965,45.690
1819,69,17.233
69,1819,17.233
1305,1660,9.373
1660,1305,9.373
1305,7688,3.263
7688,1305,3.263
7688,1594,8.828
1594,7688,8.828
57,1954,62.025
1954,57,62.025
1954,5210,32.059
5210,1954,32.059
5210,4089,5.175
4089,5210,5.175
4089,3554,2.757
3554,4089,2.757
3554,1524,1.528
1524,3554,1.528
7629,661,91.821
661,7629,91.821
661,6358,32.101
6358,661,32.101
6358,828,9.871
828,6358,9.871
1524,3555,1.517
3555,1524,1.517
3555,5211,8.315
5211,3555,8.315
5211,126,75.321
126,5211,75.321
632,1419,11.312
1419,632,11.312
1419,1592,8.334
1592,1419,8.334
1592,3815,8.595
3815,1592,8.595
3815,630,13.705
630,3815,13.705
630,7333,64.928
7333,630,64.928
7333,1420,68.213
1420,7333,68.213
518,3855,10.749
3855,518,10.749
3855,4457,12.859
4457,3855,12.859
4457,6594,33.117
6594,4457,33.117
519,5397,7.273
5397,519,7.273
5397,4474,21.920
4474,5397,21.920
4474,4533,2.121
4533,4474,2.121
4533,8219,9.471
8219,4533,9.471
491,6141,8.576
6141,491,8.576
6141,7174,2.303
7174,6141,2.303
7174,5188,6.979
5188,7174,6.979
5188,7175,18.781
7175,5188,18.781
7175,5190,7.517
5190,7175,7.517
5190,2888,9.162
2888,5190,9.162
2888,6139,9.183
6139,2888,9.183
6139,207,5.463
207,6139,5.463
731,5394,1.027
5394,731,1.027
5394,5393,2.240
5393,5394,2.240
5393,1612,2.232
1612,5393,2.232
1612,5392,2.236
5392,1612,2.236
5392,5391,2.237
5391,5392,2.237
5391,732,2.236
732,5391,2.236
732,5390,2.234
5390,732,2.234
5390,5388,2.236
5388,5390,2.236
5388,1611,2.237
1611,5388,2.237
1611,5386,2.235
5386,1611,2.235
5386,5385,2.237
5385,5386,2.237
5385,5383,2.240
5383,5385,2.240
5383,3835,2.238
3835,5383,2.238
3835,5381,2.234
5381,3835,2.234
5381,1177,2.235
1177,5381,2.235
147,345,8.294
345,147,8.294
345,4858,13.244
4858,345,13.244
4858,346,16.738
346,4858,16.738
388,5143,9.659
5143,388,9.659
5143,5144,10.188
5144,5143,10.188
5144,3518,23.712
3518,5144,23.712
37,7739,12.052
7739,37,12.052
1343,2506,7.534
2506,1343,7.534
2506,6416,6.025
6416,2506,6.025
6416,1480,71.399
1480,6416,71.399
1622,1661,13.611
1661,1622,13.611
1661,103,13.856
103,1661,13.856
834,6191,64.696
6191,834,64.696
6191,6799,4.670
6799,6191,4.670
6799,5696,13.989
5696,6799,13.989
834,835,18.471
835,834,18.471
1138,3416,28.731
3416,1138,28.731
3416,1732,16.584
1732,3416,16.584
87,1277,156.966
1277,87,156.966
4356,5816,4.657
5816,4356,4.657
5816,5801,11.168
5801,5816,11.168
5801,5803,11.161
5803,5801,11.161
2296,2003,8.108
2003,2296,8.108
2003,5337,8.144
5337,2003,8.144
5337,1938,5.708
1938,5337,5.708
1938,5053,19.192
5053,1938,19.192
5053,2786,44.567
2786,5053,44.567
2786,4,108.063
4,2786,108.063
5372,5993,13.947
5993,5372,13.947
5993,5099,5.980
5099,5993,5.980
5099,208,31.514
208,5099,31.514
377,2906,4.815
2906,377,4.815
2906,2664,5.278
2664,2906,5.278
2664,3623,5.637
3623,2664,5.637
3623,5095,31.284
5095,3623,31.284
5095,5325,4.869
5325,5095,4.869
6020,1101,36.142
1101,6020,36.142
1101,777,9.371
777,1101,9.371
777,2486,20.496
2486,777,20.496
2486,8276,30.623
8276,2486,30.623
8276,779,20.360
779,8276,20.360
779,4158,26.988
4158,779,26.988
4158,8275,47.155
8275,4158,47.155
8275,780,14.479
780,8275,14.479
780,781,26.071
781,780,26.071
781,791,40.129
791,781,40.129
791,1228,27.432
1228,791,27.432
1228,782,7.865
782,1228,7.865
782,783,67.581
783,782,67.581
783,784,73.190
784,783,73.190
784,6837,36.534
6837,784,36.534
557,7541,12.640
7541,557,12.640
7541,7703,7.387
7703,7541,7.387
7703,1498,7.458
1498,7703,7.458
1498,4170,16.318
4170,1498,16.318
4170,7539,7.229
7539,4170,7.229
7539,2279,9.333
2279,7539,9.333
2279,7540,8.445
7540,2279,8.445
7540,7252,11.421
7252,7540,11.421
7252,4169,14.773
4169,7252,14.773
4169,6207,12.229
6207,4169,12.229
6207,4168,0.911
4168,6207,0.911
4168,2433,12.004
2433,4168,12.004
2433,666,18.949
666,2433,18.949
1487,4668,14.965
4668,1487,14.965
4668,669,11.474
669,4668,11.474
669,664,8.065
664,669,8.065
713,2374,16.393
2374,713,16.393
1490,5973,43.395
5973,1490,43.395
5973,5972,0.252
5972,5973,0.252
5972,2117,1.533
2117,5972,1.533
2117,627,1.516
627,2117,1.516
1046,5012,6.130
5012,1046,6.130
5012,3523,20.195
3523,5012,20.195
3523,6726,28.879
6726,3523,28.879
6453,4161,43.572
4161,6453,43.572
4161,4162,102.624
4162,4161,102.624
4162,6455,7.846
6455,4162,7.846
1793,5007,7.669
5007,1793,7.669
5007,97,77.037
97,5007,77.037
1212,7664,2.612
7664,1212,2.612
7664,7665,2.929
7665,7664,2.929
7665,629,2.873
629,7665,2.873
789,2975,12.777
2975,789,12.777
2975,788,14.690
788,2975,14.690
1653,5843,45.432
5843,1653,45.432
5843,1967,69.215
1967,5843,69.215
1967,1478,3.325
1478,1967,3.325
970,971,62.381
971,970,62.381
971,972,91.553
972,971,91.553
972,973,54.806
973,972,54.806
1008,5518,47.188
5518,1008,47.188
5518,1007,55.337
1007,5518,55.337
989,5132,50.780
5132,989,50.780
5132,988,56.410
988,5132,56.410
988,1014,18.039
1014,988,18.039
1068,518,10.372
518,1068,10.372
3539,6445,1.451
6445,3539,1.451
6445,5243,6.896
5243,6445,6.896
5243,5152,3.060
5152,5243,3.060
5152,970,19.233
970,5152,19.233
4263,4264,7.439
4264,4263,7.439
4264,4235,3.247
4235,4264,3.247
4235,154,14.025
154,4235,14.025
608,4097,32.336
4097,608,32.336
4097,2448,6.489
2448,4097,6.489
2448,20,4.335
20,2448,4.335
3138,631,42.842
631,3138,42.842
631,1593,24.523
1593,631,24.523
1593,3137,24.095
3137,1593,24.095
3137,3136,42.448
3136,3137,42.448
3136,3135,50.138
3135,3136,50.138
1669,1670,36.516
1670,1669,36.516
1670,1849,5.067
1849,1670,5.067
1849,5297,9.807
5297,1849,9.807
5297,4313,1.938
4313,5297,1.938
4313,1887,20.923
1887,4313,20.923
1887,272,10.788
272,1887,10.788
796,3763,63.348
3763,796,63.348
3763,8289,18.820
8289,3763,18.820
1665,7942,57.840
7942,1665,57.840
1675,5110,96.606
5110,1675,96.606
5110,3545,6.043
3545,5110,6.043
3545,1676,1.500
1676,3545,1.500
1751,1188,3.519
1188,1751,3.519
1188,7961,17.216
7961,1188,17.216
1003,1239,2.069
1239,1003,2.069
1239,4410,11.006
4410,1239,11.006
4410,1004,8.942
1004,4410,8.942
1004,8072,2.000
8072,1004,2.000
1678,5875,22.626
5875,1678,22.626
5875,5874,6.947
5874,5875,6.947
5874,1680,21.253
1680,5874,21.253
1680,1679,75.353
1679,1680,75.353
6641,2186,33.748
2186,6641,33.748
2186,5844,119.198
5844,2186,119.198
5844,4140,0.936
4140,5844,0.936
4140,599,60.316
599,4140,60.316
595,1711,7.370
1711,595,7.370
1711,1141,2.640
1141,1711,2.640
1141,32,7.376
32,1141,7.376
69,6836,4.527
6836,69,4.527
6836,6835,0.935
6835,6836,0.935
6835,6834,2.565
6834,6835,2.565
6834,6833,2.292
6833,6834,2.292
6833,1683,5.250
1683,6833,5.250
1685,3686,0.909
3686,1685,0.909
3686,1663,5.300
1663,3686,5.300
1663,2977,41.630
2977,1663,41.630
2977,1704,47.249
1704,2977,47.249
1704,1705,45.414
1705,1704,45.414
1705,1703,35.031
1703,1705,35.031
1703,836,28.956
836,1703,28.956
1688,3670,1.907
3670,1688,1.907
3670,4429,1.759
4429,3670,1.759
4429,1748,1.083
1748,4429,1.083
1691,3663,2.183
3663,1691,2.183
3663,4078,4.025
4078,3663,4.025
4078,3665,4.132
3665,4078,4.132
3665,6536,17.414
6536,3665,17.414
6536,1690,9.698
1690,6536,9.698
1689,3661,1.480
3661,1689,1.480
1687,7714,1.327
7714,1687,1.327
7714,7716,7.033
7716,7714,7.033
7716,8314,60.105
8314,7716,60.105
8314,3681,17.567
3681,8314,17.567
3681,3682,5.038
3682,3681,5.038
3682,3683,5.183
3683,3682,5.183
3683,7485,2.367
7485,3683,2.367
7485,7483,5.215
7483,7485,5.215
7483,2939,10.343
2939,7483,10.343
1692,2548,6.993
2548,1692,6.993
2548,4683,7.771
4683,2548,7.771
4683,5942,0.482
5942,4683,0.482
5942,5632,10.995
5632,5942,10.995
5632,2345,1.846
2345,5632,1.846
2345,5621,1.251
5621,2345,1.251
5621,2547,0.523
2547,5621,0.523
2547,4048,6.108
4048,2547,6.108
149,4112,66.830
4112,149,66.830
4112,4733,10.352
4733,4112,10.352
5451,5450,6.294
5450,5451,6.294
5450,5447,7.904
5447,5450,7.904
5447,4023,6.478
4023,5447,6.478
4748,1698,6.336
1698,4748,6.336
1698,6538,58.273
6538,1698,58.273
6538,1394,4.028
1394,6538,4.028
1394,1398,30.330
1398,1394,30.330
811,2405,18.938
2405,811,18.938
2405,812,18.283
812,2405,18.283
812,2406,24.351
2406,812,24.351
2406,2408,18.536
2408,2406,18.536
2408,8365,9.138
8365,2408,9.138
8365,813,7.389
813,8365,7.389
803,7465,6.319
7465,803,6.319
7465,7467,2.440
7467,7465,2.440
7467,6256,2.881
6256,7467,2.881
6256,7463,1.938
7463,6256,1.938
7463,7466,2.509
7466,7463,2.509
7466,5806,2.130
5806,7466,2.130
5806,6527,20.749
6527,5806,20.749
6527,2392,8.956
2392,6527,8.956
2392,2388,5.664
2388,2392,5.664
815,7394,14.683
7394,815,14.683
7394,3857,58.537
3857,7394,58.537
3857,163,19.892
163,3857,19.892
5251,5250,6.884
5250,5251,6.884
5250,4525,9.334
4525,5250,9.334
4525,3856,4.109
3856,4525,4.109
3856,1068,3.674
1068,3856,3.674
5359,4814,25.718
4814,5359,25.718
4814,4815,17.336
4815,4814,17.336
4815,3284,8.624
3284,4815,8.624
3284,4875,4.187
4875,3284,4.187
4875,4452,5.888
4452,4875,5.888
4452,169,9.483
169,4452,9.483
169,4874,12.750
4874,169,12.750
4874,4873,4.310
4873,4874,4.310
4873,7738,18.716
7738,4873,18.716
6424,4800,7.193
4800,6424,7.193
4800,4799,71.036
4799,4800,71.036
4799,5850,81.264
5850,4799,81.264
5850,7639,6.206
7639,5850,6.206
5807,4181,23.689
4181,5807,23.689
4181,8230,42.723
8230,4181,42.723
195,6057,13.728
6057,195,13.728
6057,4356,8.742
4356,6057,8.742
243,2010,9.099
2010,243,9.099
2010,4871,7.004
4871,2010,7.004
4871,3884,41.919
3884,4871,41.919
982,276,27.469
276,982,27.469
7493,4902,3.769
4902,7493,3.769
4902,7735,29.754
7735,4902,29.754
243,4868,9.720
4868,243,9.720
4868,4867,4.195
4867,4868,4.195
4867,3883,17.010
3883,4867,17.010
188,4942,12.534
4942,188,12.534
4942,5349,24.035
5349,4942,24.035
5349,5674,13.180
5674,5349,13.180
5674,5675,10.055
5675,5674,10.055
5675,4945,46.247
4945,5675,46.247
4945,3,17.573
3,4945,17.573
446,6166,12.513
6166,446,12.513
6166,4934,5.059
4934,6166,5.059
4934,7616,15.098
7616,4934,15.098
7616,4211,16.219
4211,7616,16.219
4211,8132,31.718
8132,4211,31.718
8132,4209,10.090
4209,8132,10.090
4209,4208,24.769
4208,4209,24.769
4208,3758,2.357
3758,4208,2.357
3758,5965,41.485
5965,3758,41.485
5965,4931,34.324
4931,5965,34.324
4931,6163,3.576
6163,4931,3.576
6163,8,12.696
8,6163,12.696
8,6162,9.023
6162,8,9.023
6162,4930,5.049
4930,6162,5.049
4930,5507,50.057
5507,4930,50.057
5507,5505,8.349
5505,5507,8.349
5505,5506,20.170
5506,5505,20.170
5506,7,68.252
7,5506,68.252
7698,1401,57.177
1401,7698,57.177
1401,5334,12.240
5334,1401,12.240
5334,5335,3.496
5335,5334,3.496
5335,5340,31.134
5340,5335,31.134
5340,5755,15.402
5755,5340,15.402
7643,6360,62.730
6360,7643,62.730
6360,6012,28.786
6012,6360,28.786
6012,6526,38.100
6526,6012,38.100
6526,5978,8.052
5978,6526,8.052
5978,486,11.080
486,5978,11.080
3,4951,12.747
4951,3,12.747
594,2209,11.108
2209,594,11.108
2209,2200,18.020
2200,2209,18.020
2200,5277,14.926
5277,2200,14.926
5277,5272,16.780
5272,5277,16.780
5272,2188,3.680
2188,5272,3.680
2188,595,9.448
595,2188,9.448
599,2184,38.271
2184,599,38.271
2184,5918,13.465
5918,2184,13.465
5918,2007,6.016
2007,5918,6.016
2007,596,14.307
596,2007,14.307
1400,3642,21.186
3642,1400,21.186
3642,3644,6.305
3644,3642,6.305
3644,3645,3.053
3645,3644,3.053
3645,925,1.512
925,3645,1.512
925,1818,13.027
1818,925,13.027
1818,3637,4.921
3637,1818,4.921
3637,7569,1.015
7569,3637,1.015
7569,3634,31.637
3634,7569,31.637
3634,3632,5.989
3632,3634,5.989
3632,856,5.238
856,3632,5.238
1034,1274,8.902
1274,1034,8.902
1274,8081,9.338
8081,1274,9.338
232,5068,11.188
5068,232,11.188
5068,6216,4.079
6216,5068,4.079
6216,4201,41.515
4201,6216,41.515
4201,7710,50.498
7710,4201,50.498
7710,7763,29.747
7763,7710,29.747
7763,2947,33.180
2947,7763,33.180
2947,5000,42.329
5000,2947,42.329
5000,6155,49.312
6155,5000,49.312
6155,4700,11.551
4700,6155,11.551
1688,1699,9.889
1699,1688,9.889
50,1191,3.834
1191,50,3.834
1700,3571,21.268
3571,1700,21.268
3571,3572,10.504
3572,3571,10.504
3572,3573,4.863
3573,3572,4.863
3573,51,6.269
51,3573,6.269
914,1415,7.764
1415,914,7.764
1288,6064,61.249
6064,1288,61.249
6064,3581,16.510
3581,6064,16.510
596,1990,10.030
1990,596,10.030
1990,5915,4.946
5915,1990,4.946
5915,5917,4.594
5917,5915,4.594
5917,5591,45.829
5591,5917,45.829
5591,4762,21.780
4762,5591,21.780
529,531,61.802
531,529,61.802
531,238,95.504
238,531,95.504
238,1121,8.441
1121,238,8.441
1121,1094,6.477
1094,1121,6.477
1094,239,24.904
239,1094,24.904
1309,142,42.994
142,1309,42.994
142,307,34.400
307,142,34.400
307,4559,22.859
4559,307,22.859
4559,240,10.354
240,4559,10.354
240,289,88.531
289,240,88.531
289,5947,67.374
5947,289,67.374
5947,1210,10.542
1210,5947,10.542
1210,46,11.858
46,1210,11.858
1291,5469,3.343
5469,1291,3.343
1201,4807,53.350
4807,1201,53.350
1397,1697,38.174
1697,1397,38.174
1396,4028,11.157
4028,1396,11.157
4028,3305,3.023
3305,4028,3.023
2939,7482,13.730
7482,2939,13.730
7482,1686,4.089
1686,7482,4.089
1686,1685,58.608
1685,1686,58.608
1412,923,11.493
923,1412,11.493
56,7568,17.633
7568,56,17.633
7568,4532,60.696
4532,7568,60.696
927,4977,7.378
4977,927,7.378
4977,926,9.189
926,4977,9.189
926,4978,7.440
4978,926,7.440
4978,1169,5.415
1169,4978,5.415
143,1318,6.300
1318,143,6.300
1318,6197,6.956
6197,1318,6.956
6197,2168,52.782
2168,6197,52.782
241,817,53.328
817,241,53.328
817,4184,10.209
4184,817,10.209
4184,6260,16.706
6260,4184,16.706
6260,2916,3.925
2916,6260,3.925
2916,6261,4.615
6261,2916,4.615
6261,4075,2.448
4075,6261,2.448
4075,810,17.842
810,4075,17.842
810,2876,87.786
2876,810,87.786
2876,2878,17.388
2878,2876,17.388
2878,2879,43.489
2879,2878,43.489
2879,2897,18.115
2897,2879,18.115
242,1642,51.527
1642,242,51.527
1642,4899,74.242
4899,1642,74.242
4899,1518,54.262
1518,4899,54.262
889,2044,20.619
2044,889,20.619
2044,455,9.823
455,2044,9.823
98,2223,9.412
2223,98,9.412
2223,5595,30.974
5595,2223,30.974
5595,4517,17.135
4517,5595,17.135
4517,2139,16.960
2139,4517,16.960
8241,2830,5.479
2830,8241,5.479
2830,8242,6.786
8242,2830,6.786
8242,7732,130.561
7732,8242,130.561
8241,8239,7.084
8239,8241,7.084
8239,8244,6.180
8244,8239,6.180
8244,254,73.417
254,8244,73.417
254,2976,91.840
2976,254,91.840
1687,3680,1.492
3680,1687,1.492
3680,4066,6.102
4066,3680,6.102
4066,1359,28.207
1359,4066,28.207
1050,1054,17.845
1054,1050,17.845
1590,635,5.423
635,1590,5.423
635,6818,5.019
6818,635,5.019
6818,6819,5.256
6819,6818,5.256
6819,567,3.810
567,6819,3.810
567,6821,3.055
6821,567,3.055
6821,6820,4.069
6820,6821,4.069
6820,636,4.268
636,6820,4.268
636,568,21.144
568,636,21.144
752,1955,31.168
1955,752,31.168
1955,4305,28.188
4305,1955,28.188
4305,1982,13.878
1982,4305,13.878
1982,609,4.241
609,1982,4.241
1281,6032,34.188
6032,1281,34.188
6032,5858,56.065
5858,6032,56.065
5858,5859,34.900
5859,5858,34.900
5859,4323,61.082
4323,5859,61.082
4323,2224,4.829
2224,4323,4.829
2224,88,11.374
88,2224,11.374
1597,7514,3.887
7514,1597,3.887
7514,6319,2.837
6319,7514,2.837
6319,3320,15.858
3320,6319,15.858
3320,6317,103.007
6317,3320,103.007
6317,1489,7.269
1489,6317,7.269
1598,6299,8.063
6299,1598,8.063
6299,6611,61.552
6611,6299,61.552
6611,696,43.695
696,6611,43.695
696,6004,33.761
6004,696,33.761
6004,3537,46.755
3537,6004,46.755
5951,2358,12.310
2358,5951,12.310
2358,8268,23.651
8268,2358,23.651
8268,8270,51.014
8270,8268,51.014
8270,2973,25.850
2973,8270,25.850
1944,1515,24.681
1515,1944,24.681
1515,1501,2.819
1501,1515,2.819
1501,1580,53.149
1580,1501,53.149
690,5285,5.675
5285,690,5.675
5285,6515,11.625
6515,5285,11.625
6515,6520,2.315
6520,6515,2.315
6520,3914,5.456
3914,6520,5.456
3914,3911,3.591
3911,3914,3.591
3911,587,2.991
587,3911,2.991
1598,6301,8.039
6301,1598,8.039
6301,1963,52.687
1963,6301,52.687
1963,1779,23.517
1779,1963,23.517
620,2114,10.513
2114,620,10.513
2114,4307,6.568
4307,2114,6.568
4307,7573,7.868
7573,4307,7.868
7573,7574,3.785
7574,7573,3.785
7574,1539,5.477
1539,7574,5.477
956,8396,1.946
8396,956,1.946
8396,5999,1.887
5999,8396,1.887
5999,8395,1.662
8395,5999,1.662
8395,1866,1.715
1866,8395,1.715
1866,8394,2.108
8394,1866,2.108
8394,8378,1.984
8378,8394,1.984
8378,5998,3.988
5998,8378,3.988
5998,8391,1.002
8391,5998,1.002
8391,875,0.922
875,8391,0.922
1685,3687,6.694
3687,1685,6.694
3687,3688,6.996
3688,3687,6.996
3688,3689,7.558
3689,3688,7.558
3689,3690,7.225
3690,3689,7.225
3690,3691,12.483
3691,3690,12.483
3691,2105,13.813
2105,3691,13.813
2105,3692,16.885
3692,2105,16.885
3692,1684,17.006
1684,3692,17.006
1684,3693,12.183
3693,1684,12.183
3693,1683,26.503
1683,3693,26.503
455,6709,9.643
6709,455,9.643
6709,4837,17.677
4837,6709,17.677
4837,888,21.806
888,4837,21.806
888,456,84.334
456,888,84.334
1316,1806,6.336
1806,1316,6.336
1806,1785,5.583
1785,1806,5.583
1785,7385,6.054
7385,1785,6.054
203,716,88.586
716,203,88.586
613,4304,6.912
4304,613,6.912
3392,3394,4.382
3394,3392,4.382
3394,7076,4.095
7076,3394,4.095
7076,3003,4.140
3003,7076,4.140
3003,7074,3.608
7074,3003,3.608
7074,3004,3.580
3004,7074,3.580
3004,7073,3.738
7073,3004,3.738
7073,3005,3.889
3005,7073,3.889
3005,7072,7.010
7072,3005,7.010
7072,452,4.040
452,7072,4.040
379,5218,18.714
5218,379,18.714
5218,3390,3.407
3390,5218,3.407
3390,376,10.424
376,3390,10.424
39,5169,25.529
5169,39,25.529
5094,1200,44.143
1200,5094,44.143
1200,3615,12.267
3615,1200,12.267
3615,3614,13.450
3614,3615,13.450
3614,6731,17.904
6731,3614,17.904
6731,3318,7.945
3318,6731,7.945
3318,5239,69.640
5239,3318,69.640
5239,8285,8.985
8285,5239,8.985
1732,1714,26.329
1714,1732,26.329
1627,793,12.398
793,1627,12.398
773,4542,7.674
4542,773,7.674
4542,1132,7.598
1132,4542,7.598
1132,4538,7.586
4538,1132,7.586
4538,5824,7.589
5824,4538,7.589
5824,772,7.651
772,5824,7.651
772,4539,7.648
4539,772,7.648
4539,4545,7.651
4545,4539,7.651
4545,1131,7.653
1131,4545,7.653
1131,4543,7.651
4543,1131,7.651
4543,1638,7.650
1638,4543,7.650
1638,793,11.371
793,1638,11.371
1744,3656,1.496
3656,1744,1.496
3656,4110,3.456
4110,3656,3.456
4110,8205,4.211
8205,4110,4.211
8205,2319,2.406
2319,8205,2.406
2319,2322,33.825
2322,2319,33.825
2322,1322,4.884
1322,2322,4.884
2978,1775,35.300
1775,2978,35.300
1775,940,4.055
940,1775,4.055
940,7344,1.950
7344,940,1.950
7344,5911,2.367
5911,7344,2.367
1742,2935,5.093
2935,1742,5.093
2935,3652,6.370
3652,2935,6.370
3652,1743,5.298
1743,3652,5.298
1743,1741,47.023
1741,1743,47.023
1745,3658,1.495
3658,1745,1.495
3658,2062,19.496
2062,3658,19.496
2062,8208,52.975
8208,2062,52.975
8208,860,4.203
860,8208,4.203
1691,3664,5.963
3664,1691,5.963
3664,3666,5.220
3666,3664,5.220
3666,3667,5.646
3667,3666,5.646
3667,3668,5.238
3668,3667,5.238
3668,3669,6.634
3669,3668,6.634
3669,1688,13.144
1688,3669,13.144
1747,3660,1.497
3660,1747,1.497
3660,4034,2.895
4034,3660,2.895
4034,1321,94.030
1321,4034,94.030
1696,4728,1.528
4728,1696,1.528
4728,8214,5.530
8214,4728,5.530
8214,1747,29.643
1747,8214,29.643
1747,1746,129.032
1746,1747,129.032
1746,3659,6.833
3659,1746,6.833
3659,1745,7.003
1745,3659,7.003
1814,5459,5.319
5459,1814,5.319
3671,3672,3.500
3672,3671,3.500
3672,3673,3.813
3673,3672,3.813
3673,3674,3.606
3674,3673,3.606
3674,2022,3.284
2022,3674,3.284
836,832,71.225
832,836,71.225
3661,4077,2.712
4077,3661,2.712
4077,4246,11.347
4246,4077,11.347
4246,862,11.429
862,4246,11.429
862,4247,12.823
4247,862,12.823
4247,2348,13.435
2348,4247,13.435
2348,863,21.097
863,2348,21.097
863,4250,17.952
4250,863,17.952
4250,4251,18.441
4251,4250,18.441
4251,4252,30.494
4252,4251,30.494
4252,7506,3.124
7506,4252,3.124
1748,2023,26.032
2023,1748,26.032
1751,7959,74.083
7959,1751,74.083
750,8117,20.436
8117,750,20.436
8117,8118,28.553
8118,8117,28.553
8118,1762,48.213
1762,8118,48.213
1355,5940,21.007
5940,1355,21.007
5940,4046,4.361
4046,5940,4.361
818,4910,1.527
4910,818,1.527
4910,2883,36.130
2883,4910,36.130
1762,8119,15.391
8119,1762,15.391
8119,2473,7.919
2473,8119,7.919
793,6109,44.580
6109,793,44.580
906,747,60.933
747,906,60.933
2939,3684,1.680
3684,2939,1.680
3684,7693,2.496
7693,3684,2.496
7693,1664,5.290
1664,7693,5.290
1664,7484,4.860
7484,1664,4.860
7484,906,57.971
906,7484,57.971
748,8310,24.919
8310,748,24.919
751,5747,49.112
5747,751,49.112
747,6041,30.163
6041,747,30.163
6041,7697,12.152
7697,6041,12.152
7697,748,6.796
748,7697,6.796
7644,6254,12.677
6254,7644,12.677
6254,6253,27.551
6253,6254,27.551
6253,2,46.211
2,6253,46.211
1976,2583,5.693
2583,1976,5.693
2583,2286,10.636
2286,2583,10.636
2286,2284,11.616
2284,2286,11.616
2594,3923,4.978
3923,2594,4.978
3923,2513,5.184
2513,3923,5.184
2513,7380,22.291
7380,2513,22.291
7380,7382,8.039
7382,7380,8.039
7382,1922,20.941
1922,7382,20.941
1922,13,5.279
13,1922,5.279
13,7379,5.537
7379,13,5.537
7379,3065,10.005
3065,7379,10.005
3065,6544,5.116
6544,3065,5.116
6544,4498,19.543
4498,6544,19.543
4498,7855,45.772
7855,4498,45.772
7855,7863,6.019
7863,7855,6.019
7863,3066,5.496
3066,7863,5.496
3066,7864,4.659
7864,3066,4.659
7864,7856,15.216
7856,7864,15.216
7856,3067,5.183
3067,7856,5.183
3067,7866,5.328
7866,3067,5.328
7866,7857,3.169
7857,7866,3.169
7857,715,2.567
715,7857,2.567
3882,2195,12.351
2195,3882,12.351
2195,7392,66.932
7392,2195,66.932
7392,4584,40.299
4584,7392,40.299
4584,1044,24.569
1044,4584,24.569
1044,8167,10.162
8167,1044,10.162
8167,7524,73.167
7524,8167,73.167
7524,4783,8.237
4783,7524,8.237
4752,5897,7.554
5897,4752,7.554
5897,5896,4.011
5896,5897,4.011
5896,1877,63.992
1877,5896,63.992
1877,4503,18.449
4503,1877,18.449
4503,4575,26.375
4575,4503,26.375
4575,5525,29.263
5525,4575,29.263
5525,2411,29.704
2411,5525,29.704
2411,4011,16.342
4011,2411,16.342
4011,265,8.088
265,4011,8.088
2841,3882,10.559
3882,2841,10.559
1603,2198,2.796
2198,1603,2.796
2198,596,7.633
596,2198,7.633
2617,2504,4.913
2504,2617,4.913
2504,1810,9.784
1810,2504,9.784
1810,2463,2.925
2463,1810,2.925
2463,6941,4.116
6941,2463,4.116
6941,6942,4.660
6942,6941,4.660
6942,6943,3.258
6943,6942,3.258
6943,2462,4.517
2462,6943,4.517
2462,472,40.292
472,2462,40.292
472,6944,6.150
6944,472,6.150
6944,6945,5.631
6945,6944,5.631
6945,6946,4.282
6946,6945,4.282
6946,2610,16.680
2610,6946,16.680
526,4025,4.632
4025,526,4.632
4025,2899,74.282
2899,4025,74.282
2899,2901,10.229
2901,2899,10.229
119,4846,12.384
4846,119,12.384
4846,7972,7.390
7972,4846,7.390
6109,6113,21.228
6113,6109,21.228
6113,6112,45.420
6112,6113,45.420
6112,6117,7.535
6117,6112,7.535
6117,6118,7.691
6118,6117,7.691
6118,6204,13.332
6204,6118,13.332
6204,6247,35.847
6247,6204,35.847
6247,1135,7.518
1135,6247,7.518
1135,6250,8.709
6250,1135,8.709
6250,6106,28.629
6106,6250,28.629
6106,2238,10.264
2238,6106,10.264
2238,5430,3.329
5430,2238,3.329
5430,281,16.399
281,5430,16.399
1286,7531,2.656
7531,1286,2.656
7531,2000,3.241
2000,7531,3.241
2000,7532,2.688
7532,2000,2.688
7532,1712,4.542
1712,7532,4.542
1712,7535,3.426
7535,1712,3.426
7535,7534,3.345
7534,7535,3.345
7534,14,3.172
14,7534,3.172
14,7533,3.848
7533,14,3.848
7533,4954,52.525
4954,7533,52.525
4954,4953,45.131
4953,4954,45.131
4953,4197,8.655
4197,4953,8.655
4197,15,12.136
15,4197,12.136
1835,4298,64.177
4298,1835,64.177
4298,1836,11.307
1836,4298,11.307
1836,220,14.259
220,1836,14.259
220,1635,9.011
1635,220,9.011
1635,5246,35.515
5246,1635,35.515
5246,2079,96.817
2079,5246,96.817
612,846,18.322
846,612,18.322
378,5351,10.269
5351,378,10.269
5351,2455,7.925
2455,5351,7.925
2455,2667,11.865
2667,2455,11.865
2667,2661,19.503
2661,2667,19.503
2661,3062,11.297
3062,2661,11.297
3062,4266,64.321
4266,3062,64.321
4266,4237,5.019
4237,4266,5.019
4237,154,9.734
154,4237,9.734
1842,1098,30.129
1098,1842,30.129
384,7417,7.298
7417,384,7.298
7417,385,14.624
385,7417,14.624
385,5888,16.890
5888,385,16.890
5888,7853,16.213
7853,5888,16.213
750,1690,110.807
1690,750,110.807
5025,8158,15.953
8158,5025,15.953
8158,5369,6.518
5369,8158,6.518
5369,5092,30.825
5092,5369,30.825
616,615,11.097
615,616,11.097
615,7112,5.135
7112,615,5.135
7112,7110,3.044
7110,7112,3.044
7110,7111,3.534
7111,7110,3.534
7111,7113,5.093
7113,7111,5.093
7113,7114,3.815
7114,7113,3.815
7114,7115,3.044
7115,7114,3.044
7115,614,3.833
614,7115,3.833
614,3180,4.445
3180,614,4.445
4283,1785,11.323
1785,4283,11.323
625,7104,5.207
7104,625,5.207
7104,7103,5.038
7103,7104,5.038
7103,5248,5.219
5248,7103,5.219
5248,1962,11.166
1962,5248,11.166
1962,7239,50.305
7239,1962,50.305
7239,7238,52.465
7238,7239,52.465
7238,613,14.263
613,7238,14.263
627,7576,2.634
7576,627,2.634
7576,4297,7.457
4297,7576,7.457
4297,7096,1.533
7096,4297,1.533
7096,1759,4.255
1759,7096,4.255
1759,1541,3.829
1541,1759,3.829
220,1837,6.137
1837,220,6.137
1837,609,4.742
609,1837,4.742
1850,398,6.516
398,1850,6.516
1045,6465,7.878
6465,1045,7.878
6465,6270,1.820
6270,6465,1.820
6270,4759,8.835
4759,6270,8.835
4759,4643,59.669
4643,4759,59.669
4643,4859,47.883
4859,4643,47.883
4859,5644,21.353
5644,4859,21.353
5644,2774,12.920
2774,5644,12.920
2774,4642,12.519
4642,2774,12.519
4642,4758,61.827
4758,4642,61.827
4758,6723,10.618
6723,4758,10.618
6723,2068,6.915
2068,6723,6.915
2068,7513,2.141
7513,2068,2.141
7513,6272,5.178
6272,7513,5.178
6272,1789,9.535
1789,6272,9.535
1789,1097,115.033
1097,1789,115.033
1097,5853,9.034
5853,1097,9.034
5853,5661,37.550
5661,5853,37.550
5661,8252,59.163
8252,5661,59.163
8252,5316,4.149
5316,8252,4.149
5316,8249,8.539
8249,5316,8.539
1809,1644,6.193
1644,1809,6.193
1644,1643,7.824
1643,1644,7.824
1874,3854,55.974
3854,1874,55.974
3854,1809,86.431
1809,3854,86.431
1643,2394,10.553
2394,1643,10.553
2394,4455,8.224
4455,2394,8.224
4455,164,6.702
164,4455,6.702
794,909,22.823
909,794,22.823
1714,1713,28.393
1713,1714,28.393
654,5304,22.021
5304,654,22.021
5304,2644,13.366
2644,5304,13.366
2644,660,2.037
660,2644,2.037
58,7440,0.614
7440,58,0.614
7440,5768,2.109
5768,7440,2.109
5768,5771,3.230
5771,5768,3.230
5771,7441,2.323
7441,5771,2.323
7441,731,2.166
731,7441,2.166
66,3845,8.703
3845,66,8.703
3845,2931,7.873
2931,3845,7.873
2931,6375,2.742
6375,2931,2.742
6375,67,7.060
67,6375,7.060
67,6262,9.017
6262,67,9.017
1171,1177,25.730
1177,1171,25.730
3542,6850,2.136
6850,3542,2.136
6850,6851,1.879
6851,6850,1.879
6851,2231,2.403
2231,6851,2.403
2231,5929,7.580
5929,2231,7.580
5929,4771,7.200
4771,5929,7.200
4771,4772,2.836
4772,4771,2.836
4772,5767,7.387
5767,4772,7.387
5767,4773,5.782
4773,5767,5.782
4773,3543,2.440
3543,4773,2.440
1271,5288,21.215
5288,1271,21.215
5288,2465,7.886
2465,5288,7.886
1450,1473,10.924
1473,1450,10.924
1473,6068,2.620
6068,1473,2.620
6068,2652,7.527
2652,6068,7.527
6450,5569,26.767
5569,6450,26.767
5569,5571,19.589
5571,5569,19.589
5571,6842,29.240
6842,5571,29.240
6842,5570,5.230
5570,6842,5.230
5570,1450,55.900
1450,5570,55.900
8255,1448,3.438
1448,8255,3.438
1448,1470,5.706
1470,1448,5.706
1470,2651,4.536
2651,1470,4.536
2651,6069,1.504
6069,2651,1.504
6069,1460,6.887
1460,6069,6.887
33,2190,7.661
2190,33,7.661
2190,2194,2.809
2194,2190,2.809
2194,594,6.297
594,2194,6.297
890,5084,47.065
5084,890,47.065
5084,7409,3.842
7409,5084,3.842
7409,191,18.546
191,7409,18.546
589,3289,6.462
3289,589,6.462
3289,8097,5.586
8097,3289,5.586
8097,597,4.725
597,8097,4.725
597,8093,5.647
8093,597,5.647
6546,5054,5.340
5054,6546,5.340
5054,5540,40.124
5540,5054,40.124
5540,4698,27.058
4698,5540,27.058
4698,7,48.502
7,4698,48.502
439,440,52.195
440,439,52.195
440,7284,29.308
7284,440,29.308
7284,7285,18.095
7285,7284,18.095
7285,1773,18.453
1773,7285,18.453
1773,7161,3.304
7161,1773,3.304
7161,7286,2.096
7286,7161,2.096
7286,441,1.404
441,7286,1.404
226,1596,85.945
1596,226,85.945
1596,2067,112.086
2067,1596,112.086
2067,2047,6.357
2047,2067,6.357
2047,2055,7.249
2055,2047,7.249
2055,7384,4.447
7384,2055,4.447
7384,5662,53.668
5662,7384,53.668
5662,770,34.207
770,5662,34.207
770,5008,101.254
5008,770,101.254
5008,3526,6.155
3526,5008,6.155
3526,97,1.267
97,3526,1.267
591,1863,7.176
1863,591,7.176
1863,226,34.528
226,1863,34.528
2192,5276,11.019
5276,2192,11.019
5276,2185,10.885
2185,5276,10.885
2185,5278,10.346
5278,2185,10.346
5278,5279,10.519
5279,5278,10.519
5279,5273,13.843
5273,5279,13.843
5273,2217,3.664
2217,5273,3.664
1073,4277,18.381
4277,1073,18.381
4277,5751,1.919
5751,4277,1.919
5751,324,7.379
324,5751,7.379
670,930,56.182
930,670,56.182
930,8293,34.599
8293,930,34.599
2738,4446,6.988
4446,2738,6.988
4446,5215,16.637
5215,4446,16.637
5215,5214,17.087
5214,5215,17.087
5214,4775,32.378
4775,5214,32.378
4775,4447,7.313
4447,4775,7.313
4447,2739,10.800
2739,4447,10.800
4155,5138,5.271
5138,4155,5.271
5138,35,7.517
35,5138,7.517
35,1931,8.553
1931,35,8.553
388,3515,4.336
3515,388,4.336
3515,3513,6.339
3513,3515,6.339
3513,3512,24.293
3512,3513,24.293
893,4881,80.475
4881,893,80.475
4881,4880,34.829
4880,4881,34.829
4880,1070,11.830
1070,4880,11.830
162,6369,17.968
6369,162,17.968
1216,191,12.383
191,1216,12.383
1405,5083,6.105
5083,1405,6.105
5083,5795,21.930
5795,5083,21.930
320,4778,9.072
4778,320,9.072
4778,6753,5.012
6753,4778,5.012
6753,1902,57.335
1902,6753,57.335
1902,3252,49.189
3252,1902,49.189
3252,4272,4.929
4272,3252,4.929
4272,321,6.787
321,4272,6.787
321,6579,14.192
6579,321,14.192
6579,6754,9.672
6754,6579,9.672
6754,1904,31.196
1904,6754,31.196
1904,2484,7.857
2484,1904,7.857
2484,2485,35.879
2485,2484,35.879
2485,3255,17.747
3255,2485,17.747
3255,3257,12.969
3257,3255,12.969
3257,6755,7.184
6755,3257,7.184
6755,1908,6.429
1908,6755,6.429
1908,324,5.708
324,1908,5.708
1786,1763,43.142
1763,1786,43.142
1180,1181,48.441
1181,1180,48.441
1940,1784,10.907
1784,1940,10.907
1781,1828,3.658
1828,1781,3.658
1828,6320,53.351
6320,1828,53.351
6320,1597,6.877
1597,6320,6.877
1784,1782,24.146
1782,1784,24.146
1782,1780,41.975
1780,1782,41.975
1780,1781,10.317
1781,1780,10.317
1943,7640,6.812
7640,1943,6.812
7640,5782,11.905
5782,7640,11.905
1946,3915,4.565
3915,1946,4.565
3915,1948,5.527
1948,3915,5.527
1948,1947,2.932
1947,1948,2.932
1947,3068,2.760
3068,1947,2.760
3068,1945,5.304
1945,3068,5.304
2459,2259,18.528
2259,2459,18.528
2259,7921,12.877
7921,2259,12.877
7921,3982,15.456
3982,7921,15.456
3982,4994,9.557
4994,3982,9.557
2341,3907,3.920
3907,2341,3.920
3907,6993,2.877
6993,3907,2.877
6993,6994,3.527
6994,6993,3.527
6994,3904,3.268
3904,6994,3.268
3904,6995,1.895
6995,3904,1.895
6995,3905,2.078
3905,6995,2.078
3905,3906,1.128
3906,3905,1.128
3906,6985,0.958
6985,3906,0.958
6985,6228,1.007
6228,6985,1.007
6228,3908,0.267
3908,6228,0.267
3908,587,0.522
587,3908,0.522
1629,4322,13.234
4322,1629,13.234
4322,5077,43.917
5077,4322,43.917
5077,5078,5.209
5078,5077,5.209
5078,2734,55.902
2734,5078,55.902
2734,5862,15.027
5862,2734,15.027
5862,5863,2.426
5863,5862,2.426
5863,5864,12.843
5864,5863,12.843
5864,845,12.705
845,5864,12.705
845,5861,5.938
5861,845,5.938
5861,5865,2.657
5865,5861,2.657
5865,6612,41.197
6612,5865,41.197
6612,279,5.443
279,6612,5.443
5329,4864,7.199
4864,5329,7.199
4864,1154,21.905
1154,4864,21.905
1154,1089,8.834
1089,1154,8.834
1089,5618,3.788
5618,1089,3.788
5618,5822,135.247
5822,5618,135.247
5822,260,7.849
260,5822,7.849
89,3179,3.505
3179,89,3.505
3179,6660,6.844
6660,3179,6.844
6660,618,13.275
618,6660,13.275
618,7421,1.693
7421,618,1.693
7421,7578,4.026
7578,7421,4.026
7578,619,5.041
619,7578,5.041
619,1346,17.555
1346,619,17.555
1971,1972,7.772
1972,1971,7.772
1973,725,7.538
725,1973,7.538
725,2019,6.484
2019,725,6.484
5672,718,2.188
718,5672,2.188
718,4620,4.302
4620,718,4.302
4620,4619,9.157
4619,4620,9.157
4619,719,26.737
719,4619,26.737
719,5670,21.791
5670,719,21.791
5670,2891,14.549
2891,5670,14.549
2891,1970,14.645
1970,2891,14.645
1970,720,30.303
720,1970,30.303
1980,2913,39.170
2913,1980,39.170
2913,4217,15.703
4217,2913,15.703
4217,1979,32.787
1979,4217,32.787
1979,717,13.760
717,1979,13.760
456,448,21.112
448,456,21.112
1737,2123,16.170
2123,1737,16.170
2123,5299,80.953
5299,2123,80.953
5299,2889,9.081
2889,5299,9.081
2889,2095,4.009
2095,2889,4.009
2095,3798,9.263
3798,2095,9.263
3798,693,111.826
693,3798,111.826
432,4811,16.410
4811,432,16.410
4811,4813,13.252
4813,4811,13.252
4813,5560,24.801
5560,4813,24.801
5560,5955,89.322
5955,5560,89.322
5955,4816,87.216
4816,5955,87.216
4816,4817,12.887
4817,4816,12.887
4817,3134,1.983
3134,4817,1.983
3134,5407,3.485
5407,3134,3.485
5407,3873,13.555
3873,5407,13.555
428,4921,19.473
4921,428,19.473
4921,6164,6.528
6164,4921,6.528
6164,187,11.021
187,6164,11.021
268,5900,13.678
5900,268,13.678
5900,4502,8.187
4502,5900,8.187
4502,601,64.402
601,4502,64.402
601,2131,17.983
2131,601,17.983
2131,7288,4.847
7288,2131,4.847
2018,1736,40.527
1736,2018,40.527
7245,2953,2.443
2953,7245,2.443
2953,2567,6.762
2567,2953,6.762
2567,2566,14.836
2566,2567,14.836
2566,1813,8.107
1813,2566,8.107
299,6748,3.569
6748,299,3.569
6748,6749,4.452
6749,6748,4.452
6749,210,8.917
210,6749,8.917
210,2491,3.912
2491,210,3.912
2491,4271,17.571
4271,2491,17.571
4271,320,13.606
320,4271,13.606
622,7125,1.688
7125,622,1.688
7125,7117,0.891
7117,7125,0.891
7117,7119,1.211
7119,7117,1.211
7119,7120,1.247
7120,7119,1.247
7120,1950,1.148
1950,7120,1.148
1950,7121,1.627
7121,1950,1.627
7121,7122,2.084
7122,7121,2.084
7122,617,2.665
617,7122,2.665
2022,3675,3.845
3675,2022,3.845
3675,3676,3.901
3676,3675,3.901
3676,3677,3.843
3677,3676,3.843
3677,3678,4.194
3678,3677,4.194
3678,1687,15.778
1687,3678,15.778
1359,2038,4.916
2038,1359,4.916
2038,2037,5.625
2037,2038,5.625
2037,1360,44.995
1360,2037,44.995
1360,1361,20.116
1361,1360,20.116
864,901,23.807
901,864,23.807
2023,864,61.206
864,2023,61.206
901,7505,12.885
7505,901,12.885
1086,2041,2.184
2041,1086,2.184
2041,1427,9.816
1427,2041,9.816
902,6716,30.539
6716,902,30.539
6716,1086,11.477
1086,6716,11.477
168,4451,53.658
4451,168,53.658
4451,7737,25.022
7737,4451,25.022
168,2011,7.248
2011,168,7.248
7619,5593,26.992
5593,7619,26.992
5593,853,39.251
853,5593,39.251
853,7902,14.469
7902,853,14.469
7902,7903,14.299
7903,7902,14.299
7903,5528,8.181
5528,7903,8.181
5528,5531,16.080
5531,5528,16.080
5531,5529,2.607
5529,5531,2.607
5529,4173,34.091
4173,5529,34.091
4173,4174,21.840
4174,4173,21.840
4174,589,13.510
589,4174,13.510
680,1718,9.531
1718,680,9.531
1718,1719,8.224
1719,1718,8.224
1719,2159,12.734
2159,1719,12.734
2159,4986,6.911
4986,2159,6.911
4986,11,10.371
11,4986,10.371
11,4984,34.469
4984,11,34.469
4984,4983,17.528
4983,4984,17.528
4983,5074,5.971
5074,4983,5.971
5074,3643,10.431
3643,5074,10.431
3643,1818,1.453
1818,3643,1.453
348,147,13.854
147,348,13.854
283,6205,5.419
6205,283,5.419
6205,2335,4.275
2335,6205,4.275
2335,2221,6.231
2221,2335,6.231
2221,6123,2.669
6123,2221,2.669
6123,2030,6.625
2030,6123,6.625
2030,281,8.172
281,2030,8.172
2032,3968,7.175
3968,2032,7.175
3968,2033,5.197
2033,3968,5.197
2033,2334,5.287
2334,2033,5.287
2334,2034,5.082
2034,2334,5.082
2034,2031,4.525
2031,2034,4.525
672,7332,32.593
7332,672,32.593
7332,7334,28.010
7334,7332,28.010
7334,7330,42.293
7330,7334,42.293
7330,7331,11.457
7331,7330,11.457
7331,1602,7.535
1602,7331,7.535
675,7319,5.993
7319,675,5.993
7319,1588,5.353
1588,7319,5.353
1588,1085,10.962
1085,1588,10.962
1085,639,4.355
639,1085,4.355
639,2237,4.790
2237,639,4.790
2237,672,70.622
672,2237,70.622
4396,7565,68.233
7565,4396,68.233
7565,4431,12.891
4431,7565,12.891
1539,7579,5.108
7579,1539,5.108
7579,7093,6.733
7093,7579,6.733
7093,2112,7.027
2112,7093,7.027
2112,7092,9.790
7092,2112,9.790
7092,624,7.766
624,7092,7.766
1540,7580,5.584
7580,1540,5.584
7580,7100,7.334
7100,7580,7.334
7100,1541,6.745
1541,7100,6.745
1541,7101,6.319
7101,1541,6.319
7101,7102,4.833
7102,7101,4.833
7102,7105,2.807
7105,7102,2.807
7105,625,4.784
625,7105,4.784
1540,626,8.767
626,1540,8.767
626,7097,3.971
7097,626,3.971
7097,7577,5.383
7577,7097,5.383
7577,7098,5.681
7098,7577,5.681
7098,1735,5.178
1735,7098,5.178
1735,7099,5.855
7099,1735,5.855
7099,1490,32.889
1490,7099,32.889
1539,7094,3.979
7094,1539,3.979
7094,1540,1.562
1540,7094,1.562
571,3140,43.730
3140,571,43.730
846,7241,11.127
7241,846,11.127
7241,611,14.096
611,7241,14.096
611,72,16.333
72,611,16.333
72,2118,34.005
2118,72,34.005
2118,7242,34.048
7242,2118,34.048
7242,73,22.725
73,7242,22.725
73,7587,3.487
7587,73,3.487
7587,7582,3.934
7582,7587,3.934
7582,7581,6.143
7581,7582,6.143
7581,7586,4.298
7586,7581,4.298
7586,7583,2.097
7583,7586,2.097
7583,7585,2.113
7585,7583,2.113
7585,7584,7.706
7584,7585,7.706
7584,74,10.346
74,7584,10.346
2083,1993,11.190
1993,2083,11.190
1993,2384,5.315
2384,1993,5.315
2089,5971,29.044
5971,2089,29.044
5971,5926,5.276
5926,5971,5.276
598,5882,5.624
5882,598,5.624
5882,2641,0.801
2641,5882,0.801
2641,8262,7.639
8262,2641,7.639
8262,8263,7.978
8263,8262,7.978
8263,2127,5.910
2127,8263,5.910
2127,1987,14.534
1987,2127,14.534
2090,2083,14.867
2083,2090,14.867
598,5558,26.049
5558,598,26.049
5558,4501,23.774
4501,5558,23.774
4501,2087,94.654
2087,4501,94.654
2087,6787,2.445
6787,2087,2.445
6787,300,8.252
300,6787,8.252
2129,2136,4.176
2136,2129,4.176
2136,2137,5.406
2137,2136,5.406
2137,2130,2.984
2130,2137,2.984
2130,8258,4.371
8258,2130,4.371
8258,2126,3.457
2126,8258,3.457
2126,8259,3.393
8259,2126,3.393
8259,2132,2.791
2132,8259,2.791
2132,8260,3.017
8260,2132,3.017
8260,2133,2.957
2133,8260,2.957
2133,2638,3.734
2638,2133,3.734
2638,598,3.967
598,2638,3.967
3411,7412,0.677
7412,3411,0.677
7412,7413,0.941
7413,7412,0.941
7413,7414,0.643
7414,7413,0.643
7414,7411,0.662
7411,7414,0.662
7411,7134,1.445
7134,7411,1.445
7134,7133,1.717
7133,7134,1.717
7133,7132,1.486
7132,7133,1.486
7132,4694,1.275
4694,7132,1.275
4694,7131,1.273
7131,4694,1.273
7131,1899,1.226
1899,7131,1.226
1899,7130,1.703
7130,1899,1.703
7130,953,1.919
953,7130,1.919
953,1900,2.686
1900,953,2.686
1900,7135,2.459
7135,1900,2.459
7135,7136,1.556
7136,7135,1.556
7136,3052,1.735
3052,7136,1.735
3052,7137,1.923
7137,3052,1.923
7137,7138,1.703
7138,7137,1.703
7138,449,2.993
449,7138,2.993
2138,5003,10.302
5003,2138,10.302
5003,5002,2.856
5002,5003,2.856
5002,5735,14.736
5735,5002,14.736
258,6015,64.082
6015,258,64.082
6015,7875,33.985
7875,6015,33.985
7875,6027,52.345
6027,7875,52.345
6027,4432,44.875
4432,6027,44.875
4432,5852,15.102
5852,4432,15.102
5852,4431,17.802
4431,5852,17.802
2031,6097,11.919
6097,2031,11.919
6097,6105,6.462
6105,6097,6.462
6105,2220,2.523
2220,6105,2.523
2220,6121,6.133
6121,2220,6.133
6121,283,3.130
283,6121,3.130
100,6281,5.688
6281,100,5.688
6281,842,167.872
842,6281,167.872
842,5643,18.366
5643,842,18.366
5643,6692,74.473
6692,5643,74.473
6692,3336,6.711
3336,6692,6.711
3336,6693,7.338
6693,3336,7.338
6693,259,65.155
259,6693,65.155
6291,711,8.289
711,6291,8.289
711,6287,8.112
6287,711,8.112
6287,5736,2.388
5736,6287,2.388
2139,5694,3.671
5694,2139,3.671
5694,793,53.745
793,5694,53.745
592,1615,5.175
1615,592,5.175
1615,2371,73.138
2371,1615,73.138
2371,6291,9.270
6291,2371,9.270
260,5821,6.048
5821,260,6.048
5821,4639,36.506
4639,5821,36.506
4639,5484,24.174
5484,4639,24.174
5484,7406,29.053
7406,5484,29.053
7406,7405,9.387
7405,7406,9.387
7405,2073,9.373
2073,7405,9.373
2073,7404,7.783
7404,2073,7.783
7404,4444,41.723
4444,7404,41.723
4444,5869,7.186
5869,4444,7.186
5869,2074,23.068
2074,5869,23.068
2074,5857,4.546
5857,2074,4.546
5857,4014,44.028
4014,5857,44.028
4014,279,6.716
279,4014,6.716
255,3532,1.426
3532,255,1.426
3532,256,108.476
256,3532,108.476
256,2058,90.214
2058,256,90.214
2058,227,6.334
227,2058,6.334
227,2049,6.132
2049,227,6.132
2049,5374,199.892
5374,2049,199.892
841,767,39.810
767,841,39.810
767,4567,35.445
4567,767,35.445
4567,101,61.150
101,4567,61.150
101,6290,7.155
6290,101,7.155
6290,255,77.071
255,6290,77.071
255,2078,39.722
2078,255,39.722
260,5819,6.737
5819,260,6.737
5819,99,84.534
99,5819,84.534
99,5315,63.755
5315,99,63.755
100,5415,8.110
5415,100,8.110
5415,6478,3.010
6478,5415,3.010
6478,1399,2.597
1399,6478,2.597
1399,5689,85.343
5689,1399,85.343
5689,4568,10.570
4568,5689,10.570
4568,1155,92.167
1155,4568,92.167
1155,4967,7.108
4967,1155,7.108
4967,3525,5.950
3525,4967,5.950
3525,1793,1.244
1793,3525,1.244
7433,7185,2.299
7185,7433,2.299
7185,1975,6.187
1975,7185,6.187
1975,7184,42.130
7184,1975,42.130
7184,2948,7.960
2948,7184,7.960
2948,7612,26.112
7612,2948,26.112
7612,2101,22.656
2101,7612,22.656
692,1491,56.786
1491,692,56.786
1491,1951,11.916
1951,1491,11.916
1951,3799,40.372
3799,1951,40.372
3799,2890,9.002
2890,3799,9.002
2890,1479,3.927
1479,2890,3.927
1479,7564,11.109
7564,1479,11.109
7564,3800,34.567
3800,7564,34.567
3800,1478,44.435
1478,3800,44.435
1478,2125,3.520
2125,1478,3.520
2125,2124,3.479
2124,2125,3.479
2124,2123,2.767
2123,2124,2.767
688,2207,9.710
2207,688,9.710
2207,692,25.785
692,2207,25.785
1966,1479,5.082
1479,1966,5.082
1479,2100,4.650
2100,1479,4.650
2100,2099,3.198
2099,2100,3.198
2099,2889,4.466
2889,2099,4.466
605,231,10.113
231,605,10.113
1692,5939,0.912
5939,1692,0.912
5939,5275,4.922
5275,5939,4.922
5275,515,7.175
515,5275,7.175
3335,6350,5.968
6350,3335,5.968
6350,8343,36.519
8343,6350,36.519
8343,7390,8.723
7390,8343,8.723
7390,5642,26.551
5642,7390,26.551
5642,8342,76.306
8342,5642,76.306
8342,5820,112.488
5820,8342,112.488
5820,260,7.461
260,5820,7.461
261,1168,47.904
1168,261,47.904
1168,5851,112.162
5851,1168,112.162
5851,259,7.790
259,5851,7.790
1621,6115,8.127
6115,1621,8.127
6115,6204,8.276
6204,6115,8.276
778,6356,5.525
6356,778,5.525
6356,6021,40.276
6021,6356,40.276
281,1640,6.293
1640,281,6.293
1640,1224,4.558
1224,1640,4.558
1224,1225,8.311
1225,1224,8.311
1225,5599,15.069
5599,1225,15.069
5599,2673,5.474
2673,5599,5.474
1620,6104,11.856
6104,1620,11.856
6104,1167,71.694
1167,6104,71.694
1167,6355,53.953
6355,1167,53.953
6355,261,5.029
261,6355,5.029
785,1280,46.945
1280,785,46.945
1649,1279,5.077
1279,1649,5.077
2239,4512,7.421
4512,2239,7.421
4512,5559,6.104
5559,4512,6.104
5559,4789,6.327
4789,5559,6.327
660,2451,6.469
2451,660,6.469
2451,2257,36.894
2257,2451,36.894
2257,4499,11.342
4499,2257,11.342
4499,3768,17.215
3768,4499,17.215
1987,24,7.556
24,1987,7.556
2019,5766,29.576
5766,2019,29.576
5766,1678,22.169
1678,5766,22.169
2208,8099,0.860
8099,2208,0.860
8099,230,48.640
230,8099,48.640
95,6311,5.492
6311,95,5.492
6311,7614,52.680
7614,6311,52.680
7614,5867,25.746
5867,7614,25.746
5867,8243,24.096
8243,5867,24.096
8243,8240,4.960
8240,8243,4.960
8240,8241,7.119
8241,8240,7.119
3335,6352,6.525
6352,3335,6.525
6352,5640,46.338
5640,6352,46.338
301,6720,46.597
6720,301,46.597
6720,129,4.889
129,6720,4.889
129,1026,26.050
1026,129,26.050
1025,146,75.523
146,1025,75.523
2259,2256,5.832
2256,2259,5.832
2256,2258,6.011
2258,2256,6.011
2258,2260,2.911
2260,2258,2.911
560,2244,8.219
2244,560,8.219
2244,566,8.996
566,2244,8.996
566,565,10.724
565,566,10.724
912,3963,22.811
3963,912,22.811
606,2303,8.949
2303,606,8.949
2293,5070,1.821
5070,2293,1.821
5070,7009,3.047
7009,5070,3.047
7009,7008,8.111
7008,7009,8.111
7008,7012,6.534
7012,7008,6.534
7012,7013,4.124
7013,7012,4.124
7013,7014,3.624
7014,7013,3.624
7014,2298,4.505
2298,7014,4.505
2298,7015,8.175
7015,2298,8.175
7015,7017,7.358
7017,7015,7.358
7017,7016,8.141
7016,7017,8.141
7016,2306,7.808
2306,7016,7.808
2306,7018,23.463
7018,2306,23.463
7018,5339,50.689
5339,7018,50.689
5339,2305,7.257
2305,5339,7.257
2305,6638,6.665
6638,2305,6.665
724,2017,4.482
2017,724,4.482
2017,4810,68.781
4810,2017,68.781
2324,4037,7.412
4037,2324,7.412
4037,6472,5.969
6472,4037,5.969
6472,5880,54.748
5880,6472,54.748
5880,7208,24.713
7208,5880,24.713
7208,4993,3.863
4993,7208,3.863
4993,724,9.989
724,4993,9.989
653,6971,3.907
6971,653,3.907
6971,4884,3.511
4884,6971,3.511
4884,6970,4.632
6970,4884,4.632
6970,4132,3.968
4132,6970,3.968
4132,4131,4.632
4131,4132,4.632
4131,2444,44.554
2444,4131,44.554
2444,2965,33.836
2965,2444,33.836
2965,1504,3.800
1504,2965,3.800
1504,2517,5.189
2517,1504,5.189
2517,2325,3.742
2325,2517,3.742
2324,6712,54.734
6712,2324,54.734
6712,6713,26.950
6713,6712,26.950
6713,2446,10.095
2446,6713,10.095
2325,2515,9.123
2515,2325,9.123
2515,6578,163.782
6578,2515,163.782
6578,6473,57.218
6473,6578,57.218
6473,5311,2.197
5311,6473,2.197
5311,2324,7.973
2324,5311,7.973
1335,6764,7.236
6764,1335,7.236
6764,6763,6.737
6763,6764,6.737
6763,3250,15.838
3250,6763,15.838
3250,8165,3.656
8165,3250,3.656
8165,3249,3.656
3249,8165,3.656
3249,76,14.192
76,3249,14.192
76,1080,5.347
1080,76,5.347
61,5989,5.882
5989,61,5.882
5989,3843,4.577
3843,5989,4.577
3843,1183,6.665
1183,3843,6.665
1183,3844,3.867
3844,1183,3.867
3844,5988,5.578
5988,3844,5.578
5988,60,5.204
60,5988,5.204
60,5987,6.331
5987,60,6.331
5987,2107,12.647
2107,5987,12.647
2107,59,36.096
59,2107,36.096
59,5990,6.868
5990,59,6.868
5990,1187,4.804
1187,5990,4.804
1187,3848,8.988
3848,1187,8.988
3848,3849,8.018
3849,3848,8.018
3849,62,7.778
62,3849,7.778
62,1186,9.420
1186,62,9.420
1186,3850,6.139
3850,1186,6.139
3850,63,9.009
63,3850,9.009
63,3851,7.852
3851,63,7.852
3851,1185,7.403
1185,3851,7.403
1185,64,7.585
64,1185,7.585
64,1184,10.209
1184,64,10.209
1184,5557,4.764
5557,1184,4.764
5557,65,5.063
65,5557,5.063
65,5986,7.344
5986,65,7.344
5986,3847,19.845
3847,5986,19.845
3847,3846,31.728
3846,3847,31.728
3846,66,11.771
66,3846,11.771
4703,4702,10.135
4702,4703,10.135
4702,4701,16.228
4701,4702,16.228
4701,5878,14.967
5878,4701,14.967
5878,4700,4.653
4700,5878,4.653
2303,6680,98.656
6680,2303,98.656
6680,2297,8.443
2297,6680,8.443
515,5941,11.565
5941,515,11.565
5941,5938,13.054
5938,5941,13.054
1693,5452,15.481
5452,1693,15.481
5452,4239,9.136
4239,5452,9.136
4239,1694,4.452
1694,4239,4.452
1694,4240,8.261
4240,1694,8.261
4240,5455,1.740
5455,4240,1.740
5455,3088,6.790
3088,5455,6.790
3088,1695,11.444
1695,3088,11.444
1695,3199,4.257
3199,1695,4.257
381,1136,81.539
1136,381,81.539
380,5552,1.339
5552,380,1.339
5552,2363,10.395
2363,5552,10.395
2363,6264,10.920
6264,2363,10.920
6264,381,1.477
381,6264,1.477
231,1606,5.083
1606,231,5.083
1606,2342,2.435
2342,1606,2.435
2342,689,5.738
689,2342,5.738
2387,2385,10.715
2385,2387,10.715
2385,2447,5.471
2447,2385,5.471
2447,2386,6.749
2386,2447,6.749
2384,4760,17.343
4760,2384,17.343
607,4095,11.918
4095,607,11.918
4095,5245,31.680
5245,4095,31.680
5245,608,1.943
608,5245,1.943
1973,6739,9.697
6739,1973,9.697
6739,5954,49.106
5954,6739,49.106
5954,6737,91.053
6737,5954,91.053
6737,1971,8.767
1971,6737,8.767
1971,722,170.574
722,1971,170.574
1796,264,19.320
264,1796,19.320
869,3057,116.806
3057,869,116.806
1584,1724,9.325
1724,1584,9.325
1724,6240,30.312
6240,1724,30.312
6240,2979,5.113
2979,6240,5.113
2979,679,8.185
679,2979,8.185
679,7400,9.169
7400,679,9.169
7400,43,9.000
43,7400,9.000
2170,5079,22.883
5079,2170,22.883
1583,1728,9.843
1728,1583,9.843
1728,347,15.937
347,1728,15.937
347,328,8.016
328,347,8.016
328,1727,5.641
1727,328,5.641
1727,348,12.092
348,1727,12.092
2500,205,15.103
205,2500,15.103
5740,5036,7.860
5036,5740,7.860
5036,6137,7.098
6137,5036,7.098
6137,5037,1.632
5037,6137,1.632
5037,5038,8.829
5038,5037,8.829
1815,6853,3.503
6853,1815,3.503
6853,3542,2.325
3542,6853,2.325
496,2523,6.069
2523,496,6.069
2523,2524,9.069
2524,2523,9.069
2524,8009,3.110
8009,2524,3.110
2564,1385,1.670
1385,2564,1.670
521,2479,5.639
2479,521,5.639
2479,2478,19.794
2478,2479,19.794
2478,526,16.029
526,2478,16.029
526,2582,11.933
2582,526,11.933
2582,2477,80.329
2477,2582,80.329
2477,250,2.373
250,2477,2.373
250,1386,39.387
1386,250,39.387
1386,4138,7.368
4138,1386,7.368
4138,2476,2.439
2476,4138,2.439
2476,2564,3.768
2564,2476,3.768
1385,2563,6.425
2563,1385,6.425
2563,6595,2.360
6595,2563,2.360
6595,4139,9.874
4139,6595,9.874
4139,1709,7.281
1709,4139,7.281
1709,2021,46.151
2021,1709,46.151
2021,2578,76.637
2578,2021,76.637
2578,525,18.017
525,2578,18.017
525,2480,17.824
2480,525,17.824
2480,2581,16.920
2581,2480,16.920
2581,521,10.024
521,2581,10.024
175,5361,32.389
5361,175,32.389
2587,7032,6.485
7032,2587,6.485
7032,3922,11.502
3922,7032,11.502
3922,7029,1.714
7029,3922,1.714
7029,2599,1.202
2599,7029,1.202
2599,4041,3.213
4041,2599,3.213
5,6,119.567
6,5,119.567
265,6522,5.507
6522,265,5.507
6522,4101,2.877
4101,6522,2.877
4101,2410,17.308
2410,4101,17.308
2410,5974,27.831
5974,2410,27.831
5974,5526,27.824
5526,5974,27.824
5526,4635,15.884
4635,5526,15.884
4635,2368,8.668
2368,4635,8.668
2368,4636,8.449
4636,2368,8.449
4636,2670,53.079
2670,4636,53.079
2670,2046,34.083
2046,2670,34.083
2046,213,8.097
213,2046,8.097
213,2056,6.672
2056,213,6.672
778,8164,51.655
8164,778,51.655
8164,4626,45.546
4626,8164,45.546
4626,6427,87.859
6427,4626,87.859
6427,777,9.602
777,6427,9.602
1356,8304,28.528
8304,1356,28.528
103,1623,12.705
1623,103,12.705
1623,2102,70.749
2102,1623,70.749
2102,8299,37.746
8299,2102,37.746
8181,8184,7.445
8184,8181,7.445
8184,2440,4.103
2440,8184,4.103
2440,8182,0.664
8182,2440,0.664
8182,5168,18.226
5168,8182,18.226
5168,5167,19.466
5167,5168,19.466
5167,7787,9.395
7787,5167,9.395
2673,8271,31.664
8271,2673,31.664
8271,5598,24.488
5598,8271,24.488
5598,1226,25.891
1226,5598,25.891
1226,8274,2.946
8274,1226,2.946
8274,8272,27.611
8272,8274,27.611
8272,1227,19.421
1227,8272,19.421
5660,2203,10.143
2203,5660,10.143
2675,4289,6.025
4289,2675,6.025
4289,2676,6.324
2676,4289,6.324
2676,2700,7.111
2700,2676,7.111
2700,2695,9.929
2695,2700,9.929
503,2696,2.823
2696,503,2.823
2696,2691,10.795
2691,2696,10.795
2691,7962,31.518
7962,2691,31.518
498,2538,1.988
2538,498,1.988
2538,4792,10.744
4792,2538,10.744
2721,5564,3.762
5564,2721,3.762
5564,5563,3.884
5563,5564,3.884
5563,2722,3.377
2722,5563,3.377
2722,3753,2.768
3753,2722,2.768
3753,3752,3.603
3752,3753,3.603
3752,3751,2.326
3751,3752,2.326
2278,2727,12.132
2727,2278,12.132
2727,6184,3.296
6184,2727,3.296
6184,4919,2.721
4919,6184,2.721
4919,5722,2.826
5722,4919,2.826
5722,2729,4.882
2729,5722,4.882
2729,2724,14.334
2724,2729,14.334
2724,180,16.929
180,2724,16.929
5764,4924,15.134
4924,5764,15.134
4924,4927,75.713
4927,4924,75.713
4927,4929,85.766
4929,4927,85.766
4929,5776,10.412
5776,4929,10.412
2733,235,153.716
235,2733,153.716
1191,6058,4.199
6058,1191,4.199
6058,6059,3.450
6059,6058,3.450
6059,7777,38.576
7777,6059,38.576
7777,7871,13.878
7871,7777,13.878
349,3120,37.632
3120,349,37.632
3120,2252,116.803
2252,3120,116.803
2252,8159,22.210
8159,2252,22.210
8159,5027,7.277
5027,8159,7.277
1676,6046,5.768
6046,1676,5.768
6046,1892,5.131
1892,6046,5.131
2080,4592,56.577
4592,2080,56.577
4592,4296,64.179
4296,4592,64.179
4296,5921,6.253
5921,4296,6.253
5921,1636,5.151
1636,5921,5.151
1636,609,9.052
609,1636,9.052
2079,2081,14.329
2081,2079,14.329
2081,350,44.611
350,2081,44.611
350,287,89.939
287,350,89.939
2792,5283,8.993
5283,2792,8.993
5283,3594,3.828
3594,5283,3.828
739,6244,15.148
6244,739,15.148
2804,111,4.448
111,2804,4.448
685,1633,11.233
1633,685,11.233
1633,6408,1.713
6408,1633,1.713
6408,2942,0.655
2942,6408,0.655
2942,2921,25.528
2921,2942,25.528
2921,6368,3.095
6368,2921,3.095
6368,482,2.792
482,6368,2.792
482,480,25.378
480,482,25.378
480,481,29.005
481,480,29.005
481,6588,2.310
6588,481,2.310
6588,6367,1.877
6367,6588,1.877
6367,6589,1.850
6589,6367,1.850
6589,2920,2.465
2920,6589,2.465
2920,6409,22.267
6409,2920,22.267
6409,2943,0.591
2943,6409,0.591
2943,1632,2.786
1632,2943,2.786
1632,686,10.913
686,1632,10.913
473,211,37.386
211,473,37.386
358,1387,17.645
1387,358,17.645
3116,8066,3.245
8066,3116,3.245
8066,7720,43.582
7720,8066,43.582
7720,1417,5.254
1417,7720,5.254
2819,2813,8.484
2813,2819,8.484
2813,8178,4.838
8178,2813,4.838
8178,3338,4.090
3338,8178,4.090
3338,4623,7.352
4623,3338,7.352
2819,3600,4.033
3600,2819,4.033
2543,837,15.809
837,2543,15.809
546,2825,32.671
2825,546,32.671
2827,1029,7.818
1029,2827,7.818
829,6771,34.535
6771,829,34.535
6771,2797,3.112
2797,6771,3.112
872,7420,3.888
7420,872,3.888
7420,2843,30.610
2843,7420,30.610
965,4407,9.143
4407,965,9.143
4407,2854,5.204
2854,4407,5.204
2854,2855,7.151
2855,2854,7.151
2868,6209,76.560
6209,2868,76.560
6209,2183,5.365
2183,6209,5.365
2183,22,13.724
22,2183,13.724
1258,5295,2.176
5295,1258,2.176
5295,2705,3.982
2705,5295,3.982
2705,271,1.990
271,2705,1.990
1056,1824,11.165
1824,1056,11.165
1824,1050,11.773
1050,1824,11.773
1928,4608,11.484
4608,1928,11.484
4608,3002,6.707
3002,4608,6.707
3002,3001,12.297
3001,3002,12.297
3001,5826,7.663
5826,3001,7.663
5826,3000,12.383
3000,5826,12.383
3000,2999,9.209
2999,3000,9.209
2999,1926,11.059
1926,2999,11.059
1014,2874,38.099
2874,1014,38.099
2874,7758,26.630
7758,2874,26.630
4320,752,30.010
752,4320,30.010
2882,2881,3.586
2881,2882,3.586
2881,3865,3.508
3865,2881,3.508
3865,4465,3.727
4465,3865,3.727
4465,4353,3.600
4353,4465,3.600
4353,2880,4.297
2880,4353,4.297
2880,4466,5.763
4466,2880,5.763
4466,2883,5.929
2883,4466,5.929
699,2356,33.673
2356,699,33.673
2356,4492,20.785
4492,2356,20.785
4492,701,7.298
701,4492,7.298
7006,7033,1.683
7033,7006,1.683
7033,1807,8.908
1807,7033,8.908
1760,6494,6.220
6494,1760,6.220
6494,6033,1.558
6033,6494,1.558
6033,2597,6.162
2597,6033,6.162
22,4147,16.393
4147,22,16.393
4147,42,22.917
42,4147,22.917
22,656,11.521
656,22,11.521
1814,4744,1.131
4744,1814,1.131
4744,6154,2.476
6154,4744,2.476
6154,1689,48.327
1689,6154,48.327
1689,3662,82.784
3662,1689,82.784
3662,1691,4.640
1691,3662,4.640
6415,2445,3.104
2445,6415,3.104
2445,2959,1.798
2959,2445,1.798
1931,1071,7.089
1071,1931,7.089
1071,4156,2.647
4156,1071,2.647
4156,1923,5.841
1923,4156,5.841
915,1408,5.988
1408,915,5.988
1408,2695,22.758
2695,1408,22.758
2695,7775,35.181
7775,2695,35.181
1830,2681,5.620
2681,1830,5.620
2681,4214,5.883
4214,2681,5.883
4214,2686,19.996
2686,4214,19.996
2686,2701,21.688
2701,2686,21.688
917,3576,4.584
3576,917,4.584
3576,2930,3.888
2930,3576,3.888
2930,51,2.958
51,2930,2.958
51,2929,6.270
2929,51,6.270
2929,413,6.965
413,2929,6.965
488,3852,30.350
3852,488,30.350
2262,3765,11.400
3765,2262,11.400
3765,5793,27.382
5793,3765,27.382
5793,4190,14.554
4190,5793,14.554
4190,7641,3.251
7641,4190,3.251
7641,5794,15.274
5794,7641,15.274
5794,1195,4.232
1195,5794,4.232
1195,2250,32.711
2250,1195,32.711
2250,5792,4.870
5792,2250,4.870
5792,5790,24.364
5790,5792,24.364
5790,5791,15.890
5791,5790,15.890
5791,4992,40.332
4992,5791,40.332
4992,4189,8.090
4189,4992,8.090
4189,241,38.512
241,4189,38.512
85,3328,7.155
3328,85,7.155
1148,106,21.542
106,1148,21.542
106,105,33.073
105,106,33.073
105,6009,7.971
6009,105,7.971
6009,104,17.368
104,6009,17.368
104,84,19.285
84,104,19.285
30,7415,20.307
7415,30,20.307
7415,1105,7.763
1105,7415,7.763
1105,2332,27.070
2332,1105,27.070
2332,4999,3.264
4999,2332,3.264
4999,340,6.146
340,4999,6.146
5782,7458,3.651
7458,5782,3.651
7458,4351,3.843
4351,7458,3.843
4351,195,8.067
195,4351,8.067
40,7087,0.851
7087,40,0.851
7087,5236,6.378
5236,7087,6.378
5236,7070,2.374
7070,5236,2.374
7070,3398,8.761
3398,7070,8.761
3398,5178,56.062
5178,3398,56.062
1097,2053,5.384
2053,1097,5.384
2053,5876,10.028
5876,2053,10.028
5876,5535,53.230
5535,5876,53.230
5535,1792,32.825
1792,5535,32.825
1792,5039,26.576
5039,1792,26.576
5039,5463,0.470
5463,5039,0.470
5463,2798,2.226
2798,5463,2.226
2798,4600,31.530
4600,2798,31.530
4600,2799,24.311
2799,4600,24.311
2799,5013,14.188
5013,2799,14.188
5013,3524,5.553
3524,5013,5.553
3524,1812,1.521
1812,3524,1.521
2187,5615,4.496
5615,2187,4.496
5615,2216,19.645
2216,5615,19.645
2216,8091,37.207
8091,2216,37.207
8091,7189,8.149
7189,8091,8.149
7189,228,5.201
228,7189,5.201
228,7190,5.087
7190,228,5.087
7190,5058,53.514
5058,7190,53.514
5058,4843,94.773
4843,5058,94.773
4843,4588,12.667
4588,4843,12.667
4588,4589,6.596
4589,4588,6.596
4589,5059,36.133
5059,4589,36.133
5059,2836,45.607
2836,5059,45.607
2836,269,4.814
269,2836,4.814
269,2835,7.080
2835,269,7.080
2835,6231,39.886
6231,2835,39.886
6231,1159,46.122
1159,6231,46.122
1159,5060,16.736
5060,1159,16.736
5060,4071,18.590
4071,5060,18.590
4071,5611,8.983
5611,4071,8.983
5611,5613,5.523
5613,5611,5.523
5613,5612,19.695
5612,5613,19.695
5612,6396,8.226
6396,5612,8.226
6396,6300,27.963
6300,6396,27.963
6300,1598,7.505
1598,6300,7.505
281,6122,4.208
6122,281,4.208
6122,6096,9.079
6096,6122,9.079
6096,6103,9.424
6103,6096,9.424
6103,2032,8.072
2032,6103,8.072
749,7713,8.004
7713,749,8.004
7713,8307,17.608
8307,7713,17.608
1660,7762,4.728
7762,1660,4.728
7762,7479,3.420
7479,7762,3.420
1083,6091,9.468
6091,1083,9.468
6091,5197,1.002
5197,6091,1.002
5197,3945,2.736
3945,5197,2.736
3945,2735,10.444
2735,3945,10.444
2735,555,7.383
555,2735,7.383
555,1913,9.439
1913,555,9.439
1913,1914,6.066
1914,1913,6.066
1914,3946,8.313
3946,1914,8.313
3946,1608,8.658
1608,3946,8.658
1608,1912,20.302
1912,1608,20.302
1912,1570,16.981
1570,1912,16.981
1570,2738,15.034
2738,1570,15.034
1019,5952,76.020
5952,1019,76.020
5952,2993,37.332
2993,5952,37.332
933,5346,29.927
5346,933,29.927
5346,303,9.289
303,5346,9.289
3057,7429,55.530
7429,3057,55.530
7429,465,55.895
465,7429,55.895
621,7127,11.043
7127,621,11.043
7127,7126,6.907
7126,7127,6.907
7126,6661,4.824
6661,7126,4.824
6661,4310,2.400
4310,6661,2.400
4310,89,3.358
89,4310,3.358
2373,7549,10.565
7549,2373,10.565
7549,4664,10.643
4664,7549,10.643
4664,4665,5.353
4665,4664,5.353
4665,5697,5.523
5697,4665,5.523
5697,2434,6.805
2434,5697,6.805
2434,4666,7.554
4666,2434,7.554
4666,189,7.391
189,4666,7.391
189,7550,3.704
7550,189,3.704
7550,198,4.460
198,7550,4.460
7554,7555,11.196
7555,7554,11.196
7555,3070,11.109
3070,7555,11.109
3070,7546,7.358
7546,3070,7.358
7546,3071,9.631
3071,7546,9.631
1487,7548,7.335
7548,1487,7.335
7548,7547,4.678
7547,7548,4.678
7547,3074,3.903
3074,7547,3.903
3074,198,4.805
198,3074,4.805
198,7544,3.514
7544,198,3.514
7544,3073,2.944
3073,7544,2.944
3073,7545,3.675
7545,3073,3.675
7545,3071,4.971
3071,7545,4.971
820,1326,17.470
1326,820,17.470
1326,7240,47.054
7240,1326,47.054
7240,821,9.047
821,7240,9.047
821,2119,8.319
2119,821,8.319
2119,846,4.291
846,2119,4.291
3077,6469,57.390
6469,3077,57.390
6469,1409,4.214
1409,6469,4.214
1409,3206,9.012
3206,1409,9.012
7488,702,5.831
702,7488,5.831
702,8088,12.045
8088,702,12.045
8088,8089,18.155
8089,8088,18.155
179,3314,6.267
3314,179,6.267
3314,706,65.767
706,3314,65.767
706,6003,15.010
6003,706,15.010
6003,178,81.319
178,6003,81.319
181,6181,9.341
6181,181,9.341
6181,2759,133.054
2759,6181,133.054
2759,6148,7.096
6148,2759,7.096
6148,819,17.144
819,6148,17.144
5777,5659,19.320
5659,5777,19.320
5659,3094,31.291
3094,5659,31.291
3094,1074,47.274
1074,3094,47.274
1074,132,11.928
132,1074,11.928
132,1246,22.398
1246,132,22.398
332,4331,10.547
4331,332,10.547
4331,4330,46.728
4330,4331,46.728
4330,4549,11.757
4549,4330,11.757
4549,3095,11.712
3095,4549,11.712
3095,8339,1.708
8339,3095,1.708
8339,4329,1.515
4329,8339,1.515
4329,8340,1.282
8340,4329,1.282
8340,3096,2.896
3096,8340,2.896
3096,3097,16.896
3097,3096,16.896
3097,3099,7.383
3099,3097,7.383
3099,3098,12.344
3098,3099,12.344
3098,7389,29.959
7389,3098,29.959
7389,1534,10.463
1534,7389,10.463
1534,545,2.867
545,1534,2.867
2901,3100,7.767
3100,2901,7.767
3100,8124,45.853
8124,3100,45.853
8124,334,44.746
334,8124,44.746
251,2477,89.472
2477,251,89.472
2901,5477,8.034
5477,2901,8.034
5477,5704,43.450
5704,5477,43.450
5704,5478,37.990
5478,5704,37.990
5478,251,3.946
251,5478,3.946
525,2579,4.329
2579,525,4.329
2579,1911,6.469
1911,2579,6.469
1911,2580,8.570
2580,1911,8.570
2580,526,4.429
526,2580,4.429
938,3101,5.812
3101,938,5.812
3101,6129,41.076
6129,3101,41.076
6129,347,7.455
347,6129,7.455
147,6128,9.002
6128,147,9.002
6128,6124,1.148
6124,6128,1.148
6124,3102,26.887
3102,6124,26.887
3102,3103,34.607
3103,3102,34.607
3103,937,10.442
937,3103,10.442
302,3104,8.215
3104,302,8.215
3104,4160,24.548
4160,3104,24.548
4160,3106,11.577
3106,4160,11.577
3106,357,69.748
357,3106,69.748
7305,5982,54.206
5982,7305,54.206
5982,4419,36.555
4419,5982,36.555
357,8321,72.210
8321,357,72.210
8321,355,4.832
355,8321,4.832
10,3779,6.442
3779,10,6.442
3779,680,13.818
680,3779,13.818
2739,5232,12.915
5232,2739,12.915
5232,3122,4.724
3122,5232,4.724
3122,1555,2.186
1555,3122,2.186
680,7401,13.371
7401,680,13.371
7401,3781,12.444
3781,7401,12.444
3781,679,11.317
679,3781,11.317
43,1772,26.227
1772,43,26.227
679,3108,8.258
3108,679,8.258
3108,3109,12.639
3109,3108,12.639
3109,7307,10.600
7307,3109,10.600
7307,1585,13.635
1585,7307,13.635
248,5366,26.772
5366,248,26.772
5366,6201,14.840
6201,5366,14.840
6201,2380,1.450
2380,6201,1.450
2380,760,19.117
760,2380,19.117
760,5105,43.359
5105,760,43.359
5105,4231,5.608
4231,5105,5.608
4231,1573,4.006
1573,4231,4.006
1573,7196,1.856
7196,1573,1.856
7196,6220,1.351
6220,7196,1.351
6220,1537,3.571
1537,6220,3.571
340,2331,35.214
2331,340,35.214
2331,2488,6.790
2488,2331,6.790
209,6758,4.608
6758,209,4.608
6758,3129,5.268
3129,6758,5.268
3129,6954,6.592
6954,3129,6.592
6954,3242,5.605
3242,6954,5.605
3242,6955,5.489
6955,3242,5.489
6955,6956,5.087
6956,6955,5.087
6956,6757,4.216
6757,6956,4.216
6757,649,8.868
649,6757,8.868
25,6975,14.049
6975,25,14.049
6975,3157,9.953
3157,6975,9.953
3157,6974,4.522
6974,3157,4.522
6974,16,6.708
16,6974,6.708
16,6976,4.341
6976,16,4.341
6976,6973,3.616
6973,6976,3.616
6973,6977,9.047
6977,6973,9.047
6977,3127,7.972
3127,6977,7.972
3127,4898,19.264
4898,3127,19.264
4898,2508,3.245
2508,4898,3.245
2508,360,3.465
360,2508,3.465
360,3128,28.162
3128,360,28.162
3124,5330,11.477
5330,3124,11.477
5330,1076,9.826
1076,5330,9.826
1076,3759,15.245
3759,1076,15.245
3759,204,19.317
204,3759,19.317
27,3125,13.122
3125,27,13.122
3125,4894,22.162
4894,3125,22.162
4894,4621,23.057
4621,4894,23.057
4621,7566,62.973
7566,4621,62.973
7566,3123,7.807
3123,7566,7.807
333,4895,15.897
4895,333,15.897
4895,2607,5.718
2607,4895,5.718
2607,2609,2.359
2609,2607,2.359
2609,2608,3.247
2608,2609,3.247
2608,3126,11.341
3126,2608,11.341
1457,6070,10.905
6070,1457,10.905
6070,2655,6.650
2655,6070,6.650
2655,1453,4.253
1453,2655,4.253
677,5948,2.815
5948,677,2.815
5948,2552,3.139
2552,5948,3.139
2552,3306,2.691
3306,2552,2.691
674,5945,36.820
5945,674,36.820
5945,2236,5.873
2236,5945,5.873
2236,5949,2.523
5949,2236,2.523
5949,2561,15.918
2561,5949,15.918
2561,46,1.655
46,2561,1.655
204,7046,21.128
7046,204,21.128
7046,4269,6.928
4269,7046,6.928
4269,333,13.315
333,4269,13.315
293,3131,10.666
3131,293,10.666
3131,5424,6.878
5424,3131,6.878
5424,1451,5.089
1451,5424,5.089
1451,5425,5.073
5425,1451,5.073
5425,4822,7.116
4822,5425,7.116
4822,1463,11.030
1463,4822,11.030
1449,1466,18.098
1466,1449,18.098
5025,6410,7.762
6410,5025,7.762
6410,5026,10.122
5026,6410,10.122
5026,5027,22.673
5027,5026,22.673
489,2502,44.374
2502,489,44.374
2502,206,13.654
206,2502,13.654
5035,3132,11.359
3132,5035,11.359
3132,3966,14.152
3966,3132,14.152
3966,3967,56.558
3967,3966,56.558
3967,490,13.461
490,3967,13.461
521,1430,5.539
1430,521,5.539
1430,2950,32.613
2950,1430,32.613
2950,524,21.343
524,2950,21.343
524,1813,60.453
1813,524,60.453
522,4552,14.646
4552,522,14.646
4552,4590,8.809
4590,4552,8.809
4590,1523,16.458
1523,4590,16.458
1523,3133,46.454
3133,1523,46.454
3133,4855,27.561
4855,3133,27.561
4855,6322,24.827
6322,4855,24.827
6322,4856,2.450
4856,6322,2.450
4856,4021,2.413
4021,4856,2.413
4021,2569,5.267
2569,4021,5.267
2569,524,1.601
524,2569,1.601
576,7292,14.439
7292,576,14.439
7292,4678,7.865
4678,7292,7.865
4678,7293,9.735
7293,4678,9.735
7293,4677,9.739
4677,7293,9.739
4677,4676,10.779
4676,4677,10.779
4676,3141,8.720
3141,4676,8.720
3141,4673,91.009
4673,3141,91.009
569,3140,293.654
3140,569,293.654
3135,7301,94.391
7301,3135,94.391
7301,7302,26.221
7302,7301,26.221
1785,3933,23.846
3933,1785,23.846
3933,1345,6.735
1345,3933,6.735
3970,6658,8.999
6658,3970,8.999
6658,6657,5.865
6657,6658,5.865
6657,3987,4.384
3987,6657,4.384
3987,5690,4.228
5690,3987,4.228
5690,3986,32.045
3986,5690,32.045
3986,6530,7.696
6530,3986,7.696
6530,6531,7.686
6531,6530,7.686
6531,3971,6.663
3971,6531,6.663
3971,3976,4.631
3976,3971,4.631
3976,3974,5.272
3974,3976,5.272
3974,3973,3.500
3973,3974,3.500
3973,7059,3.169
7059,3973,3.169
7059,7058,2.746
7058,7059,2.746
7058,7057,3.586
7057,7058,3.586
7057,3972,6.161
3972,7057,6.161
234,4291,81.241
4291,234,81.241
4291,1763,6.462
1763,4291,6.462
324,3261,16.021
3261,324,16.021
3261,7243,16.080
7243,3261,16.080
7243,325,6.434
325,7243,6.434
325,4279,52.598
4279,325,52.598
4279,1344,7.325
1344,4279,7.325
1344,3932,4.365
3932,1344,4.365
2733,522,53.374
522,2733,53.374
522,6580,23.288
6580,522,23.288
6580,6756,8.608
6756,6580,8.608
6756,3253,2.785
3253,6756,2.785
3253,6579,8.885
6579,3253,8.885
523,3148,61.886
3148,523,61.886
3148,4553,18.360
4553,3148,18.360
4553,3147,16.463
3147,4553,16.463
3147,522,10.826
522,3147,10.826
234,528,43.129
528,234,43.129
236,3146,7.903
3146,236,7.903
3146,1238,24.302
1238,3146,24.302
1238,234,66.521
234,1238,66.521
527,3210,27.496
3210,527,27.496
1075,1981,15.606
1981,1075,15.606
1981,4422,4.534
4422,1981,4.534
4422,1327,9.796
1327,4422,9.796
1327,5475,70.478
5475,1327,70.478
5475,236,5.419
236,5475,5.419
236,5476,5.721
5476,236,5.721
5476,3145,2.187
3145,5476,2.187
3145,3208,8.603
3208,3145,8.603
3208,527,28.983
527,3208,28.983
629,1424,7.757
1424,629,7.757
1424,7328,9.069
7328,1424,9.069
7328,7329,9.383
7329,7328,9.383
7329,1079,15.920
1079,7329,15.920
1079,3823,11.841
3823,1079,11.841
3149,1492,44.593
1492,3149,44.593
1492,1093,37.544
1093,1492,37.544
6804,949,16.722
949,6804,16.722
949,6805,22.224
6805,949,22.224
6805,3153,32.126
3153,6805,32.126
3153,1545,61.955
1545,3153,61.955
1545,1547,49.811
1547,1545,49.811
1547,3124,41.692
3124,1547,41.692
3123,1548,4.634
1548,3123,4.634
1548,4706,47.847
4706,1548,47.847
4706,4705,8.722
4705,4706,8.722
4705,4805,20.794
4805,4705,20.794
17,7003,12.808
7003,17,12.808
7003,4889,3.024
4889,7003,3.024
4889,7004,2.011
7004,4889,2.011
7004,7005,1.849
7005,7004,1.849
7005,4888,1.933
4888,7005,1.933
4888,7000,3.884
7000,4888,3.884
7000,7001,3.549
7001,7000,3.549
7001,4134,2.913
4134,7001,2.913
4134,7002,2.827
7002,4134,2.827
7002,3154,2.631
3154,7002,2.631
3154,4886,16.964
4886,3154,16.964
4886,2616,10.060
2616,4886,10.060
647,6948,21.784
6948,647,21.784
6948,3241,7.041
3241,6948,7.041
3241,6947,2.945
6947,3241,2.945
6947,6949,2.951
6949,6947,2.951
6949,6950,2.848
6950,6949,2.848
6950,1508,3.614
1508,6950,3.614
574,4487,7.118
4487,574,7.118
4487,573,11.104
573,4487,11.104
573,4488,10.393
4488,573,10.393
4488,70,2.377
70,4488,2.377
70,4490,35.989
4490,70,35.989
4490,6811,14.610
6811,4490,14.610
6811,6813,14.171
6813,6811,14.171
6813,4491,31.990
4491,6813,31.990
4491,7270,30.885
7270,4491,30.885
7270,7269,31.358
7269,7270,31.358
7269,569,41.486
569,7269,41.486
570,7271,50.779
7271,570,50.779
7271,3156,52.087
3156,7271,52.087
3156,7272,16.408
7272,3156,16.408
7272,6812,16.997
6812,7272,16.997
6812,4489,34.696
4489,6812,34.696
4489,574,24.115
574,4489,24.115
7166,1350,9.481
1350,7166,9.481
1350,3978,4.670
3978,1350,4.670
3978,2514,20.132
2514,3978,20.132
2514,3969,32.882
3969,2514,32.882
3969,7145,4.523
7145,3969,4.523
7145,7146,2.391
7146,7145,2.391
7146,7147,1.802
7147,7146,1.802
7147,3977,2.026
3977,7147,2.026
4419,8318,6.795
8318,4419,6.795
8318,5376,60.664
5376,8318,60.664
5376,4476,3.598
4476,5376,3.598
4476,4477,6.547
4477,4476,6.547
4477,755,1.125
755,4477,1.125
46,3805,5.163
3805,46,5.163
3805,677,9.333
677,3805,9.333
532,6127,7.475
6127,532,7.475
6127,3159,45.559
3159,6127,45.559
3159,3158,32.489
3158,3159,32.489
3158,533,23.697
533,3158,23.697
46,2562,1.464
2562,46,1.464
2562,1595,18.344
1595,2562,18.344
528,3209,6.415
3209,528,6.415
3209,1247,14.819
1247,3209,14.819
1247,4591,8.255
4591,1247,8.255
4591,1073,79.100
1073,4591,79.100
1316,4282,12.754
4282,1316,12.754
4282,4670,13.507
4670,4282,13.507
4670,211,15.579
211,4670,15.579
1080,3246,25.232
3246,1080,25.232
3246,2612,9.100
2612,3246,9.100
2612,2613,5.325
2613,2612,5.325
2613,299,4.541
299,2613,4.541
925,3646,1.483
3646,925,1.483
3646,4104,2.553
4104,3646,2.553
4104,5075,8.290
5075,4104,8.290
5075,2170,1.456
2170,5075,1.456
143,1413,11.646
1413,143,11.646
1413,55,16.850
55,1413,16.850
143,1151,5.251
1151,143,5.251
1151,3612,3.066
3612,1151,3.066
3612,923,3.133
923,3612,3.133
1818,4982,1.549
4982,1818,1.549
4982,4981,1.585
4981,4982,1.585
4981,4980,5.465
4980,4981,5.465
4980,3613,23.377
3613,4980,23.377
3613,4102,67.174
4102,3613,67.174
4102,5925,5.734
5925,4102,5.734
5925,56,5.387
56,5925,5.387
6246,3617,2.534
3617,6246,2.534
3617,4117,6.070
4117,3617,6.070
4117,5223,4.759
5223,4117,4.759
5223,6841,95.095
6841,5223,95.095
6841,136,8.071
136,6841,8.071
1381,4593,65.493
4593,1381,65.493
4593,352,8.228
352,4593,8.228
352,6762,94.885
6762,352,94.885
6762,285,5.687
285,6762,5.687
286,218,64.415
218,286,64.415
6262,1622,64.871
1622,6262,64.871
68,7686,7.279
7686,68,7.279
7686,7685,6.596
7685,7686,6.596
7685,7687,7.822
7687,7685,7.822
7687,1594,106.891
1594,7687,106.891
6262,3177,9.107
3177,6262,9.107
3177,3176,6.241
3176,3177,6.241
3176,3842,8.358
3842,3176,8.358
3842,3175,8.856
3175,3842,8.856
3175,3841,11.434
3841,3175,11.434
3841,3170,59.837
3170,3841,59.837
3170,3169,10.083
3169,3170,10.083
3169,3167,8.802
3167,3169,8.802
3167,3166,11.980
3166,3167,11.980
3166,3833,7.896
3833,3166,7.896
3833,3164,6.810
3164,3833,6.810
3164,3832,6.441
3832,3164,6.441
3832,3162,5.850
3162,3832,5.850
3162,3831,9.683
3831,3162,9.683
3831,3161,10.459
3161,3831,10.459
3161,3163,11.234
3163,3161,11.234
3163,3834,7.774
3834,3163,7.774
3834,3165,7.317
3165,3834,7.317
3165,3168,15.360
3168,3165,15.360
3168,3171,50.427
3171,3168,50.427
3171,3836,4.659
3836,3171,4.659
3836,3172,4.740
3172,3836,4.740
3172,3838,4.050
3838,3172,4.050
3838,3839,3.724
3839,3838,3.724
3839,3173,4.947
3173,3839,4.947
3173,5985,3.975
5985,3173,3.975
52,4080,17.906
4080,52,17.906
4080,1700,67.618
1700,4080,67.618
3601,7889,6.389
7889,3601,6.389
7889,2143,4.675
2143,7889,4.675
2143,436,4.356
436,2143,4.356
436,7888,4.557
7888,436,4.557
7888,7899,20.199
7899,7888,20.199
7899,7784,26.604
7784,7899,26.604
852,4177,5.836
4177,852,5.836
3179,6133,8.146
6133,3179,8.146
6133,4309,12.060
4309,6133,12.060
4309,943,4.831
943,4309,4.831
943,3264,4.663
3264,943,4.663
3264,6131,2.894
6131,3264,2.894
6131,2115,3.135
2115,6131,3.135
2115,6132,2.861
6132,2115,2.861
6132,3265,3.727
3265,6132,3.727
3265,618,7.572
618,3265,7.572
27,2490,10.129
2490,27,10.129
3181,2475,12.825
2475,3181,12.825
31,2509,10.723
2509,31,10.723
2509,4896,14.359
4896,2509,14.359
4896,5583,12.763
5583,4896,12.763
5583,4806,27.760
4806,5583,27.760
23,2674,1.271
2674,23,1.271
2674,2006,14.261
2006,2674,14.261
2006,3182,13.106
3182,2006,13.106
3182,3826,30.883
3826,3182,30.883
3826,3827,14.880
3827,3826,14.880
3827,3183,59.254
3183,3827,59.254
3183,6637,31.265
6637,3183,31.265
19,3877,23.788
3877,19,23.788
3877,1232,38.475
1232,3877,38.475
1232,3878,40.808
3878,1232,40.808
3878,4577,47.069
4577,3878,47.069
4577,3879,3.388
3879,4577,3.388
3879,7613,30.918
7613,3879,30.918
19,6960,26.075
6960,19,26.075
6960,3185,4.021
3185,6960,4.021
3185,6961,2.843
6961,3185,2.843
6961,6957,2.942
6957,6961,2.942
6957,3930,2.731
3930,6957,2.731
3930,653,11.100
653,3930,11.100
17,6999,7.330
6999,17,7.330
6999,6998,5.627
6998,6999,5.627
6998,3188,4.428
3188,6998,4.428
3188,6997,5.679
6997,3188,5.679
6997,6996,5.014
6996,6997,5.014
6996,3187,3.341
3187,6996,3.341
3187,3186,16.373
3186,3187,16.373
3186,2617,11.638
2617,3186,11.638
1215,8160,10.735
8160,1215,10.735
8160,439,62.499
439,8160,62.499
443,3192,9.672
3192,443,9.672
3192,3191,19.967
3191,3192,19.967
3191,5658,13.330
5658,3191,13.330
5658,5657,3.947
5657,5658,3.947
5657,5654,35.610
5654,5657,35.610
5654,5656,5.021
5656,5654,5.021
5656,5818,40.596
5818,5656,40.596
5818,7438,3.176
7438,5818,3.176
31,4897,15.386
4897,31,15.386
4897,2601,4.658
2601,4897,4.658
2601,2590,2.687
2590,2601,2.687
2590,2595,3.161
2595,2590,3.161
2595,2596,3.681
2596,2595,3.681
2596,646,7.901
646,2596,7.901
646,3193,2.959
3193,646,2.959
3193,7048,2.694
7048,3193,2.694
7048,7049,2.296
7049,7048,2.296
7049,7050,1.639
7050,7049,1.639
7050,290,2.067
290,7050,2.067
6801,7277,6.558
7277,6801,6.558
7277,7061,3.108
7061,7277,3.108
7061,7276,1.740
7276,7061,1.740
7276,2493,1.825
2493,7276,1.825
2493,7275,2.824
7275,2493,2.824
7275,7062,2.575
7062,7275,2.575
7062,7063,3.490
7063,7062,3.490
7063,3190,6.362
3190,7063,6.362
3190,7064,5.298
7064,3190,5.298
7064,7283,2.027
7283,7064,2.027
7283,6802,2.159
6802,7283,2.159
6802,7065,2.783
7065,6802,2.783
7065,7066,2.478
7066,7065,2.478
7066,5041,2.169
5041,7066,2.169
5041,3189,1.812
3189,5041,1.812
3189,7067,2.558
7067,3189,2.558
7067,7068,2.581
7068,7067,2.581
7068,7273,3.761
7273,7068,3.761
7273,2277,7.133
2277,7273,7.133
2277,7274,8.091
7274,2277,8.091
7274,7281,3.207
7281,7274,3.207
7281,7280,3.042
7280,7281,3.042
7280,7279,3.182
7279,7280,3.182
7279,442,2.114
442,7279,2.114
449,3408,32.909
3408,449,32.909
3408,8146,2.821
8146,3408,2.821
8146,450,13.068
450,8146,13.068
1597,4012,6.924
4012,1597,6.924
4012,4607,19.973
4607,4012,19.973
4607,4604,6.391
4604,4607,6.391
4604,4599,23.020
4599,4604,23.020
4599,698,50.102
698,4599,50.102
698,94,3.919
94,698,3.919
94,1652,67.000
1652,94,67.000
90,1949,8.596
1949,90,8.596
1949,2035,24.235
2035,1949,24.235
311,2230,3.335
2230,311,3.335
2230,2542,3.521
2542,2230,3.521
2542,123,4.593
123,2542,4.593
907,57,52.547
57,907,52.547
57,2092,11.142
2092,57,11.142
2092,6359,157.381
6359,2092,157.381
6359,829,10.699
829,6359,10.699
2343,5624,2.179
5624,2343,2.179
5624,2344,3.748
2344,5624,3.748
1697,5943,4.277
5943,1697,4.277
5943,3301,8.392
3301,5943,8.392
3301,4737,4.441
4737,3301,4.441
3199,4049,4.198
4049,3199,4.198
4049,5629,7.268
5629,4049,7.268
5629,3198,0.717
3198,5629,0.717
4737,3197,1.192
3197,4737,1.192
3197,4050,8.768
4050,3197,8.768
4050,5451,26.412
5451,4050,26.412
5451,2232,9.631
2232,5451,9.631
2232,5449,9.997
5449,2232,9.997
1674,7941,16.010
7941,1674,16.010
3200,1674,9.874
1674,3200,9.874
6055,728,6.531
728,6055,6.531
2797,3560,8.929
3560,2797,8.929
3560,3561,8.953
3561,3560,8.953
3561,127,17.960
127,3561,17.960
3202,6468,8.474
6468,3202,8.474
6468,7770,30.523
7770,6468,30.523
3202,2718,5.529
2718,3202,5.529
2718,3203,6.746
3203,2718,6.746
3206,3205,2.501
3205,3206,2.501
3205,3204,5.031
3204,3205,5.031
3204,2707,4.130
2707,3204,4.130
2707,3202,6.184
3202,2707,6.184
3203,1830,11.796
1830,3203,11.796
915,3207,6.006
3207,915,6.006
3207,3206,7.905
3206,3207,7.905
194,4470,16.449
4470,194,16.449
4470,4912,3.520
4912,4470,3.520
4912,5809,40.370
5809,4912,40.370
891,7207,94.948
7207,891,94.948
7207,890,118.903
890,7207,118.903
38,5173,7.712
5173,38,7.712
5173,5171,4.338
5171,5173,4.338
5171,5997,50.008
5997,5171,50.008
5997,4225,5.375
4225,5997,5.375
4225,4218,80.655
4218,4225,80.655
6565,5757,81.420
5757,6565,81.420
5757,895,21.488
895,5757,21.488
895,2428,5.301
2428,895,5.301
2428,4719,3.566
4719,2428,3.566
4719,2421,3.823
2421,4719,3.823
2421,4720,3.050
4720,2421,3.050
4720,2424,2.869
2424,4720,2.869
2424,466,6.105
466,2424,6.105
1541,7088,5.858
7088,1541,5.858
7088,7089,4.480
7089,7088,4.480
7089,7090,4.272
7090,7089,4.272
7090,7091,3.546
7091,7090,3.546
7091,624,5.842
624,7091,5.842
1221,3211,8.900
3211,1221,8.900
3211,8319,11.894
8319,3211,11.894
8319,4419,4.032
4419,8319,4.032
1220,8131,5.146
8131,1220,5.146
8131,8130,42.193
8130,8131,42.193
8130,1221,3.896
1221,8130,3.896
1246,1220,12.335
1220,1246,12.335
210,6493,4.186
6493,210,4.186
6493,2614,7.729
2614,6493,7.729
2614,6485,7.555
6485,2614,7.555
6485,1568,8.871
1568,6485,8.871
1568,3248,6.525
3248,1568,6.525
3248,5708,5.820
5708,3248,5.820
5708,5709,3.896
5709,5708,3.896
5709,76,4.836
76,5709,4.836
47,4991,18.083
4991,47,18.083
4991,1192,15.785
1192,4991,15.785
1192,533,15.788
533,1192,15.788
802,2915,9.909
2915,802,9.909
2915,5254,21.178
5254,2915,21.178
5254,816,49.722
816,5254,49.722
5020,5022,13.379
5022,5020,13.379
5022,5023,13.162
5023,5022,13.162
5023,5025,13.356
5025,5023,13.356
6246,3621,1.832
3621,6246,1.832
3621,4118,1.618
4118,3621,1.618
4118,5226,3.597
5226,4118,3.597
5226,2354,25.722
2354,5226,25.722
2354,759,9.809
759,2354,9.809
2295,7024,2.672
7024,2295,2.672
7024,7020,1.979
7020,7024,1.979
7020,7023,2.481
7023,7020,2.481
7023,7022,1.850
7022,7023,1.850
7022,7021,1.961
7021,7022,1.961
7021,2293,2.665
2293,7021,2.665
2295,7906,4.098
7906,2295,4.098
7906,2589,2.657
2589,7906,2.657
2589,2302,4.146
2302,2589,4.146
2302,7006,2.595
7006,2302,2.595
2597,2591,4.770
2591,2597,4.770
2591,2574,6.162
2574,2591,6.162
2574,7006,1.910
7006,2574,1.910
7006,7011,0.772
7011,7006,0.772
7011,2593,2.382
2593,7011,2.382
2593,7010,3.515
7010,2593,3.515
7010,7007,3.048
7007,7010,3.048
7007,2293,5.436
2293,7007,5.436
2296,2584,15.689
2584,2296,15.689
2584,2304,57.289
2304,2584,57.289
2304,2299,43.357
2299,2304,43.357
2296,2575,6.472
2575,2296,6.472
2575,2576,2.981
2576,2575,2.981
2576,2307,6.205
2307,2576,6.205
3542,2934,1.425
2934,3542,1.425
2934,6849,4.104
6849,2934,4.104
6849,6848,1.960
6848,6849,1.960
6848,6847,1.757
6847,6848,1.757
6847,2818,1.758
2818,6847,1.758
2818,6846,2.645
6846,2818,2.645
6846,3212,2.430
3212,6846,2.430
3212,2789,13.955
2789,3212,13.955
2789,6715,26.255
6715,2789,26.255
1453,1455,5.907
1455,1453,5.907
1455,1456,7.342
1456,1455,7.342
1456,296,8.759
296,1456,8.759
471,6269,8.849
6269,471,8.849
6269,7371,2.276
7371,6269,2.276
7371,6649,46.438
6649,7371,46.438
6649,6650,26.036
6650,6649,26.036
6650,6653,29.977
6653,6650,29.977
6653,1333,50.811
1333,6653,50.811
1333,7235,26.450
7235,1333,26.450
7235,7237,1.666
7237,7235,1.666
7237,7236,13.862
7236,7237,13.862
1345,1909,8.291
1909,1345,8.291
1909,3144,15.524
3144,1909,15.524
3144,6768,12.997
6768,3144,12.997
6768,3143,13.601
3143,6768,13.601
3143,6767,8.923
6767,3143,8.923
6767,1907,8.952
1907,6767,8.952
1907,1910,25.127
1910,1907,25.127
1910,6766,59.975
6766,1910,59.975
6766,3259,50.477
3259,6766,50.477
3259,1905,4.362
1905,3259,4.362
1905,322,8.781
322,1905,8.781
1800,1801,7.785
1801,1800,7.785
1801,1802,49.330
1802,1801,49.330
1802,1803,19.386
1803,1802,19.386
1803,1804,41.768
1804,1803,41.768
1804,4827,24.956
4827,1804,24.956
4827,3951,11.305
3951,4827,11.305
3951,1805,19.340
1805,3951,19.340
1805,4970,8.229
4970,1805,8.229
214,4573,28.075
4573,214,28.075
4573,5975,75.557
5975,4573,75.557
5975,213,5.772
213,5975,5.772
213,4574,81.363
4574,213,81.363
4574,4578,65.456
4578,4574,65.456
4578,3949,15.448
3949,4578,15.448
3949,1799,24.061
1799,3949,24.061
1799,5765,45.664
5765,1799,45.664
5765,1800,7.730
1800,5765,7.730
214,2972,6.048
2972,214,6.048
2972,7209,2.825
7209,2972,2.825
7209,1978,18.602
1978,7209,18.602
1978,6777,31.671
6777,1978,31.671
6777,651,7.043
651,6777,7.043
610,1838,19.530
1838,610,19.530
1838,846,19.864
846,1838,19.864
568,1142,5.642
1142,568,5.642
1142,1483,31.648
1483,1142,31.648
621,4697,25.480
4697,621,25.480
4697,7118,1.490
7118,4697,1.490
7118,622,0.628
622,7118,0.628
2068,6271,6.328
6271,2068,6.328
6271,4860,9.794
4860,6271,9.794
4860,4641,16.416
4641,4860,16.416
4641,1783,15.449
1783,4641,15.449
1783,1940,6.525
1940,1783,6.525
617,7129,2.009
7129,617,2.009
7129,7128,2.388
7128,7129,2.388
7128,3232,4.320
3232,7128,4.320
3232,7615,122.141
7615,3232,122.141
7615,3233,38.165
3233,7615,38.165
3233,5428,56.754
5428,3233,56.754
655,4093,17.356
4093,655,17.356
4093,607,10.848
607,4093,10.848
660,2635,2.407
2635,660,2.407
2635,5302,6.591
5302,2635,6.591
5302,2452,16.092
2452,5302,16.092
21,2646,1.961
2646,21,1.961
2646,5305,10.257
5305,2646,10.257
5305,654,17.414
654,5305,17.414
682,1077,224.169
1077,682,224.169
3234,681,224.102
681,3234,224.102
605,5308,11.441
5308,605,11.441
5308,3234,7.129
3234,5308,7.129
1077,8266,4.832
8266,1077,4.832
8266,5307,2.450
5307,8266,2.450
5307,231,10.975
231,5307,10.975
681,3345,12.016
3345,681,12.016
3345,3344,24.273
3344,3345,24.273
515,2544,1.977
2544,515,1.977
2544,1996,7.224
1996,2544,7.224
1996,2181,28.730
2181,1996,28.730
2181,3235,52.217
3235,2181,52.217
748,7695,8.367
7695,748,8.367
7695,4596,16.803
4596,7695,16.803
4596,3239,100.941
3239,4596,100.941
3239,7717,35.859
7717,3239,35.859
7717,749,5.786
749,7717,5.786
3201,3076,5.378
3076,3201,5.378
932,7346,2.472
7346,932,2.472
7346,7347,2.500
7347,7346,2.500
7347,742,83.199
742,7347,83.199
1301,6062,37.660
6062,1301,37.660
6062,5836,4.364
5836,6062,4.364
5836,50,8.559
50,5836,8.559
804,6010,1.918
6010,804,1.918
6010,84,22.412
84,6010,22.412
84,3331,18.163
3331,84,18.163
86,8297,48.135
8297,86,48.135
2005,943,85.837
943,2005,85.837
161,8216,12.740
8216,161,12.740
42,6210,20.386
6210,42,20.386
6210,4148,2.395
4148,6210,2.395
4148,656,17.008
656,4148,17.008
2726,5720,7.821
5720,2726,7.821
5720,3268,2.351
3268,5720,2.351
3268,5721,2.128
5721,3268,2.128
5721,3269,5.064
3269,5721,5.064
3269,6185,3.413
6185,3269,3.413
6185,5718,3.395
5718,6185,3.395
5718,3270,1.411
3270,5718,1.411
3270,5719,1.396
5719,3270,1.396
5719,2278,8.289
2278,5719,8.289
596,2008,15.132
2008,596,15.132
271,2711,2.000
2711,271,2.000
2711,1264,5.574
1264,2711,5.574
1264,8188,9.724
8188,1264,9.724
8188,5410,1.813
5410,8188,1.813
5410,2732,15.826
2732,5410,15.826
2732,8058,20.078
8058,2732,20.078
1039,3276,13.644
3276,1039,13.644
3276,270,9.950
270,3276,9.950
4633,5924,14.954
5924,4633,14.954
5924,8064,11.979
8064,5924,11.979
34,3420,4.355
3420,34,4.355
3420,3277,4.127
3277,3420,4.127
3277,3421,4.636
3421,3277,4.636
3421,3278,3.694
3278,3421,3.694
3278,3422,3.381
3422,3278,3.381
3422,3423,3.122
3423,3422,3.122
3423,3279,4.739
3279,3423,4.739
3279,383,6.992
383,3279,6.992
271,5701,4.846
5701,271,4.846
5701,5700,4.951
5700,5701,4.951
5700,5702,4.404
5702,5700,4.404
5702,7769,19.274
7769,5702,19.274
1062,1040,27.396
1040,1062,27.396
280,6099,28.200
6099,280,28.200
6099,6098,18.912
6098,6099,18.912
6098,6100,5.626
6100,6098,5.626
6100,5693,48.639
5693,6100,48.639
280,6102,9.380
6102,280,9.380
6102,3281,10.890
3281,6102,10.890
3281,2031,10.689
2031,3281,10.689
2490,6714,6.953
6714,2490,6.953
6714,2507,1.670
2507,6714,1.670
2507,4267,15.095
4267,2507,15.095
4267,5856,27.004
5856,4267,27.004
5856,3181,49.519
3181,5856,49.519
2475,4849,41.757
4849,2475,41.757
4849,1707,6.063
1707,4849,6.063
1707,5714,29.468
5714,1707,29.468
5714,6,75.893
6,5714,75.893
3282,4268,6.766
4268,3282,6.766
4268,2519,7.162
2519,4268,7.162
2519,27,5.019
27,2519,5.019
3283,2481,27.746
2481,3283,27.746
2481,1565,37.427
1565,2481,37.427
1565,7047,5.295
7047,1565,5.295
7047,3282,5.581
3282,7047,5.581
283,5431,15.107
5431,283,15.107
5431,6107,11.064
6107,5431,11.064
6107,6108,7.636
6108,6107,7.636
6108,6249,7.483
6249,6108,7.483
6249,6110,25.265
6110,6249,25.265
6110,6248,26.946
6248,6110,26.946
6248,6115,16.505
6115,6248,16.505
6115,1764,13.659
1764,6115,13.659
1764,6116,7.577
6116,1764,7.577
6116,6111,7.329
6111,6116,7.329
6111,6114,46.611
6114,6111,46.611
6114,6109,20.376
6109,6114,20.376
1070,7395,8.320
7395,1070,8.320
7395,7399,7.298
7399,7395,7.298
7399,3288,6.858
3288,7399,6.858
3288,4478,90.630
4478,3288,90.630
4478,7396,2.977
7396,4478,2.977
7396,7397,19.947
7397,7396,19.947
7397,8363,53.910
8363,7397,53.910
8363,7398,10.263
7398,8363,10.263
7398,8367,2.798
8367,7398,2.798
8367,8364,2.723
8364,8367,2.723
8364,8368,2.525
8368,8364,2.525
8368,8366,2.213
8366,8368,2.213
8366,8369,2.357
8369,8366,2.357
8369,813,3.287
813,8369,3.287
164,2014,8.878
2014,164,8.878
662,3286,7.713
3286,662,7.713
3286,8220,8.043
8220,3286,8.043
225,7597,1.863
7597,225,1.863
7597,7601,1.818
7601,7597,1.818
7601,7595,1.576
7595,7601,1.576
7595,7599,1.707
7599,7595,1.707
7599,7596,1.645
7596,7599,1.645
7596,7600,1.947
7600,7596,1.947
7600,5566,1.957
5566,7600,1.957
1026,753,36.096
753,1026,36.096
8255,7378,28.535
7378,8255,28.535
753,754,38.739
754,753,38.739
3539,5419,4.554
5419,3539,4.554
5419,5156,6.924
5156,5419,6.924
5156,3296,14.774
3296,5156,14.774
3296,3298,24.182
3298,3296,24.182
3305,4808,96.382
4808,3305,96.382
3306,3806,8.344
3806,3306,8.344
3806,46,4.981
46,3806,4.981
3305,2560,3.256
2560,3305,3.256
2560,4063,1.422
4063,2560,1.422
1398,4244,6.043
4244,1398,6.043
4244,4486,4.093
4486,4244,4.093
4486,1323,3.242
1323,4486,3.242
1323,4485,3.280
4485,1323,3.280
4485,4242,3.426
4242,4485,3.426
4242,1396,3.155
1396,4242,3.155
3307,3308,9.332
3308,3307,9.332
5347,4290,14.784
4290,5347,14.784
4290,1786,33.247
1786,4290,33.247
1756,3597,6.385
3597,1756,6.385
3597,3309,7.619
3309,3597,7.619
3309,3598,6.043
3598,3309,6.043
3598,3310,5.936
3310,3598,5.936
3310,3599,6.723
3599,3310,6.723
3599,3311,6.487
3311,3599,6.487
5735,3534,1.689
3534,5735,1.689
3534,2077,6.324
2077,3534,6.324
2077,766,63.691
766,2077,63.691
1580,1946,21.100
1946,1580,21.100
1945,1503,73.913
1503,1945,73.913
1503,723,10.071
723,1503,10.071
723,7914,22.798
7914,723,22.798
7914,7915,6.963
7915,7914,6.963
7915,7916,6.957
7916,7915,6.957
7916,7917,9.378
7917,7916,9.378
7917,2359,3.379
2359,7917,3.379
2359,1706,7.391
1706,2359,7.391
1015,2261,6.394
2261,1015,6.394
2261,3875,18.878
3875,2261,18.878
3875,4232,42.595
4232,3875,42.595
4232,4233,25.297
4233,4232,25.297
4233,4223,32.676
4223,4233,32.676
4223,4222,20.016
4222,4223,20.016
4222,6593,53.788
6593,4222,53.788
6593,895,18.826
895,6593,18.826
2043,1868,10.984
1868,2043,10.984
1868,960,27.984
960,1868,27.984
960,1867,43.185
1867,960,43.185
1867,958,36.490
958,1867,36.490
958,3782,20.670
3782,958,20.670
3782,1509,43.312
1509,3782,43.312
1509,1300,169.837
1300,1509,169.837
458,6554,13.018
6554,458,13.018
6554,3785,5.679
3785,6554,5.679
3785,892,5.749
892,3785,5.749
892,4497,11.388
4497,892,11.388
4497,3762,2.482
3762,4497,2.482
3762,4496,3.405
4496,3762,3.405
4496,3761,4.239
3761,4496,4.239
3761,3760,6.289
3760,3761,6.289
3760,873,22.489
873,3760,22.489
873,874,93.653
874,873,93.653
6364,678,4.868
678,6364,4.868
279,6615,5.794
6615,279,5.794
6615,7403,96.094
7403,6615,96.094
7403,4563,28.040
4563,7403,28.040
4563,4770,19.147
4770,4563,19.147
4770,6614,52.884
6614,4770,52.884
6614,1897,3.586
1897,6614,3.586
1326,3312,8.904
3312,1326,8.904
3312,3313,7.258
3313,3312,7.258
3313,1325,8.144
1325,3313,8.144
90,4013,6.331
4013,90,6.331
4013,4445,28.702
4445,4013,28.702
4445,2059,45.241
2059,4445,45.241
2059,4448,3.049
4448,2059,3.049
4448,6477,156.263
6477,4448,156.263
6477,5414,3.570
5414,6477,3.570
2005,942,4.441
942,2005,4.441
942,8253,62.890
8253,942,62.890
8253,2483,5.515
2483,8253,5.515
2483,4288,61.567
4288,2483,61.567
4288,1043,14.186
1043,4288,14.186
2973,2064,8.812
2064,2973,8.812
2064,2387,11.866
2387,2064,11.866
2387,8267,8.220
8267,2387,8.220
8267,2301,4.427
2301,8267,4.427
2301,689,8.516
689,2301,8.516
1859,8247,4.758
8247,1859,4.758
8247,1860,29.267
1860,8247,29.267
1860,1861,29.020
1861,1860,29.020
1861,226,12.919
226,1861,12.919
202,5823,27.872
5823,202,27.872
5823,7430,86.770
7430,5823,86.770
7430,4940,29.305
4940,7430,29.305
4940,5647,8.186
5647,4940,8.186
5647,5645,19.325
5645,5647,19.325
4750,5176,4.827
5176,4750,4.827
5176,5174,5.745
5174,5176,5.745
5174,7083,6.064
7083,5174,6.064
7083,38,1.627
38,7083,1.627
3319,4109,57.763
4109,3319,57.763
4109,3655,4.118
3655,4109,4.118
3655,1744,1.491
1744,3655,1.491
931,6341,6.748
6341,931,6.748
6341,8212,59.517
8212,6341,59.517
8212,3657,4.902
3657,8212,4.902
3657,1745,1.500
1745,3657,1.500
5370,7201,10.805
7201,5370,10.805
7201,7200,65.144
7200,7201,65.144
7200,4036,3.483
4036,7200,3.483
4036,6732,3.339
6732,4036,3.339
6732,3318,1.729
3318,6732,1.729
717,6031,15.563
6031,717,15.563
6031,1429,25.873
1429,6031,25.873
111,4016,6.137
4016,111,6.137
4016,8018,6.896
8018,4016,6.896
6381,4087,6.728
4087,6381,6.728
4087,739,34.438
739,4087,34.438
3584,3583,3.742
3583,3584,3.742
3583,3582,2.956
3582,3583,2.956
3582,3581,3.315
3581,3582,3.315
319,1820,12.722
1820,319,12.722
1820,5155,8.776
5155,1820,8.776
5155,1058,13.706
1058,5155,13.706
500,6496,5.671
6496,500,5.671
6496,5049,77.235
5049,6496,77.235
5049,5048,17.466
5048,5049,17.466
5048,4216,58.684
4216,5048,58.684
4216,2688,2.486
2688,4216,2.486
2688,503,1.694
503,2688,1.694
562,8050,12.971
8050,562,12.971
499,8334,42.654
8334,499,42.654
8334,8333,1.012
8333,8334,1.012
8333,8332,4.298
8332,8333,4.298
8332,6497,40.419
6497,8332,40.419
6497,500,4.539
500,6497,4.539
181,4708,8.017
4708,181,8.017
4708,4915,4.203
4915,4708,4.203
4915,5763,8.896
5763,4915,8.896
101,3529,1.367
3529,101,1.367
3529,6629,4.859
6629,3529,4.859
6629,6690,70.351
6690,6629,70.351
6690,711,7.409
711,6690,7.409
711,6694,7.614
6694,711,7.614
6694,6695,42.540
6695,6694,42.540
6695,712,12.072
712,6695,12.072
712,6691,5.159
6691,712,5.159
6691,6285,57.900
6285,6691,57.900
6285,3336,8.982
3336,6285,8.982
3336,6282,5.649
6282,3336,5.649
6282,1886,61.703
1886,6282,61.703
1886,6351,93.446
6351,1886,93.446
6351,3335,6.101
3335,6351,6.101
261,6354,10.780
6354,261,10.780
6354,6353,69.976
6353,6354,69.976
6353,3335,7.161
3335,6353,7.161
1889,7451,7.062
7451,1889,7.062
7451,5112,70.674
5112,7451,70.674
5112,6294,33.490
6294,5112,33.490
6294,843,7.288
843,6294,7.288
843,6293,8.970
6293,843,8.970
6293,6292,113.248
6292,6293,113.248
6292,712,9.534
712,6292,9.534
1889,6295,7.562
6295,1889,7.562
6295,8103,49.030
8103,6295,49.030
259,844,69.812
844,259,69.812
844,4378,20.562
4378,844,20.562
4378,7873,12.364
7873,4378,12.364
7873,6028,45.109
6028,7873,45.109
6028,6283,36.597
6283,6028,36.597
6283,4432,9.051
4432,6283,9.051
3344,4965,19.396
4965,3344,19.396
4965,3343,6.642
3343,4965,6.642
3343,4703,4.883
4703,3343,4.883
3344,3346,24.079
3346,3344,24.079
3346,682,11.225
682,3346,11.225
283,1620,6.419
1620,283,6.419
1280,3347,50.415
3347,1280,50.415
3347,1649,47.756
1649,3347,47.756
775,6426,4.717
6426,775,4.717
6426,5597,55.693
5597,6426,55.693
5597,8280,5.115
8280,5597,5.115
8280,5600,94.019
5600,8280,94.019
5600,1227,30.723
1227,5600,30.723
786,3353,39.082
3353,786,39.082
3353,3352,57.571
3352,3353,57.571
3352,3775,23.118
3775,3352,23.118
3775,8281,15.614
8281,3775,15.614
8281,3351,10.154
3351,8281,10.154
3351,3350,49.615
3350,3351,49.615
3350,3349,51.458
3349,3350,51.458
3349,3774,22.211
3774,3349,22.211
3774,3348,35.354
3348,3774,35.354
3348,7659,32.975
7659,3348,32.975
7659,6451,29.997
6451,7659,29.997
6451,7657,25.594
7657,6451,25.594
7657,741,33.955
741,7657,33.955
752,1637,10.408
1637,752,10.408
1637,4594,58.456
4594,1637,58.456
4594,1324,40.898
1324,4594,40.898
1324,1280,101.192
1280,1324,101.192
1140,2660,1.295
2660,1140,1.295
2660,5014,5.373
5014,2660,5.373
5014,7623,75.249
7623,5014,75.249
7623,7622,31.774
7622,7623,31.774
7622,7624,7.560
7624,7622,7.560
7624,3355,6.719
3355,7624,6.719
3355,7625,6.013
7625,3355,6.013
7625,7626,6.957
7626,7625,6.957
7626,651,19.240
651,7626,19.240
265,6524,8.486
6524,265,8.486
6524,4831,71.193
4831,6524,71.193
4831,6730,20.443
6730,4831,20.443
6730,5504,19.132
5504,6730,19.132
5504,1845,2.320
1845,5504,2.320
1845,1855,40.570
1855,1845,40.570
1855,1794,23.394
1794,1855,23.394
1794,7426,1.981
7426,1794,1.981
7426,1796,7.317
1796,7426,7.317
3917,5663,1.915
5663,3917,1.915
5663,5664,1.282
5664,5663,1.282
5664,2611,1.258
2611,5664,1.258
2611,5666,1.921
5666,2611,1.921
5666,5665,0.908
5665,5666,0.908
5665,3365,3.701
3365,5665,3.701
3365,5287,4.802
5287,3365,4.802
5287,1945,16.767
1945,5287,16.767
701,2572,74.721
2572,701,74.721
2572,2308,5.369
2308,2572,5.369
2308,6433,6.664
6433,2308,6.664
6433,6226,0.089
6226,6433,0.089
6226,6225,3.592
6225,6226,3.592
6225,2622,0.323
2622,6225,0.323
2622,6987,3.573
6987,2622,3.573
6987,2326,4.040
2326,6987,4.040
2326,6517,4.637
6517,2326,4.637
1807,2598,4.087
2598,1807,4.087
2598,7025,3.299
7025,2598,3.299
7025,3921,3.406
3921,7025,3.406
3921,4041,2.759
4041,3921,2.759
4041,3364,1.658
3364,4041,1.658
3364,7026,1.866
7026,3364,1.866
7026,7027,2.433
7027,7026,2.433
7027,7028,2.112
7028,7027,2.112
7028,1761,13.173
1761,7028,13.173
1511,5206,83.506
5206,1511,83.506
5206,2588,3.836
2588,5206,3.836
2588,1808,2.722
1808,2588,2.722
1808,715,6.993
715,1808,6.993
268,600,13.799
600,268,13.799
600,2196,11.048
2196,600,11.048
2196,5908,2.294
5908,2196,2.294
5908,5907,2.793
5907,5908,2.793
5907,4611,18.881
4611,5907,18.881
4611,2944,55.696
2944,4611,55.696
2944,4615,5.263
4615,2944,5.263
4615,720,5.500
720,4615,5.500
7,4212,45.655
4212,7,45.655
4212,1432,8.797
1432,4212,8.797
267,4510,78.340
4510,267,78.340
4510,4511,41.046
4511,4510,41.046
5744,7515,3.779
7515,5744,3.779
7515,6304,2.972
6304,7515,2.972
6304,5043,76.834
5043,6304,76.834
5043,5042,3.128
5042,5043,3.128
5042,6307,40.663
6307,5042,40.663
6307,769,3.649
769,6307,3.649
769,6308,6.266
6308,769,6.266
6308,6019,71.859
6019,6308,71.859
6019,7733,36.458
7733,6019,36.458
6321,7883,6.525
7883,6321,6.525
7883,1282,35.791
1282,7883,35.791
591,6321,35.321
6321,591,35.321
6321,4166,32.278
4166,6321,32.278
4166,7884,28.391
7884,4166,28.391
7884,5481,4.527
5481,7884,4.527
5481,229,6.551
229,5481,6.551
6305,2832,133.398
2832,6305,133.398
2832,254,9.394
254,2832,9.394
254,2831,6.057
2831,254,6.057
2831,7881,45.071
7881,2831,45.071
7881,1282,69.964
1282,7881,69.964
1282,1862,34.958
1862,1282,34.958
1862,591,8.552
591,1862,8.552
167,5517,46.554
5517,167,46.554
5517,7751,73.544
7751,5517,73.544
983,5679,6.408
5679,983,6.408
5679,3885,2.529
3885,5679,2.529
3885,1657,4.261
1657,3885,4.261
1657,1494,12.586
1494,1657,12.586
1494,7744,18.861
7744,1494,18.861
458,871,10.415
871,458,10.415
464,7418,4.607
7418,464,4.607
7418,421,91.345
421,7418,91.345
421,3130,33.999
3130,421,33.999
3130,465,48.043
465,3130,48.043
962,961,58.814
961,962,58.814
486,2432,9.966
2432,486,9.966
2432,2416,89.913
2416,2432,89.913
2416,485,23.935
485,2416,23.935
714,7560,2.090
7560,714,2.090
7560,5637,1.677
5637,7560,1.677
5637,7559,1.881
7559,5637,1.881
7559,3371,1.717
3371,7559,1.717
3371,713,75.036
713,3371,75.036
817,3373,14.408
3373,817,14.408
3373,4074,27.974
4074,3373,27.974
4074,4192,81.509
4192,4074,81.509
4192,5784,6.261
5784,4192,6.261
5784,2875,70.385
2875,5784,70.385
2875,5786,3.872
5786,2875,3.872
5786,5785,11.332
5785,5786,11.332
5785,5787,28.611
5787,5785,28.611
5787,3372,25.668
3372,5787,25.668
3372,7453,1.933
7453,3372,1.933
7453,7454,1.710
7454,7453,1.710
7454,7455,2.131
7455,7454,2.131
7455,3803,2.605
3803,7455,2.605
3803,5783,1.788
5783,3803,1.788
5783,3802,2.060
3802,5783,2.060
3802,7456,1.900
7456,3802,1.900
7456,7457,1.888
7457,7456,1.888
7457,948,2.139
948,7457,2.139
1322,8207,3.337
8207,1322,3.337
8207,2320,1.582
2320,8207,1.582
2320,745,23.331
745,2320,23.331
745,2316,23.937
2316,745,23.937
2316,2323,18.402
2323,2316,18.402
2323,744,19.109
744,2323,19.109
744,743,11.675
743,744,11.675
7500,1666,82.264
1666,7500,82.264
1666,1658,27.040
1658,1666,27.040
1658,3375,32.759
3375,1658,32.759
3375,3374,26.098
3374,3375,26.098
3374,729,29.169
729,3374,29.169
7440,3837,3.470
3837,7440,3.470
3837,6373,1.573
6373,3837,1.573
6373,6404,10.943
6404,6373,10.943
6404,3379,7.531
3379,6404,7.531
3379,3380,25.939
3380,3379,25.939
3380,3381,37.654
3381,3380,37.654
3381,3382,54.692
3382,3381,54.692
3382,6405,175.346
6405,3382,175.346
6405,78,4.612
78,6405,4.612
3386,3267,2.159
3267,3386,2.159
3267,160,0.846
160,3267,0.846
160,3864,2.116
3864,160,2.116
3391,5241,4.734
5241,3391,4.734
5241,2461,2.376
2461,5241,2.376
2461,2441,6.706
2441,2461,6.706
2441,4749,0.698
4749,2441,0.698
4749,7645,2.058
7645,4749,2.058
7645,4360,2.510
4360,7645,2.510
4360,4359,2.422
4359,4360,2.422
4359,2061,8.431
2061,4359,8.431
3387,3389,12.735
3389,3387,12.735
3391,4318,11.462
4318,3391,11.462
4318,7339,48.421
7339,4318,48.421
7339,3388,3.462
3388,7339,3.462
376,2666,13.493
2666,376,13.493
2666,3391,15.026
3391,2666,15.026
3299,5165,48.698
5165,3299,48.698
5165,5164,41.158
5164,5165,41.158
3298,5166,90.149
5166,3298,90.149
3297,3295,16.519
3295,3297,16.519
3300,7338,6.146
7338,3300,6.146
7338,3385,6.227
3385,7338,6.227
3385,3387,13.163
3387,3385,13.163
3386,3384,13.585
3384,3386,13.585
383,3425,3.191
3425,383,3.191
3425,3428,8.348
3428,3425,8.348
3428,3430,6.422
3430,3428,6.422
3430,3432,6.481
3432,3430,6.481
3432,3433,2.511
3433,3432,2.511
3433,3435,3.900
3435,3433,3.900
3435,3436,3.003
3436,3435,3.003
3436,3438,3.026
3438,3436,3.026
3438,3439,3.258
3439,3438,3.258
3439,3441,3.474
3441,3439,3.474
3441,3442,3.027
3442,3441,3.027
3442,3444,3.111
3444,3442,3.111
3444,3445,3.191
3445,3444,3.191
3445,3447,3.428
3447,3445,3.428
3447,3448,2.993
3448,3447,2.993
3448,3450,3.587
3450,3448,3.587
3450,3452,3.730
3452,3450,3.730
3452,3453,2.435
3453,3452,2.435
3453,3455,3.516
3455,3453,3.516
3455,3456,3.806
3456,3455,3.806
3456,3457,3.904
3457,3456,3.904
3457,3459,1.789
3459,3457,1.789
3459,3461,3.338
3461,3459,3.338
3461,3462,4.104
3462,3461,4.104
3462,3464,4.382
3464,3462,4.382
3464,3466,4.242
3466,3464,4.242
3466,3468,3.645
3468,3466,3.645
3468,3470,5.313
3470,3468,5.313
3470,3472,5.588
3472,3470,5.588
3472,3474,17.679
3474,3472,17.679
3474,6788,8.738
6788,3474,8.738
6788,3476,11.878
3476,6788,11.878
3476,4082,8.297
4082,3476,8.297
4082,3478,14.754
3478,4082,14.754
3478,3480,21.517
3480,3478,21.517
3480,3482,4.468
3482,3480,4.468
3482,3484,5.851
3484,3482,5.851
3484,3485,4.928
3485,3484,4.928
3485,3487,4.457
3487,3485,4.457
3487,4081,3.735
4081,3487,3.735
4081,3489,1.054
3489,4081,1.054
3489,3491,5.866
3491,3489,5.866
3491,3493,4.215
3493,3491,4.215
3493,3495,4.103
3495,3493,4.103
3495,3497,4.590
3497,3495,4.590
3497,3499,4.562
3499,3497,4.562
3499,3501,4.201
3501,3499,4.201
3501,3502,3.972
3502,3501,3.972
3500,3498,4.390
3498,3500,4.390
3498,3496,4.265
3496,3498,4.265
3496,3494,3.889
3494,3496,3.889
3494,3492,4.011
3492,3494,4.011
3492,3490,5.695
3490,3492,5.695
3490,3488,4.569
3488,3490,4.569
3488,7491,4.635
7491,3488,4.635
7491,3486,3.184
3486,7491,3.184
3486,3483,6.455
3483,3486,6.455
3483,3481,5.719
3481,3483,5.719
3481,3479,20.447
3479,3481,20.447
3479,3477,20.088
3477,3479,20.088
3477,3475,24.898
3475,3477,24.898
3475,3473,12.308
3473,3475,12.308
3473,3471,6.211
3471,3473,6.211
3471,3469,6.115
3469,3471,6.115
3469,3467,5.722
3467,3469,5.722
3467,3465,5.665
3465,3467,5.665
3465,3463,5.979
3463,3465,5.979
3463,3460,6.095
3460,3463,6.095
3460,3458,6.185
3458,3460,6.185
3458,3454,5.837
3454,3458,5.837
3454,3451,6.194
3451,3454,6.194
3451,3449,5.383
3449,3451,5.383
3449,3446,6.190
3446,3449,6.190
3446,3443,5.940
3443,3446,5.940
3443,3440,6.174
3440,3443,6.174
3440,3437,6.110
3437,3440,6.110
3437,3434,5.873
3434,3437,5.873
3434,3431,6.011
3431,3434,6.011
3431,3429,5.863
3429,3431,5.863
3429,3427,5.791
3427,3429,5.791
3427,5114,6.317
5114,3427,6.317
5114,3426,2.948
3426,5114,2.948
3426,383,5.729
383,3426,5.729
3509,3511,9.416
3511,3509,9.416
3511,1932,17.935
1932,3511,17.935
1932,5126,28.509
5126,1932,28.509
5126,4153,28.643
4153,5126,28.643
3502,3504,5.473
3504,3502,5.473
3504,3505,5.404
3505,3504,5.404
3505,3506,5.586
3506,3505,5.586
3506,3507,5.296
3507,3506,5.296
3507,3509,5.723
3509,3507,5.723
1022,1023,28.013
1023,1022,28.013
1023,36,42.054
36,1023,42.054
1019,1018,10.347
1018,1019,10.347
1018,276,11.917
276,1018,11.917
276,2997,6.980
2997,276,6.980
2997,981,8.149
981,2997,8.149
1019,1020,21.148
1020,1019,21.148
1020,990,9.202
990,1020,9.202
1928,2885,6.933
2885,1928,6.933
2885,2886,2.710
2886,2885,2.710
2886,4154,8.277
4154,2886,8.277
1040,1273,151.968
1273,1040,151.968
1054,1055,35.745
1055,1054,35.745
1055,4314,10.076
4314,1055,10.076
4314,4315,19.714
4315,4314,19.714
4315,6000,21.788
6000,4315,21.788
6000,417,0.913
417,6000,0.913
416,4847,17.091
4847,416,17.091
4847,1061,25.411
1061,4847,25.411
1061,2851,11.637
2851,1061,11.637
2851,423,5.565
423,2851,5.565
1005,3060,133.759
3060,1005,133.759
3060,5047,11.246
5047,3060,11.246
5047,1008,37.732
1008,5047,37.732
8181,8185,9.983
8185,8181,9.983
8185,2988,4.467
2988,8185,4.467
2988,7803,20.447
7803,2988,20.447
1003,1268,10.102
1268,1003,10.102
1268,1063,33.724
1063,1268,33.724
1063,4519,10.515
4519,1063,10.515
4519,4520,12.826
4520,4519,12.826
4520,1064,10.633
1064,4520,10.633
1064,1275,14.495
1275,1064,14.495
417,4316,1.142
4316,417,1.142
4316,1072,24.514
1072,4316,24.514
389,4637,43.265
4637,389,43.265
4637,2849,17.766
2849,4637,17.766
2849,415,5.904
415,2849,5.904
319,1858,10.893
1858,319,10.893
1858,7796,17.891
7796,1858,17.891
414,1852,24.416
1852,414,24.416
1852,1853,27.130
1853,1852,27.130
1853,3080,7.548
3080,1853,7.548
3080,3079,6.078
3079,3080,6.078
3079,425,5.468
425,3079,5.468
425,3081,3.094
3081,425,3.094
3081,2339,7.084
2339,3081,7.084
2339,6696,17.034
6696,2339,17.034
6696,3082,5.228
3082,6696,5.228
3082,3083,6.950
3083,3082,6.950
3083,1059,3.968
1059,3083,3.968
401,7827,29.829
7827,401,29.829
1053,4254,31.383
4254,1053,31.383
4254,1052,8.181
1052,4254,8.181
1057,4345,15.594
4345,1057,15.594
4345,4344,5.026
4344,4345,5.026
4344,1051,3.679
1051,4344,3.679
273,7802,130.753
7802,273,130.753
999,8068,30.604
8068,999,30.604
984,6636,4.697
6636,984,4.697
6636,985,1.635
985,6636,1.635
985,4863,7.630
4863,985,7.630
4863,2872,17.860
2872,4863,17.860
2872,7754,10.900
7754,2872,10.900
383,3424,1.342
3424,383,1.342
3424,1272,12.957
1272,3424,12.957
1272,384,33.683
384,1272,33.683
910,6349,1.696
6349,910,1.696
6349,7954,42.337
7954,6349,42.337
3581,3586,23.231
3586,3581,23.231
3586,3587,7.226
3587,3586,7.226
3587,1174,7.459
1174,3587,7.459
1174,3589,7.387
3589,1174,7.387
3589,3588,7.832
3588,3589,7.832
3588,3585,12.692
3585,3588,12.692
3585,3584,12.847
3584,3585,12.847
3606,3603,23.101
3603,3606,23.101
3603,4372,3.549
4372,3603,3.549
4372,7891,3.629
7891,4372,3.629
7891,7897,0.371
7897,7891,0.371
7897,7890,1.961
7890,7897,1.961
7890,7895,0.716
7895,7890,0.716
7895,4371,2.113
4371,7895,2.113
4371,52,3.018
52,4371,3.018
3707,3708,10.457
3708,3707,10.457
3708,3709,12.962
3709,3708,12.962
3709,3710,12.853
3710,3709,12.853
3710,3711,12.217
3711,3710,12.217
3711,3712,11.912
3712,3711,11.912
3712,3713,32.706
3713,3712,32.706
3713,3714,6.763
3714,3713,6.763
3714,3715,16.501
3715,3714,16.501
3715,3716,16.195
3716,3715,16.195
3716,3717,15.840
3717,3716,15.840
3717,3718,16.101
3718,3717,16.101
3718,3719,16.545
3719,3718,16.545
3719,3720,16.629
3720,3719,16.629
3720,3721,15.433
3721,3720,15.433
3721,3722,17.261
3722,3721,17.261
3722,3723,15.967
3723,3722,15.967
3723,3724,15.375
3724,3723,15.375
3724,3725,30.627
3725,3724,30.627
3725,3726,17.079
3726,3725,17.079
3726,4067,3.857
4067,3726,3.857
4067,1147,4.243
1147,4067,4.243
1147,1148,15.739
1148,1147,15.739
333,2892,6.041
2892,333,6.041
2892,4270,12.345
4270,2892,12.345
4270,6443,56.871
6443,4270,56.871
6443,2512,7.163
2512,6443,7.163
2512,290,23.246
290,2512,23.246
290,1873,31.069
1873,290,31.069
1873,26,7.100
26,1873,7.100
947,796,72.308
796,947,72.308
3764,1100,12.859
1100,3764,12.859
82,1682,27.150
1682,82,27.150
1682,946,86.451
946,1682,86.451
946,947,68.781
947,946,68.781
947,1662,26.693
1662,947,26.693
1662,3764,47.994
3764,1662,47.994
3763,946,79.757
946,3763,79.757
266,2449,8.241
2449,266,8.241
2449,3771,85.017
3771,2449,85.017
3770,3954,40.968
3954,3770,40.968
3954,723,4.089
723,3954,4.089
3771,4828,19.615
4828,3771,19.615
4828,5775,21.130
5775,4828,21.130
5775,2357,11.437
2357,5775,11.437
2357,4146,128.646
4146,2357,128.646
4146,3772,9.935
3772,4146,9.935
3477,4795,3.918
4795,3477,3.918
4795,5498,9.420
5498,4795,9.420
5498,6700,7.689
6700,5498,7.689
6700,5119,10.662
5119,6700,10.662
5119,1021,27.678
1021,5119,27.678
1772,3107,16.654
3107,1772,16.654
3107,10,9.418
10,3107,9.418
1895,4293,18.846
4293,1895,18.846
4293,8311,1.270
8311,4293,1.270
1044,2842,3.042
2842,1044,3.042
2842,4583,83.663
4583,2842,83.663
4583,4585,36.469
4585,4583,36.469
4585,4358,43.074
4358,4585,43.074
4358,2205,70.889
2205,4358,70.889
717,2027,116.526
2027,717,116.526
2018,2098,3.297
2098,2018,3.297
2098,2097,3.749
2097,2098,3.749
2097,1477,3.045
1477,2097,3.045
1477,1968,4.866
1968,1477,4.866
1968,1980,18.364
1980,1968,18.364
137,3040,2.738
3040,137,2.738
3040,3039,2.737
3039,3040,2.737
3039,3037,2.739
3037,3039,2.739
3037,1528,2.741
1528,3037,2.741
1528,3035,2.737
3035,1528,2.737
3035,3033,2.729
3033,3035,2.729
3033,3031,2.740
3031,3033,2.740
3031,3030,2.741
3030,3031,2.741
3030,369,2.736
369,3030,2.736
369,3027,2.734
3027,369,2.734
3027,3026,2.738
3026,3027,2.738
3026,373,2.742
373,3026,2.742
373,3022,2.732
3022,373,2.732
3022,3021,2.743
3021,3022,2.743
3021,3020,2.734
3020,3021,2.734
3020,363,2.733
363,3020,2.733
363,3017,2.859
3017,363,2.859
3017,3015,2.855
3015,3017,2.855
3015,3013,2.846
3013,3015,2.846
3013,368,2.853
368,3013,2.853
368,3011,2.854
3011,368,2.854
3011,3009,2.850
3009,3011,2.850
3009,3007,2.854
3007,3009,2.854
3007,371,1.449
371,3007,1.449
371,3006,4.075
3006,371,4.075
3006,3008,2.675
3008,3006,2.675
3008,3010,2.678
3010,3008,2.678
3010,370,2.679
370,3010,2.679
370,3012,2.674
3012,370,2.674
3012,3014,2.683
3014,3012,2.683
3014,3016,2.679
3016,3014,2.679
3016,364,2.520
364,3016,2.520
501,6326,6.079
6326,501,6.079
6326,8027,4.545
8027,6326,4.545
502,2814,13.210
2814,502,13.210
2814,1240,37.009
1240,2814,37.009
1240,7978,61.901
7978,1240,61.901
1283,7383,31.807
7383,1283,31.807
7383,3792,95.187
3792,7383,95.187
3792,507,9.629
507,3792,9.629
49,2790,12.522
2790,49,12.522
2790,3797,17.070
3797,2790,17.070
3797,2791,81.994
2791,3797,81.994
2791,1890,31.364
1890,2791,31.364
1890,6044,22.896
6044,1890,22.896
6044,5652,4.559
5652,6044,4.559
5652,2266,1.696
2266,5652,1.696
2266,4435,32.048
4435,2266,32.048
207,6140,7.735
6140,207,7.735
6140,4506,21.199
4506,6140,21.199
4506,330,24.424
330,4506,24.424
330,2457,33.834
2457,330,33.834
2457,2456,5.986
2456,2457,5.986
2456,1294,8.601
1294,2456,8.601
1294,1544,5.247
1544,1294,5.247
1544,5192,12.092
5192,1544,12.092
5192,5193,12.241
5193,5192,12.241
5193,5194,12.447
5194,5193,12.447
5194,329,12.395
329,5194,12.395
329,5195,11.251
5195,329,11.251
5195,3078,7.388
3078,5195,7.388
3078,6092,6.790
6092,3078,6.790
6092,5196,2.580
5196,6092,2.580
5196,1083,8.453
1083,5196,8.453
6528,3113,16.891
3113,6528,16.891
3113,6435,20.326
6435,3113,20.326
6435,6529,30.499
6529,6435,30.499
5582,7937,25.162
7937,5582,25.162
2616,2617,8.539
2617,2616,8.539
2616,4887,21.961
4887,2616,21.961
4887,6962,3.122
6962,4887,3.122
6962,6963,2.389
6963,6962,2.389
6963,2464,1.322
2464,6963,1.322
2464,6964,2.020
6964,2464,2.020
6964,2600,1.611
2600,6964,1.611
2600,6972,2.974
6972,2600,2.974
6972,3155,2.535
3155,6972,2.535
3155,653,10.411
653,3155,10.411
1508,6951,1.463
6951,1508,1.463
6951,4133,3.185
4133,6951,3.185
4133,2956,2.975
2956,4133,2.975
2956,2621,1.534
2621,2956,1.534
2621,6952,2.418
6952,2621,2.418
6952,2616,5.040
2616,6952,5.040
653,3929,12.059
3929,653,12.059
3929,3928,2.744
3928,3929,2.744
3928,4885,7.563
4885,3928,7.563
4885,3927,5.352
3927,4885,5.352
3927,3926,4.299
3926,3927,4.299
3926,3925,4.085
3925,3926,4.085
3925,1508,6.662
1508,3925,6.662
3581,1750,7.169
1750,3581,7.169
1750,6063,5.969
6063,1750,5.969
6063,3322,5.747
3322,6063,5.747
354,1378,18.857
1378,354,18.857
1378,3823,118.975
3823,1378,118.975
634,353,12.115
353,634,12.115
353,4809,22.380
4809,353,22.380
4809,354,71.571
354,4809,71.571
3823,3822,12.846
3822,3823,12.846
3822,7324,11.517
7324,3822,11.517
7324,7325,18.739
7325,7324,18.739
7325,633,7.397
633,7325,7.397
633,3820,7.380
3820,633,7.380
3820,7662,4.683
7662,3820,4.683
7662,632,5.501
632,7662,5.501
1482,3825,9.996
3825,1482,9.996
3825,6823,2.715
6823,3825,2.715
6823,6822,2.972
6822,6823,2.972
6822,6824,2.508
6824,6822,2.508
6824,6825,2.721
6825,6824,2.721
6825,1590,3.237
1590,6825,3.237
471,7621,8.047
7621,471,8.047
7621,6646,1.460
6646,7621,1.460
6646,5895,3.714
5895,6646,3.714
5895,1338,81.080
1338,5895,81.080
2882,6203,1.740
6203,2882,1.740
6203,6742,19.961
6742,6203,19.961
6742,8170,20.590
8170,6742,20.590
2883,5781,6.137
5781,2883,6.137
5781,4464,10.418
4464,5781,10.418
4464,4355,33.533
4355,4464,33.533
4355,4463,20.866
4463,4355,20.866
4463,4462,35.679
4462,4463,35.679
4462,5813,28.739
5813,4462,28.739
5813,5812,2.992
5812,5813,2.992
5812,2896,4.376
2896,5812,4.376
2896,5811,29.132
5811,2896,29.132
5811,5810,3.263
5810,5811,3.263
5810,5805,9.678
5805,5810,9.678
7442,5377,1.458
5377,7442,1.458
5377,5378,1.924
5378,5377,1.924
5378,1613,1.926
1613,5378,1.926
1613,5379,1.924
5379,1613,1.924
5379,5380,1.932
5380,5379,1.932
5380,5382,1.923
5382,5380,1.923
5382,1178,1.924
1178,5382,1.924
1178,5384,1.917
5384,1178,1.917
5384,5387,1.925
5387,5384,1.925
5387,1614,1.928
1614,5387,1.928
1614,5389,1.928
5389,1614,1.928
5389,58,2.477
58,5389,2.477
6074,4428,35.813
4428,6074,35.813
4428,1102,4.759
1102,4428,4.759
3864,3387,5.246
3387,3864,5.246
2897,7460,59.121
7460,2897,59.121
7460,7459,6.723
7459,7460,6.723
7459,3988,4.636
3988,7459,4.636
3988,6809,3.150
6809,3988,3.150
6809,816,6.269
816,6809,6.269
1392,4877,9.234
4877,1392,9.234
4877,1874,1.796
1874,4877,1.796
3874,8374,3.358
8374,3874,3.358
8374,6348,2.956
6348,8374,2.956
6348,8407,1.735
8407,6348,1.735
8407,8406,1.769
8406,8407,1.769
8406,8362,1.790
8362,8406,1.790
8362,6265,9.153
6265,8362,9.153
6265,6252,60.922
6252,6265,60.922
6252,703,47.642
703,6252,47.642
703,893,70.153
893,703,70.153
329,6093,6.573
6093,329,6.573
6093,1082,57.544
1082,6093,57.544
469,704,34.055
704,469,34.055
990,8323,161.667
8323,990,161.667
8323,3880,49.990
3880,8323,49.990
2884,3880,87.048
3880,2884,87.048
5804,5814,15.312
5814,5804,15.312
5814,4900,6.288
4900,5814,6.288
4900,195,16.918
195,4900,16.918
1942,1941,9.269
1941,1942,9.269
505,6330,7.489
6330,505,7.489
6330,7986,54.095
7986,6330,54.095
2341,6992,5.399
6992,2341,5.399
6992,6991,2.845
6991,6992,2.845
6991,3902,2.481
3902,6991,2.481
3902,6988,1.794
6988,3902,1.794
6988,3900,2.548
3900,6988,2.548
3900,3899,2.622
3899,3900,2.622
3899,3896,1.999
3896,3899,1.999
3896,6989,1.722
6989,3896,1.722
6989,3895,1.536
3895,6989,1.536
3895,6990,2.170
6990,3895,2.170
6990,4038,1.504
4038,6990,1.504
4038,1919,4.152
1919,4038,4.152
1919,7909,9.746
7909,1919,9.746
7909,7910,8.530
7910,7909,8.530
7910,1918,35.539
1918,7910,35.539
1918,602,21.497
602,1918,21.497
3873,446,15.757
446,3873,15.757
426,4493,26.579
4493,426,26.579
4493,6632,4.013
6632,4493,4.013
6632,7722,1.513
7722,6632,1.513
1480,5399,80.122
5399,1480,80.122
5399,716,23.114
716,5399,23.114
1512,1920,13.899
1920,1512,13.899
1920,6417,58.353
6417,1920,58.353
6417,6414,4.982
6414,6417,4.982
6414,1513,8.265
1513,6414,8.265
420,7353,5.654
7353,420,5.654
7353,5772,71.219
5772,7353,71.219
5772,421,77.175
421,5772,77.175
421,422,89.030
422,421,89.030
3890,3366,9.871
3366,3890,9.871
3366,3367,9.587
3367,3366,9.587
3367,4439,34.193
4439,3367,34.193
4439,5716,11.248
5716,4439,11.248
5716,640,7.329
640,5716,7.329
450,3406,1.292
3406,450,1.292
3406,4032,4.485
4032,3406,4.485
4032,8143,5.571
8143,4032,5.571
8143,4835,1.430
4835,8143,1.430
4835,2271,6.527
2271,4835,6.527
2271,8142,99.395
8142,2271,99.395
8142,454,4.710
454,8142,4.710
5710,5567,37.476
5567,5710,37.476
5567,7518,2.807
7518,5567,2.807
7518,225,4.933
225,7518,4.933
1042,2704,6.883
2704,1042,6.883
2704,8187,11.930
8187,2704,11.930
8187,2716,2.426
2716,8187,2.426
2716,8189,1.981
8189,2716,1.981
8189,1258,4.064
1258,8189,4.064
1041,2436,27.000
2436,1041,27.000
2436,5296,5.320
5296,2436,5.320
5296,2860,12.370
2860,5296,12.370
2860,318,25.077
318,2860,25.077
318,2435,22.815
2435,318,22.815
2435,2862,16.386
2862,2435,16.386
3884,982,29.379
982,3884,29.379
3778,7850,13.406
7850,3778,13.406
775,5596,12.340
5596,775,12.340
5596,5749,22.497
5749,5596,22.497
5749,5603,69.686
5603,5749,69.686
5603,5601,12.636
5601,5603,12.636
5601,8278,22.619
8278,5601,22.619
8278,4449,34.772
4449,8278,34.772
4449,5604,17.753
5604,4449,17.753
5604,8277,15.506
8277,5604,15.506
8277,5695,4.972
5695,8277,4.972
5695,8282,34.974
8282,5695,34.974
8282,5605,22.691
5605,8282,22.691
5605,3881,9.795
3881,5605,9.795
3881,5753,6.175
5753,3881,6.175
5753,5608,24.986
5608,5753,24.986
5608,5750,35.609
5750,5608,35.609
5750,5606,6.209
5606,5750,6.209
5606,4426,7.220
4426,5606,7.220
4426,7660,26.109
7660,4426,26.109
7660,5602,3.484
5602,7660,3.484
5602,4427,0.533
4427,5602,0.533
4427,3989,45.032
3989,4427,45.032
3989,5607,4.938
5607,3989,4.938
5607,785,73.624
785,5607,73.624
3979,5093,10.289
5093,3979,10.289
5093,6533,16.374
6533,5093,16.374
6533,5691,10.429
5691,6533,10.429
5691,6532,6.897
6532,5691,6.897
6532,3970,13.463
3970,6532,13.463
903,1447,18.013
1447,903,18.013
1447,4249,25.503
4249,1447,25.503
4249,4248,30.616
4248,4249,30.616
4248,6039,20.938
6039,4248,20.938
6039,904,12.305
904,6039,12.305
2443,5177,7.404
5177,2443,7.404
5177,5175,4.016
5175,5177,4.016
5175,38,9.007
38,5175,9.007
3947,2443,61.168
2443,3947,61.168
422,7084,65.274
7084,422,65.274
7084,3947,1.478
3947,7084,1.478
6400,1977,7.361
1977,6400,7.361
1977,2369,26.805
2369,1977,26.805
2369,3999,14.744
3999,2369,14.744
3999,4000,9.168
4000,3999,9.168
4000,3830,11.063
3830,4000,11.063
3830,6780,9.860
6780,3830,9.860
6780,4001,8.316
4001,6780,8.316
4001,4002,7.779
4002,4001,7.779
4002,6779,7.650
6779,4002,7.650
6779,3998,8.208
3998,6779,8.208
3998,4006,8.357
4006,3998,8.357
4006,4004,9.998
4004,4006,9.998
4004,4005,11.053
4005,4004,11.053
4005,4003,6.256
4003,4005,6.256
4003,6781,4.999
6781,4003,4.999
6781,4007,5.485
4007,6781,5.485
4007,4505,2.778
4505,4007,2.778
4046,4684,3.059
4684,4046,3.059
4684,2546,4.932
2546,4684,4.932
2546,515,1.221
515,2546,1.221
8173,5619,4.409
5619,8173,4.409
5619,2541,0.052
2541,5619,0.052
2541,1831,2.086
1831,2541,2.086
4051,498,13.368
498,4051,13.368
4063,3304,1.638
3304,4063,1.638
3304,1397,2.546
1397,3304,2.546
4064,3306,9.590
3306,4064,9.590
911,6627,3.757
6627,911,3.757
6627,7984,22.295
7984,6627,22.295
2922,199,39.491
199,2922,39.491
199,559,13.384
559,199,13.384
559,7708,20.324
7708,559,20.324
7708,2924,27.417
2924,7708,27.417
2924,200,17.635
200,2924,17.635
200,7709,13.275
7709,200,13.275
7709,1493,6.413
1493,7709,6.413
1493,6083,25.703
6083,1493,25.703
6083,190,13.824
190,6083,13.824
199,4127,12.245
4127,199,12.245
4127,2923,31.730
2923,4127,31.730
2923,6024,16.611
6024,2923,16.611
6024,445,2.897
445,6024,2.897
445,2403,8.923
2403,445,8.923
2403,7707,8.759
7707,2403,8.759
7707,2404,10.848
2404,7707,10.848
2404,6025,65.326
6025,2404,65.326
6025,7706,38.869
7706,6025,38.869
7706,4935,39.664
4935,7706,39.664
4935,2281,7.138
2281,4935,7.138
2281,6167,4.924
6167,2281,4.924
6167,446,12.281
446,6167,12.281
913,6467,56.197
6467,913,56.197
6467,1749,8.900
1749,6467,8.900
1749,914,6.159
914,1749,6.159
897,709,30.220
709,897,30.220
6590,994,47.870
994,6590,47.870
994,5491,8.992
5491,994,8.992
5491,5490,8.619
5490,5491,8.619
5490,993,9.209
993,5490,9.209
993,992,28.756
992,993,28.756
992,7761,3.275
7761,992,3.275
983,2413,15.330
2413,983,15.330
2413,984,17.223
984,2413,17.223
3880,969,24.730
969,3880,24.730
3405,2423,29.138
2423,3405,29.138
2423,3404,5.722
3404,2423,5.722
3404,3403,5.942
3403,3404,5.942
3403,3402,5.716
3402,3403,5.716
3402,3401,6.222
3401,3402,6.222
3401,3400,10.792
3400,3401,10.792
3400,3399,11.605
3399,3400,11.605
3399,451,55.384
451,3399,55.384
451,7071,63.571
7071,451,63.571
7071,543,4.928
543,7071,4.928
7432,2911,2.266
2911,7432,2.266
2911,1477,9.777
1477,2911,9.777
1477,2912,6.797
2912,1477,6.797
2912,7627,57.994
7627,2912,57.994
1508,3924,10.465
3924,1508,10.465
3924,6953,6.296
6953,3924,6.296
6953,209,4.873
209,6953,4.873
4139,6323,10.502
6323,4139,10.502
6323,6681,24.877
6681,6323,24.877
6681,1328,42.399
1328,6681,42.399
1328,235,27.134
235,1328,27.134
235,236,78.266
236,235,78.266
688,1604,4.468
1604,688,4.468
1604,1605,2.297
1605,1604,2.297
1605,605,5.537
605,1605,5.537
689,5309,7.180
5309,689,7.180
5309,2386,9.046
2386,5309,9.046
2386,1936,8.055
1936,2386,8.055
1936,1937,26.407
1937,1936,26.407
1937,3772,5.715
3772,1937,5.715
1736,7611,21.767
7611,1736,21.767
7611,1737,113.026
1737,7611,113.026
3295,5154,22.635
5154,3295,22.635
5154,5418,8.850
5418,5154,8.850
5418,3539,3.301
3539,5418,3.301
4155,4157,13.008
4157,4155,13.008
4153,5129,21.107
5129,4153,21.107
5129,6697,8.493
6697,5129,8.493
6697,2453,8.739
2453,6697,8.739
2453,1925,44.595
1925,2453,44.595
1925,4609,14.018
4609,1925,14.018
4609,4154,9.411
4154,4609,9.411
4154,1931,9.257
1931,4154,9.257
3512,36,18.223
36,3512,18.223
1923,1934,6.156
1934,1923,6.156
1934,7496,20.590
7496,1934,20.590
7496,1290,8.973
1290,7496,8.973
641,1823,13.467
1823,641,13.467
1823,1024,96.258
1024,1823,96.258
1931,4610,7.075
4610,1931,7.075
4610,5136,6.641
5136,4610,6.641
5136,1856,11.297
1856,5136,11.297
721,4613,65.456
4613,721,65.456
4613,5533,54.978
5533,4613,54.978
5533,4612,9.841
4612,5533,9.841
4612,267,62.123
267,4612,62.123
4219,422,67.967
422,4219,67.967
1059,3084,1.801
3084,1059,1.801
3084,2340,3.766
2340,3084,3.766
2340,3085,9.452
3085,2340,9.452
3085,4257,11.647
4257,3085,11.647
4257,3086,20.312
3086,4257,20.312
3086,158,10.762
158,3086,10.762
4263,2663,108.646
2663,4263,108.646
2663,8217,80.298
8217,2663,80.298
4280,3230,42.842
3230,4280,42.842
3230,5860,7.711
5860,3230,7.711
5860,1316,7.979
1316,5860,7.979
211,4671,11.385
4671,211,11.385
4671,4285,10.040
4285,4671,10.040
4285,4283,7.184
4283,4285,7.184
1346,6662,16.042
6662,1346,16.042
6662,620,29.106
620,6662,29.106
4308,623,22.883
623,4308,22.883
7588,7575,6.250
7575,7588,6.250
7575,2110,4.534
2110,7575,4.534
2110,2121,8.801
2121,2110,8.801
2121,7109,19.841
7109,2121,19.841
7109,2116,20.314
2116,7109,20.314
2116,616,22.571
616,2116,22.571
4320,4321,44.404
4321,4320,44.404
4321,2222,5.219
2222,4321,5.219
2222,88,13.698
88,2222,13.698
1281,4516,23.298
4516,1281,23.298
4516,2225,14.783
2225,4516,14.783
2225,98,10.588
98,2225,10.588
5396,4019,38.689
4019,5396,38.689
4019,412,14.363
412,4019,14.363
412,4337,13.023
4337,412,13.023
4337,7779,26.854
7779,4337,26.854
2245,4405,17.825
4405,2245,17.825
4405,911,3.625
911,4405,3.625
52,7892,3.112
7892,52,3.112
7892,7896,2.367
7896,7892,2.367
7896,4370,1.603
4370,7896,1.603
4370,7898,1.579
7898,4370,1.579
7898,7893,3.170
7893,7898,3.170
7893,7894,4.453
7894,7893,4.453
7894,3604,2.771
3604,7894,2.771
3604,3605,6.663
3605,3604,6.663
506,6329,7.282
6329,506,7.282
6329,7999,68.899
7999,6329,68.899
2350,4418,7.007
4418,2350,7.007
4418,5568,5.420
5568,4418,5.420
5568,4417,10.181
4417,5568,10.181
130,4420,6.491
4420,130,6.491
4419,4420,3.609
4420,4419,3.609
5668,2779,5.093
2779,5668,5.093
2779,2778,35.130
2778,2779,35.130
18,2602,8.913
2602,18,8.913
2602,4135,5.041
4135,2602,5.041
4135,6968,5.007
6968,4135,5.007
6968,6958,4.279
6958,6968,4.279
6958,6959,4.691
6959,6958,4.691
6959,6969,7.645
6969,6959,7.645
6969,19,10.964
19,6969,10.964
4435,5362,4.995
5362,4435,4.995
5362,4436,13.590
4436,5362,13.590
4436,5928,7.684
5928,4436,7.684
5928,5348,17.674
5348,5928,17.674
5348,1891,7.104
1891,5348,7.104
1891,4437,24.696
4437,1891,24.696
4437,5581,5.849
5581,4437,5.849
7438,7439,14.031
7439,7438,14.031
7439,7282,2.032
7282,7439,2.032
7282,442,10.216
442,7282,10.216
287,7255,4.597
7255,287,4.597
7255,6344,5.070
6344,7255,5.070
6344,2109,3.438
2109,6344,3.438
2109,7257,2.532
7257,2109,2.532
7257,7256,2.821
7256,7257,2.821
7256,7260,21.199
7260,7256,21.199
7260,7259,4.113
7259,7260,4.113
7259,7261,3.918
7261,7259,3.918
7261,1143,4.699
1143,7261,4.699
1143,7258,6.321
7258,1143,6.321
7258,1319,24.444
1319,7258,24.444
1319,71,5.835
71,1319,5.835
335,546,28.854
546,335,28.854
546,552,8.304
552,546,8.304
552,765,10.577
765,552,10.577
765,553,12.815
553,765,12.815
553,4079,14.114
4079,553,14.114
4079,4327,9.750
4327,4079,9.750
4327,494,65.318
494,4327,65.318
244,2414,16.239
2414,244,16.239
2414,2262,11.289
2262,2414,11.289
602,4818,5.636
4818,602,5.636
4042,7847,2.799
7847,4042,2.799
7847,7846,62.481
7846,7847,62.481
7846,699,7.132
699,7846,7.132
43,1211,7.205
1211,43,7.205
2206,5594,4.012
5594,2206,4.012
5594,5527,7.612
5527,5594,7.612
5527,5271,20.447
5271,5527,20.447
5271,1989,5.108
1989,5271,5.108
2202,589,28.332
589,2202,28.332
1952,685,22.869
685,1952,22.869
1958,2893,1.336
2893,1958,1.336
2893,4655,21.218
4655,2893,21.218
4655,3307,12.542
3307,4655,12.542
376,4839,4.375
4839,376,4.375
4839,2940,3.211
2940,4839,3.211
2940,3391,1.433
3391,2940,1.433
4623,3563,1.292
3563,4623,1.292
3563,3339,3.504
3339,3563,3.504
6384,6932,3.834
6932,6384,3.834
6932,6933,2.485
6933,6932,2.485
6933,6934,2.764
6934,6933,2.764
6934,6935,1.989
6935,6934,1.989
6935,6936,2.615
6936,6935,2.615
6936,6937,1.021
6937,6936,1.021
6937,6939,1.281
6939,6937,1.281
6939,6940,1.664
6940,6939,1.664
6940,4622,1.716
4622,6940,1.716
4622,4623,2.218
4623,4622,2.218
4644,6313,1.811
6313,4644,1.811
6313,7517,2.056
7517,6313,2.056
7517,698,3.840
698,7517,3.840
4645,4644,12.865
4644,4645,12.865
4647,1645,7.903
1645,4647,7.903
1645,5040,16.155
5040,1645,16.155
5040,4845,4.787
4845,5040,4.787
4845,1893,17.132
1893,4845,17.132
1893,1646,34.144
1646,1893,34.144
1646,4645,11.801
4645,1646,11.801
4646,4647,12.279
4647,4646,12.279
1651,898,16.800
898,1651,16.800
2014,3285,7.617
3285,2014,7.617
3285,2910,7.139
2910,3285,7.139
2910,6560,6.885
6560,2910,6.885
412,913,10.815
913,412,10.815
2726,1087,7.107
1087,2726,7.107
1087,2725,3.164
2725,1087,3.164
2725,5725,5.024
5725,2725,5.024
5725,5726,5.810
5726,5725,5.810
5726,326,3.266
326,5726,3.266
326,2729,4.934
2729,326,4.934
656,657,13.628
657,656,13.628
603,22,13.446
22,603,13.446
657,2197,10.933
2197,657,10.933
2197,5671,25.157
5671,2197,25.157
5671,694,45.601
694,5671,45.601
1,1846,4.876
1846,1,4.876
1846,15,6.271
15,1846,6.271
657,603,13.296
603,657,13.296
603,2085,14.112
2085,603,14.112
2085,604,82.804
604,2085,82.804
656,2199,13.216
2199,656,13.216
2199,5532,62.830
5532,2199,62.830
5532,5534,37.994
5534,5532,37.994
1713,796,10.637
796,1713,10.637
2140,4958,11.799
4958,2140,11.799
4958,4957,4.863
4957,4958,4.863
4957,7530,3.660
7530,4957,3.660
7530,1286,3.171
1286,7530,3.171
2285,2291,1.157
2291,2285,1.157
2291,2290,2.991
2290,2291,2.991
2290,2284,1.279
2284,2290,1.279
3069,198,25.656
198,3069,25.656
2285,4961,10.639
4961,2285,10.639
4961,4960,1.288
4960,4961,1.288
4960,1976,16.488
1976,4960,16.488
2284,2287,7.089
2287,2284,7.089
2287,7536,19.195
7536,2287,19.195
7536,7529,20.618
7529,7536,20.618
7529,7528,11.874
7528,7529,11.874
7528,2283,6.664
2283,7528,6.664
2283,740,9.769
740,2283,9.769
740,1095,73.114
1095,740,73.114
217,4284,16.684
4284,217,16.684
4284,7236,15.297
7236,4284,15.297
7236,1486,8.189
1486,7236,8.189
1486,3262,17.533
3262,1486,17.533
3262,1710,19.028
1710,3262,19.028
3932,4281,17.019
4281,3932,17.019
4281,1316,18.225
1316,4281,18.225
587,6984,0.981
6984,587,0.981
6984,6983,1.118
6983,6984,1.118
6983,3909,1.035
3909,6983,1.035
3909,3910,0.872
3910,3909,0.872
3910,6982,1.148
6982,3910,1.148
6982,2620,1.100
2620,6982,1.100
2620,6981,1.317
6981,2620,1.317
6981,6980,1.221
6980,6981,1.221
6980,3912,1.825
3912,6980,1.825
3912,3913,1.308
3913,3912,1.308
3913,2460,2.252
2460,3913,2.252
2460,6518,1.897
6518,2460,1.897
6518,3916,4.481
3916,6518,4.481
3916,6986,1.642
6986,3916,1.642
6986,5284,2.265
5284,6986,2.265
5284,2459,2.723
2459,5284,2.723
587,6227,0.490
6227,587,0.490
6227,3903,0.568
3903,6227,0.568
3903,3901,3.064
3901,3903,3.064
3901,3898,6.161
3898,3901,6.161
3898,3897,1.747
3897,3898,1.747
3897,4040,4.581
4040,3897,4.581
4040,1919,4.121
1919,4040,4.121
658,659,11.388
659,658,11.388
607,20,10.866
20,607,10.866
659,4092,8.575
4092,659,8.575
4092,655,16.554
655,4092,16.554
20,4096,7.959
4096,20,7.959
4096,4785,23.535
4785,4096,23.535
20,658,11.083
658,20,11.083
659,607,10.843
607,659,10.843
658,4091,12.477
4091,658,12.477
4091,77,15.748
77,4091,15.748
77,7922,34.760
7922,77,34.760
7922,6514,6.022
6514,7922,6.022
6514,2260,6.107
2260,6514,6.107
2260,2355,3.249
2355,2260,3.249
2012,169,8.753
169,2012,8.753
3140,4674,159.809
4674,3140,159.809
3138,570,124.282
570,3138,124.282
4673,3139,159.943
3139,4673,159.943
3139,3138,169.718
3138,3139,169.718
4674,3142,91.440
3142,4674,91.440
3142,4679,19.851
4679,3142,19.851
4679,7297,11.675
7297,4679,11.675
7297,4680,9.132
4680,7297,9.132
4680,7296,8.004
7296,4680,8.004
7296,575,14.102
575,7296,14.102
4299,4300,7.507
4300,4299,7.507
4300,4301,4.736
4301,4300,4.736
4301,612,4.306
612,4301,4.306
3306,2234,15.833
2234,3306,15.833
2234,7322,26.025
7322,2234,26.025
612,4303,12.934
4303,612,12.934
4303,1835,9.958
1835,4303,9.958
1483,3231,40.580
3231,1483,40.580
3231,1279,84.992
1279,3231,84.992
1279,5109,33.021
5109,1279,33.021
5109,8283,21.555
8283,5109,21.555
8283,2082,3.373
2082,8283,3.373
2082,8284,10.943
8284,2082,10.943
8284,2080,5.514
2080,8284,5.514
6679,4616,14.164
4616,6679,14.164
4616,4617,36.295
4617,4616,36.295
4617,2840,43.057
2840,4617,43.057
2840,3882,8.742
3882,2840,8.742
1457,5421,3.850
5421,1457,3.850
5421,1452,3.192
1452,5421,3.192
1452,5221,7.166
5221,1452,7.166
5221,1454,7.166
1454,5221,7.166
1454,5420,1.966
5420,1454,1.966
5420,296,3.617
296,5420,3.617
1234,1471,9.141
1471,1234,9.141
1471,91,7.659
91,1471,7.659
91,1465,6.402
1465,91,6.402
1465,2652,5.077
2652,1465,5.077
295,219,7.984
219,295,7.984
219,2075,7.589
2075,219,7.589
2075,1468,7.603
1468,2075,7.603
1468,1460,4.271
1460,1468,4.271
92,7900,7.996
7900,92,7.996
7900,584,6.740
584,7900,6.740
584,5685,5.901
5685,584,5.901
5685,1438,4.758
1438,5685,4.758
1438,5686,3.917
5686,1438,3.917
5686,577,4.059
577,5686,4.059
577,5688,4.413
5688,577,4.413
5688,1435,5.064
1435,5688,5.064
1435,5687,3.981
5687,1435,3.981
5687,578,4.309
578,5687,4.309
578,1436,10.124
1436,578,10.124
1436,7425,4.131
7425,1436,4.131
7425,5684,2.494
5684,7425,2.494
5684,1439,4.308
1439,5684,4.308
1439,4317,3.042
4317,1439,3.042
4317,6489,3.742
6489,4317,3.742
6489,1797,6.560
1797,6489,6.560
5660,4685,9.921
4685,5660,9.921
4685,8125,38.142
8125,4685,38.142
8125,7188,67.185
7188,8125,67.185
7188,4686,5.666
4686,7188,5.666
4686,8126,41.277
8126,4686,41.277
2767,5131,16.470
5131,2767,16.470
5131,1011,16.294
1011,5131,16.294
1011,5133,17.001
5133,1011,17.001
5133,1930,6.105
1930,5133,6.105
1930,5759,5.088
5759,1930,5.088
5759,1928,2.721
1928,5759,2.721
1354,1009,31.877
1009,1354,31.877
1009,275,15.506
275,1009,15.506
727,2154,26.506
2154,727,26.506
4690,8174,6.987
8174,4690,6.987
8174,1475,17.314
1475,8174,17.314
18,653,14.963
653,18,14.963
4700,5879,11.736
5879,4700,11.736
5879,4699,7.208
4699,5879,7.208
4699,5300,8.608
5300,4699,8.608
5300,4764,8.815
4764,5300,8.815
4764,606,9.149
606,4764,9.149
4703,4964,4.038
4964,4703,4.038
4964,4963,2.892
4963,4964,2.892
4963,606,1.335
606,4963,1.335
2439,5162,7.508
5162,2439,7.508
6382,6928,1.962
6928,6382,1.962
6928,6927,1.494
6927,6928,1.494
6927,6510,2.457
6510,6927,2.457
6510,6868,5.062
6868,6510,5.062
6868,6869,4.467
6869,6868,4.467
6869,6872,3.103
6872,6869,3.103
6872,6859,1.955
6859,6872,1.955
6859,6873,3.294
6873,6859,3.294
6873,6874,1.943
6874,6873,1.943
6874,6880,1.684
6880,6874,1.684
6880,6395,0.789
6395,6880,0.789
6395,6879,1.001
6879,6395,1.001
6879,6878,1.385
6878,6879,1.385
6878,6881,1.083
6881,6878,1.083
6881,6876,0.840
6876,6881,0.840
6876,6877,0.858
6877,6876,0.858
6877,6882,0.985
6882,6877,0.985
6882,6883,0.772
6883,6882,0.772
6883,6381,0.814
6381,6883,0.814
123,2974,13.280
2974,123,13.280
2974,3214,20.832
3214,2974,20.832
3214,3215,17.908
3215,3214,17.908
3215,3216,14.153
3216,3215,14.153
3216,5269,3.334
5269,3216,3.334
5269,3326,3.419
3326,5269,3.419
3326,3217,10.587
3217,3326,10.587
3217,5353,9.863
5353,3217,9.863
5353,3220,23.023
3220,5353,23.023
3220,5352,7.961
5352,3220,7.961
5352,3222,8.896
3222,5352,8.896
3222,5354,8.182
5354,3222,8.182
5354,3223,8.038
3223,5354,8.038
3223,5355,7.781
5355,3223,7.781
5355,3225,7.370
3225,5355,7.370
3225,4391,8.752
4391,3225,8.752
4391,3227,10.533
3227,4391,10.533
3227,4393,9.869
4393,3227,9.869
4393,3229,10.232
3229,4393,10.232
3229,4394,11.605
4394,3229,11.605
4394,3228,12.140
3228,4394,12.140
3228,4392,8.594
4392,3228,8.594
4392,3226,8.910
3226,4392,8.910
3226,4390,9.787
4390,3226,9.787
4390,3224,8.723
3224,4390,8.723
3224,3221,23.153
3221,3224,23.153
3221,8196,10.630
8196,3221,10.630
8196,3219,3.531
3219,8196,3.531
3219,4389,7.666
4389,3219,7.666
4389,3218,5.572
3218,4389,5.572
3218,4865,6.953
4865,3218,6.953
4865,2550,8.475
2550,4865,8.475
4711,713,11.646
713,4711,11.646
4710,2777,33.508
2777,4710,33.508
4733,4731,7.696
4731,4733,7.696
4731,4730,6.977
4730,4731,6.977
4730,4728,7.796
4728,4730,7.796
4728,5445,10.850
5445,4728,10.850
5445,4726,7.006
4726,5445,7.006
4726,4779,7.517
4779,4726,7.517
4779,4727,8.351
4727,4779,8.351
4727,4729,7.840
4729,4727,7.840
4729,4732,6.075
4732,4729,6.075
4732,4851,2.696
4851,4732,2.696
4851,4734,5.326
4734,4851,5.326
4734,5625,1.826
5625,4734,1.826
5625,2343,1.503
2343,5625,1.503
3198,5630,4.082
5630,3198,4.082
5630,5628,0.737
5628,5630,0.737
5628,5627,3.310
5627,5628,3.310
5627,5631,1.524
5631,5627,1.524
5631,4737,2.706
4737,5631,2.706
2343,5633,3.271
5633,2343,3.271
5633,5623,1.088
5623,5633,1.088
5623,5622,3.477
5622,5623,3.477
5622,5634,1.658
5634,5622,1.658
5634,2345,3.588
2345,5634,3.588
2345,4735,3.701
4735,2345,3.701
4735,4736,7.219
4736,4735,7.219
4736,4738,5.688
4738,4736,5.688
4738,5454,4.498
5454,4738,4.498
5454,4739,6.533
4739,5454,6.533
4739,4740,4.822
4740,4739,4.822
4740,4741,5.886
4741,4740,5.886
4741,4742,8.443
4742,4741,8.443
4742,4743,2.494
4743,4742,2.494
4743,6541,2.722
6541,4743,2.722
6541,4744,6.501
4744,6541,6.501
4744,6540,6.254
6540,4744,6.254
6540,4745,1.581
4745,6540,1.581
4745,4746,3.292
4746,4745,3.292
4746,4747,2.856
4747,4746,2.856
4747,4748,3.589
4748,4747,3.589
4761,4582,22.921
4582,4761,22.921
4582,4587,5.009
4587,4582,5.009
4587,2841,64.223
2841,4587,64.223
4762,2201,5.605
2201,4762,5.605
2201,5589,8.191
5589,2201,8.191
5589,5590,5.794
5590,5589,5.794
5590,4763,55.601
4763,5590,55.601
4763,6212,50.881
6212,4763,50.881
6212,5550,6.914
5550,6212,6.914
5550,233,12.746
233,5550,12.746
7618,4682,20.173
4682,7618,20.173
4760,5904,72.045
5904,4760,72.045
5904,2084,4.871
2084,5904,4.871
2084,600,11.326
600,2084,11.326
6243,5743,25.639
5743,6243,25.639
5743,6208,77.229
6208,5743,77.229
6208,2086,3.973
2086,6208,3.973
2086,657,12.384
657,2086,12.384
24,5920,49.267
5920,24,49.267
5920,2211,7.440
2211,5920,7.440
2211,5472,9.571
5472,2211,9.571
5472,23,7.468
23,5472,7.468
1096,2140,110.067
2140,1096,110.067
2120,6682,5.762
6682,2120,5.762
6682,75,4.486
75,6682,4.486
75,7095,3.616
7095,75,3.616
7095,7107,2.147
7107,7095,2.147
7107,7108,3.154
7108,7107,3.154
7108,1539,4.443
1539,7108,4.443
3356,1254,8.339
1254,3356,8.339
1254,5508,39.307
5508,1254,39.307
5508,5509,16.317
5509,5508,16.317
5509,5510,5.891
5510,5509,5.891
2191,594,9.892
594,2191,9.892
4783,6303,18.996
6303,4783,18.996
6303,7521,6.993
7521,6303,6.993
7521,269,0.939
269,7521,0.939
4580,6302,42.949
6302,4580,42.949
6302,269,6.367
269,6302,6.367
4580,6232,10.571
6232,4580,10.571
6232,697,54.766
697,6232,54.766
697,2810,54.093
2810,697,54.093
2810,4084,73.038
4084,2810,73.038
4084,5742,10.600
5742,4084,10.600
3828,5270,19.204
5270,3828,19.204
5270,2210,5.980
2210,5270,5.980
2210,6736,6.644
6736,2210,6.644
6736,32,7.636
32,6736,7.636
4786,4784,30.559
4784,4786,30.559
4785,4787,24.731
4787,4785,24.731
4787,5303,36.490
5303,4787,36.490
5303,2636,10.368
2636,5303,10.368
2636,21,2.028
21,2636,2.028
4784,4094,18.946
4094,4784,18.946
4094,658,8.996
658,4094,8.996
4788,4829,27.818
4829,4788,27.818
4829,7887,30.682
7887,4829,30.682
7887,2239,36.422
2239,7887,36.422
4790,42,5.406
42,4790,5.406
4789,5522,22.772
5522,4789,22.772
5522,4790,4.947
4790,5522,4.947
4788,266,16.300
266,4788,16.300
4791,6211,21.418
6211,4791,21.418
6211,2193,3.995
2193,6211,3.995
2193,603,11.594
603,2193,11.594
1610,6242,90.823
6242,1610,90.823
3772,2868,24.710
2868,3772,24.710
7606,4794,4.482
4794,7606,4.482
4794,5134,10.717
5134,4794,10.717
5134,2869,9.269
2869,5134,9.269
2869,1923,7.505
1923,2869,7.505
5762,4913,10.160
4913,5762,10.160
4913,4707,6.183
4707,4913,6.183
4707,181,7.940
181,4707,7.940
244,6794,7.271
6794,244,7.271
6794,2764,12.658
2764,6794,12.658
2764,2251,98.497
2251,2764,98.497
2251,4821,121.759
4821,2251,121.759
4821,4820,15.723
4820,4821,15.723
2249,5842,18.036
5842,2249,18.036
4803,891,52.163
891,4803,52.163
6065,6066,18.301
6066,6065,18.301
6066,6143,31.997
6143,6066,31.997
6143,426,23.945
426,6143,23.945
2248,4911,57.701
4911,2248,57.701
4911,4469,4.003
4469,4911,4.003
4469,194,17.218
194,4469,17.218
438,6760,25.156
6760,438,25.156
6760,5699,15.450
5699,6760,15.450
5699,6803,11.592
6803,5699,11.592
6803,5970,12.896
5970,6803,12.896
2510,7055,4.826
7055,2510,4.826
7055,7054,6.243
7054,7055,6.243
7054,7056,7.520
7056,7054,7.520
7056,2625,7.971
2625,7056,7.971
2625,4891,4.725
4891,2625,4.725
4891,2628,4.238
2628,4891,4.238
2628,2631,1.408
2631,2628,1.408
2631,2627,2.864
2627,2631,2.864
2627,1536,3.954
1536,2627,3.954
1536,2497,2.590
2497,1536,2.590
2497,7166,8.212
7166,2497,8.212
4805,1563,13.449
1563,4805,13.449
1722,7402,8.520
7402,1722,8.520
7402,1726,8.571
1726,7402,8.571
3128,648,11.223
648,3128,11.223
648,5555,20.436
5555,648,20.436
5555,2036,10.536
2036,5555,10.536
2325,2964,3.008
2964,2325,3.008
2964,2571,8.374
2571,2964,8.374
2571,41,3.439
41,2571,3.439
649,6745,43.331
6745,649,43.331
6745,6746,24.202
6746,6745,24.202
6746,6752,6.644
6752,6746,6.644
1080,3247,10.214
3247,1080,10.214
3247,6770,16.985
6770,3247,16.985
6770,2585,14.918
2585,6770,14.918
2585,1525,18.531
1525,2585,18.531
1525,6769,9.114
6769,1525,9.114
6769,4136,11.350
4136,6769,11.350
4136,17,14.910
17,4136,14.910
4808,5944,49.610
5944,4808,49.610
5944,4064,9.774
4064,5944,9.774
4807,1397,99.874
1397,4807,99.874
2113,1490,20.467
1490,2113,20.467
4806,5584,15.368
5584,4806,15.368
5584,5585,11.451
5585,5584,11.451
5585,2482,14.849
2482,5585,14.849
2482,1708,59.060
1708,2482,59.060
1708,5,108.494
5,1708,108.494
5,484,73.663
484,5,73.663
484,4,103.583
4,484,103.583
26,5471,78.729
5471,26,78.729
31,2498,6.429
2498,31,6.429
2498,3283,12.533
3283,2498,12.533
2624,3151,9.683
3151,2624,9.683
3151,3150,11.632
3150,3151,11.632
3150,7172,26.132
7172,3150,26.132
7172,4883,28.517
4883,7172,28.517
4883,1402,10.106
1402,4883,10.106
1402,196,4.829
196,1402,4.829
941,1723,33.337
1723,941,33.337
1723,6239,17.146
6239,1723,17.146
6239,4334,10.513
4334,6239,10.513
4334,43,2.707
43,4334,2.707
4718,5946,42.584
5946,4718,42.584
5946,3114,4.826
3114,5946,4.826
3114,677,15.608
677,3114,15.608
163,7364,31.848
7364,163,31.848
1070,1069,14.430
1069,1070,14.430
1069,4527,4.823
4527,1069,4.823
4527,4879,16.107
4879,4527,16.107
4879,5400,4.149
5400,4879,4.149
5400,163,13.466
163,5400,13.466
7563,5474,20.128
5474,7563,20.128
1946,2341,25.656
2341,1946,25.656
1581,7907,11.998
7907,1581,11.998
7907,7904,3.777
7904,7907,3.777
7904,7905,5.894
7905,7904,5.894
7905,7908,5.204
7908,7905,5.204
7908,2295,22.997
2295,7908,22.997
4810,4998,24.781
4998,4810,24.781
1679,1966,26.384
1966,1679,26.384
5950,8264,38.835
8264,5950,38.835
8264,5310,6.388
5310,8264,6.388
5310,688,9.781
688,5310,9.781
2051,81,7.406
81,2051,7.406
4532,2158,36.051
2158,4532,36.051
2158,5281,4.839
5281,2158,4.839
5281,143,12.235
143,5281,12.235
1090,4413,27.509
4413,1090,27.509
4413,1668,6.516
1668,4413,6.516
1668,1667,2.065
1667,1668,2.065
1667,4415,6.343
4415,1667,6.343
4415,4414,20.580
4414,4415,20.580
4414,1202,5.635
1202,4414,5.635
4473,4834,28.235
4834,4473,28.235
4834,8141,1.225
8141,4834,1.225
8141,454,5.546
454,8141,5.546
232,4971,1.557
4971,232,1.557
4971,2004,5.205
2004,4971,5.205
2004,6218,6.084
6218,2004,6.084
6218,8202,53.510
8202,6218,53.510
8202,8201,27.484
8201,8202,27.484
8201,2,72.608
2,8201,72.608
704,2429,114.490
2429,704,114.490
2429,703,8.224
703,2429,8.224
2344,5635,14.477
5635,2344,14.477
5635,1692,6.842
1692,5635,6.842
1347,818,4.024
818,1347,4.024
144,1517,15.062
1517,144,15.062
1517,278,6.035
278,1517,6.035
278,3119,87.185
3119,278,87.185
3119,3118,30.404
3118,3119,30.404
3118,80,17.180
80,3118,17.180
1338,1317,4.744
1317,1338,4.744
2550,1112,4.757
1112,2550,4.757
2545,5356,9.388
5356,2545,9.388
5356,1671,9.596
1671,5356,9.596
1671,4388,3.748
4388,1671,3.748
4388,308,5.393
308,4388,5.393
308,2263,6.023
2263,308,6.023
2263,1118,10.888
1118,2263,10.888
1118,5357,7.588
5357,1118,7.588
5357,4377,7.616
4377,5357,7.616
4377,4387,8.786
4387,4377,8.786
4387,314,8.433
314,4387,8.433
314,1120,12.814
1120,314,12.814
1120,5358,6.811
5358,1120,6.811
5358,1117,6.879
1117,5358,6.879
1117,4385,10.222
4385,1117,10.222
4385,316,10.366
316,4385,10.366
316,4384,10.270
4384,316,10.270
4384,1116,10.768
1116,4384,10.768
1116,4382,10.098
4382,1116,10.098
4382,309,9.666
309,4382,9.666
309,4381,9.670
4381,309,9.670
4381,1115,9.621
1115,4381,9.621
1115,4383,8.244
4383,1115,8.244
4383,315,8.010
315,4383,8.010
315,1110,15.705
1110,315,15.705
1110,1114,15.333
1114,1110,15.333
1114,6345,5.617
6345,1114,5.617
2658,3251,2.738
3251,2658,2.738
3251,2659,1.354
2659,3251,1.354
2659,2657,3.544
2657,2659,3.544
2657,2610,4.206
2610,2657,4.206
1374,4972,12.884
4972,1374,12.884
4972,4973,17.113
4973,4972,17.113
4973,4974,12.194
4974,4973,12.194
4974,5015,17.791
5015,4974,17.791
5015,2656,6.752
2656,5015,6.752
2656,212,1.605
212,2656,1.605
2617,4890,20.811
4890,2617,20.811
4890,2603,5.115
2603,4890,5.115
2603,2605,3.503
2605,2603,3.503
2605,6967,9.082
6967,2605,9.082
6967,18,9.335
18,6967,9.335
2505,18,4.804
18,2505,4.804
2503,28,6.624
28,2503,6.624
28,547,44.732
547,28,44.732
547,4625,3.354
4625,547,3.354
4625,2329,13.514
2329,4625,13.514
2329,4523,9.796
4523,2329,9.796
4523,29,11.152
29,4523,11.152
3126,27,8.315
27,3126,8.315
1519,6217,31.352
6217,1519,31.352
6217,5067,4.792
5067,6217,4.792
5067,232,10.736
232,5067,10.736
2377,6508,15.149
6508,2377,15.149
6508,666,14.368
666,6508,14.368
4970,3990,53.616
3990,4970,53.616
3990,5426,22.615
5426,3990,22.615
5426,1045,6.784
1045,5426,6.784
322,4275,7.525
4275,322,7.525
4275,3256,2.981
3256,4275,2.981
3256,1903,43.072
1903,3256,43.072
1903,4274,3.732
4274,1903,3.732
4274,321,7.343
321,4274,7.343
8109,1510,3.168
1510,8109,3.168
1510,8110,3.435
8110,1510,3.435
2168,4976,16.424
4976,2168,16.424
4976,159,29.294
159,4976,29.294
159,4376,59.022
4376,159,59.022
4376,4529,50.710
4529,4376,50.710
4529,4238,5.702
4238,4529,5.702
4238,153,8.576
153,4238,8.576
1205,5108,9.098
5108,1205,9.098
5108,5107,9.154
5107,5108,9.154
5107,5104,8.082
5104,5107,8.082
5104,7608,5.484
7608,5104,5.484
7608,1207,9.669
1207,7608,9.669
1726,4989,11.436
4989,1726,11.436
4989,1203,11.019
1203,4989,11.019
1203,6241,10.334
6241,1203,10.334
6241,1382,10.795
1382,6241,10.795
1382,680,9.833
680,1382,9.833
1725,2474,29.765
2474,1725,29.765
7449,4979,2.792
4979,7449,2.792
4979,671,38.814
671,4979,38.814
3977,7144,2.291
7144,3977,2.291
7144,7148,2.268
7148,7144,2.268
7148,3981,1.902
3981,7148,1.902
3981,7143,2.272
7143,3981,2.272
7143,7142,3.139
7142,7143,3.139
7142,3975,3.897
3975,7142,3.897
3975,7141,3.419
7141,3975,3.419
7141,7140,4.025
7140,7141,4.025
7140,3980,3.726
3980,7140,3.726
3980,7139,3.352
7139,3980,3.352
7139,5031,4.665
5031,7139,4.665
5031,3979,4.965
3979,5031,4.965
4994,4995,11.118
4995,4994,11.118
4995,4996,9.287
4996,4995,9.287
4996,4997,9.668
4997,4996,9.668
4997,4998,14.935
4998,4997,14.935
158,3087,16.384
3087,158,16.384
3087,3569,40.909
3569,3087,40.909
3569,4341,29.539
4341,3569,29.539
4341,3570,1.663
3570,4341,1.663
3570,7793,36.492
7793,3570,36.492
5045,356,4.579
356,5045,4.579
4260,3386,7.345
3386,4260,7.345
3388,3386,12.237
3386,3388,12.237
3384,3299,12.618
3299,3384,12.618
4651,6707,69.104
6707,4651,69.104
6707,4627,24.692
4627,6707,24.692
4627,4767,11.124
4767,4627,11.124
4767,5209,11.467
5209,4767,11.467
5209,4768,1.668
4768,5209,1.668
4768,1526,5.707
1526,4768,5.707
1526,4962,3.748
4962,1526,3.748
4962,1999,7.807
1999,4962,7.807
1999,606,4.961
606,1999,4.961
5755,5207,17.057
5207,5755,17.057
5207,4947,10.251
4947,5207,10.251
4947,3,15.536
3,4947,15.536
1045,2070,6.810
2070,1045,6.810
2070,5427,4.602
5427,2070,4.602
5427,8056,175.689
8056,5427,175.689
8056,6275,10.293
6275,8056,10.293
6275,3089,7.904
3089,6275,7.904
3089,1047,1.616
1047,3089,1.616
1262,2998,7.471
2998,1262,7.471
2998,34,5.239
34,2998,5.239
1739,3648,6.113
3648,1739,6.113
3648,3647,5.244
3647,3648,5.244
3647,6543,1.137
6543,3647,1.137
6543,4531,7.212
4531,6543,7.212
4531,4105,10.776
4105,4531,10.776
4105,1738,8.013
1738,4105,8.013
1738,6363,2.965
6363,1738,2.965
6363,925,3.787
925,6363,3.787
5079,1584,25.968
1584,5079,25.968
208,248,34.171
248,208,34.171
5092,5370,98.024
5370,5092,98.024
5370,6397,66.277
6397,5370,66.277
5090,5024,25.496
5024,5090,25.496
5024,7369,11.115
7369,5024,11.115
7369,5021,9.492
5021,7369,9.492
5021,5179,4.689
5179,5021,4.689
5179,5020,7.085
5020,5179,7.085
492,6419,11.447
6419,492,11.447
6419,6422,3.556
6422,6419,3.556
6422,1107,19.918
1107,6422,19.918
2474,1205,25.808
1205,2474,25.808
1574,5103,10.247
5103,1574,10.247
5103,6420,4.052
6420,5103,4.052
6420,492,10.310
492,6420,10.310
1209,4832,38.112
4832,1209,38.112
4832,1722,31.625
1722,4832,31.625
2032,282,8.963
282,2032,8.963
282,6101,9.137
6101,282,9.137
6101,280,11.079
280,6101,11.079
218,1078,18.601
1078,218,18.601
1078,4295,12.889
4295,1078,12.889
4295,1758,15.976
1758,4295,15.976
1758,220,3.724
220,1758,3.724
686,286,50.480
286,686,50.480
5180,5479,23.297
5479,5180,23.297
489,6138,23.377
6138,489,23.377
6138,3985,2.551
3985,6138,2.551
3985,5038,7.992
5038,3985,7.992
4836,6670,12.198
6670,4836,12.198
6670,6413,8.625
6413,6670,8.625
6413,6219,14.428
6219,6413,14.428
6219,6412,5.210
6412,6219,5.210
6412,5028,9.810
5028,6412,9.810
5028,5090,52.504
5090,5028,52.504
1005,5556,5.871
5556,1005,5.871
5556,2987,6.978
2987,5556,6.978
2987,7804,7.548
7804,2987,7.548
3368,4440,29.563
4440,3368,29.563
4440,5977,26.125
5977,4440,26.125
5977,3887,15.199
3887,5977,15.199
3887,5121,5.252
5121,3887,5.252
5121,3538,14.610
3538,5121,14.610
3538,1915,7.862
1915,3538,7.862
1915,5122,4.540
5122,1915,4.540
5122,3888,10.854
3888,5122,10.854
3888,4441,18.720
4441,3888,18.720
4441,3369,13.134
3369,4441,13.134
3369,4442,14.742
4442,3369,14.742
4442,3370,14.802
3370,4442,14.802
3370,4443,13.726
4443,3370,13.726
4443,275,11.430
275,4443,11.430
640,5118,14.186
5118,640,14.186
5118,5717,3.709
5717,5118,3.709
5717,3368,7.488
3368,5717,7.488
2870,5515,12.544
5515,2870,12.544
5515,3291,9.110
3291,5515,9.110
3291,7743,20.352
7743,3291,20.352
1290,3892,26.022
3892,1290,26.022
3892,3788,0.218
3788,3892,0.218
5178,3947,44.206
3947,5178,44.206
3389,379,33.781
379,3389,33.781
5169,2666,37.615
2666,5169,37.615
1529,331,12.920
331,1529,12.920
4340,1502,12.092
1502,4340,12.092
1502,3601,20.014
3601,1502,20.014
5151,5149,12.182
5149,5151,12.182
5149,1056,7.602
1056,5149,7.602
4154,1924,8.448
1924,4154,8.448
1924,5135,8.187
5135,1924,8.187
5135,4155,6.465
4155,5135,6.465
5148,5153,42.003
5153,5148,42.003
5153,1821,9.019
1821,5153,9.019
1821,319,15.471
319,1821,15.471
5184,5181,18.345
5181,5184,18.345
5181,206,9.573
206,5181,9.573
1856,5140,24.433
5140,1856,24.433
1923,1928,10.174
1928,1923,10.174
7492,1933,11.918
1933,7492,11.918
1933,3514,19.022
3514,1933,19.022
3514,3516,8.590
3516,3514,8.590
3516,388,3.401
388,3516,3.401
1927,6222,4.238
6222,1927,4.238
6222,3510,12.545
3510,6222,12.545
3510,5124,8.345
5124,3510,8.345
5124,3508,11.375
3508,5124,11.375
3508,3503,12.635
3503,3508,12.635
3503,5123,6.405
5123,3503,6.405
5123,3500,6.582
3500,5123,6.582
5160,3297,9.672
3297,5160,9.672
5166,3300,50.080
3300,5166,50.080
5164,5160,40.706
5160,5164,40.706
5030,5032,3.942
5032,5030,3.942
5032,6672,5.086
6672,5032,5.086
6672,6678,4.670
6678,6672,4.670
6678,5035,4.306
5035,6678,4.306
5162,5161,6.145
5161,5162,6.145
5161,3886,4.160
3886,5161,4.160
3886,2437,27.616
2437,3886,27.616
2437,5159,9.171
5159,2437,9.171
5159,5158,3.169
5158,5159,3.169
5158,319,19.868
319,5158,19.868
8112,2955,8.521
2955,8112,8.521
2955,1374,4.286
1374,2955,4.286
2061,5217,14.180
5217,2061,14.180
5217,857,14.959
857,5217,14.959
857,858,22.668
858,857,22.668
858,4221,10.583
4221,858,10.583
4221,859,13.839
859,4221,13.839
859,6346,15.039
6346,859,15.039
6346,2060,13.840
2060,6346,13.840
2060,6347,16.239
6347,2060,16.239
6347,869,22.546
869,6347,22.546
869,7929,12.352
7929,869,12.352
7929,3858,10.795
3858,7929,10.795
3858,8115,12.326
8115,3858,12.326
8115,247,13.136
247,8115,13.136
8171,7434,13.921
7434,8171,13.921
153,2824,12.179
2824,153,12.179
2824,4528,27.265
4528,2824,27.265
4528,2823,8.553
2823,4528,8.553
2823,2821,15.431
2821,2823,15.431
2821,4326,26.931
4326,2821,26.931
4326,8218,26.832
8218,4326,26.832
4304,4306,5.663
4306,4304,5.663
4306,612,11.077
612,4306,11.077
4818,1581,18.906
1581,4818,18.906
5259,5258,19.795
5258,5259,19.795
5258,7727,2.183
7727,5258,2.183
7727,5256,2.267
5256,7727,2.267
5256,7726,2.287
7726,5256,2.287
7726,426,9.574
426,7726,9.574
5261,5257,29.777
5257,5261,29.777
5257,7729,4.022
7729,5257,4.022
7729,7730,4.280
7730,7729,4.280
7730,5260,36.535
5260,7730,36.535
5260,5259,11.121
5259,5260,11.121
5261,5586,31.391
5586,5261,31.391
5586,6085,52.904
6085,5586,52.904
6085,1766,12.789
1766,6085,12.789
1766,5588,32.841
5588,1766,32.841
5588,5341,71.844
5341,5588,71.844
5252,4908,66.476
4908,5252,66.476
4908,5255,2.446
5255,4908,2.446
5255,802,11.975
802,5255,11.975
5259,4695,10.998
4695,5259,10.998
4695,183,47.083
183,4695,47.083
183,5840,83.754
5840,183,83.754
5840,5841,6.196
5841,5840,6.196
5841,4914,25.626
4914,5841,25.626
4914,6182,5.214
6182,4914,5.214
6182,181,7.972
181,6182,7.972
1046,3090,1.824
3090,1046,1.824
3090,5011,8.893
5011,3090,8.893
5011,1953,38.248
1953,5011,38.248
1953,1791,40.259
1791,1953,40.259
1791,4757,5.946
4757,1791,5.946
4757,1790,26.564
1790,4757,26.564
1790,6274,69.729
6274,1790,69.729
6274,6273,5.844
6273,6274,5.844
6273,2068,10.929
2068,6273,10.929
2745,5010,47.853
5010,2745,47.853
5010,3522,4.405
3522,5010,4.405
3522,1046,1.828
1046,3522,1.828
4597,4598,28.683
4598,4597,28.683
2035,6278,21.701
6278,2035,21.701
6278,6277,21.273
6277,6278,21.273
6277,4597,1.711
4597,6277,1.711
4598,6276,2.156
6276,4598,2.156
6276,1681,40.655
1681,6276,40.655
1681,2745,11.695
2745,1681,11.695
5341,428,7.685
428,5341,7.685
6171,427,8.406
427,6171,8.406
427,4926,2.570
4926,427,2.570
4926,5561,49.348
5561,4926,49.348
5561,5966,49.426
5966,5561,49.426
5966,4928,40.760
4928,5966,40.760
4928,6156,5.729
6156,4928,5.729
6156,8,5.963
8,6156,5.963
187,6159,18.583
6159,187,18.583
6159,4925,3.040
4925,6159,3.040
4925,6171,5.738
6171,4925,5.738
8,6161,10.943
6161,8,10.943
6161,4932,3.981
4932,6161,3.981
4932,5609,50.046
5609,4932,50.046
5609,5610,45.575
5610,5609,45.575
5610,5538,24.713
5538,5610,24.713
5538,6233,3.260
6233,5538,3.260
6233,6223,23.299
6223,6233,23.299
6223,6800,12.690
6800,6223,12.690
6800,202,29.161
202,6800,29.161
202,4,121.635
4,202,121.635
1315,5616,30.036
5616,1315,30.036
5616,5347,33.316
5347,5616,33.316
6638,2307,5.155
2307,6638,5.155
2292,7019,9.996
7019,2292,9.996
7019,2300,9.535
2300,7019,9.535
2300,2309,24.680
2309,2300,24.680
2309,7642,54.482
7642,2309,54.482
2452,5845,9.438
5845,2452,9.438
5845,4786,5.563
4786,5845,5.563
173,6557,14.527
6557,173,14.527
6557,175,14.632
175,6557,14.632
969,7748,17.502
7748,969,17.502
164,4454,30.918
4454,164,30.918
4454,4453,44.295
4453,4454,44.295
662,7366,16.723
7366,662,16.723
7366,1875,11.274
1875,7366,11.274
1875,964,29.442
964,1875,29.442
964,7367,13.154
7367,964,13.154
4951,5208,6.106
5208,4951,6.106
5208,4651,24.125
4651,5208,24.125
5326,5371,18.736
5371,5326,18.736
1199,5323,2.574
5323,1199,2.574
5323,5326,9.137
5326,5323,9.137
1199,5319,14.038
5319,1199,14.038
2969,5238,2.514
5238,2969,2.514
5238,40,14.221
40,5238,14.221
1202,4769,6.773
4769,1202,6.773
4769,237,7.971
237,4769,7.971
5395,6470,8.020
6470,5395,8.020
6470,1407,10.414
1407,6470,10.414
1111,3606,17.483
3606,1111,17.483
2297,5338,68.321
5338,2297,68.321
5338,2750,2.613
2750,5338,2.613
1812,4569,45.434
4569,1812,45.434
97,841,53.490
841,97,53.490
6725,5523,6.356
5523,6725,6.356
5523,5005,37.779
5005,5523,37.779
5005,1793,7.519
1793,5005,7.519
1047,6280,10.088
6280,1047,10.088
6280,1787,7.919
1787,6280,7.919
1787,6224,95.074
6224,1787,95.074
6224,3810,5.784
3810,6224,5.784
3810,1788,6.936
1788,3810,6.936
1793,3091,1.244
3091,1793,1.244
3091,4968,3.943
4968,3091,3.943
4968,5006,2.531
5006,4968,2.531
5006,5233,7.281
5233,5006,7.281
5315,6479,0.990
6479,5315,0.990
6479,6476,2.696
6476,6479,2.696
6476,100,8.749
100,6476,8.749
5233,771,92.474
771,5233,92.474
771,1156,76.657
1156,771,76.657
1156,590,5.881
590,1156,5.881
590,5317,8.484
5317,590,8.484
5317,2054,2.113
2054,5317,2.113
2054,8249,7.558
8249,2054,7.558
5414,100,7.446
100,5414,7.446
5416,8245,8.584
8245,5416,8.584
3537,6266,27.015
6266,3537,27.015
8245,1859,9.735
1859,8245,9.735
1157,6792,8.006
6792,1157,8.006
6792,5868,6.130
5868,6792,6.130
5868,4165,15.267
4165,5868,15.267
4165,6791,63.824
6791,4165,63.824
6791,6790,3.593
6790,6791,3.593
6790,4163,10.310
4163,6790,10.310
4163,6789,25.768
6789,4163,25.768
6789,1158,6.664
1158,6789,6.664
1158,5313,15.660
5313,1158,15.660
5313,262,2.444
262,5313,2.444
262,2829,5.603
2829,262,5.603
2829,8241,7.263
8241,2829,7.263
6455,263,8.622
263,6455,8.622
263,6314,8.780
6314,263,8.780
6314,8245,6.629
8245,6314,6.629
8245,5417,7.745
5417,8245,7.745
5417,8246,5.054
8246,5417,5.054
8246,5314,6.317
5314,8246,6.317
5314,1157,15.757
1157,5314,15.757
279,6613,7.934
6613,279,7.934
6613,1960,19.398
1960,6613,19.398
1960,1939,32.079
1939,1960,32.079
1939,5429,101.213
5429,1939,101.213
5429,90,8.382
90,5429,8.382
4086,4606,58.822
4606,4086,58.822
4606,6229,17.656
6229,4606,17.656
6229,6230,35.746
6230,6229,35.746
6230,5744,10.400
5744,6230,10.400
5744,4172,43.203
4172,5744,43.203
4172,4605,20.124
4605,4172,20.124
4605,5524,15.966
5524,4605,15.966
5524,5018,71.469
5018,5524,71.469
5018,7592,0.828
7592,5018,0.828
4023,1696,3.532
1696,4023,3.532
5452,5453,6.924
5453,5452,6.924
5453,5457,5.090
5457,5453,5.090
5457,5459,10.405
5459,5457,10.405
4023,5446,7.753
5446,4023,7.753
5446,5448,7.127
5448,5446,7.127
5448,5449,5.738
5449,5448,5.738
5459,5458,8.363
5458,5459,8.363
5458,6539,3.631
6539,5458,3.631
6539,5456,2.372
5456,6539,2.372
5456,5455,5.359
5455,5456,5.359
2164,2680,2.063
2680,2164,2.063
2680,5201,1.773
5201,2680,1.773
5201,2693,3.164
2693,5201,3.164
2693,7444,7.936
7444,2693,7.936
7444,2169,1.168
2169,7444,1.168
2169,738,5.630
738,2169,5.630
1740,5076,99.595
5076,1740,99.595
5076,6542,12.353
6542,5076,12.353
6542,1739,9.598
1739,6542,9.598
1417,7719,5.728
7719,1417,5.728
7719,8315,41.508
8315,7719,41.508
8315,7712,5.203
7712,8315,5.203
7712,7718,39.823
7718,7712,39.823
7718,749,9.814
749,7718,9.814
1417,7711,1.049
7711,1417,1.049
7711,7715,5.865
7715,7711,5.865
7715,1351,28.800
1351,7715,28.800
1690,3116,18.205
3116,1690,18.205
5469,5937,2.353
5937,5469,2.353
5937,7935,77.187
7935,5937,77.187
5479,489,15.255
489,5479,15.255
7479,7480,16.570
7480,7479,16.570
3328,7684,4.442
7684,3328,4.442
7684,8290,19.874
8290,7684,19.874
5488,1303,37.261
1303,5488,37.261
1303,68,11.048
68,1303,11.048
5503,978,124.617
978,5503,124.617
5510,6744,3.210
6744,5510,3.210
6744,6743,17.656
6743,6744,17.656
6743,1271,10.778
1271,6743,10.778
5516,6793,12.686
6793,5516,12.686
6793,1197,16.192
1197,6793,16.192
474,1896,51.947
1896,474,51.947
1896,684,21.854
684,1896,21.854
346,1720,9.140
1720,346,9.140
1720,6238,6.992
6238,1720,6.992
6238,2846,6.024
2846,6238,6.024
2645,2637,7.009
2637,2645,7.009
2637,24,4.875
24,2637,4.875
5577,898,15.345
898,5577,15.345
5578,5577,16.880
5577,5578,16.880
5581,48,23.354
48,5581,23.354
48,5932,8.297
5932,48,8.297
5932,2265,7.786
2265,5932,7.786
2265,4838,9.775
4838,2265,9.775
4838,3566,4.045
3566,4838,4.045
3566,3542,1.314
3542,3566,1.314
3543,4774,1.264
4774,3543,1.264
4774,6047,17.535
6047,4774,17.535
6047,3544,3.622
3544,6047,3.622
3544,1676,13.963
1676,3544,13.963
311,5467,9.445
5467,311,9.445
5467,7939,21.095
7939,5467,21.095
1174,910,32.665
910,1174,32.665
3308,1315,5.214
1315,3308,5.214
3600,6926,1.735
6926,3600,1.735
6926,6385,1.130
6385,6926,1.130
6385,6925,0.797
6925,6385,0.797
6925,6386,0.989
6386,6925,0.989
6386,4088,1.336
4088,6386,1.336
4088,6387,1.957
6387,4088,1.957
6387,6388,1.591
6388,6387,1.591
6388,7478,1.481
7478,6388,1.481
7478,6389,1.499
6389,7478,1.499
6389,6394,1.232
6394,6389,1.232
6394,6390,1.180
6390,6394,1.180
6390,6391,1.130
6391,6390,1.130
6391,6392,1.215
6392,6391,1.215
6392,6393,1.163
6393,6392,1.163
6393,6775,1.432
6775,6393,1.432
6775,6384,2.023
6384,6775,2.023
6384,6618,2.512
6618,6384,2.512
4752,5898,7.177
5898,4752,7.177
5898,4687,18.272
4687,5898,18.272
4687,4751,37.841
4751,4687,37.841
4751,5877,15.756
5877,4751,15.756
5877,2640,2.537
2640,5877,2.537
300,2643,1.415
2643,300,1.415
2643,4966,9.880
4966,2643,9.880
4966,5899,28.876
5899,4966,28.876
5899,4586,7.841
4586,5899,7.841
4586,216,4.072
216,4586,4.072
216,4752,2.384
4752,216,2.384
1102,7700,53.519
7700,1102,53.519
7700,4128,36.932
4128,7700,36.932
4128,445,9.176
445,4128,9.176
485,7699,10.372
7699,485,10.372
7699,4367,15.054
4367,7699,15.054
4367,1102,12.324
1102,4367,12.324
6592,5703,9.393
5703,6592,9.393
5703,5274,39.964
5274,5703,39.964
5274,1986,6.664
1986,5274,6.664
1986,33,7.586
33,1986,7.586
1897,7571,8.796
7571,1897,8.796
7571,73,3.726
73,7571,3.726
1985,8096,10.759
8096,1985,10.759
8096,2187,9.824
2187,8096,9.824
1625,789,10.389
789,1625,10.389
1989,595,9.116
595,1989,9.116
5566,1166,11.320
1166,5566,11.320
788,1641,9.968
1641,788,9.968
773,5774,8.014
5774,773,8.014
5774,2917,2.440
2917,5774,2.440
2917,1133,10.465
1133,2917,10.465
1133,2919,10.460
2919,1133,10.460
2919,1109,10.459
1109,2919,10.459
1109,1134,10.456
1134,1109,10.456
1134,4141,10.464
4141,1134,10.464
4141,1639,11.690
1639,4141,11.690
1639,6112,7.948
6112,1639,7.948
820,1325,22.414
1325,820,22.414
1988,8094,8.455
8094,1988,8.455
8094,8095,8.663
8095,8094,8.663
8095,588,33.423
588,8095,33.423
588,2202,8.761
2202,588,8.761
1992,233,10.481
233,1992,10.481
98,1628,12.597
1628,98,12.597
1628,5329,5.788
5329,1628,5.788
5565,225,10.515
225,5565,10.515
7592,7603,1.284
7603,7592,1.284
7603,7593,1.782
7593,7603,1.782
7593,7604,1.303
7604,7593,1.303
7604,7602,1.219
7602,7604,1.219
7602,7594,1.118
7594,7602,1.118
7594,225,1.455
225,7594,1.455
88,1629,12.693
1629,88,12.693
5645,5646,4.349
5646,5645,4.349
188,8133,123.836
8133,188,123.836
8133,485,72.556
485,8133,72.556
6381,6884,0.995
6884,6381,0.995
6884,6875,1.148
6875,6884,1.148
6875,6511,1.623
6511,6875,1.623
6511,5649,1.950
5649,6511,1.950
5649,7388,1.282
7388,5649,1.282
7388,6194,0.370
6194,7388,0.370
6194,6889,0.521
6889,6194,0.521
6889,6871,0.583
6871,6889,0.583
6871,6888,0.798
6888,6871,0.798
6888,6887,0.786
6887,6888,0.786
6887,6195,1.008
6195,6887,1.008
6195,6886,0.961
6886,6195,0.961
6886,6885,0.599
6885,6886,0.599
6885,6870,1.069
6870,6885,1.069
6870,5650,3.070
5650,6870,3.070
5650,6776,78.819
6776,5650,78.819
6776,1832,6.450
1832,6776,6.450
1832,1816,7.325
1816,1832,7.325
1816,2227,5.522
2227,1816,5.522
2227,5653,15.733
5653,2227,15.733
5653,3793,8.802
3793,5653,8.802
3793,4434,3.844
4434,3793,3.844
4434,4433,30.652
4433,4434,30.652
4433,5651,15.335
5651,4433,15.335
5651,3794,7.084
3794,5651,7.084
3794,6043,14.877
6043,3794,14.877
6043,5668,6.946
5668,6043,6.946
557,7542,9.649
7542,557,9.649
7542,4658,8.551
4658,7542,8.551
4658,7558,10.855
7558,4658,10.855
7558,7557,11.413
7557,7558,11.413
3972,5681,23.302
5681,3972,23.302
2738,5914,7.726
5914,2738,7.726
5914,6086,1.516
6086,5914,1.516
6086,5745,6.819
5745,6086,6.819
5745,5680,10.477
5680,5745,10.477
5680,1561,10.910
1561,5680,10.910
544,1556,3.763
1556,544,3.763
4836,6669,5.812
6669,4836,5.812
6669,6667,4.875
6667,6669,4.875
6667,6675,3.596
6675,6667,3.596
6675,5692,3.200
5692,6675,3.200
5693,8163,47.023
8163,5693,47.023
8163,789,8.729
789,8163,8.729
289,2557,1.690
2557,289,1.690
2557,4024,5.134
4024,2557,5.134
4024,5460,1.296
5460,4024,1.296
5460,4203,14.805
4203,5460,14.805
4203,4204,15.951
4204,4203,15.951
4204,4119,13.962
4119,4204,13.962
4119,8198,10.935
8198,4119,10.935
8198,4205,10.100
4205,8198,10.100
4205,135,11.357
135,4205,11.357
135,4206,13.065
4206,135,13.065
4206,4207,12.287
4207,4206,12.287
4207,6457,14.359
6457,4207,14.359
6457,1601,31.534
1601,6457,31.534
5696,3955,8.807
3955,5696,8.807
3955,1600,63.907
1600,3955,63.907
1600,672,10.079
672,1600,10.079
776,3776,4.913
3776,776,4.913
3776,3354,10.136
3354,3776,10.136
3354,787,41.879
787,3354,41.879
787,5748,4.996
5748,787,4.996
5748,786,35.102
786,5748,35.102
441,7287,1.636
7287,441,1.636
7287,7163,1.585
7163,7287,1.585
7163,7162,2.787
7162,7163,2.787
7162,7278,13.240
7278,7162,13.240
7278,442,2.657
442,7278,2.657
1563,7060,3.991
7060,1563,3.991
7060,4893,3.250
4893,7060,3.250
4893,6801,2.342
6801,4893,2.342
6801,3152,7.893
3152,6801,7.893
3152,4892,4.946
4892,3152,4.946
4892,2632,5.425
2632,4892,5.425
2632,1564,6.357
1564,2632,6.357
1564,2626,5.709
2626,1564,5.709
2626,2624,5.225
2624,2626,5.225
5707,6633,41.173
6633,5707,41.173
6633,4804,36.830
4804,6633,36.830
5474,2018,10.796
2018,5474,10.796
7620,523,4.528
523,7620,4.528
5712,7620,8.839
7620,5712,8.839
5736,6288,113.957
6288,5736,113.957
6288,710,4.137
710,6288,4.137
1941,4325,25.702
4325,1941,25.702
4325,4178,10.403
4178,4325,10.403
4178,4324,1.344
4324,4178,1.344
4324,4179,2.341
4179,4324,2.341
4179,5739,10.363
5739,4179,10.363
2397,170,84.155
170,2397,84.155
1407,1830,3.306
1830,1407,3.306
3206,2702,5.721
2702,3206,5.721
2702,2712,3.569
2712,2702,3.569
2712,3203,1.798
3203,2712,1.798
4994,3983,9.044
3983,4994,9.044
3983,4090,13.606
4090,3983,13.606
4090,659,10.824
659,4090,10.824
5747,5909,21.903
5909,5747,21.903
5909,899,7.370
899,5909,7.370
556,5995,11.928
5995,556,11.928
5995,5752,11.210
5752,5995,11.210
5752,7251,14.835
7251,5752,14.835
7251,2740,15.609
2740,7251,15.609
2740,7386,1.648
7386,2740,1.648
7386,6089,2.427
6089,7386,2.427
6089,2736,7.829
2736,6089,7.829
2736,2739,4.604
2739,2736,4.604
1387,1309,42.604
1309,1387,42.604
5756,4950,9.551
4950,5756,9.551
2,5756,39.345
5756,2,39.345
4950,8200,35.635
8200,4950,35.635
8200,4949,33.387
4949,8200,33.387
4949,1995,8.311
1995,4949,8.311
1995,1,7.636
1,1995,7.636
2777,4711,11.487
4711,2777,11.487
32,1985,8.351
1985,32,8.351
5763,7173,90.551
7173,5763,90.551
7173,5778,1.957
5778,7173,1.957
5778,327,22.518
327,5778,22.518
2758,2761,13.293
2761,2758,13.293
2761,5762,104.761
5762,2761,104.761
705,2728,74.489
2728,705,74.489
2728,5729,6.674
5729,2728,6.674
5729,586,6.050
586,5729,6.050
586,327,37.542
327,586,37.542
2729,5724,4.501
5724,2729,4.501
5724,4918,3.815
4918,5724,3.815
4918,5723,4.176
5723,4918,4.176
5723,180,4.516
180,5723,4.516
180,6188,3.956
6188,180,3.956
6188,705,5.104
705,6188,5.104
2278,5764,15.212
5764,2278,15.212
463,7419,13.845
7419,463,13.845
7419,2418,43.713
2418,7419,43.713
2418,464,30.612
464,2418,30.612
464,4076,77.358
4076,464,77.358
4076,5413,8.298
5413,4076,8.298
5413,3392,2.169
3392,5413,2.169
4998,655,6.522
655,4998,6.522
5776,6169,5.869
6169,5776,5.869
6169,896,4.721
896,6169,4.721
896,6165,4.492
6165,896,4.492
6165,4933,3.725
4933,6165,3.725
4933,3873,5.493
3873,4933,5.493
5803,5802,5.114
5802,5803,5.114
5802,5800,12.193
5800,5802,12.193
5800,8237,20.649
8237,5800,20.649
4352,5804,1.460
5804,4352,1.460
5805,4352,8.800
4352,5805,8.800
2389,815,17.768
815,2389,17.768
2388,6431,26.567
6431,2388,26.567
6808,5807,32.696
5807,6808,32.696
816,5808,16.935
5808,816,16.935
5808,5252,17.451
5252,5808,17.451
5809,2249,33.695
2249,5809,33.695
5817,2390,31.772
2390,5817,31.772
2390,6259,6.947
6259,2390,6.947
6259,7464,2.178
7464,6259,2.178
7464,7470,2.056
7470,7464,2.056
7470,7468,3.218
7468,7470,3.218
7468,7469,3.622
7469,7468,3.622
7469,803,6.602
803,7469,6.602
4820,5409,18.831
5409,4820,18.831
5409,1943,6.523
1943,5409,6.523
948,5408,12.821
5408,948,12.821
5408,1943,6.188
1943,5408,6.188
178,3937,36.641
3937,178,36.641
3937,708,61.209
708,3937,61.209
708,6146,92.061
6146,708,92.061
6146,177,14.581
177,6146,14.581
2025,1627,10.023
1627,2025,10.023
1626,2026,11.232
2026,1626,11.232
5842,4802,21.117
4802,5842,21.117
1208,7607,10.322
7607,1208,10.322
7607,4987,4.937
4987,7607,4.937
4987,1209,16.723
1209,4987,16.723
1207,7609,8.488
7609,1207,8.488
7609,4988,2.588
4988,7609,2.588
4988,1206,17.342
1206,4988,17.342
242,2399,50.803
2399,242,50.803
2399,4819,18.645
4819,2399,18.645
4819,4812,6.402
4812,4819,6.402
4812,5849,14.749
5849,4812,14.749
1518,8136,129.372
8136,1518,129.372
8136,889,6.720
889,8136,6.720
2828,4473,14.934
4473,2828,14.934
1446,1321,6.057
1321,1446,6.057
2048,8250,9.187
8250,2048,9.187
8250,5312,6.478
5312,8250,6.478
5312,6453,6.460
6453,5312,6.460
776,7658,5.204
7658,776,5.204
7658,8279,13.146
8279,7658,13.146
8279,775,21.127
775,8279,21.127
814,8398,1.153
8398,814,1.153
8398,8373,1.225
8373,8398,1.225
8373,8399,1.237
8399,8373,1.237
8399,6598,1.664
6598,8399,1.664
6598,8400,2.946
8400,6598,2.946
8400,957,2.723
957,8400,2.723
957,8401,2.658
8401,957,2.658
8401,1865,2.485
1865,8401,2.485
1865,8402,2.272
8402,1865,2.272
8402,7393,2.257
7393,8402,2.257
7393,8403,1.828
8403,7393,1.828
8403,8375,2.380
8375,8403,2.380
8375,3874,2.183
3874,8375,2.183
3874,8404,1.802
8404,3874,1.802
8404,517,1.852
517,8404,1.852
517,8405,1.670
8405,517,1.670
8405,956,1.503
956,8405,1.503
875,8392,1.155
8392,875,1.155
8392,8389,1.079
8389,8392,1.079
8389,8393,1.441
8393,8389,1.441
8393,8390,1.348
8390,8393,1.348
8390,8379,4.387
8379,8390,4.387
8379,8380,26.353
8380,8379,26.353
8380,8382,10.661
8382,8380,10.661
8382,8383,7.198
8383,8382,7.198
8383,516,8.509
516,8383,8.509
384,5886,9.183
5886,384,9.183
5886,1104,19.691
1104,5886,19.691
1104,7849,8.991
7849,1104,8.991
186,6186,10.873
6186,186,10.873
6186,2723,5.418
2723,6186,5.418
2723,5890,18.786
5890,2723,18.786
705,6180,9.633
6180,705,9.633
6180,5891,34.855
5891,6180,34.855
720,6013,6.362
6013,720,6.362
6013,6371,96.169
6371,6013,96.169
300,2639,1.684
2639,300,1.684
2639,6357,6.786
6357,2639,6.786
6357,5905,94.370
5905,6357,94.370
5905,5906,1.855
5906,5905,1.855
5906,4149,5.087
4149,5906,5.087
4149,268,10.243
268,4149,10.243
264,5913,14.592
5913,264,14.592
5913,7427,8.280
7427,5913,8.280
7427,7428,6.754
7428,7427,6.754
7428,6491,6.981
6491,7428,6.981
6491,1797,11.585
1797,6491,11.585
2203,3882,12.601
3882,2203,12.601
5922,6309,63.412
6309,5922,63.412
6309,769,4.914
769,6309,4.914
95,2834,4.963
2834,95,4.963
2834,5922,73.046
5922,2834,73.046
5025,8157,14.337
8157,5025,14.337
8157,5086,5.248
5086,8157,5.248
5086,6663,30.808
6663,5086,30.808
5926,4761,25.711
4761,5926,25.711
93,1162,54.094
1162,93,54.094
604,5950,28.588
5950,604,28.588
1706,7919,5.507
7919,1706,5.507
7919,7918,7.814
7918,7919,7.814
7918,7920,5.685
7920,7918,5.685
7920,5951,18.432
5951,7920,18.432
7588,1539,12.967
1539,7588,12.967
1972,6738,8.664
6738,1972,8.664
6738,7617,140.472
7617,6738,140.472
7617,725,10.114
725,7617,10.114
725,1974,34.431
1974,725,34.431
1974,284,37.538
284,1974,37.538
284,4791,47.818
4791,284,47.818
5562,3748,9.635
3748,5562,9.635
3748,3747,4.498
3747,3748,4.498
5911,1776,3.630
1776,5911,3.630
1776,1777,7.611
1777,1776,7.611
1777,4557,2.269
4557,1777,2.269
4557,1027,2.322
1027,4557,2.322
1027,1778,17.938
1778,1027,17.938
1778,7345,2.025
7345,1778,2.025
7345,932,3.409
932,7345,3.409
296,1467,4.875
1467,296,4.875
1467,221,7.889
221,1467,7.889
221,2653,3.465
2653,221,3.465
2653,2650,6.431
2650,2653,6.431
2650,1466,6.431
1466,2650,6.431
2652,298,4.449
298,2652,4.449
298,222,7.032
222,298,7.032
222,6545,6.523
6545,222,6.523
6545,1474,7.037
1474,6545,7.037
1474,297,6.465
297,1474,6.465
297,1457,3.977
1457,297,3.977
1463,6030,2.189
6030,1463,2.189
6030,6029,5.743
6029,6030,5.743
6029,223,5.733
223,6029,5.733
223,291,5.734
291,223,5.734
291,1464,5.744
1464,291,5.744
1464,6656,3.785
6656,1464,3.785
6656,1234,1.949
1234,6656,1.949
1460,294,6.350
294,1460,6.350
294,7377,0.798
7377,294,0.798
1673,6055,45.391
6055,1673,45.391
6480,5815,6.451
5815,6480,6.451
5815,1942,20.063
1942,5815,20.063
2750,2296,12.804
2296,2750,12.804
5970,7171,16.673
7171,5970,16.673
5374,5373,83.415
5373,5374,83.415
4802,6065,15.937
6065,4802,15.937
471,6645,8.023
6645,471,8.023
6645,3260,45.904
3260,6645,45.904
3260,4278,8.261
4278,3260,8.261
4278,322,8.595
322,4278,8.595
190,6447,15.485
6447,190,15.485
6447,4657,15.479
4657,6447,15.479
4657,557,7.283
557,4657,7.283
5361,1654,7.363
1654,5361,7.363
1654,2398,23.857
2398,1654,23.857
2398,7723,19.663
7723,2398,19.663
7723,1655,2.366
1655,7723,2.366
1655,170,42.320
170,1655,42.320
6111,1626,8.281
1626,6111,8.281
6111,6112,8.111
6112,6111,8.111
3801,951,10.137
951,3801,10.137
221,1449,17.009
1449,221,17.009
237,6153,5.975
6153,237,5.975
6153,3149,5.973
3149,6153,5.973
2120,7588,14.309
7588,2120,14.309
74,7106,7.372
7106,74,7.372
7106,5957,4.660
5957,7106,4.660
5957,5959,3.593
5959,5957,3.593
5959,5958,3.666
5958,5959,3.666
5958,7588,5.366
7588,5958,5.366
1721,4990,13.335
4990,1721,13.335
4990,1725,14.613
1725,4990,14.613
3317,4187,59.201
4187,3317,59.201
4804,5091,78.559
5091,4804,78.559
5091,5088,49.883
5088,5091,49.883
5088,5087,1.544
5087,5088,1.544
5087,191,14.472
191,5087,14.472
666,2376,11.037
2376,666,11.037
2376,6206,14.598
6206,2376,14.598
198,1499,9.394
1499,198,9.394
1499,4667,7.558
4667,1499,7.558
3970,6659,6.305
6659,3970,6.305
6659,4836,7.309
4836,6659,7.309
6242,1972,76.430
1972,6242,76.430
694,1973,75.011
1973,694,75.011
600,5902,12.373
5902,600,12.373
5902,6243,85.500
6243,5902,85.500
6245,2804,10.179
2804,6245,10.179
716,1511,46.974
1511,716,46.974
2307,7503,7.644
7503,2307,7.644
7503,7504,4.076
7504,7503,4.076
7504,4052,3.424
4052,7504,3.424
4052,7502,6.500
7502,4052,6.500
7502,7501,6.905
7501,7502,6.905
7501,5746,11.683
5746,7501,11.683
5746,2292,9.281
2292,5746,9.281
1745,8211,7.654
8211,1745,7.654
8211,5520,6.667
5520,8211,6.667
5520,5071,34.158
5071,5520,34.158
5071,4111,24.018
4111,5071,24.018
4111,1744,17.356
1744,4111,17.356
3201,3991,5.353
3991,3201,5.353
3991,3075,14.877
3075,3991,14.877
1047,3521,1.616
3521,1047,1.616
3521,6279,8.836
6279,3521,8.836
6279,1964,21.249
1964,6279,21.249
1964,3809,18.589
3809,1964,18.589
3809,2487,25.769
2487,3809,25.769
2487,3808,26.813
3808,2487,26.813
3808,5981,17.746
5981,3808,17.746
5981,621,61.044
621,5981,61.044
4653,4640,19.131
4640,4653,19.131
4640,2050,23.003
2050,4640,23.003
2050,7519,1.828
7519,2050,1.828
7519,1045,4.301
1045,7519,4.301
1779,4654,32.403
4654,1779,32.403
4654,1898,26.715
1898,4654,26.715
1898,4653,14.977
4653,1898,14.977
1652,4083,22.475
4083,1652,22.475
4083,2838,3.288
2838,4083,3.288
2838,5742,2.463
5742,2838,2.463
5742,2839,5.816
2839,5742,5.816
2839,4085,15.060
4085,2839,15.060
4085,4086,3.204
4086,4085,3.204
6266,6296,25.497
6296,6266,25.497
6296,1597,6.107
1597,6296,6.107
6521,4008,11.412
4008,6521,11.412
4008,215,1.882
215,4008,1.882
215,4572,40.524
4572,215,40.524
4572,4100,38.548
4100,4572,38.548
4100,3829,66.862
3829,4100,66.862
3829,6523,31.220
6523,3829,31.220
6523,265,7.992
265,6523,7.992
1415,1288,11.434
1288,1415,11.434
974,975,50.356
975,974,50.356
975,979,58.935
979,975,58.935
6345,317,12.863
317,6345,12.863
317,3325,8.973
3325,317,8.973
3325,5264,4.827
5264,3325,4.827
5264,4386,3.610
4386,5264,3.610
4386,5265,4.565
5265,4386,4.565
5265,1113,5.127
1113,5265,5.127
1113,5266,4.564
5266,1113,4.564
5266,5268,4.481
5268,5266,4.481
5268,1388,7.183
1388,5268,7.183
1388,5267,6.196
5267,1388,6.196
5267,2229,6.491
2229,5267,6.491
2229,5933,11.138
5933,2229,11.138
5933,1659,3.244
1659,5933,3.244
1659,311,13.755
311,1659,13.755
6361,827,116.163
827,6361,116.163
1380,1371,43.144
1371,1380,43.144
23,5473,1.826
5473,23,1.826
5473,1984,7.165
1984,5473,7.165
134,6432,7.036
6432,134,7.036
6432,6364,7.025
6364,6432,7.025
1428,6365,27.581
6365,1428,27.581
1800,2052,6.436
2052,1800,6.436
2052,6450,8.703
6450,2052,8.703
1466,295,5.229
295,1466,5.229
6372,267,56.023
267,6372,56.023
6371,6372,5.117
6372,6371,5.117
162,894,44.327
894,162,44.327
4187,852,21.164
852,4187,21.164
4176,8168,36.441
8168,4176,36.441
4177,4176,23.248
4176,4177,23.248
6397,6425,25.302
6425,6397,25.302
6425,5096,0.809
5096,6425,0.809
5096,5992,3.013
5992,5096,3.013
5992,5372,16.501
5372,5992,16.501
5646,4941,15.265
4941,5646,15.265
4941,188,13.143
188,4941,13.143
2594,2618,7.518
2618,2594,7.518
2618,12,3.859
12,2618,3.859
12,2586,3.145
2586,12,3.145
2586,2961,5.479
2961,2586,5.479
2961,2960,4.423
2960,2961,4.423
2960,6415,6.746
6415,2960,6.746
1513,1343,33.185
1343,1513,33.185
2355,6513,4.854
6513,2355,4.854
2989,7734,22.347
7734,2989,22.347
6428,5251,9.591
5251,6428,9.591
6429,4714,2.824
4714,6429,2.824
4714,4524,13.842
4524,4714,13.842
4524,6430,5.096
6430,4524,5.096
6430,4878,22.556
4878,6430,22.556
4878,2001,7.216
2001,4878,7.216
2001,518,14.178
518,2001,14.178
163,4526,25.644
4526,163,25.644
4526,6428,2.929
6428,4526,2.929
4453,5359,32.436
5359,4453,32.436
6431,2389,18.514
2389,6431,18.514
7309,3110,12.842
3110,7309,12.842
3110,6402,8.177
6402,3110,8.177
6402,3111,11.222
3111,6402,11.222
3111,6442,9.113
6442,3111,9.113
6442,5960,14.918
5960,6442,14.918
5960,678,12.993
678,5960,12.993
44,7316,4.010
7316,44,4.010
7316,2163,8.466
2163,7316,8.466
2163,941,16.274
941,2163,16.274
1595,7313,10.453
7313,1595,10.453
452,453,9.805
453,452,9.805
453,3397,39.196
3397,453,39.196
3397,5235,1.576
5235,3397,1.576
5235,7069,8.403
7069,5235,8.403
7069,7086,0.569
7086,7069,0.569
7086,40,7.809
40,7086,7.809
1741,1740,15.439
1740,1741,15.439
671,670,94.757
670,671,94.757
5739,5737,30.165
5737,5739,30.165
5737,6555,121.558
6555,5737,121.558
6458,8236,34.564
8236,6458,34.564
6474,1621,50.114
1621,6474,50.114
5640,5641,40.335
5641,5640,40.335
5641,8341,13.214
8341,5641,13.214
8341,6474,5.355
6474,8341,5.355
4062,6484,65.199
6484,4062,65.199
6484,735,5.992
735,6484,5.992
1387,2554,1.370
2554,1387,1.370
2554,5263,7.460
5263,2554,7.460
358,2559,1.630
2559,358,1.630
2559,4057,7.535
4057,2559,7.535
82,107,17.899
107,82,17.899
107,1148,23.585
1148,107,23.585
608,1961,1.270
1961,608,1.270
1961,6521,3.488
6521,1961,3.488
6513,690,1.104
690,6513,1.104
690,7040,2.061
7040,690,2.061
7040,7039,1.476
7039,7040,1.476
7039,5286,1.585
5286,7039,1.585
5286,7038,1.394
7038,5286,1.394
7038,3919,0.913
3919,7038,0.913
3919,7037,1.691
7037,3919,1.691
7037,7036,1.654
7036,7037,1.654
7036,3918,1.345
3918,7036,1.345
3918,7041,1.812
7041,3918,1.812
7041,6519,1.480
6519,7041,1.480
6519,6516,0.845
6516,6519,0.845
6516,3917,1.127
3917,6516,1.127
1514,5773,20.556
5773,1514,20.556
5773,1944,24.896
1944,5773,24.896
6546,5539,12.485
5539,6546,12.485
5539,5541,19.910
5541,5539,19.910
5541,6,80.381
6,5541,80.381
81,227,84.052
227,81,84.052
227,6471,110.467
6471,227,110.467
454,8140,4.744
8140,454,4.744
8140,8137,82.431
8137,8140,82.431
8137,6553,1.704
6553,8137,1.704
6553,457,7.650
457,6553,7.650
457,6550,8.474
6550,457,8.474
6550,6551,8.297
6551,6550,8.297
6551,458,11.338
458,6551,11.338
871,6552,9.860
6552,871,9.860
6552,8139,1.755
8139,6552,1.755
8139,459,28.145
459,8139,28.145
459,2417,15.252
2417,459,15.252
2417,460,23.305
460,2417,23.305
460,7373,5.419
7373,460,5.419
6559,175,14.778
175,6559,14.778
6560,1854,56.170
1854,6560,56.170
1854,6559,63.963
6559,1854,63.963
38,7085,1.241
7085,38,1.241
7085,5172,10.740
5172,7085,10.740
5172,5170,3.324
5170,5172,3.324
5170,6567,12.260
6567,5170,12.260
6563,6564,14.994
6564,6563,14.994
6564,465,7.126
465,6564,7.126
465,6565,8.050
6565,465,8.050
6569,6563,32.030
6563,6569,32.030
6562,3058,16.054
3058,6562,16.054
3058,6569,20.907
6569,3058,20.907
6567,6562,39.823
6562,6567,39.823
363,1730,10.828
1730,363,10.828
1730,6561,4.368
6561,1730,4.368
6568,4750,33.867
4750,6568,33.867
6566,6568,35.900
6568,6566,35.900
6571,6566,58.577
6566,6571,58.577
6570,6571,17.550
6571,6570,17.550
6561,8107,33.911
8107,6561,33.911
8107,6570,32.977
6570,8107,32.977
365,6034,11.513
6034,365,11.513
6034,6573,10.097
6573,6034,10.097
6573,6574,40.163
6574,6573,40.163
6574,6575,25.236
6575,6574,25.236
6572,6421,15.800
6421,6572,15.800
6421,6418,3.748
6418,6421,3.748
6418,492,9.202
492,6418,9.202
759,6572,67.335
6572,759,67.335
2350,6576,16.807
6576,2350,16.807
6577,1352,9.003
1352,6577,9.003
1352,3994,9.663
3994,1352,9.663
3994,746,9.614
746,3994,9.614
2324,700,3.492
700,2324,3.492
700,2570,2.626
2570,700,2.626
2570,7845,2.726
7845,2570,2.726
7845,4042,0.418
4042,7845,0.418
1049,4844,8.599
4844,1049,8.599
4844,1826,7.004
1826,4844,7.004
1826,7807,4.563
7807,1826,4.563
995,5492,5.437
5492,995,5.437
5492,1656,5.881
1656,5492,5.881
1656,6590,41.062
6590,1656,41.062
1166,3290,32.435
3290,1166,32.435
3290,6729,15.072
6729,3290,15.072
6729,4704,44.554
4704,6729,44.554
4704,6591,13.509
6591,4704,13.509
6591,6592,34.720
6592,6591,34.720
828,3558,16.369
3558,828,16.369
3558,3559,8.442
3559,3558,8.442
3559,2797,8.035
2797,3559,8.035
78,3383,76.559
3383,78,76.559
4048,1693,7.382
1693,4048,7.382
1181,2108,13.726
2108,1181,13.726
2108,61,7.811
61,2108,7.811
5985,3174,4.916
3174,5985,4.916
3174,1170,8.439
1170,3174,8.439
1170,1171,60.630
1171,1170,60.630
5319,5094,5.092
5094,5319,5.092
5325,1199,11.724
1199,5325,11.724
977,987,17.637
987,977,17.637
6594,4458,72.790
4458,6594,72.790
4458,8223,194.131
8223,4458,194.131
803,6258,9.156
6258,803,9.156
6258,3872,8.776
3872,6258,8.776
3872,7471,7.632
7471,3872,7.632
5428,90,12.055
90,5428,12.055
516,7348,3.239
7348,516,3.239
7348,8387,3.212
8387,7348,3.212
8387,8386,2.906
8386,8387,2.906
8386,8385,9.278
8385,8386,9.278
8385,3783,27.046
3783,8385,27.046
3783,954,8.158
954,3783,8.158
954,4227,6.176
4227,954,6.176
4227,1193,11.611
1193,4227,11.611
1193,6606,9.238
6606,1193,9.238
6606,5967,52.059
5967,6606,52.059
5967,955,2.786
955,5967,2.786
955,1871,55.997
1871,955,55.997
6608,6037,14.350
6037,6608,14.350
6037,362,11.789
362,6037,11.789
6607,6608,57.983
6608,6607,57.983
1190,6609,64.224
6609,1190,64.224
6610,1516,31.302
1516,6610,31.302
1516,144,16.516
144,1516,16.516
505,8005,27.883
8005,505,27.883
506,7446,10.161
7446,506,10.161
7446,7998,6.463
7998,7446,6.463
6618,6930,24.246
6930,6618,24.246
6930,6383,1.754
6383,6930,1.754
6383,6382,1.959
6382,6383,1.959
2450,21,5.720
21,2450,5.720
21,660,13.337
660,21,13.337
6637,3184,91.814
3184,6637,91.814
3184,3828,11.560
3828,3184,11.560
212,4151,6.587
4151,212,6.587
4151,4723,31.085
4723,4151,31.085
4723,1340,36.068
1340,4723,36.068
1340,1140,6.581
1140,1340,6.581
1140,5677,37.643
5677,1140,37.643
5677,2658,15.026
2658,5677,15.026
595,6735,8.637
6735,595,8.637
6735,2213,4.424
2213,6735,4.424
2213,6641,3.503
6641,2213,3.503
32,2192,12.044
2192,32,12.044
2217,33,11.814
33,2217,11.814
6642,2090,38.343
2090,6642,38.343
2008,6642,40.000
6642,2008,40.000
4218,39,20.713
39,4218,20.713
5835,497,42.233
497,5835,42.233
497,8010,23.976
8010,497,23.976
4431,790,106.263
790,4431,106.263
790,4379,47.157
4379,790,47.157
4379,4015,111.653
4015,4379,111.653
4015,1625,4.617
1625,4015,4.617
5692,6674,3.270
6674,5692,3.270
6674,6668,3.103
6668,6674,3.103
6668,6534,2.998
6534,6668,2.998
6534,6535,5.620
6535,6534,5.620
6535,6673,8.539
6673,6535,8.539
6673,6666,8.388
6666,6673,8.388
1162,6679,14.308
6679,1162,14.308
4505,6784,1.204
6784,4505,1.204
6784,6782,1.265
6782,6784,1.265
6782,6783,1.379
6783,6782,1.379
6783,4009,1.700
4009,6783,1.700
4009,4010,4.329
4010,4009,4.329
4010,6785,18.053
6785,4010,18.053
6785,4099,8.615
4099,6785,8.615
4825,2957,22.082
2957,4825,22.082
2957,1513,40.430
1513,2957,40.430
4826,25,15.255
25,4826,15.255
2959,2958,10.281
2958,2959,10.281
2958,4825,1.393
4825,2958,1.393
5471,4826,18.499
4826,5471,18.499
1021,6698,16.677
6698,1021,16.677
3180,4311,3.215
4311,3180,3.215
4311,7116,2.983
7116,4311,2.983
7116,7123,2.002
7123,7116,2.002
7123,7124,1.849
7124,7123,1.849
7124,617,2.596
617,7124,2.596
6715,3213,7.097
3213,6715,7.097
3213,5935,37.558
5935,3213,37.558
5935,5468,3.791
5468,5935,3.791
5468,123,8.588
123,5468,8.588
1451,8057,12.050
8057,1451,12.050
8057,8053,31.474
8053,8057,31.474
8053,3813,14.641
3813,8053,14.641
3813,7885,2.677
7885,3813,2.677
7885,7886,1.667
7886,7885,1.667
7886,5617,16.607
5617,7886,16.607
5617,1488,15.452
1488,5617,15.452
2488,333,11.272
333,2488,11.272
4569,6200,6.599
6200,4569,6.599
6200,6725,14.121
6725,6200,14.121
6726,4570,49.283
4570,6726,49.283
4570,4571,24.871
4571,4570,24.871
4571,1812,3.318
1812,4571,3.318
429,4922,15.701
4922,429,15.701
4922,5402,3.565
5402,4922,3.565
5402,187,13.552
187,5402,13.552
2056,7422,104.194
7422,2056,104.194
7422,5016,87.113
5016,7422,87.113
5016,2654,7.095
2654,5016,7.095
2654,212,1.601
212,2654,1.601
1797,4150,15.617
4150,1797,15.617
3337,7211,4.584
7211,3337,4.584
7211,1616,5.157
1616,7211,5.157
1616,5289,3.765
5289,1616,3.765
5289,3271,3.826
3271,5289,3.826
3271,3934,7.748
3934,3271,7.748
6752,6747,9.205
6747,6752,9.205
6747,6759,3.918
6759,6747,3.918
6759,3244,6.029
3244,6759,6.029
3244,3245,4.690
3245,3244,4.690
3245,299,8.581
299,3245,8.581
6761,4098,35.298
4098,6761,35.298
4098,351,1.538
351,4098,1.538
351,1381,42.040
1381,351,42.040
286,1634,9.801
1634,286,9.801
1634,6761,6.497
6761,1634,6.497
928,1034,11.056
1034,928,11.056
1301,8087,84.106
8087,1301,84.106
391,7814,10.403
7814,391,10.403
79,144,33.076
144,79,33.076
378,7203,12.421
7203,378,12.421
7203,5620,197.671
5620,7203,197.671
5620,79,13.825
79,5620,13.825
136,6839,9.062
6839,136,9.062
6839,4259,42.503
4259,6839,42.503
4259,5551,4.844
5551,4259,4.844
5551,6797,21.968
6797,5551,21.968
6797,7199,102.380
7199,6797,102.380
7199,79,5.935
79,7199,5.935
466,7352,3.403
7352,466,3.403
7352,4475,107.039
4475,7352,107.039
4475,2419,112.472
2419,4475,112.472
2419,7350,3.797
7350,2419,3.797
7350,467,4.479
467,7350,4.479
467,7351,6.848
7351,467,6.848
7351,162,83.250
162,7351,83.250
7442,5846,11.661
5846,7442,11.661
5846,126,23.114
126,5846,23.114
8126,6448,23.065
6448,8126,23.065
6448,6786,19.917
6786,6448,19.917
6786,4752,8.890
4752,6786,8.890
5120,5470,16.211
5470,5120,16.211
5470,3538,7.108
3538,5470,7.108
5496,5497,16.343
5497,5496,16.343
5497,5120,15.632
5120,5497,15.632
175,2395,6.077
2395,175,6.077
2395,6558,6.225
6558,2395,6.225
6558,5855,2.155
5855,6558,2.155
5855,7511,10.067
7511,5855,10.067
7511,3939,10.067
3939,7511,10.067
3939,3938,30.334
3938,3939,30.334
3938,7299,17.777
7299,3938,17.777
7299,7300,12.601
7300,7299,12.601
322,4276,7.946
4276,322,7.946
4276,1906,19.025
1906,4276,19.025
1906,1336,53.327
1336,1906,53.327
1336,6765,40.241
6765,1336,40.241
6765,323,9.752
323,6765,9.752
323,1335,7.358
1335,323,7.358
1169,1400,66.545
1400,1169,66.545
6806,4630,13.166
4630,6806,13.166
4630,4631,7.119
4631,4630,7.119
4631,4628,3.515
4628,4631,3.515
6807,7757,52.336
7757,6807,52.336
802,2914,7.101
2914,802,7.101
2914,4907,11.081
4907,2914,11.081
4907,6808,1.746
6808,4907,1.746
6837,776,5.982
776,6837,5.982
4099,4008,7.566
4008,4099,7.566
874,1869,13.580
1869,874,13.580
1869,3784,18.313
3784,1869,18.313
6917,6924,3.073
6924,6917,3.073
6924,6923,2.429
6923,6924,2.429
6923,6922,2.228
6922,6923,2.228
6922,6921,2.966
6921,6922,2.966
6921,6920,3.370
6920,6921,3.370
6920,6910,3.090
6910,6920,3.090
6910,6916,1.675
6916,6910,1.675
6916,6919,4.744
6919,6916,4.744
6919,6911,1.543
6911,6919,1.543
6911,6912,1.971
6912,6911,1.971
6912,6918,2.339
6918,6912,2.339
6918,6913,2.424
6913,6918,2.424
6913,3362,1.089
3362,6913,1.089
3362,6914,1.710
6914,3362,1.710
6914,6915,1.295
6915,6914,1.295
6915,6882,1.457
6882,6915,1.457
6382,6899,1.629
6899,6382,1.629
6899,6898,0.926
6898,6899,0.926
6898,6931,0.771
6931,6898,0.771
6931,6858,0.894
6858,6931,0.894
6858,6897,2.051
6897,6858,2.051
6897,6900,1.987
6900,6897,1.987
6900,6896,1.362
6896,6900,1.362
6896,6895,1.428
6895,6896,1.428
6895,6929,1.151
6929,6895,1.151
6929,2144,1.146
2144,6929,1.146
2144,3363,1.702
3363,2144,1.702
3363,6909,1.979
6909,3363,1.979
6909,6901,1.358
6901,6909,1.358
6901,6894,1.057
6894,6901,1.057
6894,6893,1.264
6893,6894,1.264
6893,6892,1.583
6892,6893,1.583
6892,6891,2.247
6891,6892,2.247
6891,6890,2.128
6890,6891,2.128
6890,2264,2.235
2264,6890,2.235
2264,6917,3.542
6917,2264,3.542
7034,5033,2.752
5033,7034,2.752
5033,5034,9.875
5034,5033,9.875
5034,5035,11.482
5035,5034,11.482
7035,7034,58.988
7034,7035,58.988
1211,1583,9.516
1583,1211,9.516
121,2150,8.050
2150,121,8.050
2150,6499,3.865
6499,2150,3.865
6499,2528,9.233
2528,6499,9.233
196,7166,9.075
7166,196,9.075
7167,951,8.715
951,7167,8.715
7166,7167,10.722
7167,7166,10.722
7167,7164,10.433
7164,7167,10.433
7164,7170,2.005
7170,7164,2.005
7170,7168,15.758
7168,7170,15.758
7168,7169,10.535
7169,7168,10.535
7169,2500,7.838
2500,7169,7.838
7171,2510,6.191
2510,7171,6.191
951,950,4.754
950,951,4.754
950,2489,17.886
2489,950,17.886
2489,4421,9.857
4421,2489,9.857
4421,6804,19.607
6804,4421,19.607
182,4472,6.764
4472,182,6.764
4472,2758,6.906
2758,4472,6.906
1761,203,102.390
203,1761,102.390
415,2142,24.577
2142,415,24.577
2142,2141,25.218
2141,2142,25.218
2141,7797,17.758
7797,2141,17.758
414,158,39.297
158,414,39.297
694,2020,7.106
2020,694,7.106
2020,5673,61.635
5673,2020,61.635
5673,5672,28.076
5672,5673,28.076
3210,8129,25.218
8129,3210,25.218
8129,8127,2.696
8127,8129,2.696
8127,8128,15.467
8128,8127,15.467
8128,5712,8.268
5712,8128,8.268
2465,3337,16.252
3337,2465,16.252
7227,3357,5.254
3357,7227,5.254
3357,176,1.927
176,3357,1.927
176,7222,1.678
7222,176,1.678
7222,3337,6.158
3337,7222,6.158
7225,7224,15.904
7224,7225,15.904
7224,7215,10.801
7215,7224,10.801
7215,7214,7.763
7214,7215,7.763
7214,7216,13.975
7216,7214,13.975
7216,7232,11.211
7232,7216,11.211
7228,7219,4.917
7219,7228,4.917
7219,7218,10.508
7218,7219,10.508
7218,7217,5.563
7217,7218,5.563
7217,7221,10.417
7221,7217,10.417
7221,7223,15.038
7223,7221,15.038
7223,7212,8.079
7212,7223,8.079
7212,7250,8.093
7250,7212,8.093
7250,7227,5.749
7227,7250,5.749
3337,1617,14.220
1617,3337,14.220
1617,5290,3.682
5290,1617,3.682
7226,7225,39.611
7225,7226,39.611
7227,7210,15.468
7210,7227,15.468
7210,7213,29.717
7213,7210,29.717
7213,7226,7.465
7226,7213,7.465
131,7305,8.029
7305,131,8.029
7305,1222,29.045
1222,7305,29.045
1222,7244,8.888
7244,1222,8.888
299,6640,6.388
6640,299,6.388
6640,4039,1.926
4039,6640,1.926
4039,6751,4.870
6751,4039,4.870
6751,6486,4.689
6486,6751,4.689
6486,7245,3.980
7245,6486,3.980
6750,210,6.771
210,6750,6.771
5849,6189,5.678
6189,5849,5.678
6189,245,25.927
245,6189,25.927
245,4801,28.729
4801,245,28.729
4801,6362,11.880
6362,4801,11.880
6362,6424,12.315
6424,6362,12.315
881,242,84.276
242,881,84.276
2299,7030,5.902
7030,2299,5.902
7030,4043,22.276
4043,7030,22.276
4043,7031,5.948
7031,4043,5.948
7031,5069,6.812
5069,7031,6.812
5069,2587,5.529
2587,5069,5.529
203,5,81.998
5,203,81.998
2011,2884,80.361
2884,2011,80.361
1475,8011,22.406
8011,1475,22.406
7288,2129,19.562
2129,7288,19.562
2129,4753,14.560
4753,2129,14.560
4753,2642,3.853
2642,4753,3.853
2642,2645,3.287
2645,2642,3.287
214,7765,8.447
7765,214,8.447
7765,6400,24.449
6400,7765,24.449
5983,131,3.236
131,5983,3.236
6529,6236,9.479
6236,6529,9.479
6236,7308,10.795
7308,6236,10.795
7308,5961,15.455
5961,7308,15.455
5961,7315,3.874
7315,5961,3.874
7315,4718,12.793
4718,7315,12.793
1585,7314,7.568
7314,1585,7.568
7314,7343,8.900
7343,7314,8.900
7343,7342,15.586
7342,7343,15.586
7342,4975,11.508
4975,7342,11.508
4975,7309,7.689
7309,4975,7.689
3112,6528,17.740
6528,3112,17.740
138,6237,14.831
6237,138,14.831
7312,6434,7.498
6434,7312,7.498
6434,138,16.737
138,6434,16.737
678,6440,15.931
6440,678,15.931
6440,7311,17.668
7311,6440,17.668
7311,3112,17.451
3112,7311,17.451
7313,4717,34.511
4717,7313,34.511
4717,7312,19.602
7312,4717,19.602
7318,674,26.932
674,7318,26.932
1599,7318,9.754
7318,1599,9.754
7322,1589,28.272
1589,7322,28.272
1589,7321,12.219
7321,1589,12.219
7321,676,9.718
676,7321,9.718
676,7320,4.826
7320,676,4.826
7320,675,5.319
675,7320,5.319
3819,629,10.488
629,3819,10.488
7302,7327,9.000
7327,7302,9.000
1602,3816,11.284
3816,1602,11.284
3816,1591,10.727
1591,3816,10.727
1591,1421,4.388
1421,1591,4.388
1421,3819,9.874
3819,1421,9.874
1739,3649,1.493
3649,1739,1.493
3649,5912,11.729
5912,3649,11.729
5912,2978,13.081
2978,5912,13.081
7351,4230,50.467
4230,7351,50.467
4230,6838,73.199
6838,4230,73.199
6838,3875,53.294
3875,6838,53.294
7360,8357,83.838
8357,7360,83.838
8357,8381,2.297
8381,8357,2.297
8381,8388,2.248
8388,8381,2.248
8388,8384,2.295
8384,8388,2.295
8384,516,5.794
516,8384,5.794
956,8377,3.637
8377,956,3.637
8377,8376,3.900
8376,8377,3.900
8376,8344,5.098
8344,8376,5.098
8344,8347,17.614
8347,8344,17.614
8347,8346,18.205
8346,8347,18.205
8346,8348,14.695
8348,8346,14.695
8348,8345,14.834
8345,8348,14.834
8345,8349,13.455
8349,8345,13.455
8349,8104,13.399
8104,8349,13.399
8104,7361,16.512
7361,8104,16.512
7361,8350,1.653
8350,7361,1.653
8350,8355,0.699
8355,8350,0.699
8355,8351,0.792
8351,8355,0.792
8351,8356,0.708
8356,8351,0.708
8356,8354,0.859
8354,8356,0.859
8354,8353,1.224
8353,8354,1.224
8353,7355,2.256
7355,8353,2.256
7355,7356,3.153
7356,7355,3.153
7356,8352,6.333
8352,7356,6.333
8352,7360,5.068
7360,8352,5.068
3198,3302,4.959
3302,3198,4.959
3302,3303,12.058
3303,3302,12.058
3303,3305,39.417
3305,3303,39.417
8249,2048,5.430
2048,8249,5.430
8249,5318,9.673
5318,8249,9.673
5318,8251,4.354
8251,5318,4.354
8251,2047,72.591
2047,8251,72.591
2047,847,63.836
847,2047,63.836
847,1233,30.884
1233,847,30.884
1233,849,32.730
849,1233,32.730
849,81,63.311
81,849,63.311
1341,6965,8.433
6965,1341,8.433
6965,2615,3.650
2615,6965,3.650
2615,6966,3.882
6966,2615,3.882
6966,3243,2.700
3243,6966,2.700
3243,2505,8.362
2505,3243,8.362
424,414,31.331
414,424,31.331
7373,461,14.595
461,7373,14.595
7374,1870,15.683
1870,7374,15.683
1870,2420,7.970
2420,1870,7.970
2420,461,5.673
461,2420,5.673
7375,4495,4.127
4495,7375,4.127
4495,461,9.182
461,4495,9.182
5795,5082,14.505
5082,5795,14.505
5082,5796,7.056
5796,5082,7.056
5796,192,5.026
192,5796,5.026
3768,5881,1.973
5881,3768,1.973
5881,7911,3.350
7911,5881,3.350
7911,3767,3.023
3767,7911,3.023
3767,7913,3.475
7913,3767,3.475
7913,7912,5.235
7912,7913,5.235
7912,3769,17.081
3769,7912,17.081
3769,3770,35.737
3770,3769,35.737
3770,5521,7.233
5521,3770,7.233
5521,3771,46.225
3771,5521,46.225
2156,2152,10.581
2152,2156,10.581
2152,8014,7.871
8014,2152,7.871
6324,121,11.467
121,6324,11.467
473,7590,4.876
7590,473,4.876
7590,7589,4.205
7589,7590,4.205
7589,2808,3.457
2808,7589,3.457
1478,7186,9.107
7186,1478,9.107
7186,2096,7.076
2096,7186,7.076
2096,7433,28.523
7433,2096,28.523
2101,7183,23.008
7183,2101,23.008
7183,7432,4.571
7432,7183,4.571
7385,217,13.164
217,7385,13.164
7437,1006,40.688
1006,7437,40.688
2036,647,2.899
647,2036,2.899
1177,5770,2.631
5770,1177,2.631
5770,5769,2.624
5769,5770,2.624
5769,125,1.413
125,5769,1.413
125,7442,1.728
7442,125,1.728
7443,58,10.491
58,7443,10.491
2549,4045,9.301
4045,2549,9.301
4045,7635,13.009
7635,4045,13.009
7635,1356,12.996
1356,7635,12.996
7448,1742,1.055
1742,7448,1.055
1744,3654,58.400
3654,1744,58.400
3654,3653,6.082
3653,3654,6.082
3653,7448,4.116
7448,3653,4.116
2175,8294,8.968
8294,2175,8.968
6517,4416,8.952
4416,6517,8.952
4416,2459,3.191
2459,4416,3.191
2446,6987,5.460
6987,2446,5.460
1227,8273,128.066
8273,1227,128.066
8273,4159,37.786
4159,8273,37.786
4159,5854,21.818
5854,4159,21.818
5854,778,48.751
778,5854,48.751
6045,509,16.587
509,6045,16.587
3076,7488,7.311
7488,3076,7.311
2078,7490,1.981
7490,2078,1.981
7490,5828,1.989
5828,7490,1.989
5828,5827,5.049
5827,5828,5.049
5827,5829,5.607
5829,5827,5.607
5829,102,7.995
102,5829,7.995
971,1013,111.927
1013,971,111.927
1017,5711,138.229
5711,1017,138.229
5711,167,7.711
167,5711,7.711
5140,7492,31.066
7492,5140,31.066
7494,4905,14.559
4905,7494,14.559
4905,172,10.548
172,4905,10.548
172,4904,6.827
4904,172,6.827
4904,3178,3.818
3178,4904,3.818
3178,4903,3.190
4903,3178,3.190
4903,2992,6.418
2992,4903,6.418
538,8328,4.540
8328,538,4.540
8328,5648,17.895
5648,8328,17.895
5648,8324,15.605
8324,5648,15.605
8324,537,2.883
537,8324,2.883
927,7336,3.403
7336,927,3.403
7336,1391,6.253
1391,7336,6.253
1391,7495,23.565
7495,1391,23.565
125,2093,2.262
2093,125,2.262
2093,6407,12.427
6407,2093,12.427
7497,6023,29.048
6023,7497,29.048
6023,3378,15.503
3378,6023,15.503
3378,7498,2.680
7498,3378,2.680
7498,3377,78.601
3377,7498,78.601
3377,3376,36.578
3376,3377,36.578
3376,7499,32.025
7499,3376,32.025
7499,1172,4.683
1172,7499,4.683
1172,7500,8.503
7500,1172,8.503
729,8199,29.498
8199,729,29.498
8199,1665,23.126
1665,8199,23.126
1665,7934,16.425
7934,1665,16.425
7505,1373,3.331
1373,7505,3.331
1373,903,8.248
903,1373,8.248
7506,864,6.351
864,7506,6.351
476,477,19.894
477,476,19.894
4157,2454,12.682
2454,4157,12.682
2454,641,36.239
641,2454,36.239
4780,358,37.737
358,4780,37.737
7570,592,45.346
592,7570,45.346
709,2372,6.525
2372,709,6.525
2372,7605,4.478
7605,2372,4.478
7613,724,31.160
724,7613,31.160
1093,1119,12.331
1119,1093,12.331
1119,1423,13.656
1423,1119,13.656
7557,4659,9.898
4659,7557,9.898
4659,7556,7.024
7556,4659,7.024
7556,558,7.724
558,7556,7.724
558,2373,4.015
2373,558,4.015
3071,4661,6.996
4661,3071,6.996
4661,3072,6.854
3072,4661,6.854
3072,4662,9.148
4662,3072,9.148
4662,4663,12.393
4663,4662,12.393
4663,7543,8.568
7543,4663,8.568
7543,2373,9.506
2373,7543,9.506
4656,3069,25.578
3069,4656,25.578
233,5549,12.380
5549,233,12.380
5549,6214,7.129
6214,5549,7.129
6214,4508,72.832
4508,6214,72.832
4508,7618,10.540
7618,4508,10.540
233,1991,14.102
1991,233,14.102
1991,6213,5.339
6213,1991,5.339
6213,7619,43.451
7619,6213,43.451
4511,4509,34.972
4509,4511,34.972
4509,5592,0.769
5592,4509,0.769
5592,4507,2.447
4507,5592,2.447
4507,6215,14.328
6215,4507,14.328
6215,1992,6.846
1992,6215,6.846
788,7628,58.869
7628,788,58.869
3552,7945,7.984
7945,3552,7.984
1524,1717,6.970
1717,1524,6.970
1717,7629,31.355
7629,1717,31.355
899,7633,12.769
7633,899,12.769
7633,2171,58.930
2171,7633,58.930
2171,5910,70.701
5910,2171,70.701
5910,1624,15.404
1624,5910,15.404
1624,103,12.017
103,1624,12.017
7630,7631,11.379
7631,7630,11.379
7631,68,57.054
68,7631,57.054
1594,7632,66.667
7632,1594,66.667
749,3238,19.236
3238,749,19.236
3238,4202,3.952
4202,3238,3.952
4202,3237,11.037
3237,4202,11.037
3237,8287,13.915
8287,3237,13.915
5449,5073,7.585
5073,5449,7.585
5073,6509,3.603
6509,5073,3.603
6509,5072,9.210
5072,6509,9.210
5072,4044,5.247
4044,5072,5.247
4044,5626,6.990
5626,4044,6.990
5626,2343,1.929
2343,5626,1.929
7636,2160,11.697
2160,7636,11.697
7637,4018,88.511
4018,7637,88.511
4018,4338,3.983
4338,4018,3.983
4338,913,12.701
913,4338,12.701
642,3541,15.780
3541,642,15.780
3541,8186,2.602
8186,3541,2.602
8186,8181,10.851
8181,8186,10.851
7638,8215,37.821
8215,7638,37.821
161,3863,13.940
3863,161,13.940
3863,3862,14.506
3862,3863,14.506
3862,3861,22.171
3861,3862,22.171
3861,961,69.552
961,3861,69.552
1300,7477,14.355
7477,1300,14.355
7477,4350,6.353
4350,7477,6.353
4350,6257,2.667
6257,4350,2.667
6257,803,12.603
803,6257,12.603
7639,3944,6.196
3944,7639,6.196
3944,4909,10.929
4909,3944,10.929
4909,4461,9.118
4461,4909,9.118
4461,802,12.120
802,4461,12.120
715,7865,4.496
7865,715,4.496
7865,7859,5.003
7859,7865,5.003
7859,7867,5.019
7867,7859,5.019
7867,7858,5.468
7858,7867,5.468
7858,2592,21.537
2592,7858,21.537
2592,7860,7.480
7860,2592,7.480
7860,7861,6.404
7861,7860,6.404
7861,7862,5.211
7862,7861,5.211
7862,1760,23.607
1760,7862,23.607
7642,5301,34.877
5301,7642,34.877
5301,2895,10.103
2895,5301,10.103
2895,4703,8.012
4703,2895,8.012
3,4948,16.104
4948,3,16.104
4948,7643,31.473
7643,4948,31.473
4210,4213,37.604
4213,4210,37.604
4213,4938,29.382
4938,4213,29.382
4938,188,11.567
188,4938,11.567
486,2415,12.484
2415,486,12.484
2415,7644,23.528
7644,2415,23.528
7480,3871,19.130
3871,7480,19.130
3685,2939,1.354
2939,3685,1.354
4,7698,40.746
7698,4,40.746
6525,4460,9.859
4460,6525,9.859
4460,8228,11.852
8228,4460,11.852
7722,4765,5.871
4765,7722,5.871
4765,4766,25.590
4766,4765,25.590
4766,4803,25.226
4803,4766,25.226
1505,7,20.594
7,1505,20.594
7731,8286,15.609
8286,7731,15.609
7738,7736,16.807
7736,7738,16.807
2992,7493,9.850
7493,2992,9.850
7736,168,39.069
168,7736,39.069
7737,4450,6.187
4450,7737,6.187
4450,7494,4.975
7494,4450,4.975
7735,2989,13.208
2989,7735,13.208
7734,4870,20.357
4870,7734,20.357
4870,4869,4.313
4869,4870,4.313
4869,243,11.085
243,4869,11.085
4866,2009,8.605
2009,4866,8.605
2009,243,7.302
243,2009,7.302
7739,7740,32.225
7740,7739,32.225
3518,7741,34.825
7741,3518,34.825
7741,37,5.666
37,7741,5.666
7740,5147,6.538
5147,7740,6.538
5147,5242,44.546
5242,5147,44.546
5242,5761,3.798
5761,5242,3.798
5761,3539,4.782
3539,5761,4.782
36,1929,26.627
1929,36,26.627
1929,7606,11.900
7606,1929,11.900
7743,274,14.603
274,7743,14.603
274,5130,16.062
5130,274,16.062
5130,2767,18.954
2767,5130,18.954
7742,3293,7.372
3293,7742,7.372
3293,5127,13.204
5127,3293,13.204
5127,1354,13.044
1354,5127,13.044
3788,644,24.502
644,3788,24.502
644,3891,18.690
3891,644,18.690
3891,643,17.956
643,3891,17.956
643,7742,7.508
7742,643,7.508
7744,3890,11.738
3890,7744,11.738
981,6483,1.718
6483,981,1.718
6483,4438,2.608
4438,6483,2.608
4438,2996,4.354
2996,4438,4.354
2996,5678,8.598
5678,2996,8.598
5678,983,2.635
983,5678,2.635
7745,173,9.327
173,7745,9.327
170,4672,7.505
4672,170,7.505
4672,2016,82.723
2016,4672,82.723
2016,168,7.003
168,2016,7.003
7748,7749,18.771
7749,7748,18.771
5212,5213,3.898
5213,5212,3.898
5213,5360,30.572
5360,5213,30.572
7746,1295,26.837
1295,7746,26.837
7750,986,9.662
986,7750,9.662
7749,5212,50.892
5212,7749,50.892
166,986,19.255
986,166,19.255
978,1017,23.080
1017,978,23.080
2871,7512,29.340
7512,2871,29.340
7512,687,8.196
687,7512,8.196
687,166,67.402
166,687,67.402
7747,7746,11.170
7746,7747,11.170
986,7747,30.045
7747,986,30.045
1017,7750,13.613
7750,1017,13.613
7751,1013,12.701
1013,7751,12.701
1013,5145,42.282
5145,1013,42.282
5145,5146,35.653
5146,5145,35.653
5146,3519,9.463
3519,5146,9.463
3519,37,1.459
37,3519,1.459
979,980,29.116
980,979,29.116
980,969,46.486
969,980,46.486
973,1295,163.627
1295,973,163.627
1295,974,8.706
974,1295,8.706
2993,2994,6.112
2994,2993,6.112
2994,2991,10.289
2991,2994,10.289
2991,2990,3.476
2990,2991,3.476
2990,2992,7.551
2992,2990,7.551
7754,5833,52.946
5833,7754,52.946
5833,5834,0.497
5834,5833,0.497
5834,4629,83.232
4629,5834,83.232
4629,7755,7.607
7755,4629,7.607
7755,3894,18.680
3894,7755,18.680
3894,7193,61.855
7193,3894,61.855
7193,6635,7.468
6635,7193,7.468
6635,977,7.579
977,6635,7.579
7752,2458,22.787
2458,7752,22.787
7753,7752,15.214
7752,7753,15.214
2458,983,20.966
983,2458,20.966
976,166,18.334
166,976,18.334
7758,3292,9.981
3292,7758,9.981
3292,1354,9.029
1354,3292,9.029
1354,2870,11.346
2870,1354,11.346
2873,6687,19.574
6687,2873,19.574
6687,6807,15.934
6807,6687,15.934
4628,7756,32.695
7756,4628,32.695
7756,976,27.654
976,7756,27.654
984,2873,39.249
2873,984,39.249
167,973,107.321
973,167,107.321
7757,6806,5.357
6806,7757,5.357
7761,1484,12.347
1484,7761,12.347
1484,7759,2.815
7759,1484,2.815
7759,991,94.939
991,7759,94.939
7760,2412,94.914
2412,7760,94.914
996,5500,9.763
5500,996,9.763
5500,5496,24.296
5496,5500,24.296
5501,1012,4.412
1012,5501,4.412
1012,6699,3.685
6699,1012,3.685
6699,5495,3.491
5495,6699,3.491
5495,1847,4.708
1847,5495,4.708
1847,995,12.405
995,1847,12.405
1926,5128,17.117
5128,1926,17.117
5128,1935,22.842
1935,5128,22.842
1935,5125,34.436
5125,1935,34.436
5125,1927,9.445
1927,5125,9.445
6,202,172.066
202,6,172.066
413,5396,7.421
5396,413,7.421
5198,2715,12.249
2715,5198,12.249
2715,1039,2.565
1039,2715,2.565
7768,8193,23.853
8193,7768,23.853
8193,8195,6.667
8195,8193,6.667
8195,8190,8.544
8190,8195,8.544
7771,3359,11.829
3359,7771,11.829
3359,968,29.803
968,3359,29.803
968,1236,12.202
1236,968,12.202
1236,2708,27.502
2708,1236,27.502
2708,3941,12.848
3941,2708,12.848
3941,2713,4.931
2713,3941,4.931
2713,967,19.052
967,2713,19.052
967,2815,29.119
2815,967,29.119
2815,2816,6.471
2816,2815,6.471
2816,3942,11.904
3942,2816,11.904
3942,1196,6.428
1196,3942,6.428
1196,1035,53.680
1035,1196,53.680
1035,3804,25.436
3804,1035,25.436
3804,3358,32.765
3358,3804,32.765
3358,7767,13.836
7767,3358,13.836
7770,1152,31.764
1152,7770,31.764
1152,7768,55.104
7768,1152,55.104
5290,7220,35.116
7220,5290,35.116
7220,7233,9.832
7233,7220,9.832
7233,7228,4.680
7228,7233,4.680
8190,8194,8.874
8194,8190,8.874
8194,8192,5.545
8192,8194,5.545
8192,7771,5.346
7771,8192,5.346
7769,1103,8.882
1103,7769,8.882
1103,4430,32.488
4430,1103,32.488
4430,5198,11.268
5198,4430,11.268
7767,2710,54.170
2710,7767,54.170
2710,5705,4.168
5705,2710,4.168
5705,5706,7.354
5706,5705,7.354
5706,271,5.662
271,5706,5.662
1701,6452,77.641
6452,1701,77.641
6452,1038,35.975
1038,6452,35.975
1038,7229,37.797
7229,1038,37.797
7229,7230,23.175
7230,7229,23.175
7230,7228,38.737
7228,7230,38.737
270,7234,12.727
7234,270,12.727
7234,1701,12.858
1701,7234,12.858
3963,1229,53.047
1229,3963,53.047
7772,7774,44.589
7774,7772,44.589
7773,2165,15.935
2165,7773,15.935
2165,3077,40.383
3077,2165,40.383
2162,6026,2.547
6026,2162,2.547
6026,3964,35.036
3964,6026,35.036
7774,411,22.886
411,7774,22.886
411,7773,23.661
7773,411,23.661
1229,7637,63.470
7637,1229,63.470
7775,2162,36.888
2162,7775,36.888
3964,912,6.336
912,3964,6.336
7780,7782,13.138
7782,7780,13.138
7779,7781,47.499
7781,7779,47.499
7781,7780,34.174
7780,7781,34.174
7783,7772,29.306
7772,7783,29.306
7782,2161,8.951
2161,7782,8.951
2161,7783,6.955
7783,2161,6.955
7832,6734,21.567
6734,7832,21.567
6734,2773,48.246
2773,6734,48.246
2773,5984,31.520
5984,2773,31.520
5984,1253,13.668
1253,5984,13.668
1253,7833,5.669
7833,1253,5.669
7869,7778,12.477
7778,7869,12.477
7778,8197,41.916
8197,7778,41.916
7870,7776,5.794
7776,7870,5.794
7776,2741,41.538
2741,7776,41.538
2741,7868,6.237
7868,2741,6.237
7786,642,21.800
642,7786,21.800
389,7788,37.737
7788,389,37.737
7788,157,14.147
157,7788,14.147
157,4258,23.246
4258,157,23.246
4258,386,5.809
386,4258,5.809
7789,7791,30.642
7791,7789,30.642
7791,7786,29.379
7786,7791,29.379
2338,7800,37.047
7800,2338,37.047
273,2439,9.136
2439,273,9.136
7790,7789,21.718
7789,7790,21.718
7784,7785,65.166
7785,7784,65.166
7787,2438,25.844
2438,7787,25.844
2438,3893,36.064
3893,2438,36.064
3893,5163,13.479
5163,3893,13.479
5163,273,14.047
273,5163,14.047
382,389,121.806
389,382,121.806
1058,5151,27.914
5151,1058,27.914
7785,2338,15.268
2338,7785,15.268
272,1237,19.137
1237,272,19.137
1237,1041,51.291
1041,1237,51.291
1054,1669,5.391
1669,1054,5.391
2862,1042,24.408
1042,2862,24.408
543,3395,3.047
3395,543,3.047
3395,3393,4.396
3393,3395,4.396
3393,4850,4.240
4850,3393,4.240
4850,7075,3.737
7075,4850,3.737
7075,7078,2.716
7078,7075,2.716
7078,7077,2.810
7077,7078,2.810
7077,7082,1.457
7082,7077,1.457
7082,7079,2.379
7079,7082,2.379
7079,3392,2.367
3392,7079,2.367
1024,5148,38.029
5148,1024,38.029
7796,7794,19.167
7794,7796,19.167
7798,1057,23.005
1057,7798,23.005
7794,7798,10.823
7798,7794,10.823
7797,5519,14.093
5519,7797,14.093
5519,424,16.501
424,5519,16.501
1057,423,77.894
423,1057,77.894
423,2848,21.592
2848,423,21.592
2848,7795,20.699
7795,2848,20.699
7795,415,4.812
415,7795,4.812
7793,7792,26.292
7792,7793,26.292
7792,4339,8.298
4339,7792,8.298
4339,514,5.827
514,4339,5.827
514,1060,28.301
1060,514,28.301
1060,4340,20.150
4340,1060,20.150
7801,7523,71.432
7523,7801,71.432
7523,382,7.409
382,7523,7.409
7800,7801,15.357
7801,7800,15.357
7799,414,65.245
414,7799,65.245
7802,387,5.171
387,7802,5.171
387,386,13.648
386,387,13.648
1007,5713,31.099
5713,1007,31.099
5713,273,54.448
273,5713,54.448
7803,447,14.475
447,7803,14.475
447,1006,46.923
1006,447,46.923
1006,3965,81.511
3965,1006,81.511
3965,1005,6.426
1005,3965,6.426
7804,5157,39.058
5157,7804,39.058
5157,5244,12.284
5244,5157,12.284
5244,6446,6.273
6446,5244,6.273
6446,3539,1.485
3539,6446,1.485
1857,1983,58.215
1983,1857,58.215
1983,1008,7.537
1008,1983,7.537
7811,7509,27.472
7509,7811,27.472
7509,1049,8.994
1049,7509,8.994
7809,1049,13.221
1049,7809,13.221
7810,5502,33.980
5502,7810,33.980
5502,5758,9.890
5758,5502,9.890
5758,1848,3.422
1848,5758,3.422
1848,7811,11.310
7811,1848,11.310
7805,7231,26.903
7231,7805,26.903
7510,7805,13.049
7805,7510,13.049
7808,1822,7.895
1822,7808,7.895
1822,1050,15.499
1050,1822,15.499
7231,1825,9.975
1825,7231,9.975
1825,7806,41.009
7806,1825,41.009
7806,7808,24.651
7808,7806,24.651
7807,7510,72.724
7510,7807,72.724
1051,4343,4.461
4343,1051,4.461
4343,4342,7.832
4342,4343,7.832
4342,1052,13.669
1052,4342,13.669
1052,7812,37.113
7812,1052,37.113
417,4255,14.847
4255,417,14.847
4255,1053,15.830
1053,4255,15.830
7812,1058,15.992
1058,7812,15.992
416,7816,18.683
7816,416,18.683
7813,390,8.725
390,7813,8.725
390,7815,8.539
7815,390,8.539
7816,2850,1.740
2850,7816,1.740
2850,392,5.634
392,2850,5.634
392,4347,4.850
4347,392,4.850
4347,3961,6.578
3961,4347,6.578
1072,4256,13.167
4256,1072,13.167
4256,4346,18.240
4346,4256,18.240
1851,416,10.661
416,1851,10.661
7814,1500,30.813
1500,7814,30.813
1500,7813,33.248
7813,1500,33.248
4346,1851,19.452
1851,4346,19.452
3961,391,4.990
391,3961,4.990
7815,424,24.594
424,7815,24.594
7817,5734,34.514
5734,7817,34.514
5734,7818,10.495
7818,5734,10.495
2805,7817,12.728
7817,2805,12.728
7819,2805,23.830
2805,7819,23.830
7818,404,5.707
404,7818,5.707
404,7636,19.218
7636,404,19.218
2160,4017,18.641
4017,2160,18.641
4017,1287,4.911
1287,4017,4.911
1287,4335,3.632
4335,1287,3.632
4335,412,4.842
412,4335,4.842
6733,2806,4.626
2806,6733,4.626
2806,403,11.329
403,2806,11.329
403,7823,6.433
7823,403,6.433
7827,7829,16.368
7829,7827,16.368
7829,7830,36.075
7830,7829,36.075
401,2024,54.925
2024,401,54.925
2024,1176,21.556
1176,2024,21.556
1176,402,40.681
402,1176,40.681
402,6733,17.994
6733,402,17.994
7828,2769,4.085
2769,7828,4.085
2769,2770,6.137
2770,2769,6.137
2770,2771,6.795
2771,2770,6.795
2771,4408,16.034
4408,2771,16.034
4408,2746,9.733
2746,4408,9.733
7830,2747,12.831
2747,7830,12.831
2747,7828,78.718
7828,2747,78.718
1431,7819,9.636
7819,1431,9.636
7823,1175,32.127
1175,7823,32.127
1175,1431,12.435
1431,1175,12.435
7824,1235,49.668
1235,7824,49.668
2746,7826,13.816
7826,2746,13.816
1235,7825,18.182
7825,1235,18.182
7826,405,11.878
405,7826,11.878
405,7824,20.253
7824,405,20.253
7825,1278,32.192
1278,7825,32.192
1278,7820,10.867
7820,1278,10.867
8190,2709,1.581
2709,8190,1.581
2709,1266,4.797
1266,2709,4.797
1266,3540,5.497
3540,1266,5.497
3540,8086,113.620
8086,3540,113.620
7820,8191,6.337
8191,7820,6.337
8191,1259,6.990
1259,8191,6.990
1259,2717,7.550
2717,1259,7.550
2717,8190,1.418
8190,2717,1.418
1153,410,10.120
410,1153,10.120
408,7822,17.344
7822,408,17.344
7822,409,10.576
409,7822,10.576
409,7821,12.945
7821,409,12.945
7450,407,4.189
407,7450,4.189
407,408,32.511
408,407,32.511
7821,1153,25.436
1153,7821,25.436
7833,1249,20.949
1249,7833,20.949
1249,4357,4.211
4357,1249,4.211
4357,411,1.883
411,4357,1.883
7831,406,31.214
406,7831,31.214
406,7450,4.441
7450,406,4.441
4504,7834,55.093
7834,4504,55.093
7835,1273,20.516
1273,7835,20.516
397,2864,8.872
2864,397,8.872
2864,7837,10.741
7837,2864,10.741
7837,2865,23.154
2865,7837,23.154
2865,7835,32.511
7835,2865,32.511
7838,400,59.065
400,7838,59.065
400,3568,11.792
3568,400,11.792
3568,4504,12.383
4504,3568,12.383
5730,7838,19.684
7838,5730,19.684
7836,1179,11.172
1179,7836,11.172
7834,1485,10.165
1485,7834,10.165
1485,2807,5.876
2807,1485,5.876
2807,3952,8.653
3952,2807,8.653
3952,4348,2.717
4348,3952,2.717
4348,401,41.159
401,4348,41.159
1273,7836,19.804
7836,1273,19.804
1040,3280,38.943
3280,1040,38.943
3280,6705,3.765
6705,3280,3.765
6705,6704,3.405
6704,6705,3.405
6704,4632,3.639
4632,6704,3.639
4632,1260,3.067
1260,4632,3.067
1260,2719,6.758
2719,1260,6.758
2719,1039,1.613
1039,2719,1.613
3960,7840,14.952
7840,3960,14.952
7841,1293,2.854
1293,7841,2.854
1293,7839,9.413
7839,1293,9.413
7839,395,36.794
395,7839,36.794
7843,396,3.146
396,7843,3.146
396,2863,32.724
2863,396,32.724
2863,397,11.201
397,2863,11.201
395,7844,10.792
7844,395,10.792
3959,3960,18.013
3960,3959,18.013
7842,7843,15.298
7843,7842,15.298
7844,3957,2.710
3957,7844,2.710
3957,3958,15.274
3958,3957,15.274
3958,5889,6.521
5889,3958,6.521
5889,3959,2.585
3959,5889,2.585
7840,7842,33.325
7842,7840,33.325
1844,5513,3.076
5513,1844,3.076
5513,2802,8.283
2802,5513,8.283
7853,2803,36.951
2803,7853,36.951
2803,2845,19.925
2845,2803,19.925
2845,1263,6.388
1263,2845,6.388
7849,1843,19.887
1843,7849,19.887
1843,5887,15.171
5887,1843,15.171
5887,7854,10.217
7854,5887,10.217
7850,394,14.209
394,7850,14.209
394,6740,11.288
6740,394,11.288
6740,7841,48.718
7841,6740,48.718
6706,3778,6.441
3778,6706,6.441
7851,2801,3.176
2801,7851,3.176
2801,6706,23.790
6706,2801,23.790
2802,5514,14.582
5514,2802,14.582
5514,7851,10.610
7851,5514,10.610
7848,1844,15.265
1844,7848,15.265
7854,393,5.486
393,7854,5.486
393,5511,13.368
5511,393,13.368
7852,1263,24.243
1263,7852,24.243
5511,5512,3.418
5512,5511,3.418
5512,7848,16.548
7848,5512,16.548
731,1180,26.146
1180,731,26.146
7868,7869,19.274
7869,7868,19.274
7871,7870,15.380
7870,7871,15.380
3601,433,8.591
433,3601,8.591
433,8179,0.885
8179,433,0.885
8179,5280,3.384
5280,8179,3.384
5280,434,5.719
434,5280,5.719
434,52,5.760
52,434,5.760
7922,7921,13.801
7921,7922,13.801
799,7923,14.572
7923,799,14.572
7923,7924,26.158
7924,7923,26.158
7924,7927,2.299
7927,7924,2.299
7927,7925,8.269
7925,7927,8.269
7925,7926,2.163
7926,7925,2.163
7926,2549,1.291
2549,7926,1.291
5938,7926,19.811
7926,5938,19.811
7934,1675,15.383
1675,7934,15.383
7933,4397,14.642
4397,7933,14.642
4397,5936,3.992
5936,4397,3.992
5936,1833,3.968
1833,5936,3.968
1833,123,3.934
123,1833,3.934
1675,4398,6.577
4398,1675,6.577
4398,7933,29.510
7933,4398,29.510
6407,7497,9.716
7497,6407,9.716
7926,1291,11.002
1291,7926,11.002
7936,1112,104.289
1112,7936,104.289
7935,7936,46.099
7936,7935,46.099
7939,5582,31.702
5582,7939,31.702
7938,5927,13.212
5927,7938,13.212
5927,2228,11.460
2228,5927,11.460
2228,1816,5.472
1816,2228,5.472
2778,2226,33.058
2226,2778,33.058
2226,3795,23.955
3795,2226,23.955
3795,7940,13.381
7940,3795,13.381
7937,5931,8.352
5931,7937,8.352
5931,2817,10.048
2817,5931,10.048
2817,3565,9.925
3565,2817,9.925
3565,312,1.513
312,3565,1.513
7940,6042,11.763
6042,7940,11.763
6042,3796,4.037
3796,6042,4.037
3796,6501,2.613
6501,3796,2.613
6501,313,14.855
313,6501,14.855
7943,6378,88.122
6378,7943,88.122
6378,729,5.715
729,6378,5.715
7944,6376,20.705
6376,7944,20.705
6376,4068,1.781
4068,6376,1.781
4068,3546,3.696
3546,4068,3.696
3546,1673,1.496
1673,3546,1.496
7942,7944,22.667
7944,7942,22.667
728,6773,5.859
6773,728,5.859
6773,6774,5.161
6774,6773,5.161
6774,3200,1.587
3200,6774,1.587
7941,6056,35.843
6056,7941,35.843
6056,3549,10.524
3549,6056,10.524
3549,7946,5.477
7946,3549,5.477
7945,3553,4.556
3553,7945,4.556
3553,2091,13.509
2091,3553,13.509
2091,1524,7.401
1524,2091,7.401
6052,6051,39.464
6051,6052,39.464
6051,7947,9.451
7947,6051,9.451
7947,3550,9.461
3550,7947,9.461
3550,5548,77.513
5548,3550,77.513
5548,2772,11.154
2772,5548,11.154
2772,6050,6.682
6050,2772,6.682
6050,3551,12.580
3551,6050,12.580
3551,5655,11.958
5655,3551,11.958
5655,3552,30.635
3552,5655,30.635
2820,6049,17.231
6049,2820,17.231
6049,6052,12.608
6052,6049,12.608
7946,6048,27.502
6048,7946,27.502
6048,6054,6.267
6054,6048,6.267
6054,6053,4.546
6053,6054,4.546
6053,6728,14.810
6728,6053,14.810
6728,2820,4.404
2820,6728,4.404
7950,7951,22.328
7951,7950,22.328
7949,840,3.716
840,7949,3.716
840,2094,9.856
2094,840,9.856
2094,57,10.886
57,2094,10.886
7951,7948,10.124
7948,7951,10.124
7948,7949,10.324
7949,7948,10.324
7952,4400,18.819
4400,7952,18.819
4400,4404,4.370
4404,4400,4.370
4404,4401,44.543
4401,4404,44.543
4403,1426,13.556
1426,4403,13.556
7954,4399,12.724
4399,7954,12.724
4399,7952,6.730
7952,4399,6.730
7953,3592,11.142
3592,7953,11.142
3592,4403,10.315
4403,3592,10.315
2748,1647,7.141
1647,2748,7.141
1647,7955,72.600
7955,1647,72.600
7955,2795,13.575
2795,7955,13.575
1426,2748,19.906
2748,1426,19.906
4401,7956,26.418
7956,4401,26.418
7956,4402,22.567
4402,7956,22.567
4402,3591,25.993
3591,4402,25.993
3591,7953,14.745
7953,3591,14.745
3311,7957,24.769
7957,3311,24.769
3594,2794,25.911
2794,3594,25.911
2794,3595,7.891
3595,2794,7.891
3595,1756,6.511
1756,3595,6.511
7957,2819,21.611
2819,7957,21.611
7958,1125,2.112
1125,7958,2.112
1125,5930,7.457
5930,1125,7.457
5930,5872,6.863
5872,5930,6.863
5872,3341,1.479
3341,5872,1.479
7960,124,31.504
124,7960,31.504
7959,7960,24.719
7960,7959,24.719
7961,4380,48.461
4380,7961,48.461
4380,5934,63.074
5934,4380,63.074
5934,1834,3.419
1834,5934,3.419
1834,311,4.239
311,1834,4.239
6905,6908,4.065
6908,6905,4.065
6908,6906,4.777
6906,6908,4.777
6906,6907,5.926
6907,6906,5.926
6907,1389,13.150
1389,6907,13.150
1389,6917,3.456
6917,1389,3.456
7971,2153,3.656
2153,7971,3.656
2153,6718,8.379
6718,2153,8.379
6718,6340,6.349
6340,6718,6.349
6340,3596,6.524
3596,6340,6.524
3596,1756,1.488
1756,3596,1.488
120,6722,3.967
6722,120,3.967
6722,2155,9.345
2155,6722,9.345
2155,6902,6.748
6902,2155,6.748
6902,6903,4.916
6903,6902,4.916
6903,6904,3.581
6904,6903,3.581
6904,1150,3.809
1150,6904,3.809
1150,6905,5.695
6905,1150,5.695
7972,7376,9.999
7376,7972,9.999
7376,3361,39.534
3361,7376,39.534
3361,8175,16.901
8175,3361,16.901
8175,2536,3.596
2536,8175,3.596
2536,2540,3.374
2540,2536,3.374
2540,1831,5.422
1831,2540,5.422
4792,2698,6.300
2698,4792,6.300
2698,2678,4.224
2678,2698,4.224
2678,5199,3.121
5199,2678,3.121
5199,2148,2.310
2148,5199,2.310
2148,4793,10.078
4793,2148,10.078
4793,7974,23.080
7974,4793,23.080
7973,2679,33.575
2679,7973,33.575
2679,7766,4.334
7766,2679,4.334
7766,3360,1.674
3360,7766,1.674
3360,2164,5.795
2164,3360,5.795
7974,7973,47.198
7973,7974,47.198
7965,7969,88.557
7969,7965,88.557
7970,2682,4.397
2682,7970,4.397
2682,7964,14.272
7964,2682,14.272
2701,2687,32.075
2687,2701,32.075
2687,7966,4.946
7966,2687,4.946
7964,2675,11.824
2675,7964,11.824
2675,2685,9.747
2685,2675,9.747
2685,4215,4.801
4215,2685,4.801
4215,2697,3.199
2697,4215,3.199
2697,915,5.344
915,2697,5.344
7962,7967,19.644
7967,7962,19.644
7968,7963,42.747
7963,7968,42.747
7967,7968,40.161
7968,7967,40.161
7969,2677,15.982
2677,7969,15.982
2677,2689,4.139
2689,2677,4.139
2689,503,6.123
503,2689,6.123
7963,7970,18.559
7970,7963,18.559
7966,7965,15.586
7965,7966,15.586
3322,3321,11.326
3321,3322,11.326
3321,911,29.534
911,3321,29.534
7975,3590,24.237
3590,7975,24.237
3590,910,1.847
910,3590,1.847
7976,855,22.628
855,7976,22.628
7977,4366,10.191
4366,7977,10.191
4366,1672,12.503
1672,4366,12.503
1672,7976,8.343
7976,1672,8.343
855,2245,6.614
2245,855,6.614
854,2847,3.636
2847,854,3.636
2847,4364,23.873
4364,2847,23.873
4364,2744,3.641
2744,4364,3.641
2744,7979,9.862
7979,2744,9.862
7979,4365,25.011
4365,7979,25.011
4365,7977,26.394
7977,4365,26.394
7978,3791,7.348
3791,7978,7.348
3791,2684,13.487
2684,3791,13.487
2684,503,1.211
503,2684,1.211
7981,7983,12.525
7983,7981,12.525
7983,7980,14.054
7980,7983,14.054
2796,6332,10.103
6332,2796,10.103
6332,737,7.913
737,6332,7.913
7982,7981,10.743
7981,7982,10.743
7980,2796,47.567
2796,7980,47.567
7984,7982,39.497
7982,7984,39.497
7994,7990,25.435
7990,7994,25.435
7991,7989,15.157
7989,7991,15.157
7992,2785,13.638
2785,7992,13.638
7988,4363,83.564
4363,7988,83.564
4363,6331,4.503
6331,4363,4.503
6331,854,5.624
854,6331,5.624
7993,2315,4.264
2315,7993,4.264
2315,737,8.276
737,2315,8.276
7995,7991,12.322
7991,7995,12.322
7989,7994,25.328
7994,7989,25.328
2785,507,11.877
507,2785,11.877
7990,2776,5.188
2776,7990,5.188
2776,1283,11.415
1283,2776,11.415
6193,6192,5.203
6192,6193,5.203
6192,2784,4.363
2784,6192,4.363
2784,7996,16.037
7996,2784,16.037
7998,6193,17.012
6193,7998,17.012
7997,738,13.289
738,7997,13.289
6503,7997,14.039
7997,6503,14.039
7996,2783,36.650
2783,7996,36.650
2783,6503,4.132
6503,2783,4.132
7999,4047,0.972
4047,7999,0.972
4047,8173,7.223
8173,4047,7.223
8004,6624,17.359
6624,8004,17.359
6624,506,6.665
506,6624,6.665
8000,8004,18.101
8004,8000,18.101
8002,8001,14.324
8001,8002,14.324
8001,8000,11.659
8000,8001,11.659
8003,8002,34.755
8002,8003,34.755
1648,4754,16.839
4754,1648,16.839
4754,508,5.362
508,4754,5.362
7985,1648,11.958
1648,7985,11.958
7987,7985,10.696
7985,7987,10.696
7986,7987,11.690
7987,7986,11.690
8005,8330,9.294
8330,8005,9.294
8330,6625,40.864
6625,8330,40.864
6625,506,10.097
506,6625,10.097
735,1752,9.879
1752,735,9.879
1752,733,7.556
733,1752,7.556
733,2314,5.907
2314,733,5.907
2314,1753,7.061
1753,2314,7.061
1753,505,37.482
505,1753,37.482
8006,1755,3.659
1755,8006,3.659
1755,734,6.844
734,1755,6.844
734,1754,6.773
1754,734,6.773
1754,3092,10.880
3092,1754,10.880
3092,735,11.839
735,3092,11.839
2795,5980,23.112
5980,2795,23.112
5980,5220,4.266
5220,5980,4.266
5220,7447,2.730
7447,5220,2.730
7447,2793,3.962
2793,7447,3.962
2793,2792,2.821
2792,2793,2.821
5056,8008,23.736
8008,5056,23.736
8007,6251,9.276
6251,8007,9.276
6251,110,13.857
110,6251,13.857
110,109,58.610
109,110,58.610
109,6500,2.197
6500,109,2.197
6500,8171,10.424
8171,6500,10.424
8008,1888,26.535
1888,8008,26.535
1888,8007,19.507
8007,1888,19.507
111,5056,21.551
5056,111,21.551
6686,4061,9.592
4061,6686,9.592
4061,121,4.789
121,4061,4.789
495,6328,7.575
6328,495,7.575
6328,8032,11.780
8032,6328,11.780
495,4060,2.238
4060,495,2.238
4060,2522,6.121
2522,4060,6.121
2522,2383,6.521
2383,2522,6.521
2383,2525,6.056
2525,2383,6.056
2525,6547,37.356
6547,2525,37.356
6547,4058,40.055
4058,6547,40.055
8009,2147,6.644
2147,8009,6.644
2147,6498,4.371
6498,2147,4.371
6498,2526,3.553
2526,6498,3.553
2526,495,4.412
495,2526,4.412
2528,2530,9.595
2530,2528,9.595
2530,496,6.117
496,2530,6.117
8010,8177,45.389
8177,8010,45.389
8177,2699,0.771
2699,8177,0.771
2699,5203,3.260
5203,2699,3.260
5203,4051,1.324
4051,5203,1.324
2811,118,9.766
118,2811,9.766
2154,2811,10.766
2811,2154,10.766
8013,8015,29.716
8015,8013,29.716
8015,6325,23.226
6325,8015,23.226
6325,122,4.241
122,6325,4.241
8011,727,50.818
727,8011,50.818
8014,6001,72.694
6001,8014,72.694
6001,8016,38.671
8016,6001,38.671
8012,8013,15.964
8013,8012,15.964
8016,6324,9.618
6324,8016,9.618
8017,6860,5.721
6860,8017,5.721
6860,2532,9.526
2532,6860,9.526
2532,119,2.050
119,2532,2.050
8018,4500,6.664
4500,8018,6.664
4500,2781,43.659
2781,4500,43.659
2781,115,35.317
115,2781,35.317
2780,116,16.377
116,2780,16.377
116,8022,36.005
8022,116,36.005
115,2780,27.499
2780,115,27.499
8019,2782,17.003
2782,8019,17.003
8022,510,6.115
510,8022,6.115
510,3323,5.342
3323,510,5.342
3323,8019,10.689
8019,3323,10.689
8020,4020,4.712
4020,8020,4.712
4020,8017,4.921
8017,4020,4.921
2782,1476,5.522
1476,2782,5.522
1476,8021,5.029
8021,1476,5.029
8021,8020,23.247
8020,8021,23.247
8024,8023,15.910
8023,8024,15.910
8023,6702,60.646
6702,8023,60.646
6702,513,2.852
513,6702,2.852
513,6701,2.494
6701,513,2.494
6701,6339,50.711
6339,6701,50.711
6339,115,4.327
115,6339,4.327
2812,4691,19.959
4691,2812,19.959
8035,2812,26.716
2812,8035,26.716
114,8035,34.124
8035,114,34.124
8034,1284,4.920
1284,8034,4.920
1284,114,11.414
114,1284,11.414
8033,6623,11.333
6623,8033,11.333
6623,8034,12.549
8034,6623,12.549
4691,118,20.123
118,4691,20.123
8032,8338,31.034
8338,8032,31.034
8338,8337,4.676
8337,8338,4.676
8337,8336,5.211
8336,8337,5.211
8336,8335,24.268
8335,8336,24.268
8335,5963,11.123
5963,8335,11.123
5963,6495,39.452
6495,5963,39.452
6495,499,4.840
499,6495,4.840
8026,8028,33.261
8028,8026,33.261
8027,8030,68.496
8030,8027,68.496
499,6327,5.904
6327,499,5.904
6327,8025,22.826
8025,6327,22.826
8030,8026,16.689
8026,8030,16.689
8025,501,73.468
501,8025,73.468
501,8029,52.304
8029,501,52.304
8028,5202,9.040
5202,8028,9.040
5202,2533,10.886
2533,5202,10.886
2533,497,1.634
497,2533,1.634
8031,3324,12.013
3324,8031,12.013
3324,5200,2.291
5200,3324,2.291
5200,2692,4.454
2692,5200,4.454
2692,2164,2.063
2164,2692,2.063
8029,8031,16.977
8031,8029,16.977
8036,2788,63.970
2788,8036,63.970
2788,2749,32.845
2749,2788,32.845
2749,499,91.669
499,2749,91.669
8037,8040,17.043
8040,8037,17.043
8038,565,16.313
565,8038,16.313
8040,7372,18.411
7372,8040,18.411
7372,8039,23.842
8039,7372,23.842
8042,8037,54.350
8037,8042,54.350
8041,8038,60.628
8038,8041,60.628
8039,8041,31.958
8041,8039,31.958
8043,8044,19.034
8044,8043,19.034
8044,560,8.890
560,8044,8.890
8047,6061,15.848
6061,8047,15.848
6061,5837,6.766
5837,6061,6.766
5837,50,10.873
50,5837,10.873
8046,8047,24.835
8047,8046,24.835
8045,8046,7.049
8046,8045,7.049
565,7181,7.319
7181,565,7.319
7181,1251,7.312
1251,7181,7.312
1251,562,10.058
562,1251,10.058
562,7180,6.856
7180,562,6.856
7180,1250,6.858
1250,7180,6.858
1250,7179,6.531
7179,1250,6.531
7179,564,6.529
564,7179,6.529
564,7178,6.380
7178,564,6.380
7178,563,6.375
563,7178,6.375
563,561,10.939
561,563,10.939
8050,8052,22.996
8052,8050,22.996
8049,2742,21.491
2742,8049,21.491
2742,8048,17.311
8048,2742,17.311
8048,8051,48.432
8051,8048,48.432
8052,8331,26.340
8331,8052,26.340
8331,8049,12.585
8049,8331,12.585
3997,3275,12.828
3275,3997,12.828
3275,965,10.819
965,3275,10.819
2855,8059,19.572
8059,2855,19.572
8059,2856,10.321
2856,8059,10.321
2856,2867,24.939
2867,2856,24.939
2867,966,14.441
966,2867,14.441
966,5848,29.274
5848,966,29.274
5848,4406,52.201
4406,5848,52.201
4406,6456,36.565
6456,4406,36.565
8058,3997,47.314
3997,8058,47.314
3934,8061,24.979
8061,3934,24.979
8063,5350,16.686
5350,8063,16.686
5350,5923,16.708
5923,5350,16.708
5923,1036,9.754
1036,5923,9.754
1036,4634,17.100
4634,1036,17.100
8061,3272,30.732
3272,8061,30.732
3272,5342,17.289
5342,3272,17.289
5342,3273,17.975
3273,5342,17.975
3273,6202,11.357
6202,3273,11.357
6202,5343,7.108
5343,6202,7.108
5343,3274,18.315
3274,5343,18.315
3274,8065,17.211
8065,3274,17.211
8065,5344,9.121
5344,8065,9.121
5344,8060,9.709
8060,5344,9.709
8060,6664,6.596
6664,8060,6.596
6664,4633,9.395
4633,6664,9.395
8064,8062,19.087
8062,8064,19.087
8062,8063,42.750
8063,8062,42.750
1699,3671,20.996
3671,1699,20.996
8069,7247,10.499
7247,8069,10.499
7247,1037,28.761
1037,7247,28.761
8068,3995,5.659
3995,8068,5.659
3995,965,7.564
965,3995,7.564
8067,2466,6.076
2466,8067,6.076
2466,7248,27.908
7248,2466,27.908
7248,1031,1.035
1031,7248,1.035
1031,8069,10.188
8069,1031,10.188
999,5293,36.126
5293,999,36.126
5293,1037,0.630
1037,5293,0.630
8070,5298,37.973
5298,8070,37.973
5298,998,6.836
998,5298,6.836
998,2853,32.267
2853,998,32.267
2853,5294,13.765
5294,2853,13.765
5294,999,23.118
999,5294,23.118
2858,5962,18.325
5962,2858,18.325
5962,7249,29.155
7249,5962,29.155
7249,998,66.162
998,7249,66.162
8071,2859,21.569
2859,8071,21.569
2859,1000,8.638
1000,2859,8.638
1000,2800,6.101
2800,1000,6.101
2800,4692,5.930
4692,2800,5.930
4692,2858,7.576
2858,4692,7.576
8073,2857,77.589
2857,8073,77.589
2857,2852,6.575
2852,2857,6.575
2852,1000,5.427
1000,2852,5.427
1032,3996,161.493
3996,1032,161.493
3996,965,8.582
965,3996,8.582
8072,4411,8.048
4411,8072,8.048
4411,1733,9.022
1733,4411,9.022
1733,2714,5.384
2714,1733,5.384
2714,968,2.101
968,2714,2.101
2826,1030,7.206
1030,2826,7.206
8074,3962,50.896
3962,8074,50.896
3962,2826,12.235
2826,3962,12.235
8077,1033,22.155
1033,8077,22.155
1033,1028,23.654
1028,1033,23.654
1028,1308,16.842
1308,1028,16.842
1308,1029,16.224
1029,1308,16.224
8075,4777,5.691
4777,8075,5.691
4777,1139,4.036
1139,4777,4.036
1139,4776,3.619
4776,1139,3.619
4776,8076,4.071
8076,4776,4.071
8076,1030,26.348
1030,8076,26.348
8079,8078,111.474
8078,8079,111.474
8082,8080,49.240
8080,8082,49.240
8080,8083,29.105
8083,8080,29.105
8081,8082,6.283
8082,8081,6.283
8085,1001,17.191
1001,8085,17.191
1001,8084,158.898
8084,1001,158.898
8084,1002,13.355
1002,8084,13.355
5733,928,41.024
928,5733,41.024
8086,5830,7.129
5830,8086,7.129
5830,5731,5.224
5731,5830,5.224
5731,5732,5.142
5732,5731,5.142
5732,3992,4.663
3992,5732,4.663
3992,1230,12.054
1230,3992,12.054
1230,5733,6.674
5733,1230,6.674
8087,5733,16.537
5733,8087,16.537
8089,7487,27.146
7487,8089,27.146
7487,1301,7.557
1301,7487,7.557
5534,4614,63.501
4614,5534,63.501
4614,5903,25.212
5903,4614,25.212
5903,5901,4.434
5901,5903,4.434
5901,268,9.795
268,5901,9.795
2610,8108,54.611
8108,2610,54.611
8108,8109,9.931
8109,8108,9.931
8110,1334,20.117
1334,8110,20.117
1334,8111,4.356
8111,1334,4.356
8111,8112,26.281
8112,8111,26.281
1892,2753,13.601
2753,1892,13.601
2753,1673,7.027
1673,2753,7.027
3341,6852,3.814
6852,3341,3.814
6852,312,3.291
312,6852,3.291
2473,1355,18.029
1355,2473,18.029
1198,5101,15.826
5101,1198,15.826
5101,1384,35.820
1384,5101,35.820
1384,1575,10.571
1575,1384,10.571
1575,5365,43.840
5365,1575,43.840
346,1297,16.084
1297,346,16.084
1160,1161,19.448
1161,1160,19.448
1161,8161,32.390
8161,1161,32.390
8161,8162,35.522
8162,8161,35.522
8168,2248,16.952
2248,8168,16.952
4354,4467,8.730
4467,4354,8.730
4467,2882,7.897
2882,4467,7.897
8170,8169,14.123
8169,8170,14.123
8169,6481,29.100
6481,8169,29.100
6481,6007,45.772
6007,6481,45.772
6007,5667,6.477
5667,6007,6.477
5667,4191,4.131
4191,5667,4.131
4191,5964,21.218
5964,4191,21.218
5964,4193,8.700
4193,5964,8.700
4193,6366,6.017
6366,4193,6.017
6366,1342,16.351
1342,6366,16.351
1342,6008,10.311
6008,1342,10.311
6008,6255,21.767
6255,6008,21.767
6255,6006,15.639
6006,6255,15.639
6006,5738,38.240
5738,6006,38.240
5738,5489,70.514
5489,5738,70.514
8218,7638,94.931
7638,8218,94.931
8217,5216,18.530
5216,8217,18.530
5216,4530,3.799
4530,5216,3.799
4530,6379,1.805
6379,4530,1.805
6379,7340,18.291
7340,6379,18.291
7340,4261,6.658
4261,7340,6.658
4261,3387,7.165
3387,4261,7.165
8215,5375,21.431
5375,8215,21.431
5375,4265,9.817
4265,5375,9.817
4265,4236,3.726
4236,4265,3.726
4236,154,12.021
154,4236,12.021
8216,7337,18.492
7337,8216,18.492
7337,4260,6.287
4260,7337,6.287
6369,519,48.877
519,6369,48.877
1065,1864,34.991
1864,1065,34.991
1864,1715,54.490
1715,1864,54.490
8219,8225,146.971
8225,8219,146.971
2367,1065,36.179
1065,2367,36.179
8224,3287,29.370
3287,8224,29.370
3287,1066,60.189
1066,3287,60.189
961,3859,15.533
3859,961,15.533
3859,870,9.436
870,3859,9.436
870,8116,26.991
8116,870,26.991
8116,247,12.749
247,8116,12.749
3860,161,27.239
161,3860,27.239
1715,6084,17.384
6084,1715,17.384
6084,2391,1.675
2391,6084,1.675
2391,662,6.974
662,2391,6.974
894,893,145.661
893,894,145.661
7364,1881,5.946
1881,7364,5.946
1881,1882,17.431
1882,1881,17.431
1882,663,15.635
663,1882,15.635
663,1883,12.364
1883,663,12.364
1883,2365,11.584
2365,1883,11.584
2365,2367,19.636
2367,2365,19.636
8221,6429,8.768
6429,8221,8.768
963,4226,32.418
4226,963,32.418
4226,468,6.281
468,4226,6.281
468,8222,151.226
8222,468,151.226
1066,4713,59.020
4713,1066,59.020
4713,4456,15.609
4456,4713,15.609
4456,8221,14.694
8221,4456,14.694
8225,4712,7.049
4712,8225,7.049
4712,520,32.716
520,4712,32.716
520,962,108.993
962,520,108.993
962,3860,82.494
3860,962,82.494
8222,4534,17.706
4534,8222,17.706
4534,5398,9.809
5398,4534,9.809
5398,162,8.077
162,5398,8.077
8220,6556,8.622
6556,8220,8.622
6556,8224,2.048
8224,6556,2.048
1065,2364,7.098
2364,1065,7.098
2364,2366,10.410
2366,2364,10.410
2366,1884,7.032
1884,2366,7.032
1884,1067,6.110
1067,1884,6.110
1067,7365,5.197
7365,1067,5.197
7365,1885,5.325
1885,7365,5.325
1885,2393,9.629
2393,1885,9.629
8223,519,20.261
519,8223,20.261
8226,7387,9.589
7387,8226,9.589
7387,6796,21.887
6796,7387,21.887
6796,8229,37.418
8229,6796,37.418
8229,4556,46.911
4556,8229,46.911
4556,8227,10.282
8227,4556,10.282
8228,3943,11.520
3943,8228,11.520
3943,4906,21.813
4906,3943,21.813
4906,2002,8.392
2002,4906,8.392
2002,802,9.724
802,2002,9.724
8227,885,45.826
885,8227,45.826
885,4840,42.870
4840,885,42.870
4840,3315,5.486
3315,4840,5.486
3315,3316,5.091
3316,3315,5.091
3316,6525,2.633
6525,3316,2.633
8230,5817,12.657
5817,8230,12.657
2393,815,109.151
815,2393,109.151
8231,4180,27.721
4180,8231,27.721
4180,6605,63.038
6605,4180,63.038
8232,6462,8.331
6462,8232,8.331
6462,2370,2.447
2370,6462,2.447
2370,6461,2.857
6461,2370,2.857
6461,6460,4.212
6460,6461,4.212
6460,886,6.001
886,6460,6.001
8234,1299,8.490
1299,8234,8.490
1299,6459,13.055
6459,1299,13.055
6459,6463,4.184
6463,6459,4.184
6463,6464,2.776
6464,6463,2.776
6464,886,2.931
886,6464,2.931
8233,6599,14.800
6599,8233,14.800
7471,7462,4.219
7462,7471,4.219
7462,6512,4.218
6512,7462,4.218
6512,1298,4.761
1298,6512,4.761
1298,8233,3.863
8233,1298,3.863
4857,6795,36.938
6795,4857,36.938
6795,4175,4.143
4175,6795,4.143
4175,6458,30.341
6458,4175,30.341
8235,886,14.985
886,8235,14.985
8236,8235,13.652
8235,8236,13.652
8237,8238,16.232
8238,8237,16.232
8238,2877,26.282
2877,8238,26.282
2877,5808,72.677
5808,2877,72.677
7377,1461,5.552
1461,7377,5.552
1461,224,6.345
224,1461,6.345
224,1462,6.346
1462,224,6.346
1462,4681,7.154
4681,1462,7.154
4681,293,2.239
293,4681,2.239
7378,3812,4.475
3812,7378,4.475
3812,6040,14.113
6040,3812,14.113
6040,6652,12.784
6652,6040,12.784
6652,3263,21.600
3263,6652,21.600
3263,6655,2.506
6655,3263,2.506
6655,3814,6.809
3814,6655,6.809
3814,8055,20.490
8055,3814,20.490
8055,3811,11.111
3811,8055,11.111
3811,6654,21.692
6654,3811,21.692
6654,4287,0.660
4287,6654,0.660
4287,4286,4.267
4286,4287,4.267
4286,1043,8.593
1043,4286,8.593
8286,2969,18.960
2969,8286,18.960
8285,7731,26.428
7731,8285,26.428
909,3418,14.142
3418,909,14.142
3418,2172,14.700
2172,3418,14.700
2172,87,28.817
87,2172,28.817
8289,7648,16.502
7648,8289,16.502
7648,7646,9.479
7646,7648,9.479
7646,7647,4.433
7647,7646,4.433
7647,7652,5.521
7652,7647,5.521
7652,797,5.582
797,7652,5.582
3240,3327,41.028
3327,3240,41.028
3327,3330,52.920
3330,3327,52.920
3330,85,13.666
85,3330,13.666
3331,3240,20.704
3240,3331,20.704
8288,5488,63.279
5488,8288,63.279
8290,1099,58.215
1099,8290,58.215
1099,8288,9.645
8288,1099,9.645
797,2180,8.270
2180,797,8.270
2180,7650,8.241
7650,2180,8.241
7650,7651,6.763
7651,7650,6.763
7651,7649,10.113
7649,7651,10.113
7649,3329,71.174
3329,7649,71.174
3329,804,19.588
804,3329,19.588
3867,5064,18.462
5064,3867,18.462
5064,2983,3.357
2983,5064,3.357
2983,7689,74.954
7689,2983,74.954
7689,3866,1.698
3866,7689,1.698
3866,748,8.457
748,3866,8.457
8287,3236,5.324
3236,8287,5.324
3236,750,23.579
750,3236,23.579
3235,152,49.490
152,3235,49.490
8292,2175,17.638
2175,8292,17.638
8294,8291,22.023
8291,8294,22.023
8291,7449,5.348
7449,8291,5.348
8293,1445,10.181
1445,8293,10.181
1445,798,24.634
798,1445,24.634
798,931,25.451
931,798,25.451
931,152,92.482
152,931,92.482
8305,8300,21.025
8300,8305,21.025
8300,151,6.448
151,8300,6.448
151,8301,8.289
8301,151,8.289
8302,8303,17.473
8303,8302,17.473
8303,899,11.099
899,8303,11.099
8299,2106,47.363
2106,8299,47.363
2106,795,67.306
795,2106,67.306
8304,7526,76.312
7526,8304,76.312
8301,2174,40.148
2174,8301,40.148
2174,150,55.452
150,2174,55.452
150,2985,56.556
2985,150,56.556
2985,8302,26.082
8302,2985,26.082
795,86,151.753
86,795,151.753
7526,868,10.620
868,7526,10.620
868,8305,73.697
8305,868,73.697
8297,8295,67.751
8295,8297,67.751
8295,83,18.042
83,8295,18.042
8298,3417,5.122
3417,8298,5.122
3417,794,21.076
794,3417,21.076
83,8296,90.413
8296,83,90.413
8296,8298,14.178
8298,8296,14.178
1088,83,75.057
83,1088,75.057
6263,8308,15.136
8308,6263,15.136
1371,945,31.738
945,1371,31.738
8307,867,51.744
867,8307,51.744
867,151,46.650
151,867,46.650
3196,7675,6.917
7675,3196,6.917
7675,7676,32.972
7676,7675,32.972
7676,1372,11.147
1372,7676,11.147
1368,4848,8.727
4848,1368,8.727
4848,1369,4.879
1369,4848,4.879
1369,8306,5.451
8306,1369,5.451
8308,1307,62.623
1307,8308,62.623
1307,900,12.241
900,1307,12.241
8310,5231,9.877
5231,8310,9.877
5231,5230,5.737
5230,5231,5.737
5230,751,76.635
751,5230,76.635
8309,944,93.413
944,8309,93.413
8306,1370,40.560
1370,8306,40.560
1370,1380,54.946
1380,1370,54.946
8311,3931,3.083
3931,8311,3.083
3931,4292,6.629
4292,3931,6.629
4292,1763,4.890
1763,4292,4.890
3093,3195,42.452
3195,3093,42.452
3195,2721,44.431
2721,3195,44.431
2721,3194,10.957
3194,2721,10.957
3194,5562,8.918
5562,3194,8.918
2103,1650,7.692
1650,2103,7.692
1304,6832,2.535
6832,1304,2.535
6832,3694,2.953
3694,6832,2.953
3694,6831,2.472
6831,3694,2.472
6831,3695,3.233
3695,6831,3.233
3695,6830,3.135
6830,3695,3.135
6830,3696,3.729
3696,6830,3.729
3696,3697,3.671
3697,3696,3.671
3697,3698,4.457
3698,3697,4.457
3698,5483,5.336
5483,3698,5.336
5483,3699,3.771
3699,5483,3.771
3699,3700,31.260
3700,3699,31.260
3700,3701,13.242
3701,3700,13.242
3701,3702,13.417
3702,3701,13.417
3702,3703,16.564
3703,3702,16.564
3703,3704,16.506
3704,3703,16.506
3704,3705,16.260
3705,3704,16.260
3705,3707,18.475
3707,3705,18.475
