node_id,lon,lat
1,11.5498035,48.1375509
2,11.5516074,48.1375403
3,11.5559027,48.1374958
4,11.5586377,48.1374426
5,11.5610259,48.1374144
6,11.5609356,48.1363408
7,11.5606937,48.1342444
8,11.5585645,48.1345175
9,11.5759742,48.1345353
10,11.5816570,48.1348228
11,11.5823307,48.1344359
12,11.5650832,48.1392117
13,11.5642297,48.1393374
14,11.5497000,48.1386511
15,11.5496533,48.1375520
16,11.5656174,48.1392275
17,11.5678080,48.1406916
18,11.5663775,48.1406524
19,11.5657568,48.1406995
20,11.5614497,48.1421453
21,11.5602278,48.1426236
22,11.5570187,48.1436023
23,11.5590271,48.1475353
24,11.5588948,48.1468789
25,11.5655411,48.1389151
26,11.5653498,48.1379117
27,11.5646343,48.1363777
28,11.5655382,48.1379039
29,11.5666337,48.1379361
30,11.5666852,48.1365554
31,11.5647292,48.1373960
32,11.5583572,48.1502653
33,11.5579734,48.1509700
34,11.5820490,48.1201687
35,11.5811881,48.1244835
36,11.5803539,48.1248132
37,11.5791218,48.1257286
38,11.5733219,48.1300185
39,11.5748442,48.1288906
40,11.5715249,48.1313614
41,11.5653251,48.1396237
42,11.5575184,48.1434870
43,11.5822722,48.1350497
44,11.5832426,48.1355663
45,11.5840740,48.1367230
46,11.5844682,48.1382573
47,11.5796159,48.1350710
48,11.5983081,48.1357225
49,11.6024663,48.1358049
50,11.5950781,48.1278625
51,11.5895066,48.1316844
52,11.5878080,48.1314764
53,11.5865241,48.1316792
54,11.5857160,48.1319148
55,11.5851805,48.1321566
56,11.5834374,48.1329968
57,11.6014314,48.1404410
58,11.5986324,48.1410840
59,11.5972632,48.1421378
60,11.5971180,48.1416523
61,11.5972890,48.1414026
62,11.5971287,48.1424393
63,11.5968328,48.1425287
64,11.5965373,48.1424859
65,11.5963625,48.1423508
66,11.5960614,48.1417486
67,11.5957809,48.1416154
68,11.5921713,48.1423367
69,11.5885034,48.1430748
70,11.5871804,48.1433627
71,11.5837403,48.1443263
72,11.5768184,48.1457766
73,11.5756001,48.1458070
74,11.5750875,48.1457195
75,11.5748542,48.1456099
76,11.5688062,48.1413108
77,11.5612749,48.1418116
78,11.6000974,48.1437351
79,11.5798204,48.1318968
80,11.5813112,48.1332740
81,11.5721703,48.1540458
82,11.5932276,48.1465401
83,11.5957509,48.1464602
84,11.5936378,48.1453829
85,11.5932300,48.1440969
86,11.5954860,48.1452688
87,11.5963871,48.1482958
88,11.5795559,48.1468282
89,11.5731487,48.1460976
90,11.5746071,48.1482135
91,11.5686673,48.1448200
92,11.5647768,48.1459273
93,11.5635878,48.1462649
94,11.5654268,48.1507950
95,11.5649463,48.1522168
96,11.5661583,48.1518871
97,11.5737246,48.1517315
98,11.5805644,48.1489839
99,11.5769013,48.1500034
100,11.5759606,48.1502783
101,11.5747329,48.1533012
102,11.5754691,48.1545205
103,11.5944693,48.1418543
104,11.5934038,48.1454584
105,11.5933372,48.1456819
106,11.5932717,48.1459761
107,11.5932203,48.1463792
108,11.5928290,48.1465865
109,11.6017179,48.1337699
110,11.6009919,48.1339774
111,11.5995563,48.1343538
112,11.6016818,48.1334868
113,11.6015777,48.1332933
114,11.6008150,48.1329403
115,11.5989939,48.1335497
116,11.5987384,48.1331939
117,11.5994585,48.1329718
118,11.5996915,48.1324290
119,11.5973638,48.1331812
120,11.5976346,48.1340007
121,11.5997336,48.1309679
122,11.6012791,48.1321492
123,11.5964240,48.1360057
124,11.5944265,48.1354080
125,11.5985053,48.1409177
126,11.5989968,48.1409312
127,11.6013048,48.1427008
128,11.5846960,48.1392225
129,11.5811389,48.1380836
130,11.5785810,48.1386390
131,11.5772912,48.1389406
132,11.5778062,48.1377818
133,11.5805311,48.1356626
134,11.5840302,48.1359047
135,11.5835350,48.1392271
136,11.5776021,48.1326886
137,11.5757721,48.1318894
138,11.5842469,48.1372923
139,11.5839005,48.1363516
140,11.5835640,48.1358631
141,11.5836622,48.1359808
142,11.5812827,48.1388673
143,11.5848499,48.1322869
144,11.5800783,48.1321394
145,11.5784143,48.1394129
146,11.5831090,48.1374083
147,11.5813515,48.1353841
148,11.5865603,48.1373076
149,11.5866499,48.1375093
150,11.5931454,48.1394967
151,11.5922314,48.1387939
152,11.5886440,48.1361498
153,11.5823941,48.1309672
154,11.5792665,48.1293038
155,11.5809444,48.1278836
156,11.5829711,48.1278653
157,11.5838977,48.1281596
158,11.5865002,48.1292437
159,11.5837986,48.1315707
160,11.5762235,48.1278589
161,11.5757141,48.1275949
162,11.5705111,48.1255533
163,11.5666016,48.1234878
164,11.5692262,48.1217644
165,11.5738209,48.1221547
166,11.5755770,48.1229173
167,11.5772086,48.1241991
168,11.5724645,48.1206563
169,11.5714106,48.1210857
170,11.5718514,48.1198839
171,11.5727408,48.1194122
172,11.5737865,48.1201180
173,11.5707524,48.1207330
174,11.5736328,48.1199507
175,11.5704631,48.1205556
176,11.5858504,48.1216600
177,11.5533038,48.1301792
178,11.5536076,48.1320045
179,11.5534367,48.1335128
180,11.5555148,48.1323948
181,11.5557955,48.1300071
182,11.5557539,48.1286059
183,11.5575209,48.1298862
184,11.5575750,48.1303809
185,11.5560183,48.1315359
186,11.5560657,48.1324073
187,11.5584882,48.1328136
188,11.5558655,48.1363843
189,11.5491113,48.1361210
190,11.5511485,48.1356799
191,11.5630722,48.1317303
192,11.5636376,48.1312559
193,11.5627618,48.1303380
194,11.5559368,48.1283779
195,11.5582471,48.1262950
196,11.5666196,48.1334364
197,11.5523059,48.1285949
198,11.5490016,48.1361264
199,11.5524991,48.1348332
200,11.5517694,48.1353464
201,11.5529503,48.1343277
202,11.5586169,48.1363488
203,11.5611225,48.1381490
204,11.5651342,48.1362538
205,11.5675141,48.1336666
206,11.5689929,48.1337772
207,11.5702018,48.1341241
208,11.5740557,48.1337873
209,11.5672121,48.1404001
210,11.5692763,48.1410141
211,11.5738129,48.1437737
212,11.5678829,48.1426860
213,11.5653310,48.1434309
214,11.5647493,48.1425268
215,11.5617938,48.1426448
216,11.5601976,48.1449297
217,11.5733343,48.1435212
218,11.5786179,48.1448299
219,11.5696111,48.1444894
220,11.5788404,48.1452656
221,11.5692943,48.1443372
222,11.5686510,48.1446165
223,11.5689891,48.1450248
224,11.5696601,48.1448211
225,11.5604310,48.1521822
226,11.5686070,48.1531849
227,11.5726259,48.1547379
228,11.5596666,48.1499550
229,11.5680381,48.1542923
230,11.5567119,48.1506705
231,11.5561887,48.1419864
232,11.5516597,48.1390368
233,11.5557095,48.1480635
234,11.5753851,48.1422891
235,11.5745213,48.1408165
236,11.5750136,48.1414390
237,11.5812563,48.1415125
238,11.5825027,48.1403831
239,11.5829731,48.1403445
240,11.5821583,48.1386991
241,11.5619330,48.1285535
242,11.5642766,48.1280966
243,11.5753402,48.1194881
244,11.5584277,48.1291031
245,11.5634633,48.1271432
246,11.5749958,48.1352964
247,11.5734009,48.1270776
248,11.5743952,48.1339949
249,11.5748968,48.1334099
250,11.5729458,48.1399746
251,11.5723580,48.1392684
252,11.5691435,48.1400170
253,11.5727503,48.1340357
254,11.5660554,48.1539228
255,11.5751781,48.1539980
256,11.5738274,48.1544041
257,11.5733706,48.1536989
258,11.5762589,48.1550139
259,11.5778277,48.1531258
260,11.5780304,48.1496775
261,11.5799805,48.1526610
262,11.5657524,48.1531626
263,11.5683285,48.1524255
264,11.5638441,48.1459623
265,11.5627419,48.1441849
266,11.5594881,48.1428140
267,11.5546115,48.1465276
268,11.5580628,48.1455347
269,11.5628845,48.1490475
270,11.5877404,48.1241032
271,11.5889901,48.1248465
272,11.5861455,48.1257466
273,11.5825171,48.1269391
274,11.5801340,48.1235920
275,11.5795723,48.1227481
276,11.5759996,48.1204223
277,11.5787943,48.1333855
278,11.5802451,48.1322930
279,11.5767013,48.1476155
280,11.5823273,48.1527323
281,11.5822880,48.1522075
282,11.5823507,48.1525513
283,11.5819050,48.1522837
284,11.5558549,48.1440212
285,11.5818238,48.1435296
286,11.5783681,48.1442751
287,11.5825727,48.1444857
288,11.5841182,48.1441737
289,11.5833051,48.1384795
290,11.5653047,48.1375698
291,11.5689180,48.1450046
292,11.5692086,48.1450429
293,11.5695437,48.1449386
294,11.5696984,48.1447102
295,11.5695432,48.1444337
296,11.5691230,48.1443295
297,11.5687673,48.1444563
298,11.5686375,48.1446791
299,11.5690762,48.1409408
300,11.5595575,48.1451220
301,11.5811000,48.1376213
302,11.5806830,48.1368879
303,11.5814249,48.1369250
304,11.5816504,48.1368109
305,11.5831115,48.1358724
306,11.5815748,48.1375712
307,11.5817287,48.1387829
308,11.5932107,48.1364449
309,11.5942603,48.1355805
310,11.5982710,48.1355892
311,11.5963731,48.1359085
312,11.5978968,48.1356300
313,11.6025002,48.1356805
314,11.5933390,48.1360141
315,11.5947318,48.1356241
316,11.5937416,48.1356938
317,11.5952840,48.1358695
318,11.5879476,48.1253814
319,11.5835275,48.1265475
320,11.5696919,48.1411646
321,11.5713079,48.1416679
322,11.5709366,48.1421939
323,11.5693509,48.1416911
324,11.5731132,48.1422402
325,11.5733616,48.1425414
326,11.5557310,48.1325130
327,11.5557775,48.1312314
328,11.5817696,48.1353311
329,11.5716559,48.1351309
330,11.5706648,48.1344906
331,11.5679311,48.1341030
332,11.5690622,48.1375213
333,11.5651451,48.1366256
334,11.5707082,48.1388051
335,11.5713783,48.1372517
336,11.5740951,48.1353976
337,11.5667411,48.1362738
338,11.5663856,48.1362560
339,11.5670287,48.1346830
340,11.5658325,48.1366404
341,11.5667324,48.1379345
342,11.5683986,48.1362946
343,11.5700608,48.1361256
344,11.5674606,48.1347475
345,11.5813913,48.1353144
346,11.5814840,48.1350523
347,11.5818751,48.1353156
348,11.5815356,48.1353634
349,11.5712108,48.1337332
350,11.5814133,48.1447218
351,11.5790494,48.1441279
352,11.5805333,48.1438063
353,11.5842173,48.1436911
354,11.5838175,48.1428894
355,11.5786437,48.1378772
356,11.5790859,48.1384713
357,11.5795937,48.1375977
358,11.5799449,48.1391224
359,11.5796596,48.1387853
360,11.5659447,48.1396282
361,11.5721721,48.1372842
362,11.5762909,48.1318756
363,11.5757392,48.1315354
364,11.5762725,48.1315155
365,11.5760760,48.1319494
366,11.5759141,48.1319418
367,11.5763447,48.1315745
368,11.5758615,48.1314743
369,11.5756453,48.1316923
370,11.5761517,48.1314664
371,11.5759913,48.1314521
372,11.5763910,48.1317435
373,11.5756654,48.1316199
374,11.5762080,48.1319187
375,11.5763931,48.1316686
376,11.5755828,48.1284223
377,11.5749072,48.1333265
378,11.5780511,48.1302657
379,11.5758933,48.1282167
380,11.5798636,48.1287956
381,11.5800595,48.1286224
382,11.5853082,48.1294060
383,11.5818151,48.1204408
384,11.5819782,48.1208239
385,11.5822571,48.1207683
386,11.5835670,48.1280198
387,11.5836370,48.1279063
388,11.5798908,48.1251739
389,11.5843242,48.1285293
390,11.5862153,48.1285211
391,11.5857748,48.1278335
392,11.5855588,48.1278138
393,11.5821407,48.1216120
394,11.5833575,48.1226130
395,11.5846085,48.1231275
396,11.5855350,48.1240281
397,11.5858167,48.1243755
398,11.5863832,48.1259935
399,11.5865229,48.1262250
400,11.5871313,48.1270948
401,11.5880024,48.1282896
402,11.5884412,48.1293016
403,11.5886005,48.1295878
404,11.5894603,48.1307877
405,11.5910481,48.1276214
406,11.5906501,48.1280680
407,11.5907374,48.1281156
408,11.5911579,48.1281975
409,11.5915264,48.1282480
410,11.5921489,48.1283807
411,11.5923808,48.1295401
412,11.5900974,48.1311600
413,11.5895662,48.1315724
414,11.5862046,48.1289505
415,11.5849865,48.1281214
416,11.5854090,48.1276034
417,11.5852285,48.1268315
418,11.5688324,48.1265303
419,11.5693165,48.1279988
420,11.5697693,48.1285204
421,11.5710500,48.1296093
422,11.5719178,48.1301621
423,11.5846453,48.1277644
424,11.5859182,48.1287435
425,11.5870456,48.1286945
426,11.5584013,48.1295309
427,11.5585032,48.1331350
428,11.5584791,48.1324807
429,11.5580593,48.1327417
430,11.5582107,48.1325860
431,11.5580734,48.1328894
432,11.5581924,48.1330199
433,11.5877965,48.1313352
434,11.5878090,48.1314246
435,11.5873994,48.1315077
436,11.5875819,48.1312170
437,11.5627868,48.1320312
438,11.5650381,48.1326774
439,11.5637956,48.1334176
440,11.5644904,48.1334905
441,11.5654565,48.1335928
442,11.5655770,48.1337707
443,11.5635694,48.1342145
444,11.5597737,48.1329571
445,11.5531883,48.1351705
446,11.5557939,48.1348976
447,11.5804782,48.1275766
448,11.5668006,48.1322566
449,11.5671745,48.1322629
450,11.5675625,48.1319086
451,11.5691158,48.1311610
452,11.5708062,48.1309915
453,11.5709097,48.1310463
454,11.5673314,48.1308208
455,11.5662815,48.1309107
456,11.5667248,48.1320736
457,11.5672742,48.1299539
458,11.5674393,48.1297306
459,11.5679750,48.1294556
460,11.5681676,48.1291387
461,11.5682388,48.1289651
462,11.5696766,48.1290502
463,11.5697372,48.1293465
464,11.5700109,48.1301180
465,11.5717620,48.1290450
466,11.5703633,48.1283309
467,11.5699616,48.1262758
468,11.5724893,48.1265921
469,11.5693055,48.1261056
470,11.5694126,48.1261231
471,11.5705246,48.1427680
472,11.5674729,48.1412212
473,11.5739675,48.1440937
474,11.5747282,48.1446623
475,11.5743811,48.1439144
476,11.5766212,48.1436568
477,11.5767010,48.1438276
478,11.5768734,48.1442157
479,11.5771087,48.1447806
480,11.5774646,48.1436704
481,11.5775867,48.1439182
482,11.5773663,48.1434518
483,11.5683861,48.1401434
484,11.5600334,48.1374272
485,11.5532191,48.1364034
486,11.5532572,48.1375166
487,11.5525210,48.1366676
488,11.5516178,48.1361015
489,11.5683324,48.1334980
490,11.5694066,48.1335183
491,11.5694009,48.1338345
492,11.5763997,48.1344358
493,11.5792851,48.1339267
494,11.5727338,48.1362551
495,11.5995325,48.1308278
496,11.5992953,48.1311210
497,11.5986701,48.1315521
498,11.5978347,48.1321147
499,11.5981916,48.1299429
500,11.5973058,48.1293523
501,11.5972277,48.1305991
502,11.5941012,48.1309484
503,11.5955889,48.1302692
504,11.5999087,48.1323054
505,11.5961572,48.1330700
506,11.5963726,48.1322905
507,11.5945784,48.1322799
508,11.5945696,48.1330275
509,11.6023531,48.1361508
510,11.5985021,48.1328495
511,11.5992194,48.1326152
512,11.5973395,48.1332939
513,11.5996928,48.1333258
514,11.5875386,48.1305542
515,11.5891550,48.1373582
516,11.5670729,48.1266587
517,11.5669573,48.1259738
518,11.5674161,48.1231507
519,11.5710479,48.1250706
520,11.5734487,48.1263428
521,11.5713160,48.1405197
522,11.5719205,48.1414922
523,11.5732644,48.1418451
524,11.5705373,48.1406472
525,11.5719182,48.1405029
526,11.5717782,48.1403108
527,11.5744609,48.1416120
528,11.5748040,48.1422798
529,11.5814958,48.1391385
530,11.5802997,48.1393855
531,11.5818728,48.1396341
532,11.5791971,48.1360346
533,11.5789474,48.1350746
534,11.5802296,48.1350005
535,11.5773788,48.1344254
536,11.5799869,48.1365495
537,11.5787365,48.1372089
538,11.5782863,48.1374214
539,11.5782273,48.1362019
540,11.5798036,48.1358817
541,11.5805076,48.1368092
542,11.5790801,48.1370750
543,11.5699710,48.1309293
544,11.5678846,48.1330601
545,11.5712067,48.1373718
546,11.5716333,48.1370558
547,11.5661374,48.1378599
548,11.5664679,48.1362895
549,11.5666600,48.1363093
550,11.5665573,48.1363117
551,11.5668323,48.1384606
552,11.5717038,48.1369978
553,11.5719108,48.1368392
554,11.5723948,48.1371037
555,11.5725102,48.1353274
556,11.5736535,48.1364102
557,11.5507107,48.1358614
558,11.5498820,48.1360456
559,11.5523821,48.1349248
560,11.5964321,48.1287674
561,11.5957957,48.1283365
562,11.5964148,48.1283400
563,11.5959190,48.1282826
564,11.5960857,48.1282569
565,11.5965547,48.1285366
566,11.5965425,48.1286327
567,11.5841704,48.1442804
568,11.5837759,48.1444021
569,11.5845891,48.1438734
570,11.5845599,48.1438079
571,11.5814909,48.1447601
572,11.5826328,48.1445288
573,11.5873334,48.1433101
574,11.5870900,48.1433319
575,11.5768789,48.1456707
576,11.5768750,48.1455712
577,11.5646975,48.1462200
578,11.5645310,48.1463324
579,11.5639044,48.1462658
580,11.5638107,48.1461222
581,11.5638169,48.1460985
582,11.5644057,48.1457734
583,11.5641351,48.1457852
584,11.5647633,48.1460595
585,11.5646440,48.1458566
586,11.5555562,48.1315350
587,11.5610734,48.1410348
588,11.5573819,48.1504334
589,11.5571683,48.1501318
590,11.5709141,48.1516934
591,11.5680934,48.1533374
592,11.5756238,48.1538628
593,11.5584568,48.1297926
594,11.5577889,48.1508829
595,11.5581232,48.1502577
596,11.5587614,48.1475789
597,11.5573673,48.1502018
598,11.5591814,48.1464947
599,11.5587097,48.1482200
600,11.5579010,48.1455959
601,11.5584655,48.1462625
602,11.5609670,48.1401748
603,11.5568502,48.1436468
604,11.5564224,48.1428233
605,11.5560535,48.1419979
606,11.5559523,48.1391434
607,11.5615735,48.1420931
608,11.5617100,48.1424924
609,11.5788831,48.1453592
610,11.5778679,48.1455781
611,11.5770310,48.1457385
612,11.5773765,48.1455167
613,11.5770578,48.1455124
614,11.5733489,48.1460982
615,11.5736183,48.1459352
616,11.5737554,48.1458953
617,11.5733359,48.1462501
618,11.5733744,48.1459478
619,11.5734961,48.1458959
620,11.5742731,48.1456741
621,11.5728413,48.1462515
622,11.5732018,48.1461906
623,11.5758927,48.1456367
624,11.5751810,48.1455078
625,11.5751306,48.1453967
626,11.5745900,48.1454455
627,11.5746966,48.1453034
628,11.5829735,48.1415363
629,11.5831013,48.1412364
630,11.5831264,48.1407997
631,11.5834746,48.1440200
632,11.5829092,48.1411443
633,11.5829896,48.1412923
634,11.5842650,48.1437953
635,11.5842811,48.1441779
636,11.5840443,48.1443382
637,11.5839579,48.1442710
638,11.5841737,48.1441141
639,11.5847629,48.1393790
640,11.5779073,48.1210739
641,11.5818241,48.1249937
642,11.5813954,48.1279151
643,11.5798578,48.1235136
644,11.5801244,48.1237905
645,11.5523652,48.1367030
646,11.5652112,48.1374876
647,11.5665918,48.1401257
648,11.5662919,48.1398961
649,11.5678041,48.1404954
650,11.5680248,48.1402882
651,11.5655624,48.1422825
652,11.5660638,48.1417717
653,11.5663648,48.1405181
654,11.5598516,48.1427043
655,11.5618485,48.1419193
656,11.5570837,48.1436964
657,11.5569232,48.1437560
658,11.5613996,48.1420514
659,11.5615320,48.1419996
660,11.5602583,48.1425054
661,11.6008680,48.1417632
662,11.5644521,48.1216019
663,11.5658788,48.1230725
664,11.5486693,48.1361143
665,11.5494298,48.1364020
666,11.5497352,48.1369070
667,11.5495930,48.1369839
668,11.5492586,48.1364667
669,11.5487566,48.1361575
670,11.5870373,48.1342438
671,11.5863078,48.1335444
672,11.5841731,48.1399313
673,11.5846440,48.1393529
674,11.5846315,48.1388104
675,11.5849105,48.1391620
676,11.5849158,48.1390709
677,11.5846325,48.1381868
678,11.5838133,48.1359942
679,11.5823589,48.1348969
680,11.5819083,48.1347521
681,11.5558698,48.1398190
682,11.5559864,48.1398107
683,11.5677714,48.1396504
684,11.5756778,48.1444649
685,11.5778970,48.1433002
686,11.5781526,48.1438445
687,11.5748312,48.1225715
688,11.5560807,48.1421070
689,11.5562352,48.1421015
690,11.5611256,48.1413173
691,11.5569087,48.1419094
692,11.5556137,48.1421736
693,11.5556060,48.1420716
694,11.5559325,48.1440764
695,11.5646820,48.1496500
696,11.5660509,48.1492624
697,11.5634916,48.1499957
698,11.5654756,48.1507815
699,11.5620179,48.1399840
700,11.5624753,48.1406174
701,11.5612353,48.1401730
702,11.5943082,48.1280888
703,11.5679881,48.1250193
704,11.5691054,48.1258300
705,11.5555067,48.1323135
706,11.5535390,48.1328696
707,11.5529133,48.1293475
708,11.5535335,48.1311259
709,11.5531940,48.1340040
710,11.5759799,48.1518608
711,11.5757761,48.1530078
712,11.5765445,48.1527834
713,11.5487198,48.1376244
714,11.5489882,48.1383319
715,11.5624396,48.1394051
716,11.5623155,48.1381196
717,11.5507207,48.1443463
718,11.5563277,48.1449268
719,11.5562336,48.1452828
720,11.5566468,48.1459598
721,11.5522468,48.1472375
722,11.5510254,48.1456550
723,11.5594526,48.1415109
724,11.5631177,48.1415108
725,11.5549931,48.1443182
726,11.5973821,48.1335971
727,11.5990789,48.1323381
728,11.5983374,48.1371238
729,11.5967944,48.1373022
730,11.5984817,48.1419094
731,11.5985149,48.1411318
732,11.5983702,48.1410889
733,11.5960930,48.1335173
734,11.5963241,48.1339025
735,11.5962067,48.1336533
736,11.5938382,48.1326775
737,11.5935263,48.1322772
738,11.5960601,48.1311670
739,11.5991459,48.1344820
740,11.5488360,48.1390405
741,11.5840653,48.1454595
742,11.5845935,48.1352697
743,11.5847540,48.1354556
744,11.5848772,48.1353903
745,11.5857049,48.1353751
746,11.5860960,48.1415173
747,11.5905937,48.1408769
748,11.5912415,48.1407864
749,11.5907634,48.1393135
750,11.5902850,48.1387015
751,11.5927810,48.1405521
752,11.5791829,48.1460266
753,11.5810289,48.1386367
754,11.5807113,48.1383602
755,11.5788820,48.1393265
756,11.5795803,48.1363836
757,11.5782880,48.1364558
758,11.5784130,48.1368442
759,11.5762753,48.1335757
760,11.5749958,48.1343848
761,11.5686864,48.1391207
762,11.5692204,48.1361509
763,11.5696338,48.1362598
764,11.5722733,48.1371950
765,11.5717950,48.1369247
766,11.5744651,48.1554071
767,11.5742201,48.1525027
768,11.5728786,48.1528955
769,11.5631229,48.1527183
770,11.5723795,48.1521186
771,11.5719416,48.1514087
772,11.5817344,48.1501826
773,11.5820332,48.1504535
774,11.5831978,48.1502490
775,11.5839973,48.1501461
776,11.5845168,48.1500692
777,11.5876198,48.1532670
778,11.5851744,48.1539020
779,11.5868569,48.1528813
780,11.5858701,48.1524321
781,11.5856262,48.1522633
782,11.5852386,48.1516434
783,11.5850128,48.1510546
784,11.5846700,48.1504374
785,11.5826038,48.1456166
786,11.5847673,48.1492177
787,11.5846366,48.1495675
788,11.5830682,48.1543171
789,11.5829560,48.1540817
790,11.5807046,48.1545141
791,11.5853551,48.1519510
792,11.5824194,48.1503722
793,11.5810941,48.1501162
794,11.5959884,48.1476254
795,11.5951675,48.1439207
796,11.5953899,48.1475318
797,11.5945749,48.1465618
798,11.5879363,48.1352006
799,11.5892238,48.1369070
800,11.5863730,48.1318424
801,11.5858137,48.1320123
802,11.5618388,48.1251039
803,11.5641001,48.1243502
804,11.5937728,48.1455823
805,11.5536262,48.1300034
806,11.5537684,48.1295243
807,11.5539941,48.1291899
808,11.5544417,48.1288630
809,11.5549947,48.1286806
810,11.5616086,48.1275969
811,11.5657398,48.1249922
812,11.5659880,48.1252828
813,11.5665644,48.1256533
814,11.5666572,48.1258198
815,11.5654737,48.1238543
816,11.5608805,48.1254333
817,11.5617638,48.1280874
818,11.5560681,48.1282517
819,11.5535620,48.1301603
820,11.5771561,48.1464437
821,11.5773416,48.1457938
822,11.5770522,48.1468559
823,11.5717250,48.1529453
824,11.5719509,48.1529925
825,11.5721347,48.1532805
826,11.5720608,48.1534194
827,11.5984620,48.1438904
828,11.6011234,48.1421000
829,11.6013875,48.1420525
830,11.5985381,48.1443794
831,11.5987505,48.1448341
832,11.5851596,48.1426334
833,11.5847668,48.1416173
834,11.5847797,48.1412772
835,11.5847833,48.1414433
836,11.5859927,48.1423152
837,11.6016961,48.1387296
838,11.6025211,48.1387156
839,11.6014803,48.1395843
840,11.6014481,48.1402548
841,11.5740088,48.1521736
842,11.5768897,48.1517108
843,11.5763455,48.1539608
844,11.5781887,48.1537056
845,11.5773824,48.1474149
846,11.5773599,48.1456811
847,11.5714891,48.1529987
848,11.5720860,48.1531324
849,11.5718305,48.1535235
850,11.5540006,48.1276324
851,11.5532737,48.1280451
852,11.5542186,48.1274899
853,11.5564507,48.1491142
854,11.5930431,48.1313695
855,11.5913149,48.1319983
856,11.5821569,48.1336897
857,11.5748623,48.1280678
858,11.5745706,48.1280074
859,11.5742721,48.1279165
860,11.5862327,48.1358832
861,11.5889519,48.1400853
862,11.5880956,48.1384588
863,11.5877230,48.1388014
864,11.5874285,48.1394580
865,11.5925162,48.1397862
866,11.5923522,48.1395627
867,11.5916696,48.1389822
868,11.5912287,48.1381774
869,11.5737114,48.1274576
870,11.5738238,48.1272968
871,11.5675463,48.1296700
872,11.5679973,48.1300757
873,11.5672710,48.1291470
874,11.5672842,48.1283048
875,11.5668230,48.1261276
876,11.5647878,48.1309740
877,11.5657203,48.1307553
878,11.5641542,48.1298804
879,11.5621627,48.1292947
880,11.5624265,48.1298988
881,11.5631884,48.1283131
882,11.5625083,48.1305125
883,11.5625207,48.1311214
884,11.5609631,48.1294627
885,11.5609994,48.1240858
886,11.5625926,48.1225945
887,11.5636695,48.1319647
888,11.5664628,48.1313356
889,11.5661288,48.1306566
890,11.5623169,48.1313615
891,11.5599541,48.1302607
892,11.5671943,48.1295868
893,11.5685059,48.1244915
894,11.5700356,48.1253121
895,11.5706637,48.1283680
896,11.5557907,48.1346326
897,11.5534739,48.1338066
898,11.5873865,48.1432970
899,11.5938096,48.1403921
900,11.5934067,48.1420689
901,11.5871134,48.1394983
902,11.5866861,48.1401093
903,11.5870151,48.1392884
904,11.5867521,48.1383392
905,11.5850595,48.1393748
906,11.5897906,48.1409913
907,11.6021075,48.1403004
908,11.5959650,48.1481431
909,11.5960844,48.1478204
910,11.5912384,48.1327258
911,11.5912573,48.1322359
912,11.5924904,48.1296329
913,11.5902121,48.1312200
914,11.5895995,48.1317134
915,11.5938545,48.1287028
916,11.5944520,48.1282993
917,11.5894883,48.1317862
918,11.5889540,48.1316919
919,11.5874480,48.1316171
920,11.5872478,48.1316512
921,11.5865749,48.1317912
922,11.5894271,48.1317634
923,11.5849432,48.1323689
924,11.5852519,48.1322351
925,11.5829096,48.1339272
926,11.5836131,48.1330423
927,11.5837666,48.1329345
928,11.5952026,48.1263309
929,11.5853539,48.1341956
930,11.5874511,48.1346669
931,11.5881047,48.1354000
932,11.5834973,48.1349662
933,11.5809048,48.1369423
934,11.5820080,48.1374059
935,11.5807823,48.1367017
936,11.5810799,48.1364470
937,11.5816703,48.1360838
938,11.5823510,48.1356746
939,11.5832829,48.1366966
940,11.5832410,48.1346517
941,11.5829575,48.1353913
942,11.5726002,48.1451159
943,11.5730740,48.1458637
944,11.5944835,48.1454012
945,11.5941392,48.1440501
946,11.5940388,48.1473972
947,11.5945840,48.1478975
948,11.5586720,48.1265548
949,11.5663940,48.1340497
950,11.5667201,48.1335162
951,11.5667460,48.1334771
952,11.5670796,48.1324502
953,11.5670067,48.1323349
954,11.5670876,48.1271417
955,11.5675477,48.1278108
956,11.5669527,48.1260021
957,11.5667892,48.1258530
958,11.5657919,48.1264822
959,11.5671160,48.1278276
960,11.5664768,48.1270311
961,11.5741359,48.1273717
962,11.5746062,48.1269460
963,11.5728949,48.1268108
964,11.5639003,48.1212429
965,11.5899747,48.1239248
966,11.5911118,48.1236455
967,11.5918084,48.1260935
968,11.5925425,48.1265738
969,11.5734338,48.1221524
970,11.5778791,48.1262277
971,11.5772927,48.1258258
972,11.5764193,48.1252444
973,11.5760836,48.1248054
974,11.5749902,48.1234383
975,11.5746401,48.1230504
976,11.5757635,48.1228092
977,11.5781404,48.1230854
978,11.5761795,48.1230408
979,11.5741619,48.1226273
980,11.5738931,48.1224366
981,11.5761226,48.1205305
982,11.5758561,48.1201946
983,11.5763633,48.1206047
984,11.5762918,48.1208935
985,11.5763766,48.1208997
986,11.5756962,48.1230711
987,11.5782799,48.1232138
988,11.5787652,48.1235885
989,11.5793925,48.1244564
990,11.5757721,48.1207092
991,11.5784376,48.1195172
992,11.5796843,48.1201047
993,11.5799029,48.1203182
994,11.5800506,48.1205364
995,11.5802960,48.1214094
996,11.5799188,48.1214845
997,11.5882590,48.1239577
998,11.5889086,48.1237629
999,11.5897844,48.1235517
1000,11.5883638,48.1226295
1001,11.5927880,48.1238892
1002,11.5927877,48.1254383
1003,11.5927799,48.1261811
1004,11.5927381,48.1263764
1005,11.5789846,48.1268867
1006,11.5799721,48.1273237
1007,11.5817425,48.1263694
1008,11.5807404,48.1257348
1009,11.5795870,48.1228872
1010,11.5796398,48.1228402
1011,11.5807163,48.1240598
1012,11.5805458,48.1215473
1013,11.5783588,48.1251139
1014,11.5786136,48.1234617
1015,11.5723387,48.1267538
1016,11.5727931,48.1268498
1017,11.5759579,48.1231864
1018,11.5758393,48.1204281
1019,11.5757309,48.1204866
1020,11.5758650,48.1206544
1021,11.5810569,48.1216420
1022,11.5797950,48.1243252
1023,11.5799337,48.1245595
1024,11.5826939,48.1257916
1025,11.5821032,48.1375121
1026,11.5811166,48.1383174
1027,11.5834393,48.1347657
1028,11.5944205,48.1259682
1029,11.5940430,48.1258106
1030,11.5939020,48.1254111
1031,11.5902277,48.1230069
1032,11.5906676,48.1253827
1033,11.5947021,48.1260678
1034,11.5952516,48.1262370
1035,11.5906069,48.1255522
1036,11.5902960,48.1223920
1037,11.5902419,48.1234515
1038,11.5869196,48.1229781
1039,11.5879481,48.1242634
1040,11.5880577,48.1247625
1041,11.5870699,48.1256037
1042,11.5886774,48.1250842
1043,11.5718189,48.1439289
1044,11.5622315,48.1480750
1045,11.5680120,48.1476037
1046,11.5719385,48.1489626
1047,11.5705850,48.1468858
1048,11.5842010,48.1236792
1049,11.5834109,48.1242691
1050,11.5848110,48.1261332
1051,11.5844099,48.1270440
1052,11.5842892,48.1268287
1053,11.5848187,48.1268033
1054,11.5850272,48.1260630
1055,11.5852111,48.1263601
1056,11.5845322,48.1262222
1057,11.5841285,48.1271547
1058,11.5839525,48.1264073
1059,11.5872189,48.1290589
1060,11.5876544,48.1307967
1061,11.5848547,48.1276994
1062,11.5884067,48.1246823
1063,11.5933702,48.1261901
1064,11.5937703,48.1260465
1065,11.5652645,48.1224844
1066,11.5657027,48.1222231
1067,11.5650717,48.1227241
1068,11.5673269,48.1232225
1069,11.5670139,48.1236985
1070,11.5671665,48.1237789
1071,11.5810444,48.1243806
1072,11.5852695,48.1270606
1073,11.5733767,48.1420640
1074,11.5777206,48.1376910
1075,11.5763758,48.1411575
1076,11.5651841,48.1359452
1077,11.5561592,48.1418234
1078,11.5787007,48.1449878
1079,11.5832225,48.1416050
1080,11.5687571,48.1412756
1081,11.5708728,48.1358182
1082,11.5711520,48.1355993
1083,11.5721068,48.1352556
1084,11.5680808,48.1357680
1085,11.5847961,48.1393467
1086,11.5869792,48.1397860
1087,11.5559543,48.1324836
1088,11.5947474,48.1465457
1089,11.5798602,48.1491730
1090,11.5809151,48.1408043
1091,11.5804990,48.1398599
1092,11.5807561,48.1404625
1093,11.5824454,48.1412513
1094,11.5826646,48.1404327
1095,11.5478743,48.1391836
1096,11.5477928,48.1390735
1097,11.5700601,48.1507764
1098,11.5821243,48.1199937
1099,11.5927856,48.1433470
1100,11.5953642,48.1484587
1101,11.5876797,48.1533412
1102,11.5531925,48.1360646
1103,11.5885535,48.1246012
1104,11.5820054,48.1210829
1105,11.5663077,48.1365715
1106,11.5706727,48.1338760
1107,11.5768701,48.1344276
1108,11.5805972,48.1504290
1109,11.5819902,48.1508205
1110,11.5949229,48.1356848
1111,11.5884354,48.1316713
1112,11.5928947,48.1366423
1113,11.5956176,48.1359649
1114,11.5950942,48.1357619
1115,11.5945195,48.1355885
1116,11.5940000,48.1356166
1117,11.5935309,48.1358141
1118,11.5932219,48.1362930
1119,11.5826004,48.1412113
1120,11.5934202,48.1359124
1121,11.5825780,48.1404400
1122,11.5776923,48.1426719
1123,11.5778273,48.1429528
1124,11.5777979,48.1427940
1125,11.5978629,48.1354255
1126,11.5806353,48.1508302
1127,11.5811092,48.1510873
1128,11.5807016,48.1509014
1129,11.5805626,48.1505176
1130,11.5807322,48.1502736
1131,11.5814502,48.1501043
1132,11.5819474,48.1503290
1133,11.5820636,48.1506397
1134,11.5819171,48.1509009
1135,11.5818864,48.1516737
1136,11.5807415,48.1280475
1137,11.5794972,48.1291098
1138,11.5963015,48.1483166
1139,11.5938976,48.1257170
1140,11.5676680,48.1419784
1141,11.5582578,48.1502639
1142,11.5837042,48.1444190
1143,11.5832712,48.1444280
1144,11.5926507,48.1466152
1145,11.5919295,48.1471013
1146,11.5920502,48.1470309
1147,11.5930201,48.1461260
1148,11.5932231,48.1461671
1149,11.5638632,48.1318556
1150,11.5978521,48.1342524
1151,11.5848927,48.1323245
1152,11.5934232,48.1278413
1153,11.5920197,48.1283516
1154,11.5799704,48.1491429
1155,11.5734521,48.1509801
1156,11.5709873,48.1516731
1157,11.5677062,48.1526046
1158,11.5659773,48.1530994
1159,11.5640417,48.1487239
1160,11.5631984,48.1473766
1161,11.5634414,48.1473110
1162,11.5629261,48.1464692
1163,11.5603761,48.1519807
1164,11.5603347,48.1520422
1165,11.5602243,48.1520877
1166,11.5601434,48.1520948
1167,11.5807384,48.1525007
1168,11.5793659,48.1527932
1169,11.5835182,48.1331390
1170,11.5973035,48.1411539
1171,11.5980869,48.1409989
1172,11.5979922,48.1389518
1173,11.5877829,48.1316246
1174,11.5908451,48.1325939
1175,11.5888282,48.1298995
1176,11.5882961,48.1289488
1177,11.5984189,48.1409321
1178,11.5986507,48.1409956
1179,11.5861845,48.1254867
1180,11.5981750,48.1411938
1181,11.5975489,48.1413172
1182,11.5984768,48.1422335
1183,11.5971486,48.1415231
1184,11.5964342,48.1424251
1185,11.5966299,48.1425148
1186,11.5970279,48.1424908
1187,11.5972746,48.1422423
1188,11.5958792,48.1347270
1189,11.5796390,48.1339642
1190,11.5816572,48.1313481
1191,11.5951180,48.1278406
1192,11.5791599,48.1350815
1193,11.5671824,48.1272886
1194,11.5668569,48.1274401
1195,11.5597923,48.1289459
1196,11.5912124,48.1258162
1197,11.5779458,48.1362640
1198,11.5731532,48.1337422
1199,11.5742866,48.1329504
1200,11.5737044,48.1325347
1201,11.5847746,48.1381574
1202,11.5811524,48.1414010
1203,11.5815134,48.1346623
1204,11.5814422,48.1347766
1205,11.5801619,48.1346947
1206,11.5792490,48.1345475
1207,11.5796224,48.1346036
1208,11.5796289,48.1345394
1209,11.5800526,48.1345830
1210,11.5843145,48.1382865
1211,11.5822263,48.1351068
1212,11.5832136,48.1412279
1213,11.5833619,48.1415921
1214,11.5849119,48.1393793
1215,11.5628234,48.1333046
1216,11.5629673,48.1318169
1217,11.5584609,48.1296869
1218,11.5558454,48.1284606
1219,11.5540999,48.1275706
1220,11.5780104,48.1380625
1221,11.5783246,48.1384728
1222,11.5771804,48.1386155
1223,11.5786815,48.1379283
1224,11.5824296,48.1521833
1225,11.5825388,48.1521666
1226,11.5838754,48.1519301
1227,11.5845286,48.1518201
1228,11.5852583,48.1517129
1229,11.5917546,48.1301064
1230,11.5949534,48.1266638
1231,11.5951333,48.1261994
1232,11.5649967,48.1409367
1233,11.5716548,48.1532535
1234,11.5687924,48.1449448
1235,11.5919050,48.1273601
1236,11.5924423,48.1264868
1237,11.5863962,48.1257064
1238,11.5751064,48.1417205
1239,11.5927808,48.1261997
1240,11.5946436,48.1306793
1241,11.5931759,48.1313182
1242,11.5937262,48.1311012
1243,11.5826220,48.1361900
1244,11.5832124,48.1366123
1245,11.5816693,48.1371289
1246,11.5779472,48.1379599
1247,11.5745250,48.1422373
1248,11.5704671,48.1366315
1249,11.5923239,48.1295006
1250,11.5962587,48.1282752
1251,11.5964980,48.1284114
1252,11.5912460,48.1283144
1253,11.5920972,48.1293151
1254,11.5849747,48.1205652
1255,11.5927870,48.1235609
1256,11.5885358,48.1222187
1257,11.5902861,48.1224509
1258,11.5889304,48.1249080
1259,11.5928238,48.1270889
1260,11.5878729,48.1243195
1261,11.5845753,48.1204702
1262,11.5821008,48.1200598
1263,11.5832963,48.1202716
1264,11.5890477,48.1247903
1265,11.5906597,48.1254735
1266,11.5930158,48.1270377
1267,11.5928872,48.1254377
1268,11.5929160,48.1261818
1269,11.5870325,48.1229460
1270,11.5837117,48.1203361
1271,11.5856379,48.1212754
1272,11.5819655,48.1205211
1273,11.5861237,48.1252111
1274,11.5952970,48.1261629
1275,11.5938945,48.1259459
1276,11.5973876,48.1495355
1277,11.5974803,48.1495044
1278,11.5925234,48.1271734
1279,11.5816610,48.1447897
1280,11.5819814,48.1456926
1281,11.5803689,48.1485661
1282,11.5675550,48.1534926
1283,11.5943885,48.1310581
1284,11.6009437,48.1329965
1285,11.5510567,48.1368392
1286,11.5495516,48.1388261
1287,11.5900074,48.1311131
1288,11.5897939,48.1318265
1289,11.5800557,48.1242262
1290,11.5805904,48.1241238
1291,11.5898728,48.1372203
1292,11.5874586,48.1239350
1293,11.5840802,48.1229077
1294,11.5710909,48.1348201
1295,11.5750504,48.1235055
1296,11.5795167,48.1359581
1297,11.5812696,48.1350311
1298,11.5637743,48.1240792
1299,11.5627643,48.1227642
1300,11.5643757,48.1246128
1301,11.5945988,48.1275394
1302,11.5934603,48.1421807
1303,11.5922268,48.1424289
1304,11.5885657,48.1431741
1305,11.5904605,48.1425573
1306,11.5921017,48.1422241
1307,11.5933591,48.1419635
1308,11.5942243,48.1258921
1309,11.5807254,48.1389731
1310,11.5758476,48.1436134
1311,11.5758994,48.1436855
1312,11.5759610,48.1437149
1313,11.5764729,48.1436095
1314,11.5765804,48.1436179
1315,11.5773445,48.1426568
1316,11.5737157,48.1434047
1317,11.5693166,48.1423891
1318,11.5847966,48.1322428
1319,11.5836654,48.1443423
1320,11.5849259,48.1372395
1321,11.5864909,48.1370937
1322,11.5860755,48.1353197
1323,11.5867459,48.1380436
1324,11.5806369,48.1458455
1325,11.5774439,48.1463824
1326,11.5772012,48.1462895
1327,11.5759938,48.1412439
1328,11.5743489,48.1406013
1329,11.5797222,48.1364616
1330,11.5797804,48.1367253
1331,11.5785709,48.1361334
1332,11.5799271,48.1350323
1333,11.5725262,48.1434018
1334,11.5684004,48.1421430
1335,11.5692726,48.1416505
1336,11.5699605,48.1418822
1337,11.5685208,48.1420746
1338,11.5693755,48.1424057
1339,11.5688280,48.1419005
1340,11.5676849,48.1420365
1341,11.5663347,48.1409358
1342,11.5557253,48.1262023
1343,11.5648485,48.1380352
1344,11.5735697,48.1430621
1345,11.5733624,48.1432160
1346,11.5737139,48.1458342
1347,11.5560369,48.1282813
1348,11.5600602,48.1301746
1349,11.5651116,48.1326118
1350,11.5667052,48.1332796
1351,11.5898717,48.1401009
1352,11.5863500,48.1414809
1353,11.5852018,48.1426968
1354,11.5796537,48.1231704
1355,11.5892882,48.1376562
1356,11.5900869,48.1374720
1357,11.5835904,48.1415871
1358,11.5840610,48.1425935
1359,11.5881154,48.1401832
1360,11.5879157,48.1406523
1361,11.5876494,48.1406184
1362,11.5879923,48.1401767
1363,11.5864640,48.1406825
1364,11.5866571,48.1401661
1365,11.5856731,48.1414579
1366,11.5866150,48.1402713
1367,11.5937166,48.1427179
1368,11.5940585,48.1426563
1369,11.5941958,48.1427231
1370,11.5943018,48.1431308
1371,11.5945592,48.1439960
1372,11.5939507,48.1434488
1373,11.5870436,48.1393601
1374,11.5687395,48.1424613
1375,11.5952781,48.1487154
1376,11.5952822,48.1487343
1377,11.5851139,48.1425405
1378,11.5837395,48.1427280
1379,11.5858533,48.1415139
1380,11.5944532,48.1436145
1381,11.5795879,48.1440103
1382,11.5817835,48.1347224
1383,11.5815965,48.1348065
1384,11.5736809,48.1340449
1385,11.5736313,48.1398808
1386,11.5734405,48.1398462
1387,11.5801740,48.1390799
1388,11.5958342,48.1359791
1389,11.5981441,48.1344833
1390,11.5850112,48.1324298
1391,11.5838515,48.1330003
1392,11.5675269,48.1230625
1393,11.5833667,48.1329353
1394,11.5870855,48.1380823
1395,11.5869760,48.1380067
1396,11.5868362,48.1379814
1397,11.5867607,48.1377804
1398,11.5866930,48.1381584
1399,11.5757899,48.1503257
1400,11.5831084,48.1336713
1401,11.5573188,48.1374716
1402,11.5665973,48.1334772
1403,11.5637453,48.1319055
1404,11.5624067,48.1312735
1405,11.5631832,48.1316388
1406,11.5584088,48.1294091
1407,11.5940333,48.1285744
1408,11.5937987,48.1287417
1409,11.5937296,48.1286397
1410,11.5939615,48.1284749
1411,11.5793642,48.1292212
1412,11.5850758,48.1323155
1413,11.5849862,48.1322350
1414,11.5895598,48.1318115
1415,11.5896845,48.1317541
1416,11.5802018,48.1357747
1417,11.5896223,48.1398262
1418,11.5842007,48.1440745
1419,11.5829443,48.1410453
1420,11.5841626,48.1398222
1421,11.5831276,48.1410542
1422,11.5828927,48.1412093
1423,11.5827741,48.1411707
1424,11.5831055,48.1413061
1425,11.5828848,48.1412795
1426,11.5943570,48.1337082
1427,11.5870615,48.1396931
1428,11.5851646,48.1384547
1429,11.5507791,48.1447169
1430,11.5712437,48.1405321
1431,11.5889020,48.1299999
1432,11.5614267,48.1342222
1433,11.5643356,48.1457669
1434,11.5640725,48.1457963
1435,11.5646197,48.1462872
1436,11.5644072,48.1463707
1437,11.5645326,48.1458065
1438,11.5647387,48.1461539
1439,11.5642645,48.1463949
1440,11.5639346,48.1458504
1441,11.5636837,48.1462208
1442,11.5636530,48.1462585
1443,11.5639312,48.1462730
1444,11.5638290,48.1460561
1445,11.5877641,48.1350112
1446,11.5864868,48.1370393
1447,11.5869702,48.1391292
1448,11.5698394,48.1445153
1449,11.5694718,48.1442404
1450,11.5684885,48.1448808
1451,11.5694535,48.1451328
1452,11.5688711,48.1443863
1453,11.5688611,48.1442367
1454,11.5690486,48.1443368
1455,11.5689315,48.1442615
1456,11.5690201,48.1442909
1457,11.5688014,48.1444287
1458,11.5694546,48.1449868
1459,11.5692805,48.1450356
1460,11.5696973,48.1446531
1461,11.5696859,48.1447667
1462,11.5696217,48.1448721
1463,11.5691702,48.1450442
1464,11.5688519,48.1449777
1465,11.5686449,48.1447644
1466,11.5694902,48.1444027
1467,11.5691887,48.1443289
1468,11.5696889,48.1446151
1469,11.5697510,48.1444859
1470,11.5697903,48.1445548
1471,11.5687138,48.1448815
1472,11.5685730,48.1448935
1473,11.5685689,48.1447985
1474,11.5687150,48.1445028
1475,11.5980926,48.1323201
1476,11.5980378,48.1329713
1477,11.5504182,48.1432445
1478,11.5528729,48.1427111
1479,11.5540380,48.1424847
1480,11.5637050,48.1380733
1481,11.5842548,48.1439014
1482,11.5843138,48.1439212
1483,11.5832986,48.1445071
1484,11.5795259,48.1200122
1485,11.5876871,48.1278084
1486,11.5728328,48.1436573
1487,11.5490312,48.1363088
1488,11.5699566,48.1459141
1489,11.5674950,48.1515107
1490,11.5744040,48.1449316
1491,11.5548801,48.1423191
1492,11.5819778,48.1413803
1493,11.5515735,48.1354658
1494,11.5767017,48.1206570
1495,11.5524056,48.1285388
1496,11.5534462,48.1301690
1497,11.5537084,48.1320119
1498,11.5504517,48.1360381
1499,11.5491111,48.1361688
1500,11.5860080,48.1281699
1501,11.5595198,48.1413540
1502,11.5877424,48.1310805
1503,11.5595804,48.1414804
1504,11.5655100,48.1397972
1505,11.5606844,48.1340593
1506,11.5651749,48.1394205
1507,11.5652485,48.1395365
1508,11.5669226,48.1404216
1509,11.5653172,48.1260049
1510,11.5682139,48.1419716
1511,11.5623747,48.1385402
1512,11.5637581,48.1384165
1513,11.5649032,48.1383314
1514,11.5585833,48.1415536
1515,11.5594837,48.1413619
1516,11.5802567,48.1320506
1517,11.5801992,48.1322482
1518,11.5653426,48.1295509
1519,11.5510287,48.1390159
1520,11.5510248,48.1394014
1521,11.5511722,48.1398354
1522,11.5514014,48.1403085
1523,11.5714335,48.1413403
1524,11.6000964,48.1407121
1525,11.5681823,48.1408882
1526,11.5559564,48.1389949
1527,11.5713244,48.1377500
1528,11.5756832,48.1318115
1529,11.5680161,48.1340016
1530,11.5680983,48.1357981
1531,11.5667830,48.1365591
1532,11.5684926,48.1362719
1533,11.5689765,48.1375368
1534,11.5711688,48.1373768
1535,11.5758900,48.1393001
1536,11.5665336,48.1333132
1537,11.5756223,48.1346886
1538,11.5749574,48.1351226
1539,11.5746966,48.1455524
1540,11.5746503,48.1455133
1541,11.5748829,48.1454286
1542,11.5673850,48.1347368
1543,11.5669228,48.1349009
1544,11.5711423,48.1348525
1545,11.5657779,48.1350114
1546,11.5668728,48.1350502
1547,11.5655130,48.1354230
1548,11.5652802,48.1352565
1549,11.5665064,48.1357746
1550,11.5663705,48.1362028
1551,11.5666132,48.1369336
1552,11.5659584,48.1366831
1553,11.5725068,48.1370196
1554,11.5727418,48.1368448
1555,11.5747444,48.1362556
1556,11.5679035,48.1330287
1557,11.5666406,48.1355207
1558,11.5670689,48.1355640
1559,11.5668106,48.1360542
1560,11.5745442,48.1353246
1561,11.5737896,48.1355193
1562,11.5705859,48.1359401
1563,11.5657447,48.1345011
1564,11.5660287,48.1342594
1565,11.5646008,48.1366445
1566,11.5653638,48.1392195
1567,11.5654610,48.1391369
1568,11.5689991,48.1411846
1569,11.5666006,48.1375046
1570,11.5732811,48.1356858
1571,11.5747471,48.1347899
1572,11.5744865,48.1345670
1573,11.5755320,48.1346959
1574,11.5760810,48.1344932
1575,11.5737824,48.1341116
1576,11.5784988,48.1344886
1577,11.5815889,48.1337201
1578,11.5815365,48.1334323
1579,11.5601133,48.1383896
1580,11.5601909,48.1411869
1581,11.5609371,48.1399550
1582,11.5746381,48.1338230
1583,11.5821519,48.1351765
1584,11.5825664,48.1344416
1585,11.5828648,48.1351206
1586,11.5847045,48.1391819
1587,11.5846743,48.1392846
1588,11.5848618,48.1392584
1589,11.5848462,48.1388795
1590,11.5843156,48.1441349
1591,11.5831356,48.1410151
1592,11.5829803,48.1409743
1593,11.5836595,48.1438372
1594,11.5905080,48.1426613
1595,11.5844408,48.1380801
1596,11.5696694,48.1528766
1597,11.5667976,48.1504102
1598,11.5654467,48.1483265
1599,11.5847125,48.1391346
1600,11.5842835,48.1399841
1601,11.5840488,48.1397663
1602,11.5832298,48.1408281
1603,11.5588980,48.1475568
1604,11.5560689,48.1420676
1605,11.5560640,48.1420472
1606,11.5562056,48.1420307
1607,11.5952889,48.1263432
1608,11.5728736,48.1354897
1609,11.5707066,48.1544672
1610,11.5510246,48.1455871
1611,11.5983384,48.1410332
1612,11.5984419,48.1411245
1613,11.5985928,48.1409395
1614,11.5986533,48.1410470
1615,11.5756309,48.1538165
1616,11.5860722,48.1216082
1617,11.5859946,48.1217512
1618,11.5984607,48.1438661
1619,11.5899253,48.1413097
1620,11.5818195,48.1522926
1621,11.5815025,48.1513509
1622,11.5948227,48.1417808
1623,11.5945187,48.1419637
1624,11.5944286,48.1417497
1625,11.5828223,48.1541095
1626,11.5813841,48.1511019
1627,11.5809401,48.1501595
1628,11.5804052,48.1490233
1629,11.5793960,48.1468688
1630,11.5790193,48.1460508
1631,11.5787070,48.1453949
1632,11.5780127,48.1438748
1633,11.5777533,48.1433320
1634,11.5784938,48.1442480
1635,11.5789575,48.1452441
1636,11.5789993,48.1453344
1637,11.5793221,48.1460150
1638,11.5812447,48.1500972
1639,11.5816952,48.1510325
1640,11.5823695,48.1521918
1641,11.5831961,48.1542896
1642,11.5645882,48.1285107
1643,11.5689402,48.1218902
1644,11.5688619,48.1219373
1645,11.5660132,48.1516509
1646,11.5656457,48.1510496
1647,11.5946942,48.1338005
1648,11.5948648,48.1330537
1649,11.5816798,48.1448336
1650,11.5858457,48.1434177
1651,11.5872357,48.1431843
1652,11.5645948,48.1510294
1653,11.5533845,48.1437156
1654,11.5708494,48.1203080
1655,11.5713568,48.1200732
1656,11.5803406,48.1213124
1657,11.5765365,48.1206315
1658,11.5971611,48.1380498
1659,11.5961913,48.1359326
1660,11.5904250,48.1424764
1661,11.5946471,48.1418162
1662,11.5948037,48.1480876
1663,11.5885337,48.1418078
1664,11.5889632,48.1411115
1665,11.5966920,48.1368339
1666,11.5973325,48.1382644
1667,11.5810387,48.1411182
1668,11.5810313,48.1411003
1669,11.5850923,48.1260415
1670,11.5855335,48.1258962
1671,11.5931535,48.1365172
1672,11.5916780,48.1318610
1673,11.5981307,48.1366777
1674,11.5984305,48.1373162
1675,11.5966371,48.1365502
1676,11.5980232,48.1364037
1677,11.5974880,48.1337843
1678,11.5547366,48.1438234
1679,11.5541682,48.1427540
1680,11.5545176,48.1433903
1681,11.5727558,48.1487332
1682,11.5933496,48.1467703
1683,11.5884587,48.1429394
1684,11.5884805,48.1425918
1685,11.5886167,48.1418008
1686,11.5887922,48.1412869
1687,11.5885885,48.1401200
1688,11.5886679,48.1394512
1689,11.5883949,48.1383233
1690,11.5890933,48.1393020
1691,11.5887144,48.1390800
1692,11.5889865,48.1373904
1693,11.5884738,48.1375762
1694,11.5881240,48.1376927
1695,11.5877458,48.1377167
1696,11.5879395,48.1372653
1697,11.5872513,48.1376771
1698,11.5878899,48.1379218
1699,11.5886282,48.1395361
1700,11.5889482,48.1315866
1701,11.5875730,48.1239021
1702,11.5869030,48.1429283
1703,11.5863399,48.1421963
1704,11.5873598,48.1419642
1705,11.5867641,48.1420580
1706,11.5587346,48.1416867
1707,11.5623554,48.1363344
1708,11.5624879,48.1374042
1709,11.5736836,48.1400692
1710,11.5723754,48.1437796
1711,11.5582223,48.1502623
1712,11.5496644,48.1387370
1713,11.5954703,48.1476110
1714,11.5957375,48.1477938
1715,11.5646114,48.1218080
1716,11.5652717,48.1392629
1717,11.6001383,48.1407682
1718,11.5820142,48.1347036
1719,11.5820994,48.1346563
1720,11.5815180,48.1349733
1721,11.5812815,48.1347501
1722,11.5809922,48.1345934
1723,11.5826203,48.1351932
1724,11.5825234,48.1345204
1725,11.5809105,48.1347078
1726,11.5812209,48.1346110
1727,11.5816953,48.1353418
1728,11.5820537,48.1352360
1729,11.5759756,48.1313518
1730,11.5756329,48.1314687
1731,11.5808829,48.1365820
1732,11.5959454,48.1479857
1733,11.5926141,48.1265264
1734,11.5743711,48.1456201
1735,11.5745021,48.1452738
1736,11.5508994,48.1430560
1737,11.5526272,48.1426815
1738,11.5829912,48.1339540
1739,11.5834704,48.1340835
1740,11.5850684,48.1343232
1741,11.5852714,48.1343536
1742,11.5860887,48.1345126
1743,11.5858898,48.1344458
1744,11.5866010,48.1350367
1745,11.5872502,48.1357188
1746,11.5873275,48.1358319
1747,11.5877992,48.1369488
1748,11.5886041,48.1394493
1749,11.5896543,48.1316718
1750,11.5905764,48.1323043
1751,11.5958382,48.1347111
1752,11.5961304,48.1335805
1753,11.5960733,48.1334024
1754,11.5963187,48.1338417
1755,11.5963130,48.1339636
1756,11.5969435,48.1342972
1757,11.5978262,48.1352549
1758,11.5788256,48.1452336
1759,11.5748411,48.1454084
1760,11.5613085,48.1394056
1761,11.5612042,48.1390682
1762,11.5895379,48.1379840
1763,11.5753592,48.1430764
1764,11.5815513,48.1512076
1765,11.5572964,48.1418214
1766,11.5584516,48.1314703
1767,11.5581181,48.1329594
1768,11.5580515,48.1328198
1769,11.5581047,48.1326646
1770,11.5583302,48.1325295
1771,11.5583927,48.1331085
1772,11.5819742,48.1349229
1773,11.5653678,48.1335790
1774,11.5752198,48.1352869
1775,11.5832377,48.1346153
1776,11.5833115,48.1347018
1777,11.5834016,48.1347345
1778,11.5834567,48.1349266
1779,11.5664931,48.1480323
1780,11.5677214,48.1501545
1781,11.5675944,48.1501923
1782,11.5682397,48.1500031
1783,11.5687554,48.1498567
1784,11.5685394,48.1499184
1785,11.5735721,48.1434527
1786,11.5759107,48.1429535
1787,11.5706818,48.1470343
1788,11.5712612,48.1479233
1789,11.5694435,48.1498272
1790,11.5704260,48.1493871
1791,11.5708299,48.1492737
1792,11.5713237,48.1504275
1793,11.5732752,48.1510312
1794,11.5637388,48.1457151
1795,11.5640055,48.1458183
1796,11.5637824,48.1457935
1797,11.5640953,48.1463615
1798,11.5643161,48.1465973
1799,11.5663199,48.1449712
1800,11.5666032,48.1454126
1801,11.5666447,48.1454769
1802,11.5669072,48.1458845
1803,11.5670103,48.1460447
1804,11.5672326,48.1463898
1805,11.5675285,48.1468492
1806,11.5736386,48.1434292
1807,11.5610301,48.1393430
1808,11.5624738,48.1393465
1809,11.5688056,48.1219784
1810,11.5670477,48.1407683
1811,11.5714344,48.1481890
1812,11.5726465,48.1500583
1813,11.5697464,48.1407777
1814,11.5882028,48.1378742
1815,11.5978922,48.1356748
1816,11.5991028,48.1355673
1817,11.5952830,48.1486855
1818,11.5827526,48.1338748
1819,11.5887265,48.1430317
1820,11.5836778,48.1264925
1821,11.5833832,48.1264471
1822,11.5847174,48.1260086
1823,11.5819303,48.1250919
1824,11.5846682,48.1261793
1825,11.5842734,48.1254172
1826,11.5835055,48.1243944
1827,11.5819508,48.1249361
1828,11.5675491,48.1502053
1829,11.5694962,48.1509303
1830,11.5940035,48.1285965
1831,11.5975974,48.1323107
1832,11.5990887,48.1355021
1833,11.5964415,48.1360391
1834,11.5963543,48.1358725
1835,11.5776833,48.1455003
1836,11.5786582,48.1453064
1837,11.5788645,48.1453184
1838,11.5776153,48.1456275
1839,11.5681269,48.1544050
1840,11.5683122,48.1548233
1841,11.5682576,48.1546289
1842,11.5822249,48.1197312
1843,11.5820548,48.1213405
1844,11.5824436,48.1219968
1845,11.5634003,48.1451861
1846,11.5497378,48.1375515
1847,11.5804140,48.1214884
1848,11.5828828,48.1245143
1849,11.5855947,48.1258760
1850,11.5863502,48.1259392
1851,11.5853661,48.1275119
1852,11.5864826,48.1288331
1853,11.5868002,48.1287123
1854,11.5698272,48.1211224
1855,11.5636197,48.1455203
1856,11.5808785,48.1245901
1857,11.5801179,48.1253141
1858,11.5836474,48.1266040
1859,11.5681912,48.1525606
1860,11.5683799,48.1528395
1861,11.5685374,48.1530784
1862,11.5679881,48.1533687
1863,11.5681818,48.1533112
1864,11.5650091,48.1222199
1865,11.5668542,48.1258689
1866,11.5669117,48.1260606
1867,11.5661375,48.1267156
1868,11.5666670,48.1272484
1869,11.5672535,48.1281844
1870,11.5680929,48.1288939
1871,11.5678225,48.1282798
1872,11.5648208,48.1378850
1873,11.5653384,48.1378483
1874,11.5676181,48.1229842
1875,11.5642070,48.1214108
1876,11.5598879,48.1438941
1877,11.5611530,48.1446383
1878,11.5772607,48.1365454
1879,11.5774487,48.1364425
1880,11.5785697,48.1370568
1881,11.5662023,48.1232769
1882,11.5660297,48.1231706
1883,11.5657764,48.1229848
1884,11.5650911,48.1226707
1885,11.5650837,48.1228183
1886,11.5782716,48.1522896
1887,11.5860034,48.1257670
1888,11.6004568,48.1341171
1889,11.5761724,48.1550193
1890,11.6005447,48.1357178
1891,11.5990336,48.1357040
1892,11.5980528,48.1364997
1893,11.5658243,48.1513326
1894,11.5749441,48.1352999
1895,11.5749022,48.1431433
1896,11.5753982,48.1445267
1897,11.5756003,48.1459196
1898,11.5672270,48.1478252
1899,11.5669589,48.1323410
1900,11.5670412,48.1323276
1901,11.5752731,48.1322449
1902,11.5705644,48.1414358
1903,11.5712443,48.1417580
1904,11.5719860,48.1418690
1905,11.5710432,48.1422282
1906,11.5706103,48.1420871
1907,11.5727448,48.1427709
1908,11.5730588,48.1422039
1909,11.5733017,48.1431534
1910,11.5724367,48.1426771
1911,11.5718517,48.1404169
1912,11.5730970,48.1355951
1913,11.5726188,48.1353716
1914,11.5726886,48.1354000
1915,11.5789383,48.1219444
1916,11.5677129,48.1351165
1917,11.5669197,48.1358492
1918,11.5609968,48.1403671
1919,11.5610435,48.1408495
1920,11.5639442,48.1384023
1921,11.5678230,48.1353228
1922,11.5643007,48.1393404
1923,11.5809614,48.1243281
1924,11.5812639,48.1244212
1925,11.5813366,48.1241770
1926,11.5815249,48.1237063
1927,11.5820307,48.1230332
1928,11.5810237,48.1242466
1929,11.5805952,48.1246360
1930,11.5809535,48.1241943
1931,11.5811099,48.1244270
1932,11.5821408,48.1230379
1933,11.5802297,48.1250144
1934,11.5809008,48.1242903
1935,11.5817666,48.1233855
1936,11.5563523,48.1423054
1937,11.5564775,48.1425277
1938,11.5586351,48.1389876
1939,11.5759681,48.1478303
1940,11.5686743,48.1498794
1941,11.5577827,48.1259715
1942,11.5578660,48.1260336
1943,11.5584176,48.1265744
1944,11.5591677,48.1414312
1945,11.5605328,48.1412856
1946,11.5604586,48.1411229
1947,11.5605603,48.1412172
1948,11.5605436,48.1411933
1949,11.5745000,48.1482430
1950,11.5732801,48.1462067
1951,11.5547276,48.1423527
1952,11.5778705,48.1430953
1953,11.5713301,48.1491333
1954,11.6006313,48.1406025
1955,11.5790598,48.1457586
1956,11.5645168,48.1468979
1957,11.5936828,48.1420027
1958,11.5776959,48.1429595
1959,11.5878202,48.1432116
1960,11.5763626,48.1477122
1961,11.5617151,48.1425033
1962,11.5754887,48.1454057
1963,11.5662011,48.1481146
1964,11.5709776,48.1467733
1965,11.5893111,48.1429026
1966,11.5540608,48.1425278
1967,11.5528855,48.1427398
1968,11.5504390,48.1432860
1969,11.5653095,48.1457741
1970,11.5564988,48.1457058
1971,11.5531031,48.1449983
1972,11.5530565,48.1449357
1973,11.5550306,48.1443812
1974,11.5554074,48.1441787
1975,11.5521887,48.1428538
1976,11.5502234,48.1389953
1977,11.5642517,48.1426711
1978,11.5650906,48.1424310
1979,11.5506924,48.1442240
1980,11.5504961,48.1434467
1981,11.5761781,48.1412054
1982,11.5788997,48.1453957
1983,11.5806704,48.1256857
1984,11.5591418,48.1475092
1985,11.5584692,48.1502578
1986,11.5580572,48.1510091
1987,11.5589699,48.1468330
1988,11.5577106,48.1508304
1989,11.5580015,48.1502464
1990,11.5586308,48.1476022
1991,11.5557955,48.1481766
1992,11.5556434,48.1479802
1993,11.5584393,48.1465258
1994,11.5495569,48.1375536
1995,11.5499064,48.1375505
1996,11.5891186,48.1372791
1997,11.5573993,48.1391034
1998,11.5510278,48.1390782
1999,11.5559541,48.1390988
2000,11.5496112,48.1387913
2001,11.5672766,48.1230636
2002,11.5617748,48.1250276
2003,11.5586417,48.1391121
2004,11.5516576,48.1389760
2005,11.5726245,48.1451524
2006,11.5590116,48.1476746
2007,11.5587850,48.1477066
2008,11.5587149,48.1474464
2009,11.5752964,48.1194293
2010,11.5753947,48.1195614
2011,11.5725057,48.1207154
2012,11.5714982,48.1211384
2013,11.5737364,48.1200619
2014,11.5692111,48.1216852
2015,11.5713325,48.1210386
2016,11.5724267,48.1205986
2017,11.5630630,48.1415279
2018,11.5503752,48.1431584
2019,11.5549605,48.1442641
2020,11.5559629,48.1441370
2021,11.5731158,48.1402386
2022,11.5885094,48.1398418
2023,11.5882533,48.1394522
2024,11.5882201,48.1287617
2025,11.5808285,48.1502103
2026,11.5812327,48.1511026
2027,11.5492164,48.1446474
2028,11.5584428,48.1301521
2029,11.5584493,48.1299855
2030,11.5821828,48.1521857
2031,11.5820360,48.1525337
2032,11.5823677,48.1524715
2033,11.5822341,48.1525353
2034,11.5820952,48.1525435
2035,11.5741992,48.1483280
2036,11.5665652,48.1401066
2037,11.5880227,48.1402540
2038,11.5880654,48.1402122
2039,11.5880506,48.1401830
2040,11.5866249,48.1402444
2041,11.5869942,48.1397691
2042,11.5669273,48.1275221
2043,11.5667477,48.1273312
2044,11.5662330,48.1308285
2045,11.5699764,48.1507970
2046,11.5652324,48.1434621
2047,11.5711464,48.1524721
2048,11.5706206,48.1517749
2049,11.5725514,48.1547618
2050,11.5679372,48.1476271
2051,11.5720787,48.1540723
2052,11.5666830,48.1453899
2053,11.5701289,48.1507610
2054,11.5707824,48.1517303
2055,11.5712376,48.1524487
2056,11.5654124,48.1434054
2057,11.5722546,48.1540206
2058,11.5727046,48.1547158
2059,11.5750522,48.1488715
2060,11.5739643,48.1277597
2061,11.5752203,48.1281751
2062,11.5869919,48.1357954
2063,11.5793051,48.1361953
2064,11.5566788,48.1420789
2065,11.5566619,48.1419606
2066,11.5717383,48.1532295
2067,11.5710664,48.1524926
2068,11.5693512,48.1496887
2069,11.5665083,48.1454396
2070,11.5680967,48.1475801
2071,11.5715728,48.1529782
2072,11.5719063,48.1534986
2073,11.5774173,48.1487321
2074,11.5769893,48.1480741
2075,11.5696590,48.1445497
2076,11.5754566,48.1551336
2077,11.5752536,48.1551804
2078,11.5753930,48.1543252
2079,11.5806505,48.1448697
2080,11.5807011,48.1449834
2081,11.5808349,48.1448314
2082,11.5809136,48.1449410
2083,11.5584695,48.1466244
2084,11.5579549,48.1456912
2085,11.5567853,48.1435275
2086,11.5569805,48.1438606
2087,11.5595305,48.1452165
2088,11.5598010,48.1442211
2089,11.5594493,48.1474319
2090,11.5585014,48.1467564
2091,11.6000520,48.1406525
2092,11.6014311,48.1405412
2093,11.5985033,48.1408974
2094,11.6014408,48.1403433
2095,11.5540357,48.1423677
2096,11.5526643,48.1427536
2097,11.5504053,48.1432185
2098,11.5503894,48.1431865
2099,11.5540043,48.1424178
2100,11.5540183,48.1424450
2101,11.5509183,48.1431214
2102,11.5947898,48.1425737
2103,11.5858943,48.1434788
2104,11.5987739,48.1410166
2105,11.5885107,48.1422877
2106,11.5950224,48.1433232
2107,11.5971598,48.1418206
2108,11.5973793,48.1413665
2109,11.5827441,48.1444576
2110,11.5746585,48.1456723
2111,11.5823774,48.1445778
2112,11.5749448,48.1455169
2113,11.5743102,48.1447585
2114,11.5744035,48.1456371
2115,11.5731902,48.1459198
2116,11.5740357,48.1458164
2117,11.5746869,48.1452914
2118,11.5763633,48.1458128
2119,11.5773559,48.1457196
2120,11.5749895,48.1456278
2121,11.5745440,48.1456930
2122,11.5830636,48.1445059
2123,11.5528299,48.1426281
2124,11.5528430,48.1426514
2125,11.5528573,48.1426812
2126,11.5589781,48.1466055
2127,11.5590985,48.1467344
2128,11.5585752,48.1466383
2129,11.5587060,48.1466072
2130,11.5588741,48.1466143
2131,11.5585487,48.1464144
2132,11.5590518,48.1465808
2133,11.5591151,48.1465476
2134,11.5586365,48.1466156
2135,11.5585363,48.1466671
2136,11.5587621,48.1466041
2137,11.5588345,48.1466096
2138,11.5753110,48.1554012
2139,11.5808635,48.1496233
2140,11.5492488,48.1388844
2141,11.5854259,48.1284587
2142,11.5851878,48.1282969
2143,11.5876352,48.1312334
2144,11.5982925,48.1346537
2145,11.6015231,48.1332541
2146,11.6002259,48.1322913
2147,11.5994684,48.1309293
2148,11.5976164,48.1319031
2149,11.5997817,48.1323517
2150,11.5996332,48.1309953
2151,11.6017643,48.1336466
2152,11.6011093,48.1318335
2153,11.5971579,48.1341516
2154,11.5994344,48.1323611
2155,11.5977147,48.1341078
2156,11.6011993,48.1319073
2157,11.6000136,48.1309001
2158,11.5846528,48.1323660
2159,11.5822092,48.1345683
2160,11.5897578,48.1309823
2161,11.5913964,48.1302024
2162,11.5929051,48.1293512
2163,11.5831179,48.1354911
2164,11.5963503,48.1311532
2165,11.5927622,48.1292911
2166,11.5858021,48.1318716
2167,11.5892274,48.1317239
2168,11.5842626,48.1318408
2169,11.5961357,48.1311712
2170,11.5828264,48.1340380
2171,11.5941033,48.1410064
2172,11.5962061,48.1480665
2173,11.5898530,48.1375495
2174,11.5927044,48.1390941
2175,11.5856719,48.1329869
2176,11.5852486,48.1341440
2177,11.5944118,48.1465206
2178,11.5955524,48.1482901
2179,11.5850404,48.1340157
2180,11.5945281,48.1464943
2181,11.5890050,48.1370321
2182,11.6017653,48.1420539
2183,11.5569531,48.1434869
2184,11.5588022,48.1478814
2185,11.5582613,48.1505634
2186,11.5582729,48.1498164
2187,11.5587381,48.1502147
2188,11.5580904,48.1503398
2189,11.5629771,48.1465524
2190,11.5578891,48.1509302
2191,11.5577216,48.1509597
2192,11.5583340,48.1503725
2193,11.5567084,48.1436906
2194,11.5578583,48.1509155
2195,11.5615431,48.1469823
2196,11.5577643,48.1456353
2197,11.5567888,48.1437963
2198,11.5588613,48.1475625
2199,11.5571519,48.1438062
2200,11.5579432,48.1506423
2201,11.5575588,48.1478078
2202,11.5573304,48.1503625
2203,11.5614165,48.1467744
2204,11.5573669,48.1502630
2205,11.5592823,48.1488972
2206,11.5575040,48.1502068
2207,11.5559507,48.1421170
2208,11.5572995,48.1504596
2209,11.5578554,48.1507934
2210,11.5583776,48.1501376
2211,11.5590176,48.1473822
2212,11.5638660,48.1459190
2213,11.5581631,48.1501433
2214,11.5573984,48.1502367
2215,11.5563695,48.1491384
2216,11.5590401,48.1501339
2217,11.5580585,48.1508802
2218,11.5578844,48.1510513
2219,11.5559326,48.1420145
2220,11.5819181,48.1523665
2221,11.5820578,48.1521880
2222,11.5795009,48.1467106
2223,11.5806022,48.1490647
2224,11.5796018,48.1469258
2225,11.5805219,48.1488930
2226,11.6015493,48.1356705
2227,11.5991772,48.1355662
2228,11.5990291,48.1355688
2229,11.5960034,48.1359643
2230,11.5963880,48.1359368
2231,11.5978879,48.1357848
2232,11.5880262,48.1374461
2233,11.5841972,48.1370876
2234,11.5846750,48.1384051
2235,11.5846254,48.1393765
2236,11.5844995,48.1384367
2237,11.5847259,48.1394143
2238,11.5821216,48.1520693
2239,11.5581576,48.1432747
2240,11.5702493,48.1363861
2241,11.5709364,48.1369581
2242,11.5600611,48.1378755
2243,11.5575745,48.1303037
2244,11.5964978,48.1287079
2245,11.5912561,48.1320430
2246,11.5861543,48.1317581
2247,11.5679257,48.1543270
2248,11.5550719,48.1279650
2249,11.5569743,48.1288633
2250,11.5602180,48.1288697
2251,11.5584115,48.1280386
2252,11.5706653,48.1323929
2253,11.5668824,48.1365627
2254,11.5703202,48.1316943
2255,11.5690724,48.1361502
2256,11.5612654,48.1413953
2257,11.5603842,48.1421246
2258,11.5611847,48.1414000
2259,11.5613364,48.1413728
2260,11.5611455,48.1413990
2261,11.5722897,48.1268011
2262,11.5587986,48.1291016
2263,11.5932147,48.1363908
2264,11.5982070,48.1345302
2265,11.5980914,48.1357246
2266,11.6001528,48.1356999
2267,11.5981095,48.1355941
2268,11.5630010,48.1305961
2269,11.5624752,48.1311997
2270,11.5679070,48.1322374
2271,11.5674515,48.1317536
2272,11.5622819,48.1296090
2273,11.5624782,48.1305744
2274,11.5625056,48.1308576
2275,11.5626096,48.1304168
2276,11.5625281,48.1310447
2277,11.5657423,48.1339080
2278,11.5557978,48.1327189
2279,11.5501676,48.1362649
2280,11.5555636,48.1345493
2281,11.5555640,48.1349158
2282,11.5480537,48.1384237
2283,11.5489660,48.1390266
2284,11.5498469,48.1390008
2285,11.5498460,48.1389520
2286,11.5500034,48.1389985
2287,11.5497514,48.1390026
2288,11.5498451,48.1388993
2289,11.5498126,48.1376740
2290,11.5498467,48.1389893
2291,11.5498462,48.1389624
2292,11.5579865,48.1392893
2293,11.5607452,48.1394097
2294,11.5563180,48.1419785
2295,11.5608341,48.1395141
2296,11.5586439,48.1391850
2297,11.5575159,48.1391636
2298,11.5603261,48.1393551
2299,11.5602105,48.1392246
2300,11.5577279,48.1392568
2301,11.5563499,48.1420988
2302,11.5609228,48.1394370
2303,11.5560729,48.1391438
2304,11.5596269,48.1392055
2305,11.5588057,48.1393224
2306,11.5599021,48.1393475
2307,11.5586465,48.1393258
2308,11.5612992,48.1408920
2309,11.5573976,48.1392307
2310,11.5675781,48.1348359
2311,11.5684389,48.1363248
2312,11.5683570,48.1362636
2313,11.5935220,48.1321926
2314,11.5960729,48.1334659
2315,11.5935515,48.1323497
2316,11.5853824,48.1353793
2317,11.5846646,48.1353112
2318,11.5861125,48.1353515
2319,11.5864664,48.1350892
2320,11.5860137,48.1353357
2321,11.5847089,48.1354101
2322,11.5861244,48.1352903
2323,11.5851346,48.1353855
2324,11.5624957,48.1406457
2325,11.5654329,48.1397356
2326,11.5613137,48.1410561
2327,11.5636385,48.1339721
2328,11.5635271,48.1342722
2329,11.5663580,48.1378959
2330,11.5659309,48.1366624
2331,11.5653610,48.1366762
2332,11.5659459,48.1366026
2333,11.5600400,48.1509904
2334,11.5821637,48.1525427
2335,11.5819847,48.1522156
2336,11.5676724,48.1350400
2337,11.5673128,48.1350557
2338,11.5863871,48.1303412
2339,11.5871151,48.1287714
2340,11.5871643,48.1290905
2341,11.5607861,48.1410489
2342,11.5562144,48.1420518
2343,11.5886197,48.1374004
2344,11.5886994,48.1373969
2345,11.5886578,48.1375149
2346,11.5890647,48.1367483
2347,11.5889294,48.1365719
2348,11.5878631,48.1386363
2349,11.5780856,48.1372408
2350,11.5773848,48.1367523
2351,11.5763559,48.1318146
2352,11.5760462,48.1331843
2353,11.5798019,48.1251151
2354,11.5762641,48.1334878
2355,11.5611401,48.1413700
2356,11.5615912,48.1400871
2357,11.5582748,48.1421860
2358,11.5580880,48.1418008
2359,11.5588309,48.1416697
2360,11.5760533,48.1336580
2361,11.5794661,48.1338154
2362,11.5783277,48.1366413
2363,11.5799589,48.1287114
2364,11.5652018,48.1225326
2365,11.5656817,48.1229020
2366,11.5651302,48.1226131
2367,11.5655358,48.1227547
2368,11.5640514,48.1438061
2369,11.5639213,48.1427686
2370,11.5626701,48.1224905
2371,11.5757345,48.1531624
2372,11.5531360,48.1340481
2373,11.5498287,48.1360518
2374,11.5485047,48.1376580
2375,11.5495273,48.1367877
2376,11.5497623,48.1370046
2377,11.5496123,48.1366547
2378,11.5494227,48.1366236
2379,11.5535116,48.1335950
2380,11.5748103,48.1342655
2381,11.5575263,48.1304440
2382,11.5712712,48.1373397
2383,11.5995682,48.1306971
2384,11.5584169,48.1464804
2385,11.5564154,48.1421526
2386,11.5563125,48.1422380
2387,11.5565192,48.1420856
2388,11.5647110,48.1240998
2389,11.5652575,48.1239229
2390,11.5638283,48.1244750
2391,11.5644774,48.1216623
2392,11.5646424,48.1241221
2393,11.5651140,48.1229025
2394,11.5690533,48.1218327
2395,11.5704078,48.1205153
2396,11.5728736,48.1194721
2397,11.5713599,48.1192019
2398,11.5711045,48.1201775
2399,11.5639795,48.1276850
2400,11.5633497,48.1286365
2401,11.5635336,48.1289492
2402,11.5489160,48.1383596
2403,11.5533049,48.1351901
2404,11.5535677,48.1351785
2405,11.5658581,48.1251431
2406,11.5662217,48.1254365
2407,11.5656961,48.1248434
2408,11.5663984,48.1255543
2409,11.5643680,48.1513229
2410,11.5630612,48.1440955
2411,11.5624412,48.1442744
2412,11.5773021,48.1194146
2413,11.5763260,48.1207403
2414,11.5586465,48.1291022
2415,11.5530890,48.1375191
2416,11.5532265,48.1366186
2417,11.5680895,48.1293417
2418,11.5699086,48.1298513
2419,11.5699373,48.1263479
2420,11.5681688,48.1289446
2421,11.5705195,48.1283097
2422,11.5698486,48.1262880
2423,11.5679204,48.1315841
2424,11.5704402,48.1283114
2425,11.5689632,48.1309297
2426,11.5697185,48.1285356
2427,11.5692732,48.1279138
2428,11.5706097,48.1283368
2429,11.5680795,48.1250611
2430,11.5798974,48.1339532
2431,11.5801160,48.1214178
2432,11.5532542,48.1374270
2433,11.5498102,48.1367441
2434,11.5493117,48.1361078
2435,11.5882225,48.1252896
2436,11.5874168,48.1255306
2437,11.5831466,48.1266859
2438,11.5818525,48.1272993
2439,11.5826195,48.1268935
2440,11.5811236,48.1277473
2441,11.5753948,48.1282614
2442,11.5759977,48.1283197
2443,11.5731377,48.1301550
2444,11.5658465,48.1400504
2445,11.5650252,48.1390098
2446,11.5613789,48.1410004
2447,11.5563645,48.1421882
2448,11.5614772,48.1421797
2449,11.5594403,48.1427471
2450,11.5602124,48.1426740
2451,11.5602750,48.1424483
2452,11.5605467,48.1423876
2453,11.5816089,48.1238195
2454,11.5815435,48.1247270
2455,11.5782138,48.1301433
2456,11.5710111,48.1347640
2457,11.5709555,48.1347250
2458,11.5764186,48.1204198
2459,11.5613116,48.1412070
2460,11.5612245,48.1411060
2461,11.5754612,48.1283023
2462,11.5671599,48.1409251
2463,11.5670574,48.1407938
2464,11.5666104,48.1405794
2465,11.5858460,48.1214972
2466,11.5902378,48.1227467
2467,11.5796282,48.1346895
2468,11.5804424,48.1349752
2469,11.5794686,48.1345328
2470,11.5779447,48.1344440
2471,11.5795768,48.1338861
2472,11.5806517,48.1349804
2473,11.5893642,48.1378102
2474,11.5805095,48.1347020
2475,11.5629998,48.1363315
2476,11.5735724,48.1398517
2477,11.5729157,48.1399818
2478,11.5716063,48.1403981
2479,11.5713808,48.1404932
2480,11.5716780,48.1405012
2481,11.5646432,48.1369799
2482,11.5632837,48.1373961
2483,11.5722327,48.1445517
2484,11.5720827,48.1418978
2485,11.5725256,48.1420273
2486,11.5874333,48.1531310
2487,11.5715280,48.1466175
2488,11.5652701,48.1366832
2489,11.5666323,48.1336660
2490,11.5645234,48.1363246
2491,11.5693216,48.1410321
2492,11.5678560,48.1404337
2493,11.5657916,48.1343124
2494,11.5668365,48.1333257
2495,11.5651303,48.1325938
2496,11.5672609,48.1325790
2497,11.5665642,48.1333244
2498,11.5647166,48.1373388
2499,11.5668921,48.1335196
2500,11.5673300,48.1336087
2501,11.5693720,48.1409712
2502,11.5688404,48.1337085
2503,11.5654491,48.1379076
2504,11.5670301,48.1406811
2505,11.5663785,48.1406956
2506,11.5647471,48.1380387
2507,11.5644072,48.1363252
2508,11.5659151,48.1396041
2509,11.5645848,48.1373923
2510,11.5660204,48.1331197
2511,11.5665230,48.1334047
2512,11.5652653,48.1373624
2513,11.5649914,48.1393277
2514,11.5668300,48.1330727
2515,11.5653210,48.1397696
2516,11.5664810,48.1333904
2517,11.5654634,48.1397624
2518,11.5675816,48.1335616
2519,11.5646261,48.1364225
2520,11.5661735,48.1415342
2521,11.5662458,48.1411875
2522,11.5995426,48.1307532
2523,11.5993353,48.1310734
2524,11.5993995,48.1310040
2525,11.5996167,48.1306533
2526,11.5995149,48.1308657
2527,11.5995676,48.1308522
2528,11.5994732,48.1310444
2529,11.5996963,48.1309419
2530,11.5993640,48.1310906
2531,11.5976105,48.1340072
2532,11.5973896,48.1331746
2533,11.5986550,48.1315414
2534,11.5976159,48.1323105
2535,11.5976795,48.1322223
2536,11.5975510,48.1323833
2537,11.5973379,48.1334375
2538,11.5978211,48.1320993
2539,11.5973085,48.1333031
2540,11.5975653,48.1323545
2541,11.5975693,48.1323103
2542,11.5964036,48.1359667
2543,11.6017387,48.1385903
2544,11.5891472,48.1373412
2545,11.5929479,48.1366179
2546,11.5891598,48.1373687
2547,11.5886364,48.1375220
2548,11.5889011,48.1374170
2549,11.5897435,48.1372526
2550,11.5929588,48.1366417
2551,11.5812718,48.1388552
2552,11.5846428,48.1382399
2553,11.5833020,48.1384669
2554,11.5801788,48.1390918
2555,11.5821651,48.1387124
2556,11.5812943,48.1388801
2557,11.5833088,48.1384945
2558,11.5817264,48.1387681
2559,11.5799342,48.1391096
2560,11.5867791,48.1378293
2561,11.5844705,48.1382721
2562,11.5844662,48.1382442
2563,11.5736779,48.1399295
2564,11.5736134,48.1398717
2565,11.5695326,48.1408952
2566,11.5696383,48.1407883
2567,11.5694412,48.1408107
2568,11.5696849,48.1408085
2569,11.5705448,48.1406607
2570,11.5624600,48.1405961
2571,11.5653457,48.1396514
2572,11.5612950,48.1408438
2573,11.5730953,48.1365578
2574,11.5609741,48.1394201
2575,11.5586452,48.1392432
2576,11.5586461,48.1392700
2577,11.5973534,48.1335117
2578,11.5721610,48.1405014
2579,11.5718863,48.1404703
2580,11.5718021,48.1403473
2581,11.5714504,48.1405106
2582,11.5719102,48.1402495
2583,11.5501467,48.1389964
2584,11.5588553,48.1391877
2585,11.5683653,48.1410016
2586,11.5650727,48.1391843
2587,11.5608331,48.1392686
2588,11.5624802,48.1393224
2589,11.5608826,48.1394629
2590,11.5650296,48.1374355
2591,11.5610571,48.1394182
2592,11.5618824,48.1393801
2593,11.5609059,48.1394210
2594,11.5651256,48.1393100
2595,11.5650706,48.1374432
2596,11.5651177,48.1374536
2597,11.5611213,48.1394160
2598,11.5610713,48.1393186
2599,11.5611142,48.1392640
2600,11.5665623,48.1405737
2601,11.5649946,48.1374293
2602,11.5662574,48.1406511
2603,11.5666729,48.1406534
2604,11.5655112,48.1390466
2605,11.5666257,48.1406530
2606,11.5652342,48.1392769
2607,11.5649101,48.1365108
2608,11.5648477,48.1364824
2609,11.5648841,48.1364986
2610,11.5676627,48.1414863
2611,11.5608966,48.1412167
2612,11.5689945,48.1410106
2613,11.5690355,48.1409713
2614,11.5691421,48.1410728
2615,11.5663703,48.1408298
2616,11.5669974,48.1405622
2617,11.5670214,48.1406373
2618,11.5650962,48.1392453
2619,11.5651952,48.1392899
2620,11.5611516,48.1410545
2621,11.5669688,48.1404979
2622,11.5613092,48.1409877
2623,11.5664374,48.1333742
2624,11.5661164,48.1341804
2625,11.5663322,48.1332369
2626,11.5660756,48.1342187
2627,11.5664873,48.1332956
2628,11.5664378,48.1332760
2629,11.5664047,48.1333617
2630,11.5663324,48.1333337
2631,11.5664539,48.1332827
2632,11.5659733,48.1343030
2633,11.5657070,48.1330722
2634,11.5661242,48.1332509
2635,11.5602855,48.1424936
2636,11.5602514,48.1426144
2637,11.5588770,48.1468367
2638,11.5591509,48.1465240
2639,11.5595363,48.1451274
2640,11.5597943,48.1442464
2641,11.5591851,48.1465524
2642,11.5588319,48.1467499
2643,11.5595751,48.1451171
2644,11.5602353,48.1425154
2645,11.5588538,48.1467756
2646,11.5602044,48.1426318
2647,11.5695654,48.1285814
2648,11.5696736,48.1444717
2649,11.5693708,48.1450163
2650,11.5694175,48.1443712
2651,11.5697572,48.1445891
2652,11.5686363,48.1447191
2653,11.5693381,48.1443480
2654,11.5678629,48.1426914
2655,11.5688484,48.1442740
2656,11.5679029,48.1426805
2657,11.5676112,48.1414705
2658,11.5675425,48.1415122
2659,11.5675650,48.1414786
2660,11.5676508,48.1419804
2661,11.5784897,48.1299296
2662,11.5754426,48.1321226
2663,11.5777747,48.1286353
2664,11.5747783,48.1333012
2665,11.5751512,48.1323329
2666,11.5754155,48.1284698
2667,11.5783177,48.1300622
2668,11.5947693,48.1280476
2669,11.5626399,48.1222581
2670,11.5648110,48.1435841
2671,11.5847515,48.1324488
2672,11.5654375,48.1323065
2673,11.5828053,48.1521164
2674,11.5590259,48.1475467
2675,11.5939795,48.1288923
2676,11.5938148,48.1288766
2677,11.5955294,48.1301859
2678,11.5976679,48.1319378
2679,11.5964552,48.1312329
2680,11.5963238,48.1311588
2681,11.5940433,48.1286395
2682,11.5941789,48.1290856
2683,11.5939265,48.1286518
2684,11.5955750,48.1302749
2685,11.5939162,48.1288155
2686,11.5941853,48.1288520
2687,11.5945622,48.1292648
2688,11.5956086,48.1302615
2689,11.5955537,48.1302194
2690,11.5939552,48.1286307
2691,11.5954144,48.1302320
2692,11.5963768,48.1311476
2693,11.5962581,48.1311658
2694,11.5977193,48.1321914
2695,11.5935869,48.1288897
2696,11.5955542,48.1302588
2697,11.5938777,48.1287483
2698,11.5977010,48.1319687
2699,11.5980105,48.1320038
2700,11.5937190,48.1288756
2701,11.5943317,48.1290208
2702,11.5938664,48.1285437
2703,11.5906220,48.1255356
2704,11.5887466,48.1250430
2705,11.5889757,48.1248616
2706,11.5869379,48.1229729
2707,11.5938257,48.1284773
2708,11.5921866,48.1263078
2709,11.5929559,48.1270539
2710,11.5891801,48.1249348
2711,11.5890045,48.1248313
2712,11.5938990,48.1285201
2713,11.5920078,48.1262014
2714,11.5925626,48.1265605
2715,11.5879737,48.1242789
2716,11.5888863,48.1249537
2717,11.5929185,48.1270641
2718,11.5938616,48.1284593
2719,11.5879336,48.1242742
2720,11.5875552,48.1239072
2721,11.5946795,48.1491189
2722,11.5947890,48.1490528
2723,11.5562786,48.1324430
2724,11.5554813,48.1325454
2725,11.5559177,48.1324982
2726,11.5560313,48.1324456
2727,11.5557513,48.1326143
2728,11.5555062,48.1316436
2729,11.5556653,48.1325062
2730,11.5560823,48.1316480
2731,11.5560946,48.1322927
2732,11.5892532,48.1245860
2733,11.5725909,48.1413182
2734,11.5779191,48.1472689
2735,11.5724171,48.1353040
2736,11.5744649,48.1361806
2737,11.5732667,48.1358845
2738,11.5734454,48.1357649
2739,11.5745188,48.1361601
2740,11.5743147,48.1362182
2741,11.5963463,48.1271005
2742,11.5973340,48.1277277
2743,11.5972724,48.1293300
2744,11.5926724,48.1315009
2745,11.5726105,48.1487740
2746,11.5907020,48.1276264
2747,11.5891662,48.1279317
2748,11.5946055,48.1337756
2749,11.5990590,48.1293560
2750,11.5584714,48.1391820
2751,11.5676970,48.1333693
2752,11.5805672,48.1506999
2753,11.5981005,48.1366178
2754,11.6015448,48.1392315
2755,11.5556587,48.1286099
2756,11.5532556,48.1300706
2757,11.5547544,48.1287446
2758,11.5557360,48.1287278
2759,11.5538869,48.1301380
2760,11.5538748,48.1293489
2761,11.5557409,48.1288473
2762,11.5540541,48.1286185
2763,11.5535608,48.1301066
2764,11.5584071,48.1289244
2765,11.5541907,48.1290327
2766,11.5784869,48.1235015
2767,11.5804130,48.1238458
2768,11.5724733,48.1267320
2769,11.5901814,48.1276229
2770,11.5902637,48.1276176
2771,11.5903552,48.1276156
2772,11.5996485,48.1399096
2773,11.5917966,48.1289617
2774,11.5688635,48.1489292
2775,11.5714495,48.1482122
2776,11.5945152,48.1309999
2777,11.5490191,48.1375671
2778,11.6011051,48.1356480
2779,11.6006346,48.1356131
2780,11.5988303,48.1333278
2781,11.5991952,48.1338375
2782,11.5981039,48.1329485
2783,11.5961504,48.1314434
2784,11.5962928,48.1319076
2785,11.5945969,48.1323860
2786,11.5586253,48.1384144
2787,11.5601230,48.1384571
2788,11.5993684,48.1291448
2789,11.5974906,48.1357727
2790,11.6022976,48.1358025
2791,11.6009662,48.1357386
2792,11.5962530,48.1341767
2793,11.5962163,48.1341701
2794,11.5967632,48.1342500
2795,11.5957786,48.1340777
2796,11.5932836,48.1322739
2797,11.6012611,48.1423804
2798,11.5716877,48.1503259
2799,11.5723821,48.1501321
2800,11.5883520,48.1226838
2801,11.5827530,48.1222865
2802,11.5825250,48.1220833
2803,11.5830477,48.1204243
2804,11.5995017,48.1343703
2805,11.5890931,48.1302725
2806,11.5885473,48.1294923
2807,11.5877202,48.1278564
2808,11.5741176,48.1440423
2809,11.5745102,48.1447132
2810,11.5637872,48.1504404
2811,11.5995710,48.1323937
2812,11.6001366,48.1326331
2813,11.5976603,48.1349804
2814,11.5942348,48.1308699
2815,11.5914865,48.1259438
2816,11.5914150,48.1259105
2817,11.5977474,48.1356553
2818,11.5977395,48.1357318
2819,11.5976048,48.1349137
2820,11.5989342,48.1383925
2821,11.5817486,48.1305940
2822,11.5822928,48.1310336
2823,11.5819044,48.1306859
2824,11.5822619,48.1309023
2825,11.5713179,48.1368508
2826,11.5938059,48.1254019
2827,11.5939826,48.1258682
2828,11.5666606,48.1308538
2829,11.5656825,48.1531817
2830,11.5655248,48.1532271
2831,11.5661301,48.1539008
2832,11.5659387,48.1539556
2833,11.5650256,48.1522044
2834,11.5648823,48.1522298
2835,11.5629732,48.1490240
2836,11.5628242,48.1490635
2837,11.5635786,48.1499704
2838,11.5642748,48.1511194
2839,11.5641711,48.1511469
2840,11.5615901,48.1468507
2841,11.5613501,48.1469176
2842,11.5621937,48.1480856
2843,11.5675595,48.1300074
2844,11.5680405,48.1301121
2845,11.5832730,48.1203269
2846,11.5815841,48.1348649
2847,11.5929998,48.1313848
2848,11.5847945,48.1279311
2849,11.5849217,48.1281522
2850,11.5855128,48.1277735
2851,11.5847089,48.1277379
2852,11.5882938,48.1226154
2853,11.5893125,48.1236556
2854,11.5901358,48.1238535
2855,11.5902211,48.1238236
2856,11.5905936,48.1237214
2857,11.5882053,48.1226178
2858,11.5883834,48.1228029
2859,11.5884152,48.1225598
2860,11.5876396,48.1254741
2861,11.5864384,48.1260981
2862,11.5884110,48.1252129
2863,11.5857449,48.1242869
2864,11.5858595,48.1244500
2865,11.5859812,48.1247438
2866,11.5902504,48.1226311
2867,11.5909214,48.1236722
2868,11.5566057,48.1427876
2869,11.5809131,48.1243874
2870,11.5797975,48.1231358
2871,11.5743976,48.1223978
2872,11.5765593,48.1210938
2873,11.5761902,48.1212399
2874,11.5790838,48.1233243
2875,11.5596325,48.1269911
2876,11.5613576,48.1268254
2877,11.5597561,48.1257205
2878,11.5613078,48.1266726
2879,11.5611835,48.1262904
2880,11.5562398,48.1280099
2881,11.5560595,48.1279594
2882,11.5560288,48.1279345
2883,11.5563948,48.1279926
2884,11.5730721,48.1213313
2885,11.5810882,48.1242917
2886,11.5811133,48.1243094
2887,11.5704152,48.1340100
2888,11.5700430,48.1340459
2889,11.5539848,48.1423798
2890,11.5540900,48.1424781
2891,11.5564226,48.1455843
2892,11.5651525,48.1366797
2893,11.5776894,48.1429483
2894,11.5492462,48.1362463
2895,11.5560573,48.1392203
2896,11.5575223,48.1269528
2897,11.5611317,48.1261312
2898,11.5681808,48.1402046
2899,11.5713256,48.1396696
2900,11.5702648,48.1398080
2901,11.5712125,48.1396170
2902,11.5809820,48.1365106
2903,11.5815209,48.1368725
2904,11.5795064,48.1339599
2905,11.5798041,48.1339607
2906,11.5748428,48.1333212
2907,11.5749803,48.1333259
2908,11.5797119,48.1339640
2909,11.5760988,48.1331837
2910,11.5693039,48.1215691
2911,11.5505363,48.1432055
2912,11.5503374,48.1432733
2913,11.5505920,48.1437931
2914,11.5619274,48.1250798
2915,11.5617513,48.1251712
2916,11.5616796,48.1278158
2917,11.5820615,48.1505456
2918,11.5806543,48.1503473
2919,11.5820396,48.1507324
2920,11.5776834,48.1439448
2921,11.5773937,48.1434052
2922,11.5527909,48.1345362
2923,11.5529672,48.1350757
2924,11.5519471,48.1352411
2925,11.5984446,48.1432163
2926,11.5995645,48.1456485
2927,11.5989704,48.1451080
2928,11.5869077,48.1392930
2929,11.5895304,48.1316303
2930,11.5894997,48.1317106
2931,11.5959060,48.1416437
2932,11.5515361,48.1368321
2933,11.5684487,48.1421148
2934,11.5978683,48.1357273
2935,11.5860351,48.1344840
2936,11.5691076,48.1311484
2937,11.5884888,48.1430779
2938,11.5884491,48.1430858
2939,11.5888386,48.1411297
2940,11.5755298,48.1283640
2941,11.5816347,48.1381706
2942,11.5777225,48.1433376
2943,11.5779766,48.1438817
2944,11.5567799,48.1459213
2945,11.5591138,48.1328844
2946,11.5596331,48.1329424
2947,11.5539507,48.1391123
2948,11.5515417,48.1429824
2949,11.5682904,48.1401633
2950,11.5708167,48.1406016
2951,11.5678988,48.1403908
2952,11.5691867,48.1400095
2953,11.5693527,48.1408252
2954,11.5687264,48.1400874
2955,11.5687104,48.1424280
2956,11.5669619,48.1404849
2957,11.5649669,48.1386925
2958,11.5650020,48.1389023
2959,11.5650208,48.1389939
2960,11.5650417,48.1390977
2961,11.5650548,48.1391365
2962,11.5652027,48.1394672
2963,11.5652766,48.1395685
2964,11.5654091,48.1397137
2965,11.5655457,48.1398217
2966,11.5654917,48.1390917
2967,11.5654259,48.1391763
2968,11.5653296,48.1392385
2969,11.5717029,48.1314538
2970,11.5713842,48.1314813
2971,11.5798762,48.1251638
2972,11.5648251,48.1425068
2973,11.5567971,48.1420719
2974,11.5962574,48.1360493
2975,11.5830082,48.1541912
2976,11.5665492,48.1546802
2977,11.5879797,48.1418670
2978,11.5833712,48.1343106
2979,11.5823916,48.1348266
2980,11.5920707,48.1392872
2981,11.5871141,48.1396070
2982,11.5829881,48.1403087
2983,11.5916507,48.1415014
2984,11.5867060,48.1382227
2985,11.5935137,48.1399420
2986,11.5930369,48.1412718
2987,11.5788427,48.1268206
2988,11.5808502,48.1277689
2989,11.5746731,48.1197614
2990,11.5740726,48.1200822
2991,11.5740999,48.1201076
2992,11.5740202,48.1200240
2993,11.5742629,48.1202059
2994,11.5741947,48.1201751
2995,11.5735664,48.1198959
2996,11.5762191,48.1205745
2997,11.5760516,48.1204746
2998,11.5820726,48.1201243
2999,11.5814342,48.1237852
3000,11.5813621,48.1238526
3001,11.5812188,48.1240054
3002,11.5811395,48.1241025
3003,11.5704948,48.1308917
3004,11.5705880,48.1309091
3005,11.5706819,48.1309369
3006,11.5760462,48.1314513
3007,11.5759718,48.1314528
3008,11.5760820,48.1314541
3009,11.5759340,48.1314575
3010,11.5761173,48.1314591
3011,11.5758971,48.1314646
3012,11.5761848,48.1314759
3013,11.5758276,48.1314864
3014,11.5762165,48.1314875
3015,11.5757957,48.1315006
3016,11.5762464,48.1315010
3017,11.5757661,48.1315170
3018,11.5763005,48.1315341
3019,11.5763241,48.1315536
3020,11.5757162,48.1315546
3021,11.5756961,48.1315752
3022,11.5756791,48.1315971
3023,11.5763620,48.1315967
3024,11.5763760,48.1316200
3025,11.5763864,48.1316440
3026,11.5756552,48.1316436
3027,11.5756484,48.1316678
3028,11.5763962,48.1316936
3029,11.5763955,48.1317186
3030,11.5756457,48.1317169
3031,11.5756498,48.1317414
3032,11.5763829,48.1317679
3033,11.5756575,48.1317655
3034,11.5763711,48.1317917
3035,11.5756686,48.1317889
3036,11.5763373,48.1318363
3037,11.5757010,48.1318331
3038,11.5763156,48.1318567
3039,11.5757219,48.1318534
3040,11.5757457,48.1318722
3041,11.5762654,48.1318917
3042,11.5762377,48.1319061
3043,11.5758042,48.1319063
3044,11.5758388,48.1319208
3045,11.5761768,48.1319295
3046,11.5761442,48.1319382
3047,11.5758756,48.1319327
3048,11.5761105,48.1319449
3049,11.5759539,48.1319481
3050,11.5759944,48.1319515
3051,11.5760353,48.1319519
3052,11.5671093,48.1323033
3053,11.5654125,48.1391873
3054,11.5653970,48.1391992
3055,11.5653814,48.1392094
3056,11.5653477,48.1392289
3057,11.5727168,48.1282717
3058,11.5725049,48.1295030
3059,11.5823632,48.1259904
3060,11.5802781,48.1260491
3061,11.5824384,48.1259444
3062,11.5785890,48.1298526
3063,11.5772660,48.1308174
3064,11.5767969,48.1311480
3065,11.5640223,48.1393179
3066,11.5629211,48.1393675
3067,11.5625882,48.1394050
3068,11.5605618,48.1412420
3069,11.5486981,48.1360159
3070,11.5488868,48.1359864
3071,11.5491110,48.1360173
3072,11.5492957,48.1360351
3073,11.5490283,48.1360712
3074,11.5489917,48.1361691
3075,11.5945730,48.1281625
3076,11.5943521,48.1282033
3077,11.5931453,48.1290332
3078,11.5718763,48.1352111
3079,11.5869763,48.1286778
3080,11.5868971,48.1286917
3081,11.5870766,48.1287131
3082,11.5872021,48.1289630
3083,11.5872256,48.1290235
3084,11.5872081,48.1290734
3085,11.5870447,48.1291197
3086,11.5866354,48.1292087
3087,11.5866316,48.1293621
3088,11.5878998,48.1377112
3089,11.5705649,48.1468914
3090,11.5719158,48.1489689
3091,11.5732596,48.1510353
3092,11.5962830,48.1337468
3093,11.5949948,48.1498713
3094,11.5773791,48.1373321
3095,11.5701027,48.1373146
3096,11.5701936,48.1373359
3097,11.5703713,48.1374309
3098,11.5706334,48.1374438
3099,11.5704672,48.1374486
3100,11.5711385,48.1395676
3101,11.5823395,48.1356229
3102,11.5815218,48.1356972
3103,11.5815947,48.1360046
3104,11.5806380,48.1369554
3105,11.5833072,48.1369298
3106,11.5803247,48.1372034
3107,11.5817751,48.1348538
3108,11.5824572,48.1349317
3109,11.5826035,48.1349899
3110,11.5834224,48.1355596
3111,11.5835679,48.1357045
3112,11.5840591,48.1364225
3113,11.5841843,48.1367225
3114,11.5846054,48.1380476
3115,11.5807819,48.1317872
3116,11.5892370,48.1394347
3117,11.5817743,48.1335487
3118,11.5811680,48.1331526
3119,11.5809282,48.1329309
3120,11.5710779,48.1334066
3121,11.5743021,48.1353559
3122,11.5747194,48.1362452
3123,11.5652574,48.1352953
3124,11.5652895,48.1357670
3125,11.5646765,48.1362631
3126,11.5647239,48.1364226
3127,11.5657564,48.1394316
3128,11.5661929,48.1398198
3129,11.5673451,48.1404024
3130,11.5713510,48.1293788
3131,11.5694944,48.1450287
3132,11.5689299,48.1328426
3133,11.5708529,48.1411840
3134,11.5559732,48.1346616
3135,11.5834826,48.1428069
3136,11.5836643,48.1432412
3137,11.5837000,48.1436222
3138,11.5830341,48.1442691
3139,11.5809145,48.1448430
3140,11.5809280,48.1448767
3141,11.5776966,48.1455382
3142,11.5777102,48.1455807
3143,11.5729446,48.1428604
3144,11.5731835,48.1430382
3145,11.5749277,48.1414811
3146,11.5750183,48.1415100
3147,11.5720418,48.1415463
3148,11.5724724,48.1416706
3149,11.5814158,48.1415224
3150,11.5662567,48.1340132
3151,11.5661832,48.1341056
3152,11.5658836,48.1343745
3153,11.5661117,48.1345007
3154,11.5673614,48.1405594
3155,11.5664925,48.1405569
3156,11.5858877,48.1435418
3157,11.5655843,48.1391290
3158,11.5789446,48.1352877
3159,11.5789886,48.1355784
3160,11.5671008,48.1324801
3161,11.5962491,48.1403440
3162,11.5959779,48.1403461
3163,11.5963898,48.1403813
3164,11.5958263,48.1403894
3165,11.5965360,48.1404754
3166,11.5956859,48.1404815
3167,11.5956222,48.1405805
3168,11.5966131,48.1406036
3169,11.5956058,48.1406589
3170,11.5956224,48.1407489
3171,11.5968486,48.1410290
3172,11.5969244,48.1410963
3173,11.5970728,48.1411518
3174,11.5971906,48.1411631
3175,11.5958799,48.1413652
3176,11.5957969,48.1415087
3177,11.5957432,48.1415519
3178,11.5739088,48.1200680
3179,11.5731838,48.1460765
3180,11.5733345,48.1461370
3181,11.5631726,48.1363294
3182,11.5589838,48.1477910
3183,11.5587306,48.1487202
3184,11.5584395,48.1498099
3185,11.5661124,48.1405695
3186,11.5671780,48.1406315
3187,11.5673985,48.1406260
3188,11.5675854,48.1406432
3189,11.5658769,48.1340204
3190,11.5658506,48.1341819
3191,11.5639644,48.1341753
3192,11.5636987,48.1342036
3193,11.5652411,48.1375052
3194,11.5946414,48.1490237
3195,11.5948497,48.1495020
3196,11.5938163,48.1429987
3197,11.5874834,48.1376215
3198,11.5875251,48.1377291
3199,11.5876885,48.1377186
3200,11.5983896,48.1372317
3201,11.5943344,48.1282502
3202,11.5938115,48.1284225
3203,11.5939154,48.1285082
3204,11.5938194,48.1285142
3205,11.5938111,48.1285591
3206,11.5938141,48.1285815
3207,11.5938266,48.1286521
3208,11.5748234,48.1415149
3209,11.5747197,48.1422670
3210,11.5741089,48.1416893
3211,11.5783731,48.1385460
3212,11.5976724,48.1357406
3213,11.5970615,48.1358619
3214,11.5960042,48.1361302
3215,11.5958016,48.1362177
3216,11.5956610,48.1363037
3217,11.5955153,48.1364252
3218,11.5931658,48.1366372
3219,11.5933146,48.1367000
3220,11.5953491,48.1366992
3221,11.5934379,48.1367972
3222,11.5952248,48.1368254
3223,11.5950704,48.1369285
3224,11.5936532,48.1369479
3225,11.5949063,48.1370092
3226,11.5938634,48.1370373
3227,11.5946720,48.1370838
3228,11.5940863,48.1370881
3229,11.5944044,48.1371096
3230,11.5739124,48.1433530
3231,11.5827630,48.1445810
3232,11.5733782,48.1463232
3233,11.5742363,48.1476463
3234,11.5560425,48.1418311
3235,11.5888280,48.1365776
3236,11.5904609,48.1388781
3237,11.5905875,48.1390291
3238,11.5906705,48.1391520
3239,11.5909258,48.1396720
3240,11.5934794,48.1450500
3241,11.5668393,48.1403255
3242,11.5675077,48.1404183
3243,11.5663774,48.1407708
3244,11.5689194,48.1408834
3245,11.5689748,48.1409037
3246,11.5689330,48.1410814
3247,11.5686644,48.1412077
3248,11.5689556,48.1412356
3249,11.5689400,48.1414020
3250,11.5690040,48.1414520
3251,11.5675575,48.1414897
3252,11.5711647,48.1416235
3253,11.5715336,48.1416481
3254,11.5659723,48.1418986
3255,11.5727451,48.1420907
3256,11.5709959,48.1421081
3257,11.5729054,48.1421372
3258,11.5656819,48.1422025
3259,11.5710964,48.1422449
3260,11.5708357,48.1423297
3261,11.5732392,48.1423572
3262,11.5726133,48.1437157
3263,11.5708764,48.1441994
3264,11.5731217,48.1458910
3265,11.5732728,48.1459414
3266,11.5836396,48.1416551
3267,11.5762139,48.1278548
3268,11.5559773,48.1325295
3269,11.5559176,48.1325803
3270,11.5558511,48.1326394
3271,11.5861728,48.1216061
3272,11.5869551,48.1218361
3273,11.5874000,48.1219472
3274,11.5878735,48.1220443
3275,11.5898760,48.1239964
3276,11.5878214,48.1241745
3277,11.5820069,48.1202396
3278,11.5819544,48.1203058
3279,11.5818704,48.1203899
3280,11.5878633,48.1244372
3281,11.5821399,48.1526003
3282,11.5646036,48.1365468
3283,11.5646952,48.1372270
3284,11.5711775,48.1211675
3285,11.5692477,48.1216212
3286,11.5645475,48.1216294
3287,11.5650464,48.1219052
3288,11.5669949,48.1239373
3289,11.5572402,48.1501646
3290,11.5597916,48.1519216
3291,11.5799119,48.1233148
3292,11.5795393,48.1231980
3293,11.5797706,48.1233931
3294,11.5637328,48.1382533
3295,11.5778235,48.1266107
3296,11.5779930,48.1266183
3297,11.5776702,48.1267184
3298,11.5777811,48.1267835
3299,11.5764172,48.1276622
3300,11.5765176,48.1277211
3301,11.5874124,48.1376394
3302,11.5874595,48.1377376
3303,11.5873008,48.1377609
3304,11.5867691,48.1378026
3305,11.5867898,48.1378577
3306,11.5846475,48.1382639
3307,11.5775391,48.1426618
3308,11.5774143,48.1426514
3309,11.5970967,48.1343704
3310,11.5972069,48.1344489
3311,11.5973078,48.1345467
3312,11.5773204,48.1462802
3313,11.5774039,48.1463142
3314,11.5534304,48.1334566
3315,11.5613210,48.1244640
3316,11.5613549,48.1245038
3317,11.5534054,48.1270127
3318,11.5731809,48.1322307
3319,11.5873158,48.1347250
3320,11.5669142,48.1505978
3321,11.5908594,48.1322314
3322,11.5907085,48.1322466
3323,11.5984345,48.1328330
3324,11.5964562,48.1311181
3325,11.5953867,48.1359121
3326,11.5955986,48.1363479
3327,11.5933709,48.1446882
3328,11.5931980,48.1440362
3329,11.5939010,48.1457363
3330,11.5932655,48.1442175
3331,11.5935541,48.1452294
3332,11.5939553,48.1455227
3333,11.5947082,48.1453662
3334,11.5941760,48.1454640
3335,11.5795049,48.1519368
3336,11.5774371,48.1525282
3337,11.5859443,48.1216278
3338,11.5977208,48.1350498
3339,11.5977867,48.1351497
3340,11.5978039,48.1351905
3341,11.5978912,48.1355663
3342,11.5979598,48.1356179
3343,11.5559476,48.1392616
3344,11.5559313,48.1394955
3345,11.5558810,48.1397112
3346,11.5559758,48.1397100
3347,11.5818505,48.1452477
3348,11.5845486,48.1465131
3349,11.5847621,48.1470108
3350,11.5848583,48.1474691
3351,11.5848928,48.1479147
3352,11.5849001,48.1483543
3353,11.5848556,48.1488712
3354,11.5845158,48.1499354
3355,11.5659722,48.1421871
3356,11.5849159,48.1205013
3357,11.5858277,48.1216684
3358,11.5899489,48.1252675
3359,11.5927407,48.1268069
3360,11.5963998,48.1311935
3361,11.5975053,48.1325651
3362,11.5985712,48.1346294
3363,11.5982920,48.1346384
3364,11.5611664,48.1392418
3365,11.5608106,48.1412287
3366,11.5772316,48.1207422
3367,11.5773448,48.1207837
3368,11.5781654,48.1212232
3369,11.5793036,48.1222923
3370,11.5794778,48.1225310
3371,11.5490136,48.1382701
3372,11.5589008,48.1266013
3373,11.5615800,48.1280457
3374,11.5968638,48.1375604
3375,11.5969707,48.1377840
3376,11.5981872,48.1392552
3377,11.5983093,48.1395739
3378,11.5984526,48.1402986
3379,11.5988754,48.1412191
3380,11.5991099,48.1413921
3381,11.5993625,48.1416858
3382,11.5996036,48.1421506
3383,11.6004667,48.1443780
3384,11.5763068,48.1277485
3385,11.5764088,48.1278054
3386,11.5761908,48.1278430
3387,11.5763016,48.1278997
3388,11.5760859,48.1279279
3389,11.5761978,48.1279909
3390,11.5756923,48.1283636
3391,11.5755186,48.1283535
3392,11.5703263,48.1308786
3393,11.5700657,48.1309073
3394,11.5703853,48.1308801
3395,11.5700094,48.1309196
3396,11.5699778,48.1309445
3397,11.5713273,48.1312621
3398,11.5716818,48.1312337
3399,11.5684284,48.1313549
3400,11.5682864,48.1313986
3401,11.5681590,48.1314454
3402,11.5680889,48.1314761
3403,11.5680296,48.1315089
3404,11.5679707,48.1315451
3405,11.5676888,48.1317957
3406,11.5675513,48.1318997
3407,11.5675738,48.1319167
3408,11.5674344,48.1320231
3409,11.5668210,48.1322931
3410,11.5671295,48.1323120
3411,11.5668257,48.1322988
3412,11.5671040,48.1323398
3413,11.5670918,48.1323573
3414,11.5670747,48.1324351
3415,11.5670890,48.1324656
3416,11.5960825,48.1481035
3417,11.5959361,48.1474391
3418,11.5961362,48.1479428
3419,11.5821188,48.1200631
3420,11.5820285,48.1202054
3421,11.5819784,48.1202767
3422,11.5819303,48.1203316
3423,11.5819066,48.1203548
3424,11.5818285,48.1204489
3425,11.5818064,48.1204689
3426,11.5817562,48.1204741
3427,11.5816765,48.1205374
3428,11.5817850,48.1205426
3429,11.5816350,48.1205815
3430,11.5817343,48.1205894
3431,11.5815956,48.1206272
3432,11.5816882,48.1206389
3433,11.5816725,48.1206589
3434,11.5815614,48.1206762
3435,11.5816491,48.1206903
3436,11.5816331,48.1207151
3437,11.5815294,48.1207245
3438,11.5816181,48.1207404
3439,11.5816018,48.1207676
3440,11.5815066,48.1207773
3441,11.5815864,48.1207971
3442,11.5815759,48.1208234
3443,11.5814833,48.1208306
3444,11.5815644,48.1208503
3445,11.5815550,48.1208783
3446,11.5814685,48.1208831
3447,11.5815465,48.1209086
3448,11.5815428,48.1209354
3449,11.5814566,48.1209382
3450,11.5815400,48.1209676
3451,11.5814517,48.1209865
3452,11.5815375,48.1210011
3453,11.5815378,48.1210230
3454,11.5814505,48.1210422
3455,11.5815395,48.1210546
3456,11.5815416,48.1210888
3457,11.5815457,48.1211238
3458,11.5814551,48.1210946
3459,11.5815482,48.1211398
3460,11.5814626,48.1211500
3461,11.5815565,48.1211693
3462,11.5815687,48.1212053
3463,11.5814798,48.1212036
3464,11.5815838,48.1212434
3465,11.5814972,48.1212561
3466,11.5816004,48.1212799
3467,11.5815186,48.1213050
3468,11.5816159,48.1213110
3469,11.5815464,48.1213530
3470,11.5816438,48.1213550
3471,11.5815757,48.1214044
3472,11.5816751,48.1214007
3473,11.5816088,48.1214557
3474,11.5817792,48.1215437
3475,11.5816805,48.1215555
3476,11.5819047,48.1217091
3477,11.5818246,48.1217577
3478,11.5820406,48.1218955
3479,11.5819419,48.1219205
3480,11.5821574,48.1220726
3481,11.5820559,48.1220879
3482,11.5821794,48.1221100
3483,11.5820832,48.1221360
3484,11.5822053,48.1221597
3485,11.5822256,48.1222019
3486,11.5821092,48.1221914
3487,11.5822418,48.1222405
3488,11.5821443,48.1222577
3489,11.5822573,48.1222823
3490,11.5821590,48.1222976
3491,11.5822744,48.1223338
3492,11.5821756,48.1223476
3493,11.5822853,48.1223710
3494,11.5821860,48.1223830
3495,11.5822944,48.1224074
3496,11.5821946,48.1224175
3497,11.5823028,48.1224483
3498,11.5822024,48.1224555
3499,11.5823077,48.1224892
3500,11.5822081,48.1224948
3501,11.5823114,48.1225269
3502,11.5823133,48.1225626
3503,11.5822142,48.1226114
3504,11.5823112,48.1226118
3505,11.5823066,48.1226603
3506,11.5822967,48.1227101
3507,11.5822843,48.1227570
3508,11.5821950,48.1227243
3509,11.5822654,48.1228069
3510,11.5821174,48.1228938
3511,11.5822326,48.1228887
3512,11.5801903,48.1249354
3513,11.5799577,48.1250891
3514,11.5800352,48.1251258
3515,11.5799143,48.1251382
3516,11.5799332,48.1251623
3517,11.5799024,48.1251810
3518,11.5794877,48.1254585
3519,11.5791075,48.1257196
3520,11.5699779,48.1459080
3521,11.5706051,48.1468802
3522,11.5719612,48.1489562
3523,11.5720790,48.1491800
3524,11.5726276,48.1500636
3525,11.5732908,48.1510271
3526,11.5737094,48.1517367
3527,11.5740262,48.1521708
3528,11.5742038,48.1525075
3529,11.5747498,48.1532963
3530,11.5747160,48.1533061
3531,11.5751956,48.1539927
3532,11.5751606,48.1540033
3533,11.5753827,48.1551453
3534,11.5753317,48.1551576
3535,11.5754856,48.1544771
3536,11.5754623,48.1545882
3537,11.5664841,48.1499263
3538,11.5788773,48.1218866
3539,11.5781769,48.1264185
3540,11.5930849,48.1270199
3541,11.5811950,48.1278677
3542,11.5978875,48.1357271
3543,11.5979339,48.1360820
3544,11.5979853,48.1362807
3545,11.5980036,48.1364070
3546,11.5981116,48.1366820
3547,11.5983167,48.1371281
3548,11.5981932,48.1371487
3549,11.5986856,48.1378507
3550,11.5992614,48.1391552
3551,11.5997280,48.1400745
3552,11.5999220,48.1404350
3553,11.5999797,48.1405410
3554,11.6001161,48.1407081
3555,11.6000769,48.1407162
3556,11.6012637,48.1420513
3557,11.6011419,48.1420945
3558,11.6012014,48.1422377
3559,11.6012342,48.1423104
3560,11.6012835,48.1424593
3561,11.6012957,48.1425394
3562,11.6013069,48.1436404
3563,11.5977705,48.1351201
3564,11.5979144,48.1356266
3565,11.5978771,48.1356335
3566,11.5979052,48.1357269
3567,11.5847872,48.1266317
3568,11.5872028,48.1271895
3569,11.5868713,48.1296934
3570,11.5870199,48.1299559
3571,11.5892268,48.1316314
3572,11.5893649,48.1316521
3573,11.5894282,48.1316634
3574,11.5895770,48.1317058
3575,11.5895675,48.1317395
3576,11.5894903,48.1317450
3577,11.5895342,48.1317605
3578,11.5896692,48.1318684
3579,11.5897674,48.1319349
3580,11.5898620,48.1320049
3581,11.5904996,48.1323434
3582,11.5904641,48.1323615
3583,11.5904324,48.1323776
3584,11.5903923,48.1323980
3585,11.5905153,48.1324793
3586,11.5907150,48.1324950
3587,11.5907728,48.1325473
3588,11.5906521,48.1325478
3589,11.5907524,48.1325697
3590,11.5912391,48.1327092
3591,11.5937422,48.1335297
3592,11.5940610,48.1336242
3593,11.5962567,48.1341630
3594,11.5964214,48.1342024
3595,11.5968643,48.1342720
3596,11.5969540,48.1342858
3597,11.5970164,48.1343277
3598,11.5971555,48.1344080
3599,11.5972606,48.1344976
3600,11.5976473,48.1349363
3601,11.5877793,48.1312588
3602,11.5875327,48.1314827
3603,11.5879060,48.1315903
3604,11.5876352,48.1315930
3605,11.5875492,48.1316102
3606,11.5882008,48.1316570
3607,11.5886279,48.1316674
3608,11.5859605,48.1318111
3609,11.5858701,48.1318405
3610,11.5859472,48.1319683
3611,11.5855143,48.1321208
3612,11.5849178,48.1323464
3613,11.5829363,48.1336147
3614,11.5734523,48.1323764
3615,11.5735898,48.1324552
3616,11.5762266,48.1331786
3617,11.5762572,48.1331824
3618,11.5761600,48.1331860
3619,11.5759900,48.1331899
3620,11.5762794,48.1332041
3621,11.5762302,48.1332105
3622,11.5765038,48.1332567
3623,11.5747174,48.1332709
3624,11.5749075,48.1333400
3625,11.5815623,48.1334874
3626,11.5819824,48.1336344
3627,11.5820737,48.1336683
3628,11.5819924,48.1336802
3629,11.5820720,48.1336817
3630,11.5819247,48.1336829
3631,11.5818577,48.1336890
3632,11.5822234,48.1337055
3633,11.5815866,48.1337067
3634,11.5822979,48.1337262
3635,11.5811576,48.1337736
3636,11.5807380,48.1338325
3637,11.5826936,48.1338546
3638,11.5793703,48.1339426
3639,11.5796327,48.1339508
3640,11.5794334,48.1339518
3641,11.5796426,48.1339777
3642,11.5829789,48.1338411
3643,11.5827442,48.1338866
3644,11.5829394,48.1338913
3645,11.5829189,48.1339151
3646,11.5829003,48.1339390
3647,11.5833227,48.1340569
3648,11.5833904,48.1340704
3649,11.5834648,48.1340964
3650,11.5850640,48.1343363
3651,11.5852758,48.1343405
3652,11.5859590,48.1344575
3653,11.5861356,48.1345470
3654,11.5861804,48.1345928
3655,11.5866184,48.1350300
3656,11.5865836,48.1350435
3657,11.5872673,48.1357116
3658,11.5872331,48.1357259
3659,11.5872931,48.1357749
3660,11.5877798,48.1369525
3661,11.5883768,48.1383289
3662,11.5887006,48.1390393
3663,11.5887378,48.1390919
3664,11.5887276,48.1391329
3665,11.5888253,48.1391363
3666,11.5887348,48.1391796
3667,11.5887307,48.1392303
3668,11.5887214,48.1392770
3669,11.5887063,48.1393358
3670,11.5886424,48.1394491
3671,11.5885507,48.1397177
3672,11.5885369,48.1397478
3673,11.5885224,48.1397807
3674,11.5885115,48.1398123
3675,11.5885129,48.1398763
3676,11.5885166,48.1399113
3677,11.5885267,48.1399452
3678,11.5885384,48.1399821
3679,11.5886107,48.1401293
3680,11.5885688,48.1401227
3681,11.5888222,48.1408778
3682,11.5888313,48.1409227
3683,11.5888426,48.1409687
3684,11.5888609,48.1411271
3685,11.5888206,48.1411317
3686,11.5886045,48.1418015
3687,11.5885988,48.1418598
3688,11.5885789,48.1419213
3689,11.5885609,48.1419882
3690,11.5885469,48.1420525
3691,11.5885261,48.1421639
3692,11.5884932,48.1424391
3693,11.5884714,48.1427012
3694,11.5885961,48.1432191
3695,11.5886367,48.1432626
3696,11.5886999,48.1433076
3697,11.5887382,48.1433285
3698,11.5887875,48.1433514
3699,11.5888940,48.1433920
3700,11.5892704,48.1435183
3701,11.5894287,48.1435733
3702,11.5895876,48.1436309
3703,11.5897816,48.1437046
3704,11.5899734,48.1437798
3705,11.5901609,48.1438555
3706,11.5904123,48.1438975
3707,11.5903703,48.1439454
3708,11.5904859,48.1439992
3709,11.5906279,48.1440671
3710,11.5907662,48.1441367
3711,11.5908941,48.1442059
3712,11.5910155,48.1442760
3713,11.5913383,48.1444763
3714,11.5914048,48.1445179
3715,11.5915630,48.1446222
3716,11.5917101,48.1447298
3717,11.5918488,48.1448381
3718,11.5919858,48.1449504
3719,11.5921164,48.1450710
3720,11.5922408,48.1451954
3721,11.5923508,48.1453132
3722,11.5924667,48.1454478
3723,11.5925734,48.1455725
3724,11.5926654,48.1456964
3725,11.5928367,48.1459470
3726,11.5929266,48.1460884
3727,11.5930935,48.1465355
3728,11.5929727,48.1465565
3729,11.5929315,48.1465651
3730,11.5928495,48.1466768
3731,11.5928926,48.1467715
3732,11.5930150,48.1471477
3733,11.5930990,48.1473134
3734,11.5932128,48.1474822
3735,11.5933886,48.1477118
3736,11.5934640,48.1478048
3737,11.5935360,48.1478793
3738,11.5935980,48.1479353
3739,11.5939874,48.1481995
3740,11.5940272,48.1482275
3741,11.5941323,48.1483172
3742,11.5941935,48.1483716
3743,11.5942459,48.1484138
3744,11.5943018,48.1484829
3745,11.5943678,48.1485464
3746,11.5944439,48.1486535
3747,11.5945401,48.1488283
3748,11.5945609,48.1488663
3749,11.5946643,48.1489385
3750,11.5947179,48.1489442
3751,11.5948948,48.1490210
3752,11.5948640,48.1490249
3753,11.5948216,48.1490407
3754,11.5952635,48.1491563
3755,11.5954348,48.1492312
3756,11.5955946,48.1493134
3757,11.5957424,48.1493986
3758,11.5573488,48.1346833
3759,11.5651500,48.1360804
3760,11.5671804,48.1293400
3761,11.5671641,48.1293955
3762,11.5671605,48.1294642
3763,11.5949680,48.1470365
3764,11.5951960,48.1484308
3765,11.5589522,48.1291010
3766,11.5621144,48.1291653
3767,11.5604325,48.1418187
3768,11.5604957,48.1418788
3769,11.5600966,48.1418157
3770,11.5596311,48.1418982
3771,11.5589505,48.1420559
3772,11.5565012,48.1425766
3773,11.5839961,48.1454406
3774,11.5846806,48.1468186
3775,11.5848986,48.1481464
3776,11.5845022,48.1500261
3777,11.5806941,48.1215779
3778,11.5830528,48.1224705
3779,11.5817345,48.1347967
3780,11.5816166,48.1348415
3781,11.5822245,48.1348488
3782,11.5656080,48.1263426
3783,11.5670802,48.1270685
3784,11.5671938,48.1280246
3785,11.5672382,48.1296294
3786,11.5677064,48.1297919
3787,11.5663794,48.1308926
3788,11.5803387,48.1239581
3789,11.5739845,48.1331182
3790,11.5740021,48.1332078
3791,11.5954071,48.1303213
3792,11.5945544,48.1321948
3793,11.5995078,48.1355689
3794,11.6002742,48.1355858
3795,11.6018717,48.1356813
3796,11.6022649,48.1356838
3797,11.6020678,48.1357957
3798,11.5541540,48.1423411
3799,11.5542092,48.1424630
3800,11.5534427,48.1425881
3801,11.5668711,48.1335137
3802,11.5587516,48.1265573
3803,11.5588017,48.1265660
3804,11.5903196,48.1254275
3805,11.5845273,48.1382328
3806,11.5845352,48.1382600
3807,11.5978954,48.1356501
3808,11.5718631,48.1465272
3809,11.5712085,48.1467084
3810,11.5712239,48.1478661
3811,11.5713828,48.1440538
3812,11.5702758,48.1443715
3813,11.5697623,48.1456136
3814,11.5709916,48.1441661
3815,11.5830268,48.1409035
3816,11.5831700,48.1409214
3817,11.5828647,48.1411519
3818,11.5830368,48.1411384
3819,11.5831109,48.1411423
3820,11.5829627,48.1412284
3821,11.5829281,48.1414256
3822,11.5831486,48.1416138
3823,11.5832431,48.1417106
3824,11.5842343,48.1439945
3825,11.5843348,48.1440100
3826,11.5589114,48.1480645
3827,11.5588750,48.1481961
3828,11.5584135,48.1499124
3829,11.5625343,48.1438606
3830,11.5634576,48.1428043
3831,11.5961082,48.1403413
3832,11.5959027,48.1403619
3833,11.5957534,48.1404266
3834,11.5964687,48.1404273
3835,11.5983732,48.1409580
3836,11.5968817,48.1410646
3837,11.5986638,48.1411070
3838,11.5969672,48.1411189
3839,11.5970107,48.1411356
3840,11.5985143,48.1411597
3841,11.5958592,48.1412633
3842,11.5958494,48.1414422
3843,11.5971914,48.1414704
3844,11.5971341,48.1415565
3845,11.5959912,48.1416859
3846,11.5961232,48.1418461
3847,11.5962538,48.1421178
3848,11.5972423,48.1423202
3849,11.5971946,48.1423849
3850,11.5969517,48.1425123
3851,11.5967270,48.1425301
3852,11.5520263,48.1360882
3853,11.5917784,48.1417007
3854,11.5680910,48.1225921
3855,11.5675219,48.1232167
3856,11.5672921,48.1232460
3857,11.5663605,48.1235659
3858,11.5736037,48.1272623
3859,11.5739314,48.1273420
3860,11.5754737,48.1274098
3861,11.5750612,48.1274707
3862,11.5753551,48.1275064
3863,11.5755418,48.1275450
3864,11.5762455,48.1278710
3865,11.5560912,48.1279828
3866,11.5912791,48.1408582
3867,11.5917657,48.1416820
3868,11.5917966,48.1417346
3869,11.5902038,48.1419693
3870,11.5902222,48.1420125
3871,11.5902600,48.1420978
3872,11.5639371,48.1242312
3873,11.5557922,48.1347559
3874,11.5669492,48.1259415
3875,11.5721339,48.1269353
3876,11.5740922,48.1443388
3877,11.5654673,48.1407914
3878,11.5644975,48.1410907
3879,11.5638784,48.1412784
3880,11.5736784,48.1220014
3881,11.5832378,48.1476773
3882,11.5614804,48.1468794
3883,11.5756944,48.1193417
3884,11.5756880,48.1199554
3885,11.5764806,48.1206228
3886,11.5828265,48.1268125
3887,11.5787254,48.1217396
3888,11.5790604,48.1220563
3889,11.5749714,48.1351686
3890,11.5771037,48.1207179
3891,11.5799781,48.1236537
3892,11.5803406,48.1239596
3893,11.5822219,48.1270886
3894,11.5776193,48.1224881
3895,11.5610127,48.1409168
3896,11.5609931,48.1409430
3897,11.5610541,48.1409274
3898,11.5610569,48.1409430
3899,11.5609778,48.1409578
3900,11.5609548,48.1409757
3901,11.5610669,48.1409980
3902,11.5609114,48.1410019
3903,11.5610725,48.1410253
3904,11.5609678,48.1410341
3905,11.5610213,48.1410328
3906,11.5610365,48.1410326
3907,11.5608381,48.1410427
3908,11.5610665,48.1410339
3909,11.5611144,48.1410415
3910,11.5611252,48.1410446
3911,11.5610783,48.1410615
3912,11.5611952,48.1410807
3913,11.5612069,48.1410895
3914,11.5610836,48.1410936
3915,11.5605017,48.1411522
3916,11.5612729,48.1411534
3917,11.5609560,48.1412203
3918,11.5610224,48.1412368
3919,11.5610742,48.1412607
3920,11.5647668,48.1375952
3921,11.5611328,48.1392745
3922,11.5610755,48.1392684
3923,11.5650605,48.1393208
3924,11.5670620,48.1404073
3925,11.5668352,48.1404353
3926,11.5667815,48.1404434
3927,11.5667253,48.1404528
3928,11.5665571,48.1404827
3929,11.5665216,48.1404896
3930,11.5662199,48.1405429
3931,11.5752076,48.1430986
3932,11.5735866,48.1430997
3933,11.5734116,48.1432669
3934,11.5862700,48.1216315
3935,11.5537085,48.1296979
3936,11.5564433,48.1312301
3937,11.5535798,48.1316755
3938,11.5700335,48.1200489
3939,11.5702195,48.1202918
3940,11.5824974,48.1201314
3941,11.5920574,48.1262309
3942,11.5912834,48.1258493
3943,11.5615809,48.1247888
3944,11.5620442,48.1253586
3945,11.5722805,48.1352814
3946,11.5727785,48.1354446
3947,11.5725862,48.1305638
3948,11.5761101,48.1550239
3949,11.5661922,48.1447723
3950,11.5700999,48.1461356
3951,11.5674256,48.1466894
3952,11.5877689,48.1279271
3953,11.5584179,48.1415865
3954,11.5594695,48.1415459
3955,11.5847911,48.1404484
3956,11.5740989,48.1222719
3957,11.5847584,48.1231963
3958,11.5848846,48.1233048
3959,11.5849523,48.1233731
3960,11.5850862,48.1235082
3961,11.5857117,48.1278180
3962,11.5936524,48.1254420
3963,11.5922673,48.1297740
3964,11.5925503,48.1295923
3965,11.5790568,48.1269186
3966,11.5690523,48.1329402
3967,11.5693838,48.1333982
3968,11.5822981,48.1525163
3969,11.5670163,48.1328044
3970,11.5683542,48.1325957
3971,11.5673557,48.1327017
3972,11.5671078,48.1328896
3973,11.5672043,48.1327651
3974,11.5672386,48.1327435
3975,11.5672632,48.1326417
3976,11.5672979,48.1327174
3977,11.5670897,48.1327215
3978,11.5667274,48.1332403
3979,11.5675824,48.1326090
3980,11.5674080,48.1326149
3981,11.5671541,48.1326827
3982,11.5613842,48.1416256
3983,11.5614392,48.1417888
3984,11.5661161,48.1416773
3985,11.5682149,48.1337176
3986,11.5676515,48.1326902
3987,11.5681400,48.1326870
3988,11.5609247,48.1255127
3989,11.5828167,48.1463087
3990,11.5678576,48.1473602
3991,11.5943953,48.1282244
3992,11.5948001,48.1266280
3993,11.5862006,48.1413198
3994,11.5862225,48.1414986
3995,11.5899437,48.1238600
3996,11.5900118,48.1239979
3997,11.5897756,48.1240903
3998,11.5629096,48.1427210
3999,11.5637298,48.1428040
4000,11.5636065,48.1428094
4001,11.5632156,48.1427791
4002,11.5631132,48.1427641
4003,11.5624873,48.1425681
4004,11.5626890,48.1426463
4005,11.5625606,48.1425959
4006,11.5628090,48.1426872
4007,11.5623716,48.1425140
4008,11.5617851,48.1426289
4009,11.5622669,48.1424989
4010,11.5622127,48.1425133
4011,11.5626426,48.1442149
4012,11.5667116,48.1504344
4013,11.5746422,48.1482654
4014,11.5767363,48.1476712
4015,11.5827622,48.1541203
4016,11.5995213,48.1343038
4017,11.5899555,48.1310857
4018,11.5903554,48.1311044
4019,11.5899715,48.1312581
4020,11.5976375,48.1331003
4021,11.5705707,48.1407048
4022,11.5821905,48.1387641
4023,11.5879528,48.1372958
4024,11.5833187,48.1385402
4025,11.5717407,48.1402775
4026,11.5602049,48.1391652
4027,11.5813277,48.1389245
4028,11.5868001,48.1378840
4029,11.5867467,48.1377430
4030,11.5676094,48.1319415
4031,11.5690924,48.1311255
4032,11.5675155,48.1318672
4033,11.5796145,48.1339250
4034,11.5877414,48.1369571
4035,11.5749052,48.1333652
4036,11.5731368,48.1322655
4037,11.5625389,48.1407058
4038,11.5610276,48.1408853
4039,11.5691659,48.1408960
4040,11.5610467,48.1408865
4041,11.5611552,48.1392547
4042,11.5624417,48.1405706
4043,11.5605875,48.1392548
4044,11.5884995,48.1374004
4045,11.5898396,48.1373063
4046,11.5891914,48.1374374
4047,11.5974119,48.1323079
4048,11.5885635,48.1375475
4049,11.5876321,48.1377215
4050,11.5875928,48.1375917
4051,11.5979660,48.1320324
4052,11.5584433,48.1393380
4053,11.5832782,48.1542762
4054,11.5832784,48.1383982
4055,11.5817311,48.1387113
4056,11.5812295,48.1387995
4057,11.5798840,48.1390507
4058,11.6003542,48.1301610
4059,11.6007770,48.1303803
4060,11.5995310,48.1308077
4061,11.5997967,48.1309589
4062,11.5970715,48.1333762
4063,11.5867744,48.1378169
4064,11.5847751,48.1382502
4065,11.5689335,48.1400523
4066,11.5884882,48.1401336
4067,11.5929714,48.1461060
4068,11.5980624,48.1366872
4069,11.5635274,48.1479022
4070,11.5651918,48.1479340
4071,11.5644802,48.1486002
4072,11.5640183,48.1486866
4073,11.5653938,48.1482466
4074,11.5612873,48.1278872
4075,11.5616596,48.1277537
4076,11.5702990,48.1307866
4077,11.5883436,48.1383391
4078,11.5887811,48.1391137
4079,11.5720371,48.1367443
4080,11.5880481,48.1314923
4081,11.5822539,48.1222731
4082,11.5819536,48.1217762
4083,11.5643160,48.1511085
4084,11.5641848,48.1510413
4085,11.5639828,48.1511975
4086,11.5639430,48.1512087
4087,11.5987306,48.1346202
4088,11.5977169,48.1349631
4089,11.6001517,48.1407010
4090,11.5614909,48.1419062
4091,11.5613436,48.1419456
4092,11.5616389,48.1419703
4093,11.5616897,48.1420339
4094,11.5612950,48.1420923
4095,11.5616105,48.1421974
4096,11.5613577,48.1421821
4097,11.5615157,48.1422321
4098,11.5790298,48.1441324
4099,11.5618800,48.1426040
4100,11.5621879,48.1433055
4101,11.5628462,48.1441559
4102,11.5833492,48.1330771
4103,11.5815797,48.1336660
4104,11.5828851,48.1339596
4105,11.5830878,48.1339862
4106,11.5852875,48.1343189
4107,11.5850535,48.1343586
4108,11.5861578,48.1344885
4109,11.5866663,48.1350113
4110,11.5865434,48.1350592
4111,11.5867263,48.1351685
4112,11.5875136,48.1373390
4113,11.5914693,48.1445026
4114,11.5930237,48.1465476
4115,11.5744331,48.1328458
4116,11.5762215,48.1331397
4117,11.5763228,48.1331498
4118,11.5762320,48.1332250
4119,11.5834032,48.1389495
4120,11.5779781,48.1394961
4121,11.5858808,48.1421229
4122,11.5538484,48.1335548
4123,11.5535467,48.1336294
4124,11.5536309,48.1336862
4125,11.5536567,48.1338247
4126,11.5538611,48.1338695
4127,11.5526290,48.1349011
4128,11.5531639,48.1352514
4129,11.5512409,48.1357739
4130,11.5771654,48.1390119
4131,11.5662380,48.1403542
4132,11.5662749,48.1403878
4133,11.5669480,48.1404598
4134,11.5674348,48.1405625
4135,11.5661895,48.1406527
4136,11.5679709,48.1407701
4137,11.5703526,48.1465264
4138,11.5735396,48.1398503
4139,11.5737572,48.1400259
4140,11.5585556,48.1487526
4141,11.5818230,48.1509710
4142,11.5754916,48.1455145
4143,11.5741949,48.1440055
4144,11.5743063,48.1439491
4145,11.5767098,48.1455664
4146,11.5566277,48.1425473
4147,11.5572215,48.1435438
4148,11.5572666,48.1436042
4149,11.5581889,48.1454972
4150,11.5642157,48.1464767
4151,11.5678572,48.1426293
4152,11.5679210,48.1427499
4153,11.5818365,48.1235100
4154,11.5811902,48.1243633
4155,11.5813343,48.1245430
4156,11.5810180,48.1243646
4157,11.5814374,48.1246376
4158,11.5865564,48.1527445
4159,11.5849676,48.1532826
4160,11.5804346,48.1371295
4161,11.5698057,48.1520062
4162,11.5685330,48.1523679
4163,11.5663799,48.1529857
4164,11.5657576,48.1519996
4165,11.5673411,48.1527075
4166,11.5680318,48.1539438
4167,11.5716265,48.1542035
4168,11.5498632,48.1366421
4169,11.5499298,48.1365326
4170,11.5503070,48.1361486
4171,11.5598588,48.1504981
4172,11.5618836,48.1517886
4173,11.5569668,48.1498439
4174,11.5570846,48.1500239
4175,11.5615560,48.1221161
4176,11.5545169,48.1276595
4177,11.5542790,48.1275235
4178,11.5574810,48.1257168
4179,11.5574502,48.1256908
4180,11.5625109,48.1216561
4181,11.5627777,48.1248250
4182,11.5631839,48.1232457
4183,11.5545846,48.1288089
4184,11.5617359,48.1279975
4185,11.5624332,48.1284605
4186,11.5631206,48.1283267
4187,11.5540033,48.1273651
4188,11.5623483,48.1297911
4189,11.5614353,48.1286515
4190,11.5594963,48.1289993
4191,11.5557652,48.1266706
4192,11.5604354,48.1274246
4193,11.5557179,48.1264034
4194,11.5534365,48.1281647
4195,11.5496390,48.1374099
4196,11.5497928,48.1374058
4197,11.5496642,48.1376609
4198,11.5598254,48.1441347
4199,11.5510425,48.1395024
4200,11.5510833,48.1396330
4201,11.5524240,48.1390618
4202,11.5906486,48.1391196
4203,11.5833400,48.1386843
4204,11.5833619,48.1388270
4205,11.5834836,48.1391309
4206,11.5836100,48.1393334
4207,11.5836912,48.1394297
4208,11.5573177,48.1346876
4209,11.5569909,48.1347329
4210,11.5558390,48.1356781
4211,11.5564390,48.1348084
4212,11.5613083,48.1342261
4213,11.5558556,48.1360161
4214,11.5940785,48.1286869
4215,11.5938926,48.1287753
4216,11.5956375,48.1302502
4217,11.5506259,48.1439325
4218,11.5746574,48.1290290
4219,11.5713552,48.1306444
4220,11.5795347,48.1328280
4221,11.5744362,48.1279756
4222,11.5712302,48.1278365
4223,11.5713802,48.1276869
4224,11.5730053,48.1268660
4225,11.5739300,48.1295679
4226,11.5725550,48.1266277
4227,11.5671219,48.1271923
4228,11.5681897,48.1302443
4229,11.5656197,48.1245028
4230,11.5706117,48.1264237
4231,11.5754822,48.1346820
4232,11.5718146,48.1272536
4233,11.5716251,48.1274427
4234,11.5795766,48.1339631
4235,11.5791100,48.1292331
4236,11.5793942,48.1293703
4237,11.5791854,48.1293726
4238,11.5824929,48.1310072
4239,11.5881811,48.1376804
4240,11.5880145,48.1377061
4241,11.5868748,48.1379808
4242,11.5867993,48.1379955
4243,11.5870632,48.1380549
4244,11.5867123,48.1381056
4245,11.5866938,48.1381968
4246,11.5882133,48.1383925
4247,11.5879744,48.1385410
4248,11.5868191,48.1386348
4249,11.5868937,48.1389056
4250,11.5876366,48.1389522
4251,11.5875620,48.1391104
4252,11.5874471,48.1393737
4253,11.5865920,48.1263238
4254,11.5843960,48.1268105
4255,11.5850285,48.1268289
4256,11.5852724,48.1271790
4257,11.5868939,48.1291487
4258,11.5836322,48.1280487
4259,11.5782148,48.1324699
4260,11.5761125,48.1278026
4261,11.5763801,48.1279372
4262,11.5794161,48.1291771
4263,11.5789909,48.1291791
4264,11.5790738,48.1292167
4265,11.5794338,48.1293909
4266,11.5791418,48.1294071
4267,11.5642038,48.1363266
4268,11.5646118,48.1364862
4269,11.5651336,48.1365061
4270,11.5651701,48.1367901
4271,11.5695302,48.1411069
4272,11.5712250,48.1416421
4273,11.5691706,48.1417104
4274,11.5712656,48.1417276
4275,11.5709786,48.1421323
4276,11.5708392,48.1421642
4277,11.5732017,48.1421810
4278,11.5708835,48.1422626
4279,11.5735451,48.1429983
4280,11.5744608,48.1432324
4281,11.5736515,48.1432465
4282,11.5737584,48.1435158
4283,11.5736372,48.1435448
4284,11.5731263,48.1435782
4285,11.5736783,48.1436033
4286,11.5717123,48.1439591
4287,11.5716595,48.1439743
4288,11.5718958,48.1440457
4289,11.5938990,48.1288853
4290,11.5763388,48.1428652
4291,11.5753438,48.1430192
4292,11.5752952,48.1430869
4293,11.5751503,48.1431070
4294,11.5746649,48.1446769
4295,11.5787598,48.1450968
4296,11.5791465,48.1453049
4297,11.5747854,48.1453720
4298,11.5785136,48.1453385
4299,11.5773276,48.1453716
4300,11.5773533,48.1454369
4301,11.5773670,48.1454785
4302,11.5744715,48.1455787
4303,11.5775508,48.1455146
4304,11.5771509,48.1455147
4305,11.5789511,48.1455157
4306,11.5772272,48.1455159
4307,11.5744851,48.1456142
4308,11.5762005,48.1456498
4309,11.5730951,48.1459048
4310,11.5731144,48.1461173
4311,11.5733292,48.1461657
4312,11.5810250,48.1364818
4313,11.5857409,48.1258356
4314,11.5852018,48.1264505
4315,11.5852104,48.1266277
4316,11.5852303,48.1268417
4317,11.5642235,48.1463954
4318,11.5756194,48.1282754
4319,11.5755915,48.1284825
4320,11.5793016,48.1462846
4321,11.5794799,48.1466658
4322,11.5792299,48.1469122
4323,11.5796210,48.1469673
4324,11.5574698,48.1257073
4325,11.5575679,48.1257902
4326,11.5814714,48.1304377
4327,11.5721215,48.1366771
4328,11.5725936,48.1369528
4329,11.5701458,48.1373164
4330,11.5698046,48.1373851
4331,11.5692033,48.1375099
4332,11.5691236,48.1376856
4333,11.5839735,48.1238497
4334,11.5823035,48.1350622
4335,11.5900461,48.1311331
4336,11.5840901,48.1373185
4337,11.5902152,48.1310732
4338,11.5903212,48.1311320
4339,11.5875078,48.1305060
4340,11.5877159,48.1309732
4341,11.5870120,48.1299419
4342,11.5843674,48.1269400
4343,11.5844118,48.1270039
4344,11.5843716,48.1270650
4345,11.5843134,48.1270881
4346,11.5853081,48.1273413
4347,11.5856232,48.1278212
4348,11.5877842,48.1279493
4349,11.5655039,48.1239342
4350,11.5642406,48.1244504
4351,11.5583162,48.1263510
4352,11.5579171,48.1265788
4353,11.5561820,48.1280077
4354,11.5560641,48.1280820
4355,11.5567967,48.1276308
4356,11.5584737,48.1261610
4357,11.5923629,48.1295281
4358,11.5601671,48.1486565
4359,11.5753115,48.1282203
4360,11.5753378,48.1282332
4361,11.5779987,48.1537319
4362,11.5862203,48.1358417
4363,11.5931037,48.1314511
4364,11.5927157,48.1314855
4365,11.5922594,48.1316505
4366,11.5918261,48.1318074
4367,11.5531964,48.1361754
4368,11.5594543,48.1493636
4369,11.5876483,48.1314741
4370,11.5877667,48.1315334
4371,11.5878134,48.1315033
4372,11.5878663,48.1315725
4373,11.5876711,48.1316147
4374,11.5863052,48.1317250
4375,11.5893225,48.1317407
4376,11.5831417,48.1312715
4377,11.5932548,48.1361582
4378,11.5782995,48.1538751
4379,11.5813195,48.1544065
4380,11.5961235,48.1352947
4381,11.5943906,48.1355792
4382,11.5941314,48.1355930
4383,11.5946281,48.1356041
4384,11.5938647,48.1356516
4385,11.5936326,48.1357521
4386,11.5954926,48.1359397
4387,11.5932925,48.1360833
4388,11.5931825,48.1364896
4389,11.5932357,48.1366555
4390,11.5937497,48.1369927
4391,11.5948026,48.1370467
4392,11.5939748,48.1370672
4393,11.5945418,48.1371019
4394,11.5942483,48.1371033
4395,11.5844082,48.1540522
4396,11.5794966,48.1553931
4397,11.5964768,48.1361067
4398,11.5966163,48.1364927
4399,11.5919288,48.1329454
4400,11.5922386,48.1330456
4401,11.5928316,48.1332376
4402,11.5934259,48.1334293
4403,11.5941882,48.1336616
4404,11.5922914,48.1330630
4405,11.5912571,48.1322033
4406,11.5921955,48.1235290
4407,11.5900778,48.1238798
4408,11.5905710,48.1276223
4409,11.6015164,48.1393867
4410,11.5927662,48.1262982
4411,11.5926778,48.1264573
4412,11.5788334,48.1333560
4413,11.5810080,48.1410438
4414,11.5811336,48.1413519
4415,11.5810614,48.1411732
4416,11.5613117,48.1411783
4417,11.5771957,48.1365936
4418,11.5773219,48.1367053
4419,11.5784578,48.1386776
4420,11.5785021,48.1386642
4421,11.5665804,48.1337476
4422,11.5761198,48.1412176
4423,11.5805294,48.1384511
4424,11.5856515,48.1376992
4425,11.5808820,48.1510171
4426,11.5830204,48.1469708
4427,11.5829388,48.1467054
4428,11.5531284,48.1360658
4429,11.5886187,48.1394492
4430,11.5882157,48.1244154
4431,11.5792929,48.1546763
4432,11.5788554,48.1547251
4433,11.5999726,48.1355741
4434,11.5995596,48.1355694
4435,11.5997210,48.1356947
4436,11.5994706,48.1356916
4437,11.5987016,48.1357193
4438,11.5761695,48.1205536
4439,11.5777099,48.1209712
4440,11.5783999,48.1214381
4441,11.5792055,48.1221940
4442,11.5793970,48.1224093
4443,11.5795354,48.1226483
4444,11.5771516,48.1483237
4445,11.5747979,48.1485017
4446,11.5735230,48.1358005
4447,11.5743954,48.1361086
4448,11.5750684,48.1488967
4449,11.5835242,48.1486084
4450,11.5734402,48.1202585
4451,11.5730794,48.1204026
4452,11.5712995,48.1211278
4453,11.5701461,48.1214808
4454,11.5696044,48.1216479
4455,11.5691464,48.1217926
4456,11.5664795,48.1226492
4457,11.5676549,48.1232908
4458,11.5687783,48.1238780
4459,11.5655470,48.1241692
4460,11.5614380,48.1246015
4461,11.5619186,48.1251990
4462,11.5572416,48.1272180
4463,11.5569599,48.1274780
4464,11.5565316,48.1278750
4465,11.5561354,48.1279987
4466,11.5563171,48.1280050
4467,11.5560507,48.1280040
4468,11.5560774,48.1281590
4469,11.5557492,48.1282868
4470,11.5561183,48.1284628
4471,11.5557868,48.1285363
4472,11.5557372,48.1286657
4473,11.5668605,48.1308384
4474,11.5713543,48.1252352
4475,11.5701443,48.1273499
4476,11.5788449,48.1392621
4477,11.5788768,48.1393170
4478,11.5667874,48.1247405
4479,11.5869298,48.1379914
4480,11.5870197,48.1380277
4481,11.5869044,48.1379845
4482,11.5869980,48.1380157
4483,11.5869512,48.1379981
4484,11.5870412,48.1380405
4485,11.5867676,48.1380179
4486,11.5867294,48.1380706
4487,11.5871850,48.1433230
4488,11.5872088,48.1433528
4489,11.5867748,48.1433848
4490,11.5867141,48.1434518
4491,11.5859272,48.1436032
4492,11.5613278,48.1401507
4493,11.5586955,48.1296672
4494,11.5701399,48.1284042
4495,11.5683531,48.1289335
4496,11.5671621,48.1294336
4497,11.5671640,48.1294864
4498,11.5636908,48.1393296
4499,11.5604291,48.1420271
4500,11.5994440,48.1341933
4501,11.5593030,48.1460541
4502,11.5581643,48.1457193
4503,11.5613819,48.1445735
4504,11.5872815,48.1272877
4505,11.5623399,48.1425007
4506,11.5704553,48.1343212
4507,11.5555219,48.1478079
4508,11.5545047,48.1482718
4509,11.5555026,48.1477820
4510,11.5550626,48.1471646
4511,11.5553007,48.1474978
4512,11.5580681,48.1433045
4513,11.5599521,48.1436542
4514,11.5600316,48.1433570
4515,11.5598689,48.1439656
4516,11.5804625,48.1487661
4517,11.5807954,48.1494777
4518,11.5854014,48.1414384
4519,11.5935042,48.1261594
4520,11.5936556,48.1261038
4521,11.5676379,48.1297387
4522,11.5558375,48.1356190
4523,11.5664861,48.1379172
4524,11.5669036,48.1228730
4525,11.5672495,48.1232696
4526,11.5669280,48.1234122
4527,11.5669609,48.1236734
4528,11.5819900,48.1307374
4529,11.5825593,48.1310330
4530,11.5766701,48.1280801
4531,11.5832193,48.1340273
4532,11.5842618,48.1325584
4533,11.5713771,48.1252467
4534,11.5707030,48.1256506
4535,11.5852431,48.1326295
4536,11.5794506,48.1359747
4537,11.5795863,48.1359404
4538,11.5818867,48.1502741
4539,11.5816453,48.1501480
4540,11.5809912,48.1510585
4541,11.5805524,48.1506089
4542,11.5819964,48.1503890
4543,11.5813478,48.1500961
4544,11.5807846,48.1509643
4545,11.5815500,48.1501217
4546,11.5682188,48.1376734
4547,11.5706521,48.1367603
4548,11.5703247,48.1364711
4549,11.5699541,48.1373501
4550,11.5705616,48.1366973
4551,11.5700584,48.1398481
4552,11.5717422,48.1414357
4553,11.5722430,48.1416087
4554,11.5796705,48.1368004
4555,11.5785098,48.1369755
4556,11.5605594,48.1236755
4557,11.5834260,48.1347468
4558,11.5842605,48.1362479
4559,11.5820249,48.1387264
4560,11.5816842,48.1384482
4561,11.5818902,48.1373096
4562,11.5832609,48.1370806
4563,11.5760052,48.1465433
4564,11.5748125,48.1520456
4565,11.5749521,48.1520230
4566,11.5754162,48.1519499
4567,11.5744083,48.1527957
4568,11.5745979,48.1506597
4569,11.5728890,48.1504335
4570,11.5724961,48.1498255
4571,11.5726288,48.1500309
4572,11.5619958,48.1429834
4573,11.5648986,48.1427588
4574,11.5657628,48.1441035
4575,11.5617093,48.1444811
4576,11.5685063,48.1436769
4577,11.5639199,48.1412657
4578,11.5661102,48.1446446
4579,11.5652317,48.1479985
4580,11.5631472,48.1494549
4581,11.5646479,48.1470946
4582,11.5604853,48.1471515
4583,11.5611534,48.1483760
4584,11.5621032,48.1478713
4585,11.5607012,48.1485046
4586,11.5601476,48.1449448
4587,11.5605477,48.1471343
4588,11.5617293,48.1493756
4589,11.5618121,48.1493540
4590,11.5716377,48.1413981
4591,11.5744165,48.1422209
4592,11.5799723,48.1451331
4593,11.5804277,48.1438289
4594,11.5800956,48.1459150
4595,11.5727937,48.1340025
4596,11.5911776,48.1405641
4597,11.5736444,48.1484844
4598,11.5732877,48.1485839
4599,11.5660980,48.1506066
4600,11.5720798,48.1502165
4601,11.5683090,48.1512746
4602,11.5661089,48.1519013
4603,11.5682673,48.1512867
4604,11.5663840,48.1505263
4605,11.5616337,48.1518590
4606,11.5632125,48.1514144
4607,11.5664634,48.1505040
4608,11.5810937,48.1241545
4609,11.5812566,48.1242912
4610,11.5810502,48.1244766
4611,11.5574688,48.1457223
4612,11.5538468,48.1467552
4613,11.5530559,48.1470028
4614,11.5578802,48.1452017
4615,11.5567148,48.1459401
4616,11.5625715,48.1465671
4617,11.5621206,48.1466937
4618,11.5716278,48.1509044
4619,11.5562962,48.1450460
4620,11.5563176,48.1449649
4621,11.5649005,48.1358856
4622,11.5977728,48.1350904
4623,11.5977637,48.1351094
4624,11.5883143,48.1431136
4625,11.5661821,48.1378644
4626,11.5863947,48.1535836
4627,11.5559462,48.1387255
4628,11.5759087,48.1222752
4629,11.5774590,48.1222773
4630,11.5759343,48.1221811
4631,11.5759172,48.1222441
4632,11.5878501,48.1243425
4633,11.5885551,48.1221534
4634,11.5905213,48.1224241
4635,11.5639444,48.1438374
4636,11.5641557,48.1437756
4637,11.5847478,48.1282620
4638,11.5801124,48.1365822
4639,11.5778032,48.1493261
4640,11.5676504,48.1477057
4641,11.5689472,48.1498026
4642,11.5689306,48.1490325
4643,11.5684276,48.1482500
4644,11.5655162,48.1508453
4645,11.5655843,48.1509517
4646,11.5661145,48.1518193
4647,11.5660500,48.1517176
4648,11.5945157,48.1330017
4649,11.5945715,48.1329820
4650,11.5849925,48.1378285
4651,11.5559166,48.1378822
4652,11.5573386,48.1378609
4653,11.5674129,48.1477727
4654,11.5668953,48.1479187
4655,11.5775993,48.1427672
4656,11.5483953,48.1359060
4657,11.5507945,48.1358273
4658,11.5504893,48.1359318
4659,11.5500768,48.1360194
4660,11.5485069,48.1360375
4661,11.5492041,48.1360272
4662,11.5494185,48.1360423
4663,11.5495852,48.1360490
4664,11.5495479,48.1360872
4665,11.5494766,48.1360945
4666,11.5492105,48.1361151
4667,11.5491907,48.1362112
4668,11.5488794,48.1362202
4669,11.5490906,48.1363485
4670,11.5738016,48.1436338
4671,11.5737381,48.1436843
4672,11.5719036,48.1199417
4673,11.5788636,48.1452861
4674,11.5788813,48.1453245
4675,11.5752638,48.1455098
4676,11.5775818,48.1455550
4677,11.5774376,48.1455668
4678,11.5771755,48.1455760
4679,11.5774534,48.1456308
4680,11.5771763,48.1456594
4681,11.5695635,48.1449234
4682,11.5541083,48.1483514
4683,11.5888092,48.1374505
4684,11.5891793,48.1374111
4685,11.5613130,48.1466077
4686,11.5607238,48.1456902
4687,11.5600912,48.1447107
4688,11.5633943,48.1350415
4689,11.5639006,48.1458744
4690,11.5977653,48.1323135
4691,11.5999175,48.1325290
4692,11.5883575,48.1227370
4693,11.5747658,48.1326082
4694,11.5669254,48.1323390
4695,11.5581525,48.1298465
4696,11.5584516,48.1299277
4697,11.5731737,48.1461939
4698,11.5607439,48.1346793
4699,11.5555942,48.1391422
4700,11.5553398,48.1391565
4701,11.5555949,48.1392029
4702,11.5558129,48.1392145
4703,11.5559494,48.1392177
4704,11.5591539,48.1515952
4705,11.5655586,48.1347829
4706,11.5655152,48.1348558
4707,11.5557963,48.1299357
4708,11.5557948,48.1300792
4709,11.6015522,48.1332725
4710,11.5494703,48.1375550
4711,11.5488684,48.1375907
4712,11.5731032,48.1261601
4713,11.5663170,48.1225601
4714,11.5667579,48.1227953
4715,11.5636551,48.1291316
4716,11.5638617,48.1294423
4717,11.5843353,48.1376819
4718,11.5844743,48.1376303
4719,11.5705685,48.1283203
4720,11.5704785,48.1283079
4721,11.5697991,48.1262743
4722,11.5692027,48.1257812
4723,11.5677705,48.1423558
4724,11.5575680,48.1302530
4725,11.5575746,48.1303319
4726,11.5881727,48.1372339
4727,11.5883853,48.1372456
4728,11.5879338,48.1372521
4729,11.5884765,48.1372812
4730,11.5878341,48.1372742
4731,11.5877454,48.1372950
4732,11.5885423,48.1373137
4733,11.5876513,48.1373241
4734,11.5886027,48.1373727
4735,11.5886542,48.1375481
4736,11.5886482,48.1376129
4737,11.5874685,48.1376255
4738,11.5886327,48.1376630
4739,11.5885647,48.1377506
4740,11.5885191,48.1377815
4741,11.5884566,48.1378141
4742,11.5883542,48.1378472
4743,11.5883228,48.1378552
4744,11.5882063,48.1378841
4745,11.5881033,48.1378996
4746,11.5880593,48.1379034
4747,11.5880209,48.1379052
4748,11.5879727,48.1379079
4749,11.5753872,48.1282577
4750,11.5735009,48.1301312
4751,11.5598935,48.1443970
4752,11.5602269,48.1449209
4753,11.5588054,48.1467201
4754,11.5946386,48.1330418
4755,11.5945324,48.1330097
4756,11.5939613,48.1327364
4757,11.5707560,48.1492944
4758,11.5692612,48.1495429
4759,11.5681121,48.1477564
4760,11.5583176,48.1463392
4761,11.5602014,48.1472328
4762,11.5576315,48.1477941
4763,11.5566419,48.1479395
4764,11.5558290,48.1391430
4765,11.5588216,48.1297257
4766,11.5591053,48.1298565
4767,11.5559503,48.1388255
4768,11.5559539,48.1389436
4769,11.5811883,48.1414570
4770,11.5759026,48.1463853
4771,11.5979056,48.1359172
4772,11.5979091,48.1359426
4773,11.5979301,48.1360602
4774,11.5979368,48.1360932
4775,11.5743077,48.1360786
4776,11.5938930,48.1256846
4777,11.5939266,48.1257477
4778,11.5698022,48.1411998
4779,11.5882740,48.1372345
4780,11.5794571,48.1392184
4781,11.5778414,48.1395185
4782,11.5783053,48.1394341
4783,11.5627361,48.1488265
4784,11.5610751,48.1421789
4785,11.5610842,48.1422893
4786,11.5607206,48.1423188
4787,11.5607965,48.1424016
4788,11.5592931,48.1428815
4789,11.5579181,48.1433543
4790,11.5575836,48.1434653
4791,11.5564099,48.1438026
4792,11.5977475,48.1320161
4793,11.5975137,48.1318438
4794,11.5807432,48.1245267
4795,11.5817772,48.1217732
4796,11.5758214,48.1436075
4797,11.5757616,48.1436154
4798,11.5758737,48.1436399
4799,11.5626320,48.1261040
4800,11.5630478,48.1266794
4801,11.5632539,48.1269259
4802,11.5574063,48.1290654
4803,11.5593849,48.1299855
4804,11.5645812,48.1325374
4805,11.5656710,48.1346116
4806,11.5638452,48.1373939
4807,11.5854662,48.1380263
4808,11.5855418,48.1380979
4809,11.5841222,48.1435001
4810,11.5622249,48.1417922
4811,11.5580455,48.1331302
4812,11.5637965,48.1274958
4813,11.5579309,48.1332216
4814,11.5708583,48.1212629
4815,11.5710712,48.1211988
4816,11.5561067,48.1345619
4817,11.5559918,48.1346488
4818,11.5609589,48.1401244
4819,11.5638408,48.1275452
4820,11.5584177,48.1268022
4821,11.5584170,48.1269436
4822,11.5693055,48.1450853
4823,11.5799875,48.1386577
4824,11.5797263,48.1387560
4825,11.5650007,48.1388898
4826,11.5655220,48.1387785
4827,11.5673654,48.1465960
4828,11.5586965,48.1421048
4829,11.5589603,48.1429967
4830,11.5640558,48.1463369
4831,11.5631730,48.1448412
4832,11.5805661,48.1345885
4833,11.5931667,48.1474124
4834,11.5672402,48.1308225
4835,11.5674764,48.1318099
4836,11.5685123,48.1325342
4837,11.5663823,48.1311470
4838,11.5979597,48.1357262
4839,11.5755534,48.1283882
4840,11.5612845,48.1244211
4841,11.5817782,48.1360190
4842,11.5836597,48.1373669
4843,11.5615720,48.1494199
4844,11.5834629,48.1243382
4845,11.5659139,48.1514746
4846,11.5973899,48.1330712
4847,11.5851861,48.1276420
4848,11.5941691,48.1426830
4849,11.5624371,48.1363341
4850,11.5701204,48.1308963
4851,11.5885682,48.1373307
4852,11.5817684,48.1336993
4853,11.5805217,48.1338636
4854,11.5765250,48.1200304
4855,11.5707171,48.1409533
4856,11.5705826,48.1407250
4857,11.5611020,48.1219048
4858,11.5814420,48.1352002
4859,11.5686815,48.1486459
4860,11.5691510,48.1497451
4861,11.5660251,48.1371090
4862,11.5660992,48.1375820
4863,11.5764313,48.1209578
4864,11.5802428,48.1490669
4865,11.5930723,48.1366332
4866,11.5752448,48.1193600
4867,11.5755002,48.1194229
4868,11.5754520,48.1194426
4869,11.5752128,48.1195401
4870,11.5751632,48.1195603
4871,11.5754367,48.1196178
4872,11.5712678,48.1209997
4873,11.5716067,48.1210057
4874,11.5715567,48.1210254
4875,11.5712282,48.1211510
4876,11.5715581,48.1211745
4877,11.5676026,48.1229966
4878,11.5672004,48.1230233
4879,11.5667883,48.1235856
4880,11.5672887,48.1238472
4881,11.5676558,48.1240423
4882,11.5669398,48.1335336
4883,11.5665507,48.1335626
4884,11.5663309,48.1404554
4885,11.5666556,48.1404652
4886,11.5671328,48.1405575
4887,11.5667024,48.1405782
4888,11.5675713,48.1405806
4889,11.5676423,48.1406021
4890,11.5667418,48.1406520
4891,11.5663883,48.1332570
4892,11.5659253,48.1343398
4893,11.5657973,48.1344463
4894,11.5647704,48.1360739
4895,11.5649710,48.1365423
4896,11.5643913,48.1373930
4897,11.5649334,48.1374200
4898,11.5658933,48.1395788
4899,11.5650224,48.1291122
4900,11.5580996,48.1264110
4901,11.5777635,48.1427227
4902,11.5741770,48.1199604
4903,11.5739458,48.1200534
4904,11.5738649,48.1200859
4905,11.5736651,48.1201673
4906,11.5617189,48.1249620
4907,11.5620659,48.1250426
4908,11.5616484,48.1251058
4909,11.5619757,48.1252716
4910,11.5560817,48.1282414
4911,11.5557055,48.1282657
4912,11.5561571,48.1284810
4913,11.5557968,48.1298801
4914,11.5559726,48.1299977
4915,11.5557944,48.1301170
4916,11.5544995,48.1308324
4917,11.5553931,48.1314330
4918,11.5555765,48.1324611
4919,11.5557218,48.1325639
4920,11.5554254,48.1325817
4921,11.5584839,48.1326558
4922,11.5582645,48.1327761
4923,11.5588087,48.1328499
4924,11.5557988,48.1329918
4925,11.5585031,48.1330078
4926,11.5585042,48.1331581
4927,11.5557988,48.1336727
4928,11.5585598,48.1344124
4929,11.5558059,48.1344440
4930,11.5587507,48.1344936
4931,11.5583497,48.1345469
4932,11.5585678,48.1346517
4933,11.5557916,48.1347065
4934,11.5560256,48.1348650
4935,11.5554694,48.1349274
4936,11.5557975,48.1350368
4937,11.5558037,48.1353302
4938,11.5558624,48.1362803
4939,11.5493421,48.1363184
4940,11.5566776,48.1363779
4941,11.5560426,48.1363827
4942,11.5558689,48.1364970
4943,11.5495264,48.1365262
4944,11.5496307,48.1373274
4945,11.5558974,48.1373378
4946,11.5497893,48.1373573
4947,11.5561120,48.1374924
4948,11.5556857,48.1374975
4949,11.5500184,48.1375506
4950,11.5509485,48.1375440
4951,11.5559068,48.1376104
4952,11.5498161,48.1377216
4953,11.5496676,48.1377387
4954,11.5496854,48.1381444
4955,11.5498340,48.1382682
4956,11.5498426,48.1387545
4957,11.5494675,48.1388505
4958,11.5494040,48.1388613
4959,11.5498449,48.1388880
4960,11.5500044,48.1389702
4961,11.5499873,48.1389682
4962,11.5559557,48.1390286
4963,11.5559518,48.1391554
4964,11.5559508,48.1391814
4965,11.5559448,48.1393213
4966,11.5596961,48.1450800
4967,11.5733645,48.1510060
4968,11.5732107,48.1510492
4969,11.5685333,48.1437195
4970,11.5675733,48.1469169
4971,11.5516592,48.1390228
4972,11.5685736,48.1424955
4973,11.5683607,48.1425547
4974,11.5682087,48.1425964
4975,11.5832584,48.1354109
4976,11.5841024,48.1317389
4977,11.5836934,48.1329794
4978,11.5835571,48.1330978
4979,11.5860035,48.1332605
4980,11.5828037,48.1338054
4981,11.5827712,48.1338495
4982,11.5827618,48.1338623
4983,11.5826565,48.1340220
4984,11.5825524,48.1341635
4985,11.5776951,48.1344293
4986,11.5822622,48.1345172
4987,11.5798276,48.1345747
4988,11.5794782,48.1345779
4989,11.5813711,48.1346340
4990,11.5811056,48.1347256
4991,11.5793726,48.1350801
4992,11.5613302,48.1286708
4993,11.5630595,48.1414298
4994,11.5614128,48.1417094
4995,11.5614968,48.1417922
4996,11.5616066,48.1418323
4997,11.5617306,48.1418590
4998,11.5619259,48.1418915
4999,11.5659059,48.1366148
5000,11.5545205,48.1391305
5001,11.5753705,48.1550726
5002,11.5753307,48.1552836
5003,11.5753261,48.1553091
5004,11.5744302,48.1553523
5005,11.5732351,48.1509691
5006,11.5731793,48.1510581
5007,11.5733159,48.1510946
5008,11.5736332,48.1517586
5009,11.5718946,48.1488952
5010,11.5720159,48.1489408
5011,11.5718053,48.1489999
5012,11.5719713,48.1490132
5013,11.5725585,48.1500828
5014,11.5675796,48.1419892
5015,11.5679876,48.1426583
5016,11.5677743,48.1427154
5017,11.5609111,48.1533683
5018,11.5605494,48.1521672
5019,11.5669117,48.1332087
5020,11.5703517,48.1318258
5021,11.5701940,48.1318368
5022,11.5705290,48.1318476
5023,11.5707008,48.1318770
5024,11.5699316,48.1318940
5025,11.5708661,48.1319245
5026,11.5706998,48.1320409
5027,11.5704589,48.1321663
5028,11.5690066,48.1322270
5029,11.5686939,48.1325403
5030,11.5688143,48.1326027
5031,11.5675155,48.1326088
5032,11.5688406,48.1326335
5033,11.5690910,48.1326600
5034,11.5689736,48.1327018
5035,11.5688439,48.1327581
5036,11.5679443,48.1337620
5037,11.5680603,48.1337751
5038,11.5681783,48.1337852
5039,11.5716542,48.1503353
5040,11.5659366,48.1515149
5041,11.5658857,48.1340356
5042,11.5628852,48.1523527
5043,11.5628684,48.1523269
5044,11.5793762,48.1369544
5045,11.5790644,48.1384327
5046,11.5831940,48.1379050
5047,11.5803842,48.1259769
5048,11.5962530,48.1299189
5049,11.5964362,48.1298203
5050,11.5601758,48.1513861
5051,11.5720484,48.1214326
5052,11.5720035,48.1214092
5053,11.5586228,48.1388152
5054,11.5608134,48.1352817
5055,11.5747727,48.1438293
5056,11.5998267,48.1342831
5057,11.5993250,48.1327726
5058,11.5603974,48.1497550
5059,11.5622597,48.1492259
5060,11.5642478,48.1486627
5061,11.5851438,48.1426137
5062,11.5854472,48.1429730
5063,11.5918777,48.1418652
5064,11.5916680,48.1415293
5065,11.5778745,48.1238357
5066,11.5511451,48.1397736
5067,11.5515152,48.1390320
5068,11.5518103,48.1390417
5069,11.5607588,48.1392649
5070,11.5607212,48.1394063
5071,11.5868999,48.1353508
5072,11.5884288,48.1374011
5073,11.5882567,48.1374105
5074,11.5826884,48.1339727
5075,11.5828352,48.1340263
5076,11.5837590,48.1341268
5077,11.5786817,48.1470612
5078,11.5786167,48.1470789
5079,11.5827058,48.1342274
5080,11.5635787,48.1311865
5081,11.5637468,48.1312287
5082,11.5635163,48.1313276
5083,11.5632349,48.1315961
5084,11.5628282,48.1316119
5085,11.5632502,48.1317606
5086,11.5710299,48.1317864
5087,11.5631745,48.1318411
5088,11.5631914,48.1318492
5089,11.5629176,48.1318579
5090,11.5696272,48.1320003
5091,11.5637382,48.1321101
5092,11.5714255,48.1322250
5093,11.5677209,48.1326131
5094,11.5741114,48.1328242
5095,11.5744362,48.1330613
5096,11.5733647,48.1333463
5097,11.5737390,48.1333901
5098,11.5734090,48.1335788
5099,11.5737494,48.1335910
5100,11.5730534,48.1338001
5101,11.5733184,48.1338322
5102,11.5728404,48.1339593
5103,11.5762094,48.1344593
5104,11.5798161,48.1346467
5105,11.5754219,48.1346516
5106,11.5757016,48.1346674
5107,11.5799191,48.1346703
5108,11.5800398,48.1346873
5109,11.5812351,48.1448759
5110,11.5979228,48.1364138
5111,11.5755544,48.1543113
5112,11.5762907,48.1543257
5113,11.5776810,48.1202694
5114,11.5817256,48.1204910
5115,11.5778569,48.1206630
5116,11.5779791,48.1209651
5117,11.5779520,48.1210377
5118,11.5780552,48.1211547
5119,11.5814193,48.1217006
5120,11.5791431,48.1217748
5121,11.5787635,48.1217794
5122,11.5789737,48.1219777
5123,11.5822153,48.1225538
5124,11.5821547,48.1228230
5125,11.5819613,48.1231044
5126,11.5819932,48.1232746
5127,11.5797074,48.1232821
5128,11.5816376,48.1235720
5129,11.5817097,48.1236799
5130,11.5802571,48.1237108
5131,11.5805621,48.1239555
5132,11.5791129,48.1240396
5133,11.5808926,48.1241574
5134,11.5808380,48.1244540
5135,11.5813157,48.1244862
5136,11.5809881,48.1245196
5137,11.5794206,48.1245213
5138,11.5812693,48.1245239
5139,11.5789505,48.1247385
5140,11.5806434,48.1247439
5141,11.5795798,48.1247693
5142,11.5799980,48.1252309
5143,11.5797980,48.1252348
5144,11.5797039,48.1253015
5145,11.5787132,48.1254116
5146,11.5790149,48.1256611
5147,11.5786625,48.1260675
5148,11.5829879,48.1260717
5149,11.5844391,48.1262507
5150,11.5845748,48.1262892
5151,11.5842920,48.1262993
5152,11.5780647,48.1263484
5153,11.5833132,48.1263808
5154,11.5780238,48.1264572
5155,11.5837850,48.1264592
5156,11.5781140,48.1265128
5157,11.5783733,48.1265422
5158,11.5832959,48.1266371
5159,11.5832571,48.1266490
5160,11.5775848,48.1267841
5161,11.5827772,48.1268303
5162,11.5827060,48.1268585
5163,11.5823618,48.1270113
5164,11.5772285,48.1270624
5165,11.5768570,48.1273372
5166,11.5769654,48.1273842
5167,11.5814922,48.1275057
5168,11.5813004,48.1276251
5169,11.5750744,48.1287200
5170,11.5731724,48.1299237
5171,11.5734306,48.1299380
5172,11.5732050,48.1299442
5173,11.5733915,48.1299670
5174,11.5733975,48.1300658
5175,11.5732407,48.1300787
5176,11.5734536,48.1301014
5177,11.5732041,48.1301053
5178,11.5721874,48.1308591
5179,11.5702565,48.1318306
5180,11.5685397,48.1331801
5181,11.5688639,48.1337777
5182,11.5690912,48.1337856
5183,11.5683414,48.1337887
5184,11.5686173,48.1337892
5185,11.5684897,48.1337919
5186,11.5692441,48.1338068
5187,11.5681294,48.1338660
5188,11.5696268,48.1338898
5189,11.5680593,48.1339599
5190,11.5699391,48.1340014
5191,11.5677093,48.1343838
5192,11.5712617,48.1349265
5193,11.5713853,48.1349994
5194,11.5715200,48.1350661
5195,11.5717871,48.1351816
5196,11.5719961,48.1352377
5197,11.5722447,48.1352755
5198,11.5881000,48.1243498
5199,11.5976384,48.1319178
5200,11.5964293,48.1311282
5201,11.5963002,48.1311613
5202,11.5985523,48.1314715
5203,11.5979788,48.1320241
5204,11.5976429,48.1322545
5205,11.5975351,48.1340324
5206,11.5624799,48.1392879
5207,11.5562501,48.1374900
5208,11.5559088,48.1376653
5209,11.5559539,48.1389286
5210,11.6002184,48.1406874
5211,11.5999688,48.1407359
5212,11.5725016,48.1216757
5213,11.5724654,48.1216503
5214,11.5739109,48.1359575
5215,11.5737074,48.1358856
5216,11.5767107,48.1281009
5217,11.5750485,48.1281193
5218,11.5757233,48.1283410
5219,11.5962714,48.1341091
5220,11.5961298,48.1341531
5221,11.5689565,48.1443562
5222,11.5762153,48.1330892
5223,11.5763763,48.1331262
5224,11.5761109,48.1331842
5225,11.5763994,48.1332322
5226,11.5762367,48.1332572
5227,11.5769102,48.1333548
5228,11.5921907,48.1393943
5229,11.5924607,48.1396769
5230,11.5917751,48.1407084
5231,11.5916998,48.1407201
5232,11.5746654,48.1362227
5233,11.5730881,48.1510823
5234,11.5709712,48.1309870
5235,11.5713443,48.1312706
5236,11.5715866,48.1313111
5237,11.5714615,48.1314147
5238,11.5716763,48.1314398
5239,11.5724437,48.1318432
5240,11.5759309,48.1282553
5241,11.5754804,48.1283194
5242,11.5782553,48.1263618
5243,11.5780948,48.1263672
5244,11.5782529,48.1264664
5245,11.5617046,48.1424753
5246,11.5794106,48.1451411
5247,11.5936658,48.1420063
5248,11.5753389,48.1453960
5249,11.5581500,48.1416440
5250,11.5671526,48.1233231
5251,11.5670751,48.1233571
5252,11.5608458,48.1253711
5253,11.5579161,48.1416908
5254,11.5614912,48.1252495
5255,11.5616779,48.1250960
5256,11.5583030,48.1296149
5257,11.5583494,48.1303343
5258,11.5582954,48.1296545
5259,11.5582992,48.1298325
5260,11.5583013,48.1299325
5261,11.5584242,48.1305974
5262,11.5565369,48.1419757
5263,11.5802080,48.1391560
5264,11.5954474,48.1359277
5265,11.5955511,48.1359524
5266,11.5956775,48.1359742
5267,11.5959175,48.1359753
5268,11.5957374,48.1359793
5269,11.5956300,48.1363254
5270,11.5583842,48.1500840
5271,11.5579332,48.1502406
5272,11.5580772,48.1503717
5273,11.5580833,48.1508517
5274,11.5581289,48.1510452
5275,11.5890616,48.1373749
5276,11.5582996,48.1504689
5277,11.5580130,48.1505164
5278,11.5582160,48.1506514
5279,11.5581632,48.1507392
5280,11.5878035,48.1313733
5281,11.5847072,48.1323420
5282,11.5848012,48.1324254
5283,11.5963709,48.1341954
5284,11.5612982,48.1411842
5285,11.5611145,48.1412668
5286,11.5610948,48.1412762
5287,11.5607479,48.1412394
5288,11.5857896,48.1214371
5289,11.5861218,48.1216011
5290,11.5860132,48.1217819
5291,11.5748992,48.1349959
5292,11.5861024,48.1345078
5293,11.5902489,48.1234547
5294,11.5894886,48.1236168
5295,11.5889464,48.1248916
5296,11.5874838,48.1255136
5297,11.5857168,48.1258423
5298,11.5888246,48.1237881
5299,11.5538694,48.1424070
5300,11.5557102,48.1391427
5301,11.5561934,48.1392229
5302,11.5603614,48.1424628
5303,11.5603720,48.1425673
5304,11.5600930,48.1425891
5305,11.5600821,48.1426748
5306,11.5601734,48.1428213
5307,11.5561711,48.1418884
5308,11.5560442,48.1418952
5309,11.5562686,48.1421621
5310,11.5561173,48.1421915
5311,11.5625933,48.1406157
5312,11.5704269,48.1518310
5313,11.5657829,48.1531543
5314,11.5679017,48.1525492
5315,11.5761141,48.1502334
5316,11.5706426,48.1516851
5317,11.5708085,48.1517227
5318,11.5707391,48.1518357
5319,11.5741577,48.1328580
5320,11.5743937,48.1328739
5321,11.5742949,48.1329445
5322,11.5742590,48.1329571
5323,11.5742798,48.1329731
5324,11.5741649,48.1329992
5325,11.5743919,48.1330290
5326,11.5742305,48.1330484
5327,11.5736215,48.1333711
5328,11.5736894,48.1334268
5329,11.5803328,48.1490427
5330,11.5652327,48.1358630
5331,11.5663937,48.1361061
5332,11.5663768,48.1362251
5333,11.5573802,48.1387126
5334,11.5571539,48.1374744
5335,11.5571068,48.1374752
5336,11.5573265,48.1376231
5337,11.5586379,48.1390389
5338,11.5584362,48.1391825
5339,11.5589035,48.1393230
5340,11.5566874,48.1374829
5341,11.5584773,48.1324116
5342,11.5871718,48.1218931
5343,11.5876359,48.1219999
5344,11.5882173,48.1221027
5345,11.5817892,48.1367211
5346,11.5813039,48.1369036
5347,11.5765291,48.1428258
5348,11.5991291,48.1356996
5349,11.5558762,48.1367131
5350,11.5899468,48.1223441
5351,11.5781429,48.1301966
5352,11.5952987,48.1367624
5353,11.5954595,48.1365057
5354,11.5951499,48.1368794
5355,11.5949896,48.1369731
5356,11.5930555,48.1365735
5357,11.5932335,48.1362252
5358,11.5934717,48.1358617
5359,11.5705424,48.1213579
5360,11.5721410,48.1214809
5361,11.5707779,48.1203539
5362,11.5996537,48.1356938
5363,11.5810405,48.1383031
5364,11.5808053,48.1383034
5365,11.5742066,48.1343860
5366,11.5746523,48.1341638
5367,11.5742682,48.1344258
5368,11.5756704,48.1319614
5369,11.5711046,48.1320490
5370,11.5724267,48.1328000
5371,11.5740548,48.1331694
5372,11.5735530,48.1334688
5373,11.5696335,48.1547834
5374,11.5700765,48.1554729
5375,11.5795381,48.1294452
5376,11.5788253,48.1392325
5377,11.5985469,48.1409236
5378,11.5985708,48.1409303
5379,11.5986123,48.1409509
5380,11.5986287,48.1409644
5381,11.5983942,48.1409436
5382,11.5986416,48.1409794
5383,11.5983566,48.1409748
5384,11.5986558,48.1410125
5385,11.5983450,48.1409934
5386,11.5983389,48.1410131
5387,11.5986566,48.1410298
5388,11.5983437,48.1410530
5389,11.5986458,48.1410636
5390,11.5983544,48.1410718
5391,11.5983906,48.1411037
5392,11.5984148,48.1411157
5393,11.5984710,48.1411296
5394,11.5985011,48.1411311
5395,11.5942103,48.1284581
5396,11.5896314,48.1315218
5397,11.5711234,48.1251123
5398,11.5705978,48.1255972
5399,11.5626267,48.1381106
5400,11.5667444,48.1235625
5401,11.5580501,48.1327740
5402,11.5583111,48.1327839
5403,11.5583113,48.1329370
5404,11.5581511,48.1329863
5405,11.5582854,48.1330683
5406,11.5582968,48.1330726
5407,11.5559362,48.1346809
5408,11.5585006,48.1265691
5409,11.5584242,48.1266329
5410,11.5891351,48.1247045
5411,11.5749417,48.1350843
5412,11.5739734,48.1354453
5413,11.5703255,48.1308591
5414,11.5759209,48.1502168
5415,11.5758596,48.1503062
5416,11.5680911,48.1524100
5417,11.5680434,48.1525102
5418,11.5781353,48.1264290
5419,11.5781519,48.1264559
5420,11.5690746,48.1443334
5421,11.5688360,48.1444029
5422,11.5694915,48.1449694
5423,11.5692467,48.1450398
5424,11.5694713,48.1450886
5425,11.5693928,48.1451118
5426,11.5679764,48.1475475
5427,11.5681539,48.1475641
5428,11.5745402,48.1481147
5429,11.5747112,48.1481842
5430,11.5821463,48.1520943
5431,11.5819175,48.1521481
5432,11.5653858,48.1507320
5433,11.5717868,48.1529451
5434,11.5718479,48.1529549
5435,11.5716649,48.1529561
5436,11.5719078,48.1529719
5437,11.5719927,48.1530212
5438,11.5720269,48.1530535
5439,11.5721225,48.1532093
5440,11.5721311,48.1532451
5441,11.5721279,48.1533217
5442,11.5721169,48.1533576
5443,11.5720910,48.1533930
5444,11.5719770,48.1534653
5445,11.5880785,48.1372381
5446,11.5880234,48.1373472
5447,11.5879388,48.1373533
5448,11.5880976,48.1373879
5449,11.5881559,48.1374218
5450,11.5879221,48.1374235
5451,11.5879062,48.1374791
5452,11.5882897,48.1376417
5453,11.5882422,48.1376953
5454,11.5886119,48.1377010
5455,11.5879911,48.1377071
5456,11.5880503,48.1377347
5457,11.5882160,48.1377376
5458,11.5881124,48.1377693
5459,11.5881821,48.1378284
5460,11.5833204,48.1385518
5461,11.5813333,48.1389316
5462,11.5719049,48.1513497
5463,11.5716600,48.1503336
5464,11.5713516,48.1504711
5465,11.5850402,48.1343850
5466,11.5622088,48.1294309
5467,11.5964957,48.1358857
5468,11.5965336,48.1359809
5469,11.5899161,48.1372120
5470,11.5789583,48.1218525
5471,11.5654879,48.1386137
5472,11.5590229,48.1474682
5473,11.5590505,48.1475302
5474,11.5502361,48.1431869
5475,11.5750836,48.1414251
5476,11.5749515,48.1414695
5477,11.5713110,48.1395870
5478,11.5723096,48.1392831
5479,11.5684144,48.1333722
5480,11.5846484,48.1204685
5481,11.5680021,48.1542385
5482,11.5680892,48.1543584
5483,11.5888488,48.1433765
5484,11.5776744,48.1491264
5485,11.5694065,48.1362126
5486,11.5695348,48.1362607
5487,11.5677613,48.1343164
5488,11.5924164,48.1427392
5489,11.5557851,48.1247957
5490,11.5799692,48.1203882
5491,11.5800181,48.1204585
5492,11.5803232,48.1213640
5493,11.5802052,48.1214070
5494,11.5800148,48.1214486
5495,11.5804605,48.1215172
5496,11.5795132,48.1216277
5497,11.5793228,48.1217015
5498,11.5816551,48.1217501
5499,11.5779552,48.1209068
5500,11.5798025,48.1215255
5501,11.5806019,48.1215604
5502,11.5827333,48.1245804
5503,11.5778397,48.1232075
5504,11.5633877,48.1451670
5505,11.5595236,48.1343945
5506,11.5597905,48.1343602
5507,11.5594131,48.1344086
5508,11.5852380,48.1208719
5509,11.5853541,48.1209965
5510,11.5853967,48.1210412
5511,11.5821979,48.1217260
5512,11.5822169,48.1217540
5513,11.5824657,48.1220202
5514,11.5826272,48.1221953
5515,11.5798589,48.1232409
5516,11.5776006,48.1363838
5517,11.5776118,48.1245198
5518,11.5812016,48.1260269
5519,11.5857502,48.1286463
5520,11.5871467,48.1356101
5521,11.5595390,48.1419195
5522,11.5576433,48.1434455
5523,11.5730335,48.1506571
5524,11.5614354,48.1519148
5525,11.5620725,48.1443785
5526,11.5637483,48.1438947
5527,11.5576599,48.1502168
5528,11.5566606,48.1494155
5529,11.5567658,48.1495682
5530,11.5552049,48.1494970
5531,11.5567511,48.1495469
5532,11.5574270,48.1443406
5533,11.5537257,48.1467913
5534,11.5575869,48.1446652
5535,11.5709155,48.1505414
5536,11.5600897,48.1381574
5537,11.5626431,48.1222812
5538,11.5585982,48.1357337
5539,11.5608304,48.1354416
5540,11.5607723,48.1349219
5541,11.5608495,48.1356202
5542,11.5755536,48.1436604
5543,11.5759337,48.1437115
5544,11.5749821,48.1437840
5545,11.5745592,48.1438755
5546,11.5745812,48.1443392
5547,11.5746668,48.1445241
5548,11.5995998,48.1398147
5549,11.5555470,48.1480888
5550,11.5558771,48.1480383
5551,11.5782724,48.1324494
5552,11.5798743,48.1287859
5553,11.5815990,48.1378134
5554,11.5744988,48.1441612
5555,11.5664705,48.1400360
5556,11.5789182,48.1268580
5557,11.5963994,48.1423891
5558,11.5592504,48.1462650
5559,11.5579944,48.1433289
5560,11.5577062,48.1333867
5561,11.5585239,48.1336017
5562,11.5946122,48.1489459
5563,11.5947529,48.1490713
5564,11.5947114,48.1490926
5565,11.5604119,48.1520885
5566,11.5602721,48.1521495
5567,11.5604477,48.1522509
5568,11.5772720,48.1366697
5569,11.5671222,48.1452639
5570,11.5677940,48.1450757
5571,11.5673650,48.1451947
5572,11.5630440,48.1466627
5573,11.5676179,48.1348837
5574,11.5841313,48.1237206
5575,11.5837289,48.1240679
5576,11.5835828,48.1241731
5577,11.5875847,48.1432576
5578,11.5878031,48.1432151
5579,11.5776835,48.1395451
5580,11.5865288,48.1375323
5581,11.5986228,48.1357205
5582,11.5971810,48.1357581
5583,11.5642193,48.1373933
5584,11.5636381,48.1373942
5585,11.5634838,48.1373953
5586,11.5584356,48.1308796
5587,11.5571099,48.1325824
5588,11.5584597,48.1317656
5589,11.5574512,48.1478243
5590,11.5573751,48.1478360
5591,11.5579136,48.1477399
5592,11.5555072,48.1477882
5593,11.5562264,48.1487945
5594,11.5575580,48.1502088
5595,11.5807266,48.1493306
5596,11.5839638,48.1500374
5597,11.5841660,48.1506776
5598,11.5835377,48.1519889
5599,11.5827343,48.1521298
5600,11.5844428,48.1515498
5601,11.5836789,48.1491141
5602,11.5829402,48.1467101
5603,11.5837140,48.1492253
5604,11.5834761,48.1484520
5605,11.5832643,48.1477636
5606,11.5830400,48.1470344
5607,11.5828033,48.1462652
5608,11.5831533,48.1474028
5609,11.5585804,48.1351017
5610,11.5585913,48.1355115
5611,11.5645917,48.1485687
5612,11.5649048,48.1484804
5613,11.5646603,48.1485494
5614,11.5599980,48.1508893
5615,11.5587949,48.1502006
5616,11.5769579,48.1427369
5617,11.5698741,48.1457865
5618,11.5798130,48.1491860
5619,11.5975686,48.1323103
5620,11.5797075,48.1317979
5621,11.5886427,48.1375199
5622,11.5886477,48.1374683
5623,11.5886367,48.1374379
5624,11.5886490,48.1373991
5625,11.5886120,48.1373879
5626,11.5885937,48.1374004
5627,11.5874810,48.1376625
5628,11.5874953,48.1376907
5629,11.5875347,48.1377284
5630,11.5874984,48.1376970
5631,11.5874745,48.1376495
5632,11.5886788,48.1375060
5633,11.5886332,48.1374284
5634,11.5886529,48.1374828
5635,11.5888943,48.1373911
5636,11.5599918,48.1435068
5637,11.5490123,48.1383023
5638,11.5594553,48.1329230
5639,11.5633557,48.1352654
5640,11.5801562,48.1517439
5641,11.5806532,48.1515968
5642,11.5790917,48.1512942
5643,11.5769907,48.1518616
5644,11.5687949,48.1488224
5645,11.5563069,48.1363807
5646,11.5562483,48.1363812
5647,11.5565673,48.1363787
5648,11.5785309,48.1373028
5649,11.5987098,48.1346770
5650,11.5987760,48.1347642
5651,11.6001789,48.1355821
5652,11.6001756,48.1357009
5653,11.5993892,48.1355679
5654,11.5646374,48.1340192
5655,11.5997825,48.1401757
5656,11.5647010,48.1340038
5657,11.5641862,48.1341282
5658,11.5641362,48.1341403
5659,11.5771130,48.1371138
5660,11.5613632,48.1466904
5661,11.5703070,48.1511616
5662,11.5719564,48.1522409
5663,11.5609307,48.1412169
5664,11.5609135,48.1412158
5665,11.5608589,48.1412204
5666,11.5608709,48.1412188
5667,11.5557728,48.1267074
5668,11.6005664,48.1356080
5669,11.5976132,48.1323105
5670,11.5563469,48.1454636
5671,11.5564851,48.1438969
5672,11.5563190,48.1449080
5673,11.5562076,48.1446667
5674,11.5558802,48.1368316
5675,11.5558833,48.1369220
5676,11.5705287,48.1467987
5677,11.5675783,48.1416452
5678,11.5763286,48.1205997
5679,11.5764474,48.1206177
5680,11.5736815,48.1355858
5681,11.5669887,48.1330835
5682,11.5642424,48.1457698
5683,11.5644678,48.1457852
5684,11.5643214,48.1463872
5685,11.5647517,48.1461120
5686,11.5647215,48.1461872
5687,11.5645787,48.1463103
5688,11.5646656,48.1462535
5689,11.5747292,48.1506228
5690,11.5680833,48.1326907
5691,11.5680820,48.1326176
5692,11.5682798,48.1325151
5693,11.5827282,48.1536039
5694,11.5808783,48.1496548
5695,11.5834206,48.1482716
5696,11.5847900,48.1405276
5697,11.5494029,48.1361014
5698,11.5491600,48.1363959
5699,11.5654868,48.1328863
5700,11.5888892,48.1247897
5701,11.5889402,48.1248184
5702,11.5888438,48.1247642
5703,11.5585522,48.1512675
5704,11.5718438,48.1394249
5705,11.5891340,48.1249134
5706,11.5890527,48.1248756
5707,11.5654318,48.1329492
5708,11.5689136,48.1412798
5709,11.5688682,48.1412974
5710,11.5605645,48.1525788
5711,11.5771425,48.1241456
5712,11.5734380,48.1418131
5713,11.5820241,48.1265765
5714,11.5619583,48.1363362
5715,11.5779743,48.1210031
5716,11.5778294,48.1210334
5717,11.5780945,48.1211753
5718,11.5558620,48.1326290
5719,11.5558429,48.1326507
5720,11.5559929,48.1325111
5721,11.5559618,48.1325456
5722,11.5557056,48.1325409
5723,11.5555441,48.1324304
5724,11.5556141,48.1324845
5725,11.5558530,48.1325115
5726,11.5557749,48.1325151
5727,11.5560867,48.1323540
5728,11.5560604,48.1315885
5729,11.5555227,48.1315846
5730,11.5866824,48.1264531
5731,11.5946700,48.1266155
5732,11.5947392,48.1266177
5733,11.5950385,48.1266832
5734,11.5893626,48.1306574
5735,11.5753528,48.1551519
5736,11.5758160,48.1529172
5737,11.5571144,48.1254034
5738,11.5557535,48.1254295
5739,11.5573636,48.1256177
5740,11.5678406,48.1337476
5741,11.5962843,48.1340617
5742,11.5642442,48.1511280
5743,11.5573252,48.1445537
5744,11.5624200,48.1516373
5745,11.5735844,48.1356542
5746,11.5581087,48.1393071
5747,11.5934260,48.1404530
5748,11.5846487,48.1495233
5749,11.5839029,48.1498392
5750,11.5830568,48.1470891
5751,11.5731834,48.1421932
5752,11.5739445,48.1363362
5753,11.5832211,48.1476229
5754,11.5656845,48.1330624
5755,11.5564799,48.1374863
5756,11.5510772,48.1375432
5757,11.5708764,48.1284991
5758,11.5828437,48.1245306
5759,11.5809992,48.1242284
5760,11.5798592,48.1251527
5761,11.5782206,48.1263869
5762,11.5557885,48.1297889
5763,11.5557932,48.1301970
5764,11.5557983,48.1328557
5765,11.5665608,48.1453491
5766,11.5548299,48.1440128
5767,11.5979205,48.1360086
5768,11.5986072,48.1411018
5769,11.5984863,48.1409186
5770,11.5984515,48.1409228
5771,11.5985719,48.1411188
5772,11.5704018,48.1290666
5773,11.5588487,48.1415006
5774,11.5820549,48.1505241
5775,11.5584229,48.1421575
5776,11.5557984,48.1345375
5777,11.5769233,48.1369948
5778,11.5557806,48.1310289
5779,11.5601603,48.1387340
5780,11.5601333,48.1385334
5781,11.5564455,48.1279490
5782,11.5583639,48.1264101
5783,11.5587788,48.1265610
5784,11.5603698,48.1273892
5785,11.5594724,48.1269058
5786,11.5595917,48.1269694
5787,11.5591711,48.1267453
5788,11.5583783,48.1298213
5789,11.5584440,48.1296067
5790,11.5605985,48.1288017
5791,11.5608053,48.1287647
5792,11.5602814,48.1288584
5793,11.5593071,48.1290337
5794,11.5597372,48.1289557
5795,11.5634043,48.1314345
5796,11.5635821,48.1312818
5797,11.5626591,48.1303850
5798,11.5626014,48.1301330
5799,11.5632673,48.1308867
5800,11.5589758,48.1259472
5801,11.5586437,48.1260751
5802,11.5588319,48.1260001
5803,11.5587714,48.1260221
5804,11.5579285,48.1265681
5805,11.5578484,48.1266433
5806,11.5642865,48.1242442
5807,11.5624921,48.1249201
5808,11.5606573,48.1254649
5809,11.5566025,48.1286894
5810,11.5577734,48.1267145
5811,11.5577481,48.1267385
5812,11.5574882,48.1269849
5813,11.5574650,48.1270069
5814,11.5580481,48.1264559
5815,11.5580536,48.1261635
5816,11.5585237,48.1261357
5817,11.5634453,48.1246026
5818,11.5652160,48.1338807
5819,11.5779481,48.1497031
5820,11.5780723,48.1497385
5821,11.5779983,48.1496275
5822,11.5781284,48.1496509
5823,11.5582414,48.1363544
5824,11.5818155,48.1502251
5825,11.5805876,48.1507526
5826,11.5812736,48.1239470
5827,11.5754385,48.1544004
5828,11.5754130,48.1543583
5829,11.5754592,48.1544489
5830,11.5946022,48.1266281
5831,11.5666876,48.1379940
5832,11.5665826,48.1378682
5833,11.5769486,48.1216058
5834,11.5769516,48.1216098
5835,11.5990659,48.1312792
5836,11.5949928,48.1278107
5837,11.5951825,48.1279311
5838,11.5619648,48.1286608
5839,11.5679245,48.1284846
5840,11.5563989,48.1299670
5841,11.5563159,48.1299730
5842,11.5571733,48.1289564
5843,11.5531868,48.1433289
5844,11.5585535,48.1487609
5845,11.5606561,48.1423443
5846,11.5986855,48.1409236
5847,11.5648133,48.1473622
5848,11.5915008,48.1236021
5849,11.5636905,48.1273836
5850,11.5621220,48.1254573
5851,11.5779276,48.1531042
5852,11.5790562,48.1547027
5853,11.5701080,48.1508511
5854,11.5850253,48.1534750
5855,11.5703525,48.1204496
5856,11.5638399,48.1363276
5857,11.5769656,48.1480364
5858,11.5800064,48.1477913
5859,11.5798662,48.1474917
5860,11.5738149,48.1433770
5861,11.5773092,48.1474365
5862,11.5777316,48.1473200
5863,11.5777013,48.1473282
5864,11.5775410,48.1473718
5865,11.5772764,48.1474461
5866,11.5659688,48.1492838
5867,11.5653977,48.1529088
5868,11.5675312,48.1526549
5869,11.5771131,48.1482644
5870,11.5771852,48.1449872
5871,11.5575302,48.1299609
5872,11.5978888,48.1355531
5873,11.5826870,48.1503299
5874,11.5546092,48.1435714
5875,11.5546391,48.1436306
5876,11.5702536,48.1507262
5877,11.5598080,48.1442673
5878,11.5554003,48.1391675
5879,11.5554974,48.1391476
5880,11.5628929,48.1411981
5881,11.5604881,48.1418618
5882,11.5591855,48.1465452
5883,11.5510286,48.1390245
5884,11.5516472,48.1367106
5885,11.5523251,48.1367045
5886,11.5819838,48.1209064
5887,11.5820900,48.1214749
5888,11.5824492,48.1206869
5889,11.5849331,48.1233537
5890,11.5565241,48.1324842
5891,11.5549253,48.1322160
5892,11.5506031,48.1390011
5893,11.5508688,48.1390103
5894,11.5509311,48.1390125
5895,11.5703643,48.1427161
5896,11.5603691,48.1448783
5897,11.5603198,48.1448931
5898,11.5601887,48.1448616
5899,11.5600512,48.1449737
5900,11.5581250,48.1456505
5901,11.5580221,48.1454509
5902,11.5578413,48.1454920
5903,11.5579991,48.1454141
5904,11.5579784,48.1457321
5905,11.5582753,48.1454733
5906,11.5582518,48.1454790
5907,11.5577027,48.1456554
5908,11.5577364,48.1456442
5909,11.5937144,48.1404110
5910,11.5943675,48.1416173
5911,11.5832702,48.1346843
5912,11.5834197,48.1341975
5913,11.5639110,48.1460857
5914,11.5735120,48.1357115
5915,11.5585666,48.1476142
5916,11.5591890,48.1474983
5917,11.5585070,48.1476254
5918,11.5587920,48.1477605
5919,11.5592305,48.1474876
5920,11.5590052,48.1473158
5921,11.5790658,48.1453211
5922,11.5639736,48.1524828
5923,11.5901673,48.1223743
5924,11.5887524,48.1221806
5925,11.5833890,48.1330329
5926,11.5598793,48.1473181
5927,11.5988748,48.1355730
5928,11.5993671,48.1356937
5929,11.5978970,48.1358527
5930,11.5978780,48.1354918
5931,11.5976160,48.1356771
5932,11.5981963,48.1357233
5933,11.5961489,48.1359397
5934,11.5963424,48.1358428
5935,11.5965820,48.1359700
5936,11.5964591,48.1360728
5937,11.5899466,48.1372062
5938,11.5894730,48.1372951
5939,11.5889982,48.1373879
5940,11.5892086,48.1374749
5941,11.5893044,48.1373286
5942,11.5888037,48.1374528
5943,11.5873057,48.1376644
5944,11.5849035,48.1382306
5945,11.5845164,48.1384883
5946,11.5845922,48.1380051
5947,11.5841784,48.1383137
5948,11.5846374,48.1382119
5949,11.5844925,48.1384145
5950,11.5563042,48.1425786
5951,11.5582465,48.1417681
5952,11.5747464,48.1202983
5953,11.5551963,48.1313007
5954,11.5543161,48.1446100
5955,11.5568969,48.1339813
5956,11.5542057,48.1333338
5957,11.5749255,48.1457148
5958,11.5748397,48.1456868
5959,11.5748784,48.1457073
5960,11.5837326,48.1358905
5961,11.5844282,48.1374836
5962,11.5884681,48.1229577
5963,11.5986147,48.1302238
5964,11.5557317,48.1264811
5965,11.5578966,48.1346089
5966,11.5585436,48.1340460
5967,11.5675318,48.1277881
5968,11.5647271,48.1325175
5969,11.5643696,48.1323282
5970,11.5657628,48.1330069
5971,11.5598132,48.1473356
5972,11.5746770,48.1452793
5973,11.5746754,48.1452773
5974,11.5634048,48.1439951
5975,11.5653003,48.1433832
5976,11.5778168,48.1205733
5977,11.5786057,48.1216287
5978,11.5534065,48.1375154
5979,11.5699983,48.1309845
5980,11.5960750,48.1341415
5981,11.5720854,48.1464683
5982,11.5779773,48.1387501
5983,11.5772984,48.1389693
5984,11.5920063,48.1292082
5985,11.5971244,48.1411614
5986,11.5963235,48.1422901
5987,11.5971285,48.1417088
5988,11.5971180,48.1416055
5989,11.5972325,48.1414397
5990,11.5972745,48.1421991
5991,11.5734389,48.1335560
5992,11.5733938,48.1333652
5993,11.5736905,48.1335543
5994,11.5710276,48.1357231
5995,11.5738063,48.1363769
5996,11.5732437,48.1364731
5997,11.5738815,48.1296038
5998,11.5668360,48.1261127
5999,11.5669344,48.1260343
6000,11.5852278,48.1268233
6001,11.6003167,48.1313384
6002,11.5799060,48.1242831
6003,11.5535497,48.1327348
6004,11.5662359,48.1495398
6005,11.5647189,48.1518653
6006,11.5557410,48.1257733
6007,11.5557848,48.1267651
6008,11.5557287,48.1261096
6009,11.5933582,48.1456116
6010,11.5937621,48.1455666
6011,11.5609973,48.1294539
6012,11.5540284,48.1375105
6013,11.5565677,48.1459819
6014,11.5516677,48.1281076
6015,11.5771137,48.1549306
6016,11.5544678,48.1341135
6017,11.5651530,48.1315976
6018,11.5651072,48.1316068
6019,11.5635249,48.1533677
6020,11.5878285,48.1536507
6021,11.5852932,48.1543062
6022,11.5620595,48.1289737
6023,11.5984644,48.1404378
6024,11.5531543,48.1351577
6025,11.5544307,48.1350626
6026,11.5928797,48.1293666
6027,11.5782596,48.1547950
6028,11.5786098,48.1543487
6029,11.5690638,48.1450380
6030,11.5691407,48.1450439
6031,11.5507426,48.1444855
6032,11.5802316,48.1482726
6033,11.5612040,48.1394110
6034,11.5760886,48.1320526
6035,11.5763685,48.1314330
6036,11.5775022,48.1326251
6037,11.5764075,48.1319476
6038,11.5859126,48.1383075
6039,11.5867761,48.1384487
6040,11.5704507,48.1443216
6041,11.5909911,48.1408198
6042,11.6022105,48.1356842
6043,11.6004734,48.1356009
6044,11.6002369,48.1357036
6045,11.6024037,48.1360055
6046,11.5980389,48.1364545
6047,11.5979770,48.1362486
6048,11.5988157,48.1381343
6049,11.5989980,48.1385415
6050,11.5996761,48.1399668
6051,11.5991912,48.1389917
6052,11.5990448,48.1386505
6053,11.5988583,48.1382273
6054,11.5988404,48.1381882
6055,11.5983104,48.1370679
6056,11.5986441,48.1377602
6057,11.5583855,48.1262131
6058,11.5951600,48.1278153
6059,11.5951945,48.1277945
6060,11.5949640,48.1279309
6061,11.5952473,48.1279739
6062,11.5949493,48.1277843
6063,11.5906437,48.1322749
6064,11.5903487,48.1322343
6065,11.5575821,48.1291477
6066,11.5577841,48.1292421
6067,11.5686464,48.1449046
6068,11.5685863,48.1447780
6069,11.5697463,48.1446005
6070,11.5688284,48.1443323
6071,11.5827923,48.1324020
6072,11.5819954,48.1311841
6073,11.5808282,48.1317640
6074,11.5526460,48.1360752
6075,11.5515496,48.1360849
6076,11.5515004,48.1360407
6077,11.5515848,48.1368317
6078,11.5515945,48.1367474
6079,11.5516872,48.1367044
6080,11.5516187,48.1367263
6081,11.5515847,48.1367721
6082,11.5515760,48.1360955
6083,11.5513009,48.1356084
6084,11.5644845,48.1216766
6085,11.5584485,48.1313553
6086,11.5735252,48.1357011
6087,11.5732822,48.1364609
6088,11.5733174,48.1364561
6089,11.5743661,48.1362053
6090,11.5733233,48.1358466
6091,11.5722316,48.1352733
6092,11.5719629,48.1352308
6093,11.5716042,48.1351789
6094,11.5702989,48.1340722
6095,11.5711308,48.1337659
6096,11.5823659,48.1523150
6097,11.5819458,48.1524450
6098,11.5825124,48.1531376
6099,11.5824381,48.1529749
6100,11.5825345,48.1531860
6101,11.5823350,48.1526328
6102,11.5822478,48.1526667
6103,11.5823790,48.1523993
6104,11.5816621,48.1523111
6105,11.5819225,48.1523890
6106,11.5820453,48.1519923
6107,11.5819173,48.1520486
6108,11.5819053,48.1519804
6109,11.5812732,48.1504989
6110,11.5817757,48.1516989
6111,11.5814907,48.1510798
6112,11.5815945,48.1510569
6113,11.5814040,48.1506687
6114,11.5812944,48.1506816
6115,11.5816050,48.1513251
6116,11.5815216,48.1511424
6117,11.5816261,48.1511213
6118,11.5816571,48.1511873
6119,11.5790756,48.1360595
6120,11.5812906,48.1354048
6121,11.5819075,48.1523118
6122,11.5823155,48.1522406
6123,11.5820935,48.1521850
6124,11.5813982,48.1354699
6125,11.5792582,48.1361381
6126,11.5782600,48.1363215
6127,11.5791677,48.1359703
6128,11.5813929,48.1354602
6129,11.5819466,48.1353627
6130,11.5690205,48.1510676
6131,11.5731527,48.1459068
6132,11.5732254,48.1459303
6133,11.5731524,48.1460063
6134,11.5725247,48.1451382
6135,11.5681448,48.1338438
6136,11.5682909,48.1337876
6137,11.5680386,48.1337727
6138,11.5682265,48.1336960
6139,11.5701426,48.1340949
6140,11.5702771,48.1341722
6141,11.5695097,48.1338605
6142,11.5832515,48.1455347
6143,11.5581371,48.1294073
6144,11.5532427,48.1300434
6145,11.5536248,48.1302502
6146,11.5533382,48.1303083
6147,11.5535844,48.1300662
6148,11.5537918,48.1301446
6149,11.5537931,48.1303616
6150,11.5536457,48.1299339
6151,11.5690736,48.1510514
6152,11.5671709,48.1325342
6153,11.5813353,48.1415229
6154,11.5882155,48.1379055
6155,11.5551843,48.1391516
6156,11.5585621,48.1344639
6157,11.5582768,48.1330638
6158,11.5583845,48.1331054
6159,11.5585010,48.1329805
6160,11.5586384,48.1328306
6161,11.5585669,48.1346159
6162,11.5586841,48.1345029
6163,11.5583969,48.1345404
6164,11.5584855,48.1327145
6165,11.5557912,48.1346730
6166,11.5559589,48.1348744
6167,11.5556290,48.1349069
6168,11.5557965,48.1349970
6169,11.5557941,48.1345902
6170,11.5580509,48.1327996
6171,11.5585031,48.1330594
6172,11.5584274,48.1331168
6173,11.5581028,48.1326678
6174,11.5583519,48.1325218
6175,11.5665779,48.1356451
6176,11.5673253,48.1347279
6177,11.5556623,48.1345885
6178,11.5554585,48.1325602
6179,11.5554346,48.1314590
6180,11.5553808,48.1322924
6181,11.5556703,48.1300157
6182,11.5559025,48.1300008
6183,11.5561362,48.1314511
6184,11.5557351,48.1325867
6185,11.5558897,48.1326047
6186,11.5562078,48.1324311
6187,11.5560882,48.1323425
6188,11.5555113,48.1323593
6189,11.5636497,48.1273404
6190,11.5864843,48.1241964
6191,11.5847877,48.1406954
6192,11.5963056,48.1319459
6193,11.5963192,48.1319918
6194,11.5987257,48.1346874
6195,11.5987517,48.1347156
6196,11.5943031,48.1418857
6197,11.5847344,48.1321960
6198,11.5851717,48.1322717
6199,11.5850785,48.1324877
6200,11.5729242,48.1504880
6201,11.5747963,48.1342564
6202,11.5875451,48.1219796
6203,11.5560256,48.1279190
6204,11.5817109,48.1513017
6205,11.5819428,48.1522420
6206,11.5497752,48.1371356
6207,11.5498678,48.1366345
6208,11.5569983,48.1438943
6209,11.5569274,48.1434418
6210,11.5572939,48.1435927
6211,11.5566605,48.1437070
6212,11.5559688,48.1480272
6213,11.5558253,48.1482203
6214,11.5554538,48.1481044
6215,11.5556041,48.1479245
6216,11.5518652,48.1390435
6217,11.5514507,48.1390299
6218,11.5516557,48.1389213
6219,11.5688464,48.1323091
6220,11.5755752,48.1346952
6221,11.5606670,48.1296962
6222,11.5820526,48.1229980
6223,11.5586055,48.1359725
6224,11.5711928,48.1478184
6225,11.5613090,48.1409848
6226,11.5613052,48.1409526
6227,11.5610730,48.1410304
6228,11.5610629,48.1410338
6229,11.5629932,48.1514761
6230,11.5625492,48.1516010
6231,11.5634687,48.1488848
6232,11.5632029,48.1495424
6233,11.5585997,48.1357630
6234,11.5841487,48.1360814
6235,11.5842176,48.1361840
6236,11.5843589,48.1372521
6237,11.5842109,48.1371611
6238,11.5815518,48.1349146
6239,11.5824251,48.1351107
6240,11.5824106,48.1347824
6241,11.5816455,48.1346917
6242,11.5521280,48.1452334
6243,11.5574445,48.1447701
6244,11.5993306,48.1344240
6245,11.5993776,48.1344093
6246,11.5762279,48.1331941
6247,11.5818560,48.1516092
6248,11.5816698,48.1514671
6249,11.5818781,48.1519156
6250,11.5819217,48.1517484
6251,11.6008180,48.1340228
6252,11.5676120,48.1253665
6253,11.5522300,48.1375314
6254,11.5526012,48.1375261
6255,11.5557359,48.1259139
6256,11.5642146,48.1242787
6257,11.5642181,48.1244317
6258,11.5640153,48.1242904
6259,11.5639119,48.1244469
6260,11.5616901,48.1278504
6261,11.5616667,48.1277752
6262,11.5956595,48.1416118
6263,11.5930481,48.1412957
6264,11.5800475,48.1286330
6265,11.5671479,48.1258184
6266,11.5666286,48.1501493
6267,11.5633577,48.1352538
6268,11.5633208,48.1354683
6269,11.5706325,48.1428019
6270,11.5680644,48.1476836
6271,11.5692726,48.1497108
6272,11.5693911,48.1497489
6273,11.5694870,48.1496506
6274,11.5695596,48.1496302
6275,11.5704666,48.1469188
6276,11.5732609,48.1485914
6277,11.5736653,48.1484779
6278,11.5739296,48.1484037
6279,11.5707145,48.1468488
6280,11.5706392,48.1469690
6281,11.5759912,48.1503252
6282,11.5775071,48.1525082
6283,11.5788066,48.1546505
6284,11.5780519,48.1537245
6285,11.5773258,48.1525600
6286,11.5767911,48.1517271
6287,11.5758069,48.1529378
6288,11.5759741,48.1518978
6289,11.5734100,48.1537597
6290,11.5747707,48.1533604
6291,11.5757445,48.1530793
6292,11.5765301,48.1528686
6293,11.5763610,48.1538808
6294,11.5763355,48.1540260
6295,11.5761707,48.1550873
6296,11.5667649,48.1503598
6297,11.5653943,48.1507451
6298,11.5647063,48.1496873
6299,11.5654897,48.1483931
6300,11.5653536,48.1483529
6301,11.5655466,48.1482985
6302,11.5629184,48.1491001
6303,11.5628408,48.1489824
6304,11.5624562,48.1516930
6305,11.5642863,48.1544289
6306,11.5630081,48.1527520
6307,11.5631033,48.1526882
6308,11.5631551,48.1527704
6309,11.5631841,48.1527014
6310,11.5649185,48.1521739
6311,11.5649758,48.1522621
6312,11.5661273,48.1518370
6313,11.5655067,48.1508303
6314,11.5682199,48.1524569
6315,11.5675289,48.1515619
6316,11.5674279,48.1515296
6317,11.5674568,48.1514505
6318,11.5675933,48.1514822
6319,11.5668329,48.1504659
6320,11.5668834,48.1503868
6321,11.5680711,48.1536547
6322,11.5705947,48.1407455
6323,11.5738562,48.1400934
6324,11.5998487,48.1310367
6325,11.6012229,48.1321561
6326,11.5972860,48.1306375
6327,11.5981398,48.1299832
6328,11.5994619,48.1307786
6329,11.5964707,48.1322921
6330,11.5960563,48.1330687
6331,11.5930768,48.1314148
6332,11.5934197,48.1322758
6333,11.5997185,48.1324058
6334,11.5996626,48.1332802
6335,11.5994708,48.1329904
6336,11.5994291,48.1329809
6337,11.5994391,48.1329429
6338,11.5987749,48.1331826
6339,11.5990465,48.1335329
6340,11.5970166,48.1342446
6341,11.5880224,48.1354258
6342,11.5869420,48.1342855
6343,11.5861885,48.1336232
6344,11.5826985,48.1444631
6345,11.5951519,48.1357946
6346,11.5741001,48.1278450
6347,11.5738306,48.1276441
6348,11.5670270,48.1259186
6349,11.5912590,48.1327324
6350,11.5794724,48.1518877
6351,11.5794293,48.1519584
6352,11.5795853,48.1519130
6353,11.5795436,48.1519958
6354,11.5799222,48.1525722
6355,11.5800451,48.1526473
6356,11.5851892,48.1539507
6357,11.5594517,48.1451506
6358,11.6010633,48.1420208
6359,11.6013903,48.1419563
6360,11.5544163,48.1375075
6361,11.6000120,48.1437432
6362,11.5631759,48.1268326
6363,11.5829548,48.1339430
6364,11.5838701,48.1359723
6365,11.5855211,48.1383845
6366,11.5557199,48.1263493
6367,11.5776259,48.1439443
6368,11.5773672,48.1434267
6369,11.5706555,48.1254236
6370,11.5652905,48.1494768
6371,11.5553718,48.1463155
6372,11.5553082,48.1463333
6373,11.5986804,48.1411158
6374,11.5985137,48.1411738
6375,11.5958710,48.1416358
6376,11.5980387,48.1366897
6377,11.5982467,48.1371397
6378,11.5968704,48.1372939
6379,11.5766506,48.1280704
6380,11.5756820,48.1291264
6381,11.5986486,48.1346460
6382,11.5982137,48.1347576
6383,11.5981941,48.1347694
6384,11.5979211,48.1349498
6385,11.5976791,48.1349509
6386,11.5977002,48.1349586
6387,11.5977418,48.1349689
6388,11.5977627,48.1349721
6389,11.5978026,48.1349751
6390,11.5978350,48.1349736
6391,11.5978499,48.1349715
6392,11.5978656,48.1349684
6393,11.5978802,48.1349646
6394,11.5978192,48.1349748
6395,11.5985467,48.1346394
6396,11.5650068,48.1484514
6397,11.5730996,48.1331919
6398,11.5778747,48.1537502
6399,11.5593951,48.1492030
6400,11.5643428,48.1426449
6401,11.5833751,48.1356735
6402,11.5834859,48.1356197
6403,11.5985085,48.1412927
6404,11.5987959,48.1411770
6405,11.6000847,48.1436945
6406,11.6001747,48.1437290
6407,11.5984978,48.1407857
6408,11.5777310,48.1433360
6409,11.5779690,48.1438833
6410,11.5707939,48.1319750
6411,11.5686608,48.1325369
6412,11.5688981,48.1322774
6413,11.5687143,48.1324043
6414,11.5647922,48.1383376
6415,11.5650304,48.1390375
6416,11.5646660,48.1380414
6417,11.5647255,48.1383427
6418,11.5763899,48.1343533
6419,11.5765539,48.1344332
6420,11.5762631,48.1344527
6421,11.5763859,48.1343197
6422,11.5766018,48.1344324
6423,11.5652221,48.1494963
6424,11.5630950,48.1267359
6425,11.5733565,48.1333415
6426,11.5840105,48.1501876
6427,11.5874991,48.1532982
6428,11.5669624,48.1233993
6429,11.5667280,48.1227796
6430,11.5669583,48.1229007
6431,11.5650331,48.1239956
6432,11.5839493,48.1359377
6433,11.5613051,48.1409518
6434,11.5842896,48.1374401
6435,11.5842485,48.1369002
6436,11.5841469,48.1369274
6437,11.5837899,48.1361670
6438,11.5839892,48.1365234
6439,11.5837255,48.1360692
6440,11.5839019,48.1361247
6441,11.5834778,48.1357693
6442,11.5836337,48.1357737
6443,11.5652509,48.1372987
6444,11.5643296,48.1466174
6445,11.5781626,48.1264096
6446,11.5781914,48.1264277
6447,11.5509707,48.1357528
6448,11.5603806,48.1451588
6449,11.5642800,48.1465539
6450,11.5667909,48.1453592
6451,11.5843011,48.1459714
6452,11.5871264,48.1232707
6453,11.5703470,48.1518541
6454,11.5719801,48.1514712
6455,11.5684351,48.1523946
6456,11.5926842,48.1234876
6457,11.5837975,48.1395376
6458,11.5618921,48.1222714
6459,11.5626759,48.1226627
6460,11.5626379,48.1225498
6461,11.5626626,48.1225157
6462,11.5626692,48.1224685
6463,11.5626475,48.1226302
6464,11.5626229,48.1226114
6465,11.5680546,48.1476686
6466,11.5655344,48.1241004
6467,11.5897305,48.1316100
6468,11.5937650,48.1283529
6469,11.5936896,48.1286666
6470,11.5941333,48.1285087
6471,11.5732154,48.1556502
6472,11.5625737,48.1407542
6473,11.5626201,48.1406073
6474,11.5808828,48.1515303
6475,11.5676812,48.1377678
6476,11.5760686,48.1502467
6477,11.5759019,48.1501873
6478,11.5758222,48.1503167
6479,11.5761019,48.1502370
6480,11.5581148,48.1262047
6481,11.5558699,48.1271728
6482,11.5796640,48.1228852
6483,11.5761412,48.1205397
6484,11.5962795,48.1336300
6485,11.5690680,48.1411194
6486,11.5692741,48.1408494
6487,11.5638365,48.1460150
6488,11.5637434,48.1461876
6489,11.5641743,48.1463880
6490,11.5639946,48.1463020
6491,11.5640246,48.1462686
6492,11.5637410,48.1462534
6493,11.5692276,48.1410331
6494,11.5612249,48.1394097
6495,11.5982390,48.1299728
6496,11.5972463,48.1293843
6497,11.5973490,48.1293812
6498,11.5994997,48.1308960
6499,11.5995839,48.1310065
6500,11.6017451,48.1337621
6501,11.6023001,48.1356843
6502,11.5971610,48.1333475
6503,11.5961392,48.1314070
6504,11.5496067,48.1370877
6505,11.5495635,48.1368753
6506,11.5494821,48.1367019
6507,11.5493414,48.1365368
6508,11.5496818,48.1367828
6509,11.5883051,48.1374079
6510,11.5982784,48.1347266
6511,11.5986901,48.1346654
6512,11.5638058,48.1241165
6513,11.5611280,48.1413271
6514,11.5611568,48.1414534
6515,11.5610946,48.1411631
6516,11.5609706,48.1412231
6517,11.5613137,48.1410978
6518,11.5612391,48.1411200
6519,11.5609814,48.1412255
6520,11.5610913,48.1411424
6521,11.5617315,48.1425327
6522,11.5628105,48.1441660
6523,11.5626996,48.1441188
6524,11.5627878,48.1442548
6525,11.5613724,48.1245244
6526,11.5535150,48.1375145
6527,11.5645338,48.1241572
6528,11.5841258,48.1365757
6529,11.5843339,48.1371685
6530,11.5675478,48.1326894
6531,11.5674443,48.1326920
6532,11.5681747,48.1326132
6533,11.5679415,48.1326158
6534,11.5681725,48.1324721
6535,11.5681247,48.1324329
6536,11.5889961,48.1392437
6537,11.5866652,48.1381637
6538,11.5871375,48.1380719
6539,11.5880748,48.1377484
6540,11.5881241,48.1378965
6541,11.5882884,48.1378637
6542,11.5835966,48.1341024
6543,11.5833086,48.1340529
6544,11.5639534,48.1393161
6545,11.5686741,48.1445599
6546,11.5608185,48.1353296
6547,11.5999727,48.1304158
6548,11.5837924,48.1203486
6549,11.5564971,48.1311910
6550,11.5673015,48.1298799
6551,11.5673465,48.1298116
6552,11.5676511,48.1296155
6553,11.5672686,48.1300226
6554,11.5672976,48.1296616
6555,11.5560982,48.1245461
6556,11.5647204,48.1217250
6557,11.5706083,48.1206446
6558,11.5703667,48.1204665
6559,11.5703438,48.1206620
6560,11.5693610,48.1215203
6561,11.5755900,48.1314418
6562,11.5726622,48.1296021
6563,11.5719809,48.1291800
6564,11.5718325,48.1290885
6565,11.5716823,48.1289959
6566,11.5741859,48.1305609
6567,11.5730523,48.1298480
6568,11.5738334,48.1303398
6569,11.5722980,48.1293754
6570,11.5749333,48.1310298
6571,11.5747610,48.1309217
6572,11.5763649,48.1341783
6573,11.5760997,48.1321431
6574,11.5761437,48.1325031
6575,11.5761713,48.1327293
6576,11.5775414,48.1368615
6577,11.5864687,48.1414641
6578,11.5633186,48.1403893
6579,11.5714823,48.1417203
6580,11.5716281,48.1415683
6581,11.5757946,48.1436094
6582,11.5758627,48.1436233
6583,11.5759150,48.1437016
6584,11.5759930,48.1437107
6585,11.5765143,48.1436044
6586,11.5765484,48.1436063
6587,11.5766049,48.1436353
6588,11.5776046,48.1439352
6589,11.5776504,48.1439474
6590,11.5802067,48.1209541
6591,11.5590128,48.1515184
6592,11.5586503,48.1513209
6593,11.5708271,48.1282385
6594,11.5680062,48.1234744
6595,11.5736950,48.1399474
6596,11.5766985,48.1390794
6597,11.5770458,48.1390302
6598,11.5667136,48.1258458
6599,11.5636609,48.1239294
6600,11.5635049,48.1236386
6601,11.5603528,48.1520204
6602,11.5602750,48.1520737
6603,11.5601883,48.1520921
6604,11.5603061,48.1520613
6605,11.5626312,48.1222173
6606,11.5672350,48.1273639
6607,11.5771229,48.1323894
6608,11.5765495,48.1320352
6609,11.5809654,48.1316951
6610,11.5805939,48.1318815
6611,11.5658179,48.1489015
6612,11.5767684,48.1475957
6613,11.5766030,48.1476436
6614,11.5756131,48.1459507
6615,11.5766702,48.1475677
6616,11.5773530,48.1473650
6617,11.5796274,48.1347151
6618,11.5979450,48.1349338
6619,11.5991085,48.1323965
6620,11.5991885,48.1326253
6621,11.5985329,48.1328395
6622,11.6007303,48.1329694
6623,11.6011396,48.1330836
6624,11.5962828,48.1322900
6625,11.5963479,48.1323798
6626,11.5946342,48.1322802
6627,11.5913079,48.1322368
6628,11.5941560,48.1309693
6629,11.5748102,48.1532794
6630,11.5741151,48.1521566
6631,11.5584133,48.1293366
6632,11.5587399,48.1296878
6633,11.5649761,48.1327380
6634,11.5785572,48.1234198
6635,11.5780803,48.1230303
6636,11.5763547,48.1208981
6637,11.5586549,48.1489968
6638,11.5587159,48.1393237
6639,11.5678358,48.1404573
6640,11.5691447,48.1409060
6641,11.5581737,48.1501126
6642,11.5586059,48.1470941
6643,11.5746666,48.1431843
6644,11.5696218,48.1440306
6645,11.5705709,48.1427028
6646,11.5704096,48.1427303
6647,11.5704780,48.1428332
6648,11.5698916,48.1436532
6649,11.5712256,48.1429898
6650,11.5715426,48.1430902
6651,11.5719116,48.1453235
6652,11.5706088,48.1442759
6653,11.5719073,48.1432062
6654,11.5716513,48.1439766
6655,11.5709075,48.1441906
6656,11.5688126,48.1449560
6657,11.5681973,48.1326774
6658,11.5682658,48.1326511
6659,11.5684306,48.1325709
6660,11.5732486,48.1460327
6661,11.5730894,48.1461310
6662,11.5739120,48.1457764
6663,11.5712836,48.1315671
6664,11.5884316,48.1221349
6665,11.5687740,48.1325729
6666,11.5679856,48.1323123
6667,11.5683686,48.1325293
6668,11.5682031,48.1324897
6669,11.5684340,48.1325334
6670,11.5686328,48.1324596
6671,11.5686092,48.1325348
6672,11.5688551,48.1326782
6673,11.5680527,48.1323730
6674,11.5682390,48.1325040
6675,11.5683208,48.1325240
6676,11.5687490,48.1325587
6677,11.5687244,48.1325476
6678,11.5688558,48.1327202
6679,11.5627479,48.1465184
6680,11.5574022,48.1391608
6681,11.5740384,48.1402812
6682,11.5749127,48.1456201
6683,11.5753561,48.1456147
6684,11.5738522,48.1333116
6685,11.5583998,48.1298154
6686,11.5999221,48.1309380
6687,11.5761431,48.1214131
6688,11.5719585,48.1368652
6689,11.5712170,48.1374048
6690,11.5756850,48.1530351
6691,11.5766084,48.1527651
6692,11.5774002,48.1524731
6693,11.5774766,48.1525887
6694,11.5758708,48.1529814
6695,11.5763956,48.1528272
6696,11.5871817,48.1289180
6697,11.5816600,48.1237487
6698,11.5808396,48.1216039
6699,11.5805006,48.1215336
6700,11.5815569,48.1217281
6701,11.5996625,48.1333355
6702,11.5997270,48.1333141
6703,11.6014978,48.1420529
6704,11.5878422,48.1243748
6705,11.5878463,48.1244053
6706,11.5829899,48.1224306
6707,11.5559384,48.1385035
6708,11.5668119,48.1322789
6709,11.5663171,48.1309941
6710,11.5664307,48.1313420
6711,11.5666879,48.1320776
6712,11.5618312,48.1408594
6713,11.5615032,48.1409635
6714,11.5644297,48.1363251
6715,11.5971528,48.1358429
6716,11.5868991,48.1398743
6717,11.5778128,48.1428746
6718,11.5970775,48.1342045
6719,11.5762388,48.1391944
6720,11.5811352,48.1380397
6721,11.5816205,48.1380286
6722,11.5976573,48.1340330
6723,11.5693157,48.1496312
6724,11.5558271,48.1355301
6725,11.5729996,48.1506046
6726,11.5722331,48.1494185
6727,11.5922828,48.1394903
6728,11.5989160,48.1383548
6729,11.5596304,48.1518391
6730,11.5632839,48.1450095
6731,11.5732643,48.1322755
6732,11.5731659,48.1322426
6733,11.5885256,48.1294533
6734,11.5914756,48.1285844
6735,11.5581499,48.1501821
6736,11.5583679,48.1501970
6737,11.5532092,48.1449636
6738,11.5531615,48.1449016
6739,11.5549119,48.1444177
6740,11.5834873,48.1226659
6741,11.5825927,48.1258521
6742,11.5559885,48.1277412
6743,11.5855474,48.1211996
6744,11.5854198,48.1210656
6745,11.5683232,48.1406739
6746,11.5686111,48.1407762
6747,11.5688001,48.1408426
6748,11.5691184,48.1409562
6749,11.5691708,48.1409757
6750,11.5693523,48.1409804
6751,11.5692200,48.1408712
6752,11.5686902,48.1408042
6753,11.5698631,48.1412193
6754,11.5716015,48.1417555
6755,11.5729896,48.1421691
6756,11.5715501,48.1416256
6757,11.5676965,48.1404607
6758,11.5672742,48.1404000
6759,11.5688473,48.1408584
6760,11.5653136,48.1328092
6761,11.5785771,48.1442300
6762,11.5817508,48.1435452
6763,11.5691370,48.1415634
6764,11.5692002,48.1416069
6765,11.5694666,48.1417327
6766,11.5717085,48.1424430
6767,11.5728480,48.1428126
6768,11.5730745,48.1429467
6769,11.5680903,48.1408339
6770,11.5685062,48.1410973
6771,11.6012716,48.1423533
6772,11.5678436,48.1404482
6773,11.5983614,48.1371740
6774,11.5983831,48.1372181
6775,11.5978975,48.1349589
6776,11.5990655,48.1354462
6777,11.5654784,48.1423120
6778,11.5657941,48.1421029
6779,11.5630139,48.1427456
6780,11.5633260,48.1427920
6781,11.5624315,48.1425429
6782,11.5623079,48.1424948
6783,11.5622894,48.1424960
6784,11.5623246,48.1424971
6785,11.5619882,48.1425759
6786,11.5602744,48.1449943
6787,11.5595367,48.1451949
6788,11.5818324,48.1216138
6789,11.5660600,48.1530760
6790,11.5665074,48.1529488
6791,11.5665518,48.1529359
6792,11.5676071,48.1526331
6793,11.5777507,48.1363292
6794,11.5584202,48.1290379
6795,11.5615102,48.1220948
6796,11.5598967,48.1230595
6797,11.5785334,48.1323562
6798,11.5790112,48.1332221
6799,11.5847883,48.1406534
6800,11.5586089,48.1360866
6801,11.5658171,48.1344299
6802,11.5658933,48.1341018
6803,11.5656193,48.1329415
6804,11.5664789,48.1339104
6805,11.5662803,48.1342346
6806,11.5759660,48.1220646
6807,11.5761048,48.1215541
6808,11.5620877,48.1250367
6809,11.5609101,48.1254861
6810,11.5781893,48.1336627
6811,11.5865239,48.1434858
6812,11.5863216,48.1434617
6813,11.5863397,48.1435195
6814,11.5841459,48.1441468
6815,11.5842225,48.1440301
6816,11.5842608,48.1438613
6817,11.5842643,48.1438304
6818,11.5842458,48.1442164
6819,11.5842047,48.1442549
6820,11.5840947,48.1443197
6821,11.5841393,48.1442984
6822,11.5843401,48.1440610
6823,11.5843384,48.1440343
6824,11.5843378,48.1440835
6825,11.5843299,48.1441074
6826,11.5840696,48.1442124
6827,11.5840250,48.1442417
6828,11.5839951,48.1442558
6829,11.5839162,48.1442847
6830,11.5886642,48.1432840
6831,11.5886121,48.1432386
6832,11.5885797,48.1431949
6833,11.5884605,48.1429866
6834,11.5884680,48.1430066
6835,11.5884784,48.1430286
6836,11.5884827,48.1430365
6837,11.5845315,48.1501221
6838,11.5714929,48.1267193
6839,11.5777098,48.1326502
6840,11.5777106,48.1327520
6841,11.5775061,48.1327227
6842,11.5677290,48.1450939
6843,11.5625595,48.1304593
6844,11.5624685,48.1299550
6845,11.5624732,48.1307354
6846,11.5977045,48.1357363
6847,11.5977630,48.1357298
6848,11.5977866,48.1357285
6849,11.5978130,48.1357280
6850,11.5978867,48.1357463
6851,11.5978870,48.1357632
6852,11.5978967,48.1356004
6853,11.5978884,48.1357062
6854,11.5981675,48.1355912
6855,11.5980751,48.1355979
6856,11.5980440,48.1356022
6857,11.5980108,48.1356076
6858,11.5982521,48.1347297
6859,11.5984482,48.1346608
6860,11.5975071,48.1331401
6861,11.5973345,48.1333589
6862,11.5973356,48.1333999
6863,11.5973447,48.1334750
6864,11.5973660,48.1335536
6865,11.5974074,48.1336483
6866,11.5974562,48.1337321
6867,11.5974332,48.1336943
6868,11.5983358,48.1347020
6869,11.5983873,48.1346812
6870,11.5987634,48.1347379
6871,11.5987349,48.1346952
6872,11.5984243,48.1346682
6873,11.5984893,48.1346496
6874,11.5985142,48.1346442
6875,11.5986730,48.1346563
6876,11.5986045,48.1346374
6877,11.5986159,48.1346387
6878,11.5985786,48.1346369
6879,11.5985600,48.1346379
6880,11.5985362,48.1346405
6881,11.5985932,48.1346369
6882,11.5986289,48.1346405
6883,11.5986386,48.1346430
6884,11.5986601,48.1346506
6885,11.5987592,48.1347287
6886,11.5987566,48.1347236
6887,11.5987459,48.1347074
6888,11.5987408,48.1347012
6889,11.5987302,48.1346910
6890,11.5982267,48.1345454
6891,11.5982447,48.1345603
6892,11.5982613,48.1345772
6893,11.5982715,48.1345897
6894,11.5982787,48.1346000
6895,11.5982904,48.1346743
6896,11.5982854,48.1346867
6897,11.5982666,48.1347140
6898,11.5982381,48.1347414
6899,11.5982296,48.1347475
6900,11.5982791,48.1346982
6901,11.5982833,48.1346090
6902,11.5977598,48.1341605
6903,11.5977956,48.1341977
6904,11.5978219,48.1342247
6905,11.5978981,48.1342934
6906,11.5979745,48.1343544
6907,11.5980264,48.1343949
6908,11.5979324,48.1343219
6909,11.5982880,48.1346208
6910,11.5983671,48.1345913
6911,11.5984679,48.1346155
6912,11.5984941,48.1346184
6913,11.5985569,48.1346272
6914,11.5985937,48.1346327
6915,11.5986103,48.1346363
6916,11.5983878,48.1345973
6917,11.5981751,48.1345065
6918,11.5985251,48.1346222
6919,11.5984477,48.1346122
6920,11.5983303,48.1345783
6921,11.5982905,48.1345637
6922,11.5982563,48.1345499
6923,11.5982315,48.1345386
6924,11.5982060,48.1345249
6925,11.5976883,48.1349546
6926,11.5976663,48.1349454
6927,11.5982510,48.1347390
6928,11.5982346,48.1347468
6929,11.5982920,48.1346640
6930,11.5981766,48.1347800
6931,11.5982448,48.1347361
6932,11.5978843,48.1349740
6933,11.5978614,48.1349903
6934,11.5978367,48.1350089
6935,11.5978206,48.1350232
6936,11.5978023,48.1350433
6937,11.5977961,48.1350515
6938,11.5977973,48.1351733
6939,11.5977890,48.1350620
6940,11.5977807,48.1350759
6941,11.5670767,48.1408285
6942,11.5671022,48.1408668
6943,11.5671246,48.1408920
6944,11.5675161,48.1412684
6945,11.5675534,48.1413125
6946,11.5675778,48.1413474
6947,11.5668614,48.1403475
6948,11.5667792,48.1402765
6949,11.5668820,48.1403702
6950,11.5669006,48.1403926
6951,11.5669300,48.1404338
6952,11.5669783,48.1405187
6953,11.5671465,48.1404022
6954,11.5674332,48.1404100
6955,11.5675789,48.1404317
6956,11.5676434,48.1404472
6957,11.5661849,48.1405505
6958,11.5660648,48.1406592
6959,11.5660022,48.1406651
6960,11.5660633,48.1405848
6961,11.5661474,48.1405591
6962,11.5666604,48.1405798
6963,11.5666282,48.1405800
6964,11.5665834,48.1405771
6965,11.5663615,48.1408621
6966,11.5663745,48.1407950
6967,11.5665033,48.1406531
6968,11.5661221,48.1406549
6969,11.5659010,48.1406780
6970,11.5663034,48.1404180
6971,11.5663489,48.1404846
6972,11.5665242,48.1405654
6973,11.5656544,48.1392946
6974,11.5655953,48.1391690
6975,11.5655642,48.1390405
6976,11.5656356,48.1392646
6977,11.5657054,48.1393685
6978,11.5655249,48.1390047
6979,11.5655330,48.1389680
6980,11.5611781,48.1410689
6981,11.5611658,48.1410616
6982,11.5611389,48.1410494
6983,11.5611010,48.1410389
6984,11.5610864,48.1410364
6985,11.5610494,48.1410329
6986,11.5612842,48.1411661
6987,11.5613113,48.1410198
6988,11.5609295,48.1409912
6989,11.5610042,48.1409294
6990,11.5610220,48.1408983
6991,11.5608849,48.1410155
6992,11.5608528,48.1410295
6993,11.5608766,48.1410396
6994,11.5609239,48.1410365
6995,11.5609933,48.1410332
6996,11.5674435,48.1406271
6997,11.5675106,48.1406324
6998,11.5676432,48.1406531
6999,11.5677152,48.1406690
7000,11.5675208,48.1405714
7001,11.5674738,48.1405655
7002,11.5673968,48.1405607
7003,11.5676761,48.1406173
7004,11.5676183,48.1405937
7005,11.5675957,48.1405867
7006,11.5609484,48.1394211
7007,11.5608177,48.1394167
7008,11.5605756,48.1393813
7009,11.5606811,48.1394004
7010,11.5608586,48.1394192
7011,11.5609380,48.1394211
7012,11.5604900,48.1393675
7013,11.5604352,48.1393613
7014,11.5603867,48.1393575
7015,11.5602160,48.1393524
7016,11.5600072,48.1393510
7017,11.5601169,48.1393502
7018,11.5595863,48.1393368
7019,11.5578547,48.1392707
7020,11.5608153,48.1394742
7021,11.5607711,48.1394263
7022,11.5607881,48.1394398
7023,11.5608011,48.1394540
7024,11.5608232,48.1394912
7025,11.5611030,48.1392978
7026,11.5611753,48.1392261
7027,11.5611834,48.1392049
7028,11.5611884,48.1391862
7029,11.5610984,48.1392664
7030,11.5602897,48.1392295
7031,11.5606673,48.1392599
7032,11.5609205,48.1392688
7033,11.5609614,48.1394087
7034,11.5691236,48.1326482
7035,11.5698228,48.1323959
7036,11.5610383,48.1412426
7037,11.5610569,48.1412508
7038,11.5610829,48.1412665
7039,11.5611061,48.1412883
7040,11.5611149,48.1413002
7041,11.5610000,48.1412303
7042,11.5659023,48.1366510
7043,11.5658708,48.1366439
7044,11.5659441,48.1366701
7045,11.5659166,48.1366558
7046,11.5651320,48.1364438
7047,11.5645990,48.1365969
7048,11.5652659,48.1375229
7049,11.5652845,48.1375394
7050,11.5652949,48.1375524
7051,11.5663165,48.1333270
7052,11.5662149,48.1332872
7053,11.5662732,48.1333100
7054,11.5661491,48.1331700
7055,11.5660761,48.1331421
7056,11.5662378,48.1332027
7057,11.5671406,48.1328387
7058,11.5671608,48.1328094
7059,11.5671779,48.1327875
7060,11.5657723,48.1344703
7061,11.5657944,48.1343444
7062,11.5658031,48.1342646
7063,11.5658183,48.1342349
7064,11.5658787,48.1341381
7065,11.5658952,48.1340768
7066,11.5658923,48.1340546
7067,11.5658591,48.1340007
7068,11.5658385,48.1339820
7069,11.5714347,48.1313161
7070,11.5716069,48.1312946
7071,11.5699089,48.1309450
7072,11.5707621,48.1309702
7073,11.5706347,48.1309217
7074,11.5705421,48.1308992
7075,11.5701692,48.1308880
7076,11.5704401,48.1308844
7077,11.5702428,48.1308806
7078,11.5702052,48.1308836
7079,11.5702944,48.1308786
7080,11.5715049,48.1313790
7081,11.5709289,48.1310278
7082,11.5702624,48.1308799
7083,11.5733379,48.1300285
7084,11.5725714,48.1305549
7085,11.5733098,48.1300108
7086,11.5714408,48.1313192
7087,11.5715322,48.1313555
7088,11.5749507,48.1454556
7089,11.5750045,48.1454739
7090,11.5750580,48.1454881
7091,11.5751041,48.1454965
7092,11.5750764,48.1455105
7093,11.5748511,48.1455261
7094,11.5746632,48.1455244
7095,11.5748094,48.1455971
7096,11.5747993,48.1453822
7097,11.5745675,48.1454131
7098,11.5745206,48.1453187
7099,11.5744850,48.1452224
7100,11.5748021,48.1454564
7101,11.5749657,48.1454153
7102,11.5750292,48.1454056
7103,11.5752686,48.1453943
7104,11.5752007,48.1453944
7105,11.5750665,48.1454014
7106,11.5749882,48.1457172
7107,11.5747838,48.1455881
7108,11.5747487,48.1455721
7109,11.5742897,48.1457482
7110,11.5735242,48.1459733
7111,11.5734859,48.1459922
7112,11.5735577,48.1459575
7113,11.5734324,48.1460209
7114,11.5733961,48.1460452
7115,11.5733721,48.1460674
7116,11.5733275,48.1461925
7117,11.5732363,48.1461931
7118,11.5731934,48.1461913
7119,11.5732518,48.1461965
7120,11.5732672,48.1462010
7121,11.5732961,48.1462167
7122,11.5733146,48.1462308
7123,11.5733277,48.1462105
7124,11.5733308,48.1462270
7125,11.5732245,48.1461916
7126,11.5730385,48.1461580
7127,11.5729635,48.1461948
7128,11.5733563,48.1462872
7129,11.5733442,48.1462673
7130,11.5669817,48.1323393
7131,11.5669424,48.1323405
7132,11.5669089,48.1323358
7133,11.5668900,48.1323314
7134,11.5668693,48.1323245
7135,11.5670716,48.1323188
7136,11.5670900,48.1323121
7137,11.5671300,48.1322929
7138,11.5671467,48.1322824
7139,11.5674527,48.1326106
7140,11.5673588,48.1326216
7141,11.5673065,48.1326312
7142,11.5672161,48.1326572
7143,11.5671792,48.1326710
7144,11.5671107,48.1327064
7145,11.5670435,48.1327680
7146,11.5670594,48.1327493
7147,11.5670726,48.1327357
7148,11.5671332,48.1326926
7149,11.5671233,48.1325009
7150,11.5671434,48.1325161
7151,11.5672067,48.1325549
7152,11.5672322,48.1325669
7153,11.5672974,48.1325906
7154,11.5673339,48.1326004
7155,11.5673678,48.1326076
7156,11.5670726,48.1324196
7157,11.5670741,48.1323965
7158,11.5670953,48.1323523
7159,11.5670838,48.1323715
7160,11.5670734,48.1324018
7161,11.5654119,48.1335831
7162,11.5655006,48.1336372
7163,11.5654850,48.1336144
7164,11.5669161,48.1334451
7165,11.5672239,48.1336064
7166,11.5666614,48.1333597
7167,11.5667895,48.1334043
7168,11.5671296,48.1335173
7169,11.5672587,48.1335567
7170,11.5669400,48.1334535
7171,11.5659506,48.1330892
7172,11.5663982,48.1337980
7173,11.5557809,48.1310113
7174,11.5695389,48.1338675
7175,11.5698519,48.1339670
7176,11.5693205,48.1338203
7177,11.5535697,48.1302060
7178,11.5960005,48.1282645
7179,11.5961735,48.1282605
7180,11.5963417,48.1283023
7181,11.5965366,48.1284719
7182,11.5575090,48.1326494
7183,11.5506238,48.1431862
7184,11.5516444,48.1429617
7185,11.5522675,48.1428356
7186,11.5527555,48.1427350
7187,11.5642729,48.1511732
7188,11.5607540,48.1457370
7189,11.5596024,48.1499738
7190,11.5597305,48.1499384
7191,11.5596423,48.1498847
7192,11.5596884,48.1500179
7193,11.5780306,48.1229719
7194,11.5760793,48.1336483
7195,11.5750862,48.1343227
7196,11.5755570,48.1346955
7197,11.5744754,48.1339381
7198,11.5748728,48.1334483
7199,11.5797499,48.1319220
7200,11.5731056,48.1322889
7201,11.5725233,48.1327273
7202,11.5779554,48.1303330
7203,11.5781490,48.1303563
7204,11.5779442,48.1301644
7205,11.5796296,48.1345072
7206,11.5796348,48.1340440
7207,11.5610032,48.1307494
7208,11.5630369,48.1413985
7209,11.5648601,48.1424968
7210,11.5856448,48.1215779
7211,11.5860045,48.1216186
7212,11.5858563,48.1218000
7213,11.5854323,48.1213514
7214,11.5849071,48.1207112
7215,11.5849365,48.1207782
7216,11.5848814,48.1205867
7217,11.5860881,48.1220588
7218,11.5861319,48.1220994
7219,11.5862467,48.1221547
7220,11.5862404,48.1220589
7221,11.5860129,48.1219797
7222,11.5858705,48.1216531
7223,11.5859113,48.1218627
7224,11.5849874,48.1208692
7225,11.5850947,48.1209930
7226,11.5853794,48.1212943
7227,11.5857657,48.1216912
7228,11.5862967,48.1221837
7229,11.5866897,48.1226748
7230,11.5865442,48.1224904
7231,11.5842132,48.1253370
7232,11.5848621,48.1204867
7233,11.5862831,48.1221426
7234,11.5876546,48.1240041
7235,11.5728500,48.1435013
7236,11.5729347,48.1436290
7237,11.5728591,48.1435150
7238,11.5768664,48.1455004
7239,11.5761620,48.1454590
7240,11.5773229,48.1458742
7241,11.5772148,48.1457064
7242,11.5759049,48.1458272
7243,11.5733392,48.1424855
7244,11.5771511,48.1385380
7245,11.5693228,48.1408344
7246,11.5690808,48.1375711
7247,11.5902337,48.1231929
7248,11.5902281,48.1229976
7249,11.5886028,48.1232040
7250,11.5858033,48.1217364
7251,11.5741249,48.1362787
7252,11.5500230,48.1364152
7253,11.5848065,48.1370616
7254,11.5847292,48.1369464
7255,11.5826323,48.1444744
7256,11.5828159,48.1444530
7257,11.5827780,48.1444550
7258,11.5833530,48.1444121
7259,11.5831565,48.1444401
7260,11.5831012,48.1444427
7261,11.5832088,48.1444352
7262,11.5816259,48.1447332
7263,11.5822685,48.1446005
7264,11.5824699,48.1445591
7265,11.5827697,48.1445112
7266,11.5826902,48.1445200
7267,11.5828517,48.1445073
7268,11.5829480,48.1445053
7269,11.5851243,48.1437654
7270,11.5855289,48.1436839
7271,11.5852148,48.1436753
7272,11.5861003,48.1435012
7273,11.5658059,48.1339561
7274,11.5656699,48.1338536
7275,11.5657949,48.1342871
7276,11.5657925,48.1343288
7277,11.5657988,48.1343722
7278,11.5655620,48.1337490
7279,11.5655914,48.1337871
7280,11.5656152,48.1338109
7281,11.5656411,48.1338321
7282,11.5654508,48.1338074
7283,11.5658873,48.1341208
7284,11.5648803,48.1335324
7285,11.5651214,48.1335567
7286,11.5654394,48.1335874
7287,11.5654728,48.1336027
7288,11.5585799,48.1464527
7289,11.5759761,48.1455350
7290,11.5764586,48.1455571
7291,11.5765583,48.1455610
7292,11.5770695,48.1455757
7293,11.5773066,48.1455724
7294,11.5766054,48.1456648
7295,11.5767740,48.1456690
7296,11.5770688,48.1456654
7297,11.5772983,48.1456485
7298,11.5751585,48.1456186
7299,11.5699304,48.1199046
7300,11.5698497,48.1198049
7301,11.5831662,48.1419847
7302,11.5830777,48.1417564
7303,11.5765098,48.1391201
7304,11.5772407,48.1389810
7305,11.5772692,48.1388699
7306,11.5769483,48.1390397
7307,11.5827192,48.1350458
7308,11.5843874,48.1373473
7309,11.5833198,48.1354666
7310,11.5834122,48.1357081
7311,11.5839866,48.1362732
7312,11.5843023,48.1375070
7313,11.5844165,48.1379875
7314,11.5829351,48.1351699
7315,11.5844389,48.1375177
7316,11.5832038,48.1355412
7317,11.5838781,48.1373472
7318,11.5847098,48.1390469
7319,11.5848904,48.1392142
7320,11.5849158,48.1391143
7321,11.5848933,48.1389848
7322,11.5847438,48.1386346
7323,11.5845803,48.1394199
7324,11.5830954,48.1415165
7325,11.5830198,48.1413557
7326,11.5828983,48.1413391
7327,11.5830321,48.1416814
7328,11.5831300,48.1413860
7329,11.5831622,48.1414676
7330,11.5833632,48.1406824
7331,11.5832800,48.1407692
7332,11.5839128,48.1401674
7333,11.5836353,48.1403247
7334,11.5836926,48.1403720
7335,11.5838574,48.1328874
7336,11.5837965,48.1329577
7337,11.5760455,48.1277680
7338,11.5764636,48.1277630
7339,11.5760548,48.1279511
7340,11.5764530,48.1279721
7341,11.5670802,48.1323792
7342,11.5831593,48.1353313
7343,11.5830205,48.1352261
7344,11.5832490,48.1346684
7345,11.5834661,48.1349437
7346,11.5835233,48.1349801
7347,11.5835543,48.1349889
7348,11.5670826,48.1266871
7349,11.5688932,48.1264824
7350,11.5699420,48.1263139
7351,11.5700034,48.1262209
7352,11.5703435,48.1283033
7353,11.5698036,48.1285658
7354,11.5695878,48.1286190
7355,11.5685022,48.1264919
7356,11.5685066,48.1265201
7357,11.5687659,48.1265147
7358,11.5687235,48.1265089
7359,11.5686813,48.1265081
7360,11.5683579,48.1265432
7361,11.5684535,48.1264310
7362,11.5688571,48.1266072
7363,11.5607132,48.1296598
7364,11.5662645,48.1233106
7365,11.5650746,48.1227708
7366,11.5643113,48.1214845
7367,11.5637645,48.1211669
7368,11.5553132,48.1286270
7369,11.5700686,48.1318536
7370,11.5770234,48.1292918
7371,11.5706602,48.1428107
7372,11.5983391,48.1284557
7373,11.5681869,48.1290917
7374,11.5680369,48.1287579
7375,11.5684041,48.1289187
7376,11.5974252,48.1329166
7377,11.5696968,48.1447173
7378,11.5702204,48.1443874
7379,11.5641558,48.1393305
7380,11.5646911,48.1393332
7381,11.5652212,48.1394952
7382,11.5645828,48.1393352
7383,11.5944300,48.1313428
7384,11.5712926,48.1524328
7385,11.5734972,48.1434743
7386,11.5743355,48.1362130
7387,11.5597110,48.1229066
7388,11.5987221,48.1346851
7389,11.5710302,48.1373941
7390,11.5792394,48.1515117
7391,11.5646090,48.1496712
7392,11.5618927,48.1475372
7393,11.5669025,48.1258937
7394,11.5656509,48.1237956
7395,11.5670968,48.1238375
7396,11.5667817,48.1247670
7397,11.5667345,48.1249436
7398,11.5665797,48.1255114
7399,11.5670192,48.1238778
7400,11.5823163,48.1349743
7401,11.5820733,48.1348004
7402,11.5811066,48.1345999
7403,11.5761554,48.1467747
7404,11.5773755,48.1486679
7405,11.5774677,48.1488094
7406,11.5775182,48.1488868
7407,11.5625139,48.1528972
7408,11.5745977,48.1455326
7409,11.5628701,48.1316322
7410,11.5670736,48.1324273
7411,11.5668527,48.1323177
7412,11.5668309,48.1323038
7413,11.5668392,48.1323102
7414,11.5668456,48.1323141
7415,11.5664121,48.1365670
7416,11.5659614,48.1367021
7417,11.5820764,48.1208207
7418,11.5700707,48.1301069
7419,11.5697745,48.1294685
7420,11.5679516,48.1300928
7421,11.5733916,48.1459378
7422,11.5666988,48.1430296
7423,11.5637590,48.1461725
7424,11.5642723,48.1465446
7425,11.5643537,48.1463810
7426,11.5637481,48.1457318
7427,11.5639537,48.1461545
7428,11.5639886,48.1462106
7429,11.5722410,48.1286571
7430,11.5570724,48.1363719
7431,11.5684988,48.1512194
7432,11.5505653,48.1431991
7433,11.5522971,48.1428295
7434,11.6020367,48.1336618
7435,11.6019611,48.1337803
7436,11.6018069,48.1336806
7437,11.5803986,48.1270938
7438,11.5652553,48.1338694
7439,11.5654259,48.1338150
7440,11.5986267,48.1410880
7441,11.5985433,48.1411273
7442,11.5985285,48.1409190
7443,11.5987475,48.1410292
7444,11.5961514,48.1311705
7445,11.5960020,48.1311607
7446,11.5963783,48.1321992
7447,11.5961651,48.1341600
7448,11.5860983,48.1345196
7449,11.5859798,48.1332410
7450,11.5906861,48.1280999
7451,11.5761669,48.1549559
7452,11.5635268,48.1236837
7453,11.5588795,48.1265913
7454,11.5588602,48.1265829
7455,11.5588344,48.1265745
7456,11.5587262,48.1265552
7457,11.5587008,48.1265542
7458,11.5583446,48.1263799
7459,11.5609418,48.1255528
7460,11.5609635,48.1256115
7461,11.5634926,48.1236130
7462,11.5638370,48.1241482
7463,11.5642351,48.1242679
7464,11.5639374,48.1244372
7465,11.5641613,48.1243107
7466,11.5642623,48.1242545
7467,11.5641853,48.1242957
7468,11.5639959,48.1244103
7469,11.5640337,48.1243897
7470,11.5639606,48.1244271
7471,11.5638714,48.1241784
7472,11.5636183,48.1238661
7473,11.5634781,48.1235873
7474,11.5634600,48.1235626
7475,11.5635689,48.1237706
7476,11.5635911,48.1238170
7477,11.5642899,48.1244971
7478,11.5977825,48.1349738
7479,11.5903916,48.1424066
7480,11.5903288,48.1422636
7481,11.5686039,48.1306114
7482,11.5888048,48.1412511
7483,11.5888455,48.1410368
7484,11.5890273,48.1411025
7485,11.5888455,48.1409899
7486,11.5886070,48.1411618
7487,11.5945496,48.1275989
7488,11.5943277,48.1281396
7489,11.5950216,48.1261653
7490,11.5754023,48.1543419
7491,11.5821235,48.1222184
7492,11.5803444,48.1249394
7493,11.5741336,48.1199780
7494,11.5734975,48.1202353
7495,11.5840470,48.1331673
7496,11.5806869,48.1241724
7497,11.5984894,48.1406985
7498,11.5984479,48.1402747
7499,11.5980171,48.1389905
7500,11.5979304,48.1388874
7501,11.5582639,48.1393248
7502,11.5583559,48.1393341
7503,11.5585441,48.1393333
7504,11.5584894,48.1393367
7505,11.5870579,48.1393885
7506,11.5874410,48.1394015
7507,11.5755592,48.1542892
7508,11.5724729,48.1451539
7509,11.5833166,48.1243199
7510,11.5839720,48.1250158
7511,11.5702860,48.1203707
7512,11.5747365,48.1225336
7513,11.5693629,48.1497063
7514,11.5668180,48.1504424
7515,11.5624402,48.1516685
7516,11.5642634,48.1511582
7517,11.5654958,48.1508133
7518,11.5604406,48.1522261
7519,11.5679595,48.1476201
7520,11.5654283,48.1482987
7521,11.5628793,48.1490398
7522,11.5640373,48.1487168
7523,11.5853691,48.1294588
7524,11.5626907,48.1487589
7525,11.5637268,48.1482208
7526,11.5911237,48.1381125
7527,11.5910962,48.1382510
7528,11.5490555,48.1390216
7529,11.5492152,48.1390148
7530,11.5495142,48.1388399
7531,11.5495806,48.1388121
7532,11.5496336,48.1387723
7533,11.5497041,48.1386166
7534,11.5496926,48.1386792
7535,11.5496812,48.1387083
7536,11.5494928,48.1390068
7537,11.5524000,48.1366991
7538,11.5524653,48.1366859
7539,11.5502451,48.1361988
7540,11.5501036,48.1363277
7541,11.5505918,48.1359428
7542,11.5505938,48.1358994
7543,11.5497006,48.1360516
7544,11.5490140,48.1360959
7545,11.5490583,48.1360449
7546,11.5489838,48.1360001
7547,11.5489925,48.1362042
7548,11.5490019,48.1362458
7549,11.5496892,48.1360708
7550,11.5490616,48.1361241
7551,11.5489416,48.1361274
7552,11.5488685,48.1361268
7553,11.5487853,48.1361236
7554,11.5485969,48.1359334
7555,11.5487425,48.1359598
7556,11.5499843,48.1360328
7557,11.5502062,48.1359978
7558,11.5503531,48.1359674
7559,11.5490153,48.1382855
7560,11.5490039,48.1383163
7561,11.5489704,48.1383436
7562,11.5489469,48.1383535
7563,11.5499768,48.1432401
7564,11.5538909,48.1425033
7565,11.5793253,48.1547902
7566,11.5652180,48.1353604
7567,11.5748349,48.1348967
7568,11.5836084,48.1328867
7569,11.5826813,48.1338506
7570,11.5755647,48.1542687
7571,11.5755991,48.1458405
7572,11.5745560,48.1455473
7573,11.5745823,48.1455859
7574,11.5746290,48.1455722
7575,11.5747173,48.1456612
7576,11.5747176,48.1453225
7577,11.5745423,48.1453677
7578,11.5734358,48.1459168
7579,11.5747624,48.1455389
7580,11.5747160,48.1454888
7581,11.5754391,48.1457504
7582,11.5755091,48.1457799
7583,11.5753586,48.1457299
7584,11.5752269,48.1457219
7585,11.5753305,48.1457268
7586,11.5753854,48.1457359
7587,11.5755556,48.1457969
7588,11.5747988,48.1456470
7589,11.5740782,48.1440589
7590,11.5740275,48.1440758
7591,11.5744113,48.1439756
7592,11.5605390,48.1521699
7593,11.5604992,48.1521773
7594,11.5604506,48.1521817
7595,11.5603608,48.1521766
7596,11.5603187,48.1521658
7597,11.5604059,48.1521816
7598,11.5604059,48.1520641
7599,11.5603389,48.1521719
7600,11.5602952,48.1521580
7601,11.5603816,48.1521795
7602,11.5604656,48.1521807
7603,11.5605225,48.1521734
7604,11.5604819,48.1521793
7605,11.5531115,48.1340849
7606,11.5807027,48.1245566
7607,11.5797633,48.1345633
7608,11.5797460,48.1346311
7609,11.5795119,48.1345839
7610,11.5795139,48.1345347
7611,11.5511784,48.1429955
7612,11.5512079,48.1430568
7613,11.5634995,48.1413941
7614,11.5652592,48.1526965
7615,11.5740320,48.1473313
7616,11.5562249,48.1348377
7617,11.5548696,48.1443567
7618,11.5543683,48.1482983
7619,11.5560704,48.1485752
7620,11.5733237,48.1418355
7621,11.5704274,48.1427359
7622,11.5661597,48.1421583
7623,11.5665803,48.1421046
7624,11.5660600,48.1421723
7625,11.5658947,48.1422029
7626,11.5658066,48.1422243
7627,11.5495981,48.1434426
7628,11.5833088,48.1548216
7629,11.6003240,48.1410215
7630,11.5930460,48.1421416
7631,11.5928997,48.1421723
7632,11.5896479,48.1428347
7633,11.5938619,48.1405015
7634,11.5889065,48.1365381
7635,11.5899633,48.1373892
7636,11.5896452,48.1309087
7637,11.5911703,48.1305232
7638,11.5801709,48.1297701
7639,11.5620831,48.1254079
7640,11.5584032,48.1265139
7641,11.5595386,48.1289917
7642,11.5566634,48.1392259
7643,11.5552616,48.1375008
7644,11.5527720,48.1375236
7645,11.5753649,48.1282467
7646,11.5946663,48.1466875
7647,11.5946397,48.1466518
7648,11.5947305,48.1467612
7649,11.5943702,48.1462946
7650,11.5944800,48.1464275
7651,11.5944372,48.1463738
7652,11.5946067,48.1466073
7653,11.5942937,48.1465302
7654,11.5943573,48.1465277
7655,11.5944650,48.1465096
7656,11.5946403,48.1465557
7657,11.5841997,48.1457514
7658,11.5844483,48.1500793
7659,11.5844192,48.1462294
7660,11.5829496,48.1467408
7661,11.5839488,48.1454466
7662,11.5829425,48.1411885
7663,11.5829730,48.1411382
7664,11.5831784,48.1412280
7665,11.5831392,48.1412311
7666,11.5857271,48.1414713
7667,11.5855972,48.1414455
7668,11.5860281,48.1415231
7669,11.5859714,48.1415231
7670,11.5862835,48.1411479
7671,11.5862498,48.1412183
7672,11.5861966,48.1413701
7673,11.5862042,48.1414263
7674,11.5855134,48.1414402
7675,11.5938338,48.1430598
7676,11.5939244,48.1433501
7677,11.5920137,48.1435293
7678,11.5925185,48.1442594
7679,11.5919910,48.1435342
7680,11.5918522,48.1444139
7681,11.5920731,48.1435151
7682,11.5927058,48.1433645
7683,11.5931476,48.1441139
7684,11.5931800,48.1439981
7685,11.5919916,48.1423711
7686,11.5920764,48.1423533
7687,11.5918904,48.1423908
7688,11.5904746,48.1425851
7689,11.5912875,48.1408724
7690,11.5898205,48.1410645
7691,11.5902514,48.1420779
7692,11.5887022,48.1411491
7693,11.5888937,48.1411221
7694,11.5887785,48.1411376
7695,11.5912203,48.1407125
7696,11.5905460,48.1408252
7697,11.5911517,48.1407984
7698,11.5580889,48.1374547
7699,11.5532036,48.1363107
7700,11.5531714,48.1355835
7701,11.5530199,48.1364626
7702,11.5513207,48.1368353
7703,11.5505219,48.1359901
7704,11.5497800,48.1371790
7705,11.5519282,48.1367044
7706,11.5549448,48.1349957
7707,11.5534229,48.1351919
7708,11.5521988,48.1350606
7709,11.5516373,48.1354269
7710,11.5531037,48.1390843
7711,11.5896293,48.1398344
7712,11.5902081,48.1395624
7713,11.5908308,48.1392573
7714,11.5885933,48.1401315
7715,11.5896698,48.1398797
7716,11.5886128,48.1401934
7717,11.5907860,48.1393633
7718,11.5906535,48.1393626
7719,11.5896864,48.1397975
7720,11.5895839,48.1397865
7721,11.5895540,48.1398640
7722,11.5587566,48.1296956
7723,11.5713297,48.1200844
7724,11.5584525,48.1296267
7725,11.5584587,48.1296501
7726,11.5583199,48.1295977
7727,11.5582971,48.1296349
7728,11.5583578,48.1298255
7729,11.5583407,48.1302986
7730,11.5583349,48.1302603
7731,11.5720689,48.1316461
7732,11.5638184,48.1537064
7733,11.5637101,48.1536714
7734,11.5749296,48.1196562
7735,11.5745206,48.1198226
7736,11.5720152,48.1208393
7737,11.5733687,48.1202871
7738,11.5718219,48.1209180
7739,11.5790129,48.1258090
7740,11.5787216,48.1260239
7741,11.5791730,48.1256908
7742,11.5798138,48.1234528
7743,11.5800412,48.1234762
7744,11.5769495,48.1206945
7745,11.5708517,48.1207844
7746,11.5753051,48.1233342
7747,11.5754111,48.1232629
7748,11.5732466,48.1220567
7749,11.5730459,48.1219540
7750,11.5758048,48.1231190
7751,11.5782488,48.1250264
7752,11.5764737,48.1202182
7753,11.5765105,48.1200836
7754,11.5766258,48.1211812
7755,11.5775054,48.1223383
7756,11.5758300,48.1225645
7757,11.5759789,48.1220172
7758,11.5794151,48.1232324
7759,11.5794946,48.1199979
7760,11.5776649,48.1202331
7761,11.5796511,48.1200853
7762,11.5904056,48.1424359
7763,11.5535041,48.1390975
7764,11.5632165,48.1360745
7765,11.5646449,48.1425571
7766,11.5964152,48.1312045
7767,11.5897925,48.1251998
7768,11.5931382,48.1273837
7769,11.5886451,48.1246526
7770,11.5935975,48.1281022
7771,11.5928139,48.1269014
7772,11.5917405,48.1299709
7773,11.5926087,48.1293913
7774,11.5921636,48.1296862
7775,11.5932541,48.1291150
7776,11.5959322,48.1273518
7777,11.5955808,48.1275624
7778,11.5967292,48.1268738
7779,11.5904581,48.1308942
7780,11.5911967,48.1303497
7781,11.5908876,48.1305775
7782,11.5913155,48.1302621
7783,11.5914624,48.1301580
7784,11.5871060,48.1308825
7785,11.5865216,48.1304451
7786,11.5816888,48.1279058
7787,11.5815883,48.1274507
7788,11.5840140,48.1282604
7789,11.5824966,48.1278803
7790,11.5827889,48.1278711
7791,11.5820842,48.1278933
7792,11.5874508,48.1304418
7793,11.5872704,48.1302383
7794,11.5838989,48.1268919
7795,11.5849503,48.1280855
7796,11.5837688,48.1267430
7797,11.5856067,48.1285633
7798,11.5839723,48.1269760
7799,11.5855051,48.1293059
7800,11.5860826,48.1300772
7801,11.5859563,48.1299678
7802,11.5835944,48.1278695
7803,11.5806324,48.1276563
7804,11.5787667,48.1267755
7805,11.5840508,48.1251207
7806,11.5845210,48.1257469
7807,11.5835330,48.1244311
7808,11.5846698,48.1259451
7809,11.5835475,48.1241928
7810,11.5823549,48.1247524
7811,11.5830093,48.1244576
7812,11.5840539,48.1265342
7813,11.5861722,48.1284481
7814,11.5858337,48.1279184
7815,11.5861387,48.1285784
7816,11.5855040,48.1277590
7817,11.5891657,48.1303762
7818,11.5894259,48.1307418
7819,11.5889570,48.1300784
7820,11.5926583,48.1271354
7821,11.5916928,48.1282829
7822,11.5913868,48.1282289
7823,11.5886385,48.1296398
7824,11.5912963,48.1275457
7825,11.5921282,48.1272927
7826,11.5908881,48.1276237
7827,11.5883674,48.1281773
7828,11.5901313,48.1276381
7829,11.5885677,48.1281157
7830,11.5890092,48.1279800
7831,11.5904823,48.1278106
7832,11.5913322,48.1284157
7833,11.5921455,48.1293546
7834,11.5876239,48.1277273
7835,11.5860686,48.1250303
7836,11.5861626,48.1253873
7837,11.5858981,48.1245431
7838,11.5867946,48.1266135
7839,11.5841878,48.1229525
7840,11.5851868,48.1236247
7841,11.5840474,48.1228943
7842,11.5854109,48.1238844
7843,11.5855138,48.1240036
7844,11.5847283,48.1231825
7845,11.5624441,48.1405740
7846,11.5620611,48.1400413
7847,11.5624254,48.1405479
7848,11.5823348,48.1218803
7849,11.5820208,48.1211631
7850,11.5832007,48.1225397
7851,11.5827232,48.1222660
7852,11.5836144,48.1203210
7853,11.5826317,48.1206068
7854,11.5821230,48.1215641
7855,11.5630751,48.1393548
7856,11.5626575,48.1393992
7857,11.5624739,48.1394081
7858,11.5621726,48.1393833
7859,11.5623134,48.1393908
7860,11.5617816,48.1393805
7861,11.5616954,48.1393833
7862,11.5616253,48.1393861
7863,11.5629945,48.1393609
7864,11.5628593,48.1393749
7865,11.5623800,48.1393978
7866,11.5625166,48.1394086
7867,11.5622462,48.1393857
7868,11.5964092,48.1270633
7869,11.5966035,48.1269483
7870,11.5958741,48.1273866
7871,11.5957199,48.1274790
7872,11.5731144,48.1337647
7873,11.5783662,48.1539770
7874,11.5772414,48.1538374
7875,11.5775648,48.1548772
7876,11.5682860,48.1547160
7877,11.5682143,48.1545393
7878,11.5681616,48.1544594
7879,11.5675757,48.1544295
7880,11.5671632,48.1545493
7881,11.5666884,48.1537409
7882,11.5673698,48.1544897
7883,11.5679911,48.1536303
7884,11.5679959,48.1541980
7885,11.5697766,48.1456357
7886,11.5697878,48.1456487
7887,11.5585946,48.1431255
7888,11.5875329,48.1311923
7889,11.5876957,48.1312451
7890,11.5878231,48.1315279
7891,11.5878354,48.1315472
7892,11.5877945,48.1315029
7893,11.5877213,48.1315635
7894,11.5876704,48.1315847
7895,11.5878205,48.1315217
7896,11.5877782,48.1315212
7897,11.5878332,48.1315442
7898,11.5877516,48.1315434
7899,11.5873472,48.1310595
7900,11.5647709,48.1459991
7901,11.5647131,48.1458934
7902,11.5565296,48.1492332
7903,11.5566131,48.1493491
7904,11.5609107,48.1398143
7905,11.5608819,48.1397649
7906,11.5608607,48.1394818
7907,11.5609200,48.1398477
7908,11.5608616,48.1397201
7909,11.5610480,48.1407619
7910,11.5610418,48.1406853
7911,11.5604629,48.1418368
7912,11.5603241,48.1417922
7913,11.5603932,48.1418017
7914,11.5591608,48.1415751
7915,11.5590753,48.1416009
7916,11.5589916,48.1416291
7917,11.5588743,48.1416605
7918,11.5585570,48.1417041
7919,11.5586614,48.1416949
7920,11.5584831,48.1417176
7921,11.5613581,48.1414877
7922,11.5611742,48.1415063
7923,11.5893407,48.1370123
7924,11.5895918,48.1371774
7925,11.5897061,48.1372341
7926,11.5897295,48.1372457
7927,11.5896167,48.1371897
7928,11.5724014,48.1267324
7929,11.5736575,48.1273525
7930,11.5727404,48.1268432
7931,11.5728503,48.1268454
7932,11.5779435,48.1395018
7933,11.5965231,48.1362347
7934,11.5966637,48.1366874
7935,11.5909465,48.1370149
7936,11.5915437,48.1369007
7937,11.5975076,48.1356973
7938,11.5986969,48.1355778
7939,11.5967695,48.1358347
7940,11.6020520,48.1356828
7941,11.5984964,48.1374533
7942,11.5974616,48.1367515
7943,11.5980422,48.1371653
7944,11.5977632,48.1367192
7945,11.5999587,48.1405025
7946,11.5987072,48.1378978
7947,11.5992263,48.1390734
7948,11.6014542,48.1401286
7949,11.6014497,48.1402214
7950,11.6014682,48.1398369
7951,11.6014586,48.1400376
7952,11.5920104,48.1329718
7953,11.5939238,48.1335835
7954,11.5917740,48.1328962
7955,11.5956078,48.1340340
7956,11.5931521,48.1333410
7957,11.5974664,48.1347427
7958,11.5978588,48.1354067
7959,11.5950356,48.1351073
7960,11.5947678,48.1352395
7961,11.5959433,48.1348758
7962,11.5951664,48.1300019
7963,11.5943595,48.1292532
7964,11.5940698,48.1289799
7965,11.5947210,48.1294160
7966,11.5946005,48.1293012
7967,11.5950118,48.1298585
7968,11.5946958,48.1295653
7969,11.5954058,48.1300682
7970,11.5942135,48.1291177
7971,11.5972024,48.1341375
7972,11.5974049,48.1330055
7973,11.5967974,48.1314304
7974,11.5972785,48.1317080
7975,11.5912475,48.1324913
7976,11.5915802,48.1318980
7977,11.5919468,48.1317637
7978,11.5953261,48.1303593
7979,11.5925556,48.1315432
7980,11.5926429,48.1322619
7981,11.5922849,48.1322551
7982,11.5921402,48.1322524
7983,11.5924536,48.1322583
7984,11.5916082,48.1322424
7985,11.5950259,48.1330557
7986,11.5953275,48.1330595
7987,11.5951700,48.1330575
7988,11.5935005,48.1321544
7989,11.5952594,48.1310804
7990,11.5945842,48.1310074
7991,11.5954610,48.1311022
7992,11.5945917,48.1325086
7993,11.5935805,48.1323828
7994,11.5949225,48.1310440
7995,11.5956249,48.1311199
7996,11.5962495,48.1317663
7997,11.5961013,48.1312833
7998,11.5963620,48.1321421
7999,11.5973988,48.1323077
8000,11.5958050,48.1322872
8001,11.5956479,48.1322863
8002,11.5954549,48.1322851
8003,11.5949866,48.1322823
8004,11.5960489,48.1322886
8005,11.5962253,48.1328234
8006,11.5963036,48.1339959
8007,11.6007016,48.1340532
8008,11.6001242,48.1342047
8009,11.5994215,48.1309802
8010,11.5984446,48.1317065
8011,11.5983944,48.1323256
8012,11.6003130,48.1322795
8013,11.6005238,48.1322509
8014,11.6010319,48.1317851
8015,11.6009162,48.1321977
8016,11.5999419,48.1310968
8017,11.5975772,48.1331187
8018,11.5994820,48.1342476
8019,11.5983069,48.1328776
8020,11.5976947,48.1330819
8021,11.5979768,48.1329910
8022,11.5985364,48.1328995
8023,11.6004536,48.1330645
8024,11.6006442,48.1329990
8025,11.5979236,48.1301292
8026,11.5981466,48.1312043
8027,11.5973296,48.1306662
8028,11.5984656,48.1314144
8029,11.5967313,48.1309330
8030,11.5979865,48.1310989
8031,11.5965702,48.1310414
8032,11.5993521,48.1307021
8033,11.6012667,48.1331401
8034,11.6009989,48.1330210
8035,11.6004345,48.1327680
8036,11.5999709,48.1287334
8037,11.5988157,48.1284341
8038,11.5967740,48.1285267
8039,11.5980186,48.1284702
8040,11.5985866,48.1284445
8041,11.5975890,48.1284897
8042,11.5995463,48.1284009
8043,11.5966978,48.1289452
8044,11.5965167,48.1288240
8045,11.5957042,48.1282760
8046,11.5956367,48.1282314
8047,11.5953990,48.1280742
8048,11.5974989,48.1276176
8049,11.5971290,48.1278642
8050,11.5965385,48.1282576
8051,11.5979603,48.1273096
8052,11.5967578,48.1281115
8053,11.5696845,48.1454926
8054,11.5721648,48.1438351
8055,11.5712465,48.1440952
8056,11.5703386,48.1469545
8057,11.5695175,48.1452324
8058,11.5894088,48.1244383
8059,11.5904650,48.1237567
8060,11.5883449,48.1221219
8061,11.5865772,48.1217232
8062,11.5891624,48.1222367
8063,11.5897266,48.1223139
8064,11.5889105,48.1222022
8065,11.5880982,48.1220825
8066,11.5892610,48.1394591
8067,11.5902437,48.1226922
8068,11.5899188,48.1238119
8069,11.5902307,48.1230985
8070,11.5883579,48.1239280
8071,11.5884819,48.1223710
8072,11.5927261,48.1263925
8073,11.5872413,48.1228876
8074,11.5929667,48.1254381
8075,11.5939862,48.1257799
8076,11.5938942,48.1256480
8077,11.5949736,48.1261506
8078,11.5970639,48.1264861
8079,11.5955728,48.1263660
8080,11.5956665,48.1256343
8081,11.5953502,48.1260868
8082,11.5953860,48.1260356
8083,11.5958323,48.1253971
8084,11.5927877,48.1253182
8085,11.5927875,48.1237346
8086,11.5945126,48.1266512
8087,11.5949663,48.1268239
8088,11.5943589,48.1279859
8089,11.5944353,48.1278308
8090,11.5596254,48.1498379
8091,11.5595014,48.1500026
8092,11.5573303,48.1503292
8093,11.5574408,48.1502150
8094,11.5576444,48.1507685
8095,11.5575814,48.1507029
8096,11.5586124,48.1502425
8097,11.5573076,48.1501870
8098,11.5573384,48.1503007
8099,11.5572894,48.1504634
8100,11.5691694,48.1361416
8101,11.5691248,48.1361419
8102,11.5695789,48.1362666
8103,11.5760920,48.1555251
8104,11.5682524,48.1263675
8105,11.5781495,48.1232438
8106,11.5784074,48.1233085
8107,11.5752571,48.1312329
8108,11.5681073,48.1418777
8109,11.5681881,48.1419489
8110,11.5682411,48.1419966
8111,11.5684349,48.1421747
8112,11.5686429,48.1423660
8113,11.5763296,48.1436397
8114,11.5760631,48.1436959
8115,11.5735055,48.1271729
8116,11.5735366,48.1271479
8117,11.5901199,48.1385544
8118,11.5899156,48.1383368
8119,11.5894128,48.1378736
8120,11.5865922,48.1403263
8121,11.5866138,48.1402742
8122,11.5865465,48.1404353
8123,11.5865707,48.1403773
8124,11.5709207,48.1391817
8125,11.5611123,48.1462919
8126,11.5605036,48.1453493
8127,11.5737463,48.1417562
8128,11.5735454,48.1417933
8129,11.5737813,48.1417497
8130,11.5783007,48.1384416
8131,11.5780420,48.1381037
8132,11.5568577,48.1347511
8133,11.5541968,48.1363963
8134,11.5690790,48.1311052
8135,11.5659690,48.1306952
8136,11.5660900,48.1306020
8137,11.5672698,48.1300379
8138,11.5680293,48.1287394
8139,11.5676701,48.1296061
8140,11.5673280,48.1307782
8141,11.5672567,48.1308222
8142,11.5673368,48.1308630
8143,11.5674844,48.1318216
8144,11.5676575,48.1318237
8145,11.5676439,48.1319758
8146,11.5674572,48.1320028
8147,11.5663529,48.1308975
8148,11.5647012,48.1309952
8149,11.5647665,48.1309373
8150,11.5641920,48.1299456
8151,11.5652477,48.1295772
8152,11.5636069,48.1312197
8153,11.5641175,48.1298255
8154,11.5642380,48.1298572
8155,11.5703209,48.1316970
8156,11.5700022,48.1309932
8157,11.5709860,48.1318234
8158,11.5710354,48.1320129
8159,11.5705099,48.1322222
8160,11.5629659,48.1333212
8161,11.5632761,48.1470414
8162,11.5630949,48.1467457
8163,11.5829203,48.1540069
8164,11.5858229,48.1537328
8165,11.5689720,48.1414270
8166,11.5653007,48.1392507
8167,11.5622875,48.1481584
8168,11.5548957,48.1278680
8169,11.5559240,48.1274320
8170,11.5559502,48.1275578
8171,11.6018703,48.1337196
8172,11.6017496,48.1336182
8173,11.5975092,48.1323096
8174,11.5978594,48.1323154
8175,11.5975430,48.1324152
8176,11.5977376,48.1321792
8177,11.5980177,48.1319988
8178,11.5976931,48.1350180
8179,11.5877979,48.1313431
8180,11.5859929,48.1319548
8181,11.5810242,48.1278272
8182,11.5811298,48.1277430
8183,11.5808575,48.1279538
8184,11.5810883,48.1277757
8185,11.5809040,48.1277869
8186,11.5811620,48.1278598
8187,11.5888627,48.1249688
8188,11.5891214,48.1247180
8189,11.5889007,48.1249387
8190,11.5929362,48.1270593
8191,11.5927370,48.1271133
8192,11.5928470,48.1269441
8193,11.5930149,48.1271856
8194,11.5928813,48.1269884
8195,11.5929802,48.1271303
8196,11.5933454,48.1367242
8197,11.5971532,48.1266248
8198,11.5834450,48.1390438
8199,11.5967370,48.1370397
8200,11.5504683,48.1375474
8201,11.5516302,48.1381931
8202,11.5516389,48.1384402
8203,11.5657095,48.1322567
8204,11.5846141,48.1352290
8205,11.5864944,48.1350783
8206,11.5861180,48.1353765
8207,11.5860336,48.1353306
8208,11.5862885,48.1358767
8209,11.5840858,48.1358702
8210,11.5840534,48.1359392
8211,11.5871949,48.1356607
8212,11.5873248,48.1356899
8213,11.5866319,48.1374687
8214,11.5879127,48.1372044
8215,11.5797670,48.1295627
8216,11.5758493,48.1276655
8217,11.5769102,48.1282011
8218,11.5811848,48.1302906
8219,11.5714771,48.1252996
8220,11.5646310,48.1216755
8221,11.5666351,48.1227309
8222,11.5708902,48.1257493
8223,11.5708334,48.1249579
8224,11.5647417,48.1217367
8225,11.5730288,48.1261207
8226,11.5596256,48.1228419
8227,11.5606400,48.1237507
8228,11.5615104,48.1246965
8229,11.5601908,48.1233328
8230,11.5632927,48.1246534
8231,11.5624686,48.1214084
8232,11.5626588,48.1223939
8233,11.5637508,48.1240482
8234,11.5628218,48.1228302
8235,11.5624265,48.1225179
8236,11.5622752,48.1224481
8237,11.5592309,48.1258731
8238,11.5594314,48.1258148
8239,11.5656301,48.1532656
8240,11.5655540,48.1531484
8241,11.5655923,48.1532071
8242,11.5654405,48.1532508
8243,11.5655273,48.1531075
8244,11.5656632,48.1533166
8245,11.5681379,48.1524806
8246,11.5679804,48.1525275
8247,11.5682176,48.1525996
8248,11.5680714,48.1523802
8249,11.5706879,48.1517557
8250,11.5705070,48.1518078
8251,11.5707622,48.1518717
8252,11.5706206,48.1516508
8253,11.5722623,48.1445972
8254,11.5720973,48.1438534
8255,11.5698688,48.1444914
8256,11.5698215,48.1444897
8257,11.5697910,48.1444887
8258,11.5589330,48.1466133
8259,11.5590213,48.1465955
8260,11.5590835,48.1465638
8261,11.5585165,48.1466983
8262,11.5591740,48.1466207
8263,11.5591384,48.1466884
8264,11.5561436,48.1422462
8265,11.5558275,48.1420320
8266,11.5561675,48.1418665
8267,11.5564092,48.1420944
8268,11.5577907,48.1418775
8269,11.5577866,48.1417181
8270,11.5571353,48.1420161
8271,11.5832183,48.1520445
8272,11.5842751,48.1518637
8273,11.5848676,48.1529494
8274,11.5839139,48.1519236
8275,11.5860308,48.1525060
8276,11.5870871,48.1529810
8277,11.5834348,48.1483153
8278,11.5836179,48.1489148
8279,11.5842753,48.1501049
8280,11.5841803,48.1507226
8281,11.5848951,48.1480060
8282,11.5833258,48.1479635
8283,11.5809571,48.1449322
8284,11.5807723,48.1449692
8285,11.5723486,48.1317932
8286,11.5719036,48.1315593
8287,11.5904959,48.1389199
8288,11.5927368,48.1432666
8289,11.5948415,48.1468898
8290,11.5930796,48.1438324
8291,11.5859345,48.1332036
8292,11.5855233,48.1328631
8293,11.5876930,48.1349329
8294,11.5857479,48.1330496
8295,11.5957152,48.1462997
8296,11.5959035,48.1472669
8297,11.5955812,48.1456970
8298,11.5959275,48.1473934
8299,11.5948930,48.1429061
8300,11.5921675,48.1387546
8301,11.5923123,48.1388453
8302,11.5936549,48.1401568
8303,11.5937495,48.1403007
8304,11.5903690,48.1376463
8305,11.5919591,48.1386265
8306,11.5942084,48.1427714
8307,11.5910438,48.1391875
8308,11.5931086,48.1414257
8309,11.5942725,48.1445730
8310,11.5915697,48.1407389
8311,11.5751670,48.1431045
8312,11.5758328,48.1302692
8313,11.5902297,48.1404855
8314,11.5887749,48.1407230
8315,11.5901500,48.1395886
8316,11.5748367,48.1353065
8317,11.5749791,48.1352089
8318,11.5784948,48.1387335
8319,11.5784363,48.1386443
8320,11.5790174,48.1384941
8321,11.5787033,48.1378597
8322,11.5799570,48.1365750
8323,11.5741729,48.1216962
8324,11.5787044,48.1372235
8325,11.5787034,48.1371787
8326,11.5787922,48.1371872
8327,11.5782441,48.1373834
8328,11.5783358,48.1373974
8329,11.5783171,48.1374607
8330,11.5962480,48.1327412
8331,11.5970086,48.1279439
8332,11.5977343,48.1296381
8333,11.5977753,48.1296654
8334,11.5977850,48.1296718
8335,11.5987222,48.1302935
8336,11.5989567,48.1304456
8337,11.5990070,48.1304783
8338,11.5990522,48.1305076
8339,11.5701257,48.1373140
8340,11.5701617,48.1373209
8341,11.5808166,48.1515495
8342,11.5786801,48.1506653
8343,11.5792843,48.1515842
8344,11.5671165,48.1260321
8345,11.5679241,48.1262660
8346,11.5675612,48.1261572
8347,11.5673357,48.1260928
8348,11.5677427,48.1262100
8349,11.5680887,48.1263167
8350,11.5684729,48.1264383
8351,11.5684863,48.1264482
8352,11.5684258,48.1265384
8353,11.5684981,48.1264718
8354,11.5684949,48.1264610
8355,11.5684799,48.1264425
8356,11.5684911,48.1264537
8357,11.5672351,48.1266256
8358,11.5691937,48.1262024
8359,11.5690600,48.1272590
8360,11.5692160,48.1277490
8361,11.5688628,48.1265074
8362,11.5670793,48.1258868
8363,11.5666037,48.1254205
8364,11.5665677,48.1255604
8365,11.5664885,48.1256103
8366,11.5665601,48.1256027
8367,11.5665733,48.1255362
8368,11.5665631,48.1255829
8369,11.5665598,48.1256239
8370,11.5665870,48.1256817
8371,11.5666175,48.1257430
8372,11.5666377,48.1257855
8373,11.5666776,48.1258362
8374,11.5669911,48.1259301
8375,11.5669368,48.1259237
8376,11.5670518,48.1260167
8377,11.5670009,48.1260080
8378,11.5668751,48.1260881
8379,11.5668440,48.1262100
8380,11.5669560,48.1264349
8381,11.5672045,48.1266287
8382,11.5669989,48.1265264
8383,11.5670305,48.1265876
8384,11.5671457,48.1266399
8385,11.5670856,48.1268253
8386,11.5670894,48.1267419
8387,11.5670875,48.1267158
8388,11.5671750,48.1266333
8389,11.5668208,48.1261476
8390,11.5668261,48.1261724
8391,11.5668283,48.1261201
8392,11.5668210,48.1261379
8393,11.5668226,48.1261605
8394,11.5668934,48.1260751
8395,11.5669239,48.1260475
8396,11.5669444,48.1260187
8397,11.5666489,48.1258084
8398,11.5666661,48.1258283
8399,11.5666920,48.1258418
8400,11.5667530,48.1258490
8401,11.5668233,48.1258603
8402,11.5668794,48.1258805
8403,11.5669190,48.1259059
8404,11.5669552,48.1259572
8405,11.5669563,48.1259888
8406,11.5670641,48.1258993
8407,11.5670466,48.1259101
