from,to,length
1736,7013,6.339
7013,1736,6.339
7013,9,25.000
9,7013,25.000
9,1791,9.205
1791,9,9.205
7220,548,26.411
548,7220,26.411
548,1123,54.785
1123,548,54.785
1123,1124,69.669
1124,1123,69.669
1124,1122,39.795
1122,1124,39.795
1125,7813,3.426
7813,1125,3.426
7813,1582,6.410
1582,7813,6.410
143,3103,1.663
3103,143,1.663
3103,5056,5.524
5056,3103,5.524
5056,7482,0.892
7482,5056,0.892
7482,547,25.975
547,7482,25.975
241,3738,4.133
3738,241,4.133
3738,5051,181.663
5051,3738,181.663
5051,3102,6.050
3102,5051,6.050
3102,242,1.563
242,3102,1.563
362,12985,5.680
12985,362,5.680
12985,131,36.169
131,12985,36.169
5088,365,33.885
365,5088,33.885
370,3775,2.932
3775,370,2.932
3775,3776,2.787
3776,3775,2.787
3776,373,2.782
373,3776,2.782
373,3780,2.782
3780,373,2.782
3780,3781,2.791
3781,3780,2.791
3781,3782,2.778
3782,3781,2.778
3782,381,2.780
381,3782,2.780
381,3785,2.789
3785,381,2.789
3785,3786,2.780
3786,3785,2.780
3786,378,2.789
378,3786,2.789
378,3789,2.779
3789,378,2.779
3789,3791,2.788
3791,3789,2.788
3791,2865,2.785
2865,3791,2.785
2865,3793,2.780
3793,2865,2.780
3793,3795,2.782
3795,3793,2.782
3795,368,2.789
368,3795,2.789
368,3798,2.605
3798,368,2.605
3798,3799,2.606
3799,3798,2.606
3799,380,2.612
380,3799,2.612
380,3802,2.608
3802,380,2.608
3802,3803,2.606
3803,3802,2.606
3803,3805,2.610
3805,3803,2.610
3805,371,2.609
371,3805,2.609
371,3808,3.033
3808,371,3.033
3808,3807,3.036
3807,3808,3.036
3807,3806,3.029
3806,3807,3.029
3806,372,3.036
372,3806,3.036
372,3804,3.031
3804,372,3.031
3804,3801,3.035
3801,3804,3.035
3801,3800,3.032
3800,3801,3.032
3800,138,3.034
138,3800,3.034
7368,7370,6.363
7370,7368,6.363
7370,1789,22.560
1789,7370,22.560
1789,1788,31.437
1788,1789,31.437
1788,11822,13.546
11822,1788,13.546
11822,7254,12.018
7254,11822,12.018
7254,7418,10.323
7418,7254,10.323
7418,1737,4.415
1737,7418,4.415
1737,4859,5.219
4859,1737,5.219
4859,12979,4.517
12979,4859,4.517
12979,248,9.808
248,12979,9.808
250,11154,8.678
11154,250,8.678
11154,1800,17.595
1800,11154,17.595
1800,11155,45.159
11155,1800,45.159
11155,251,4.626
251,11155,4.626
251,5065,5.009
5065,251,5.009
5065,4540,2.807
4540,5065,2.807
4540,383,1.501
383,4540,1.501
383,3605,5.425
3605,383,5.425
3605,4535,76.442
4535,3605,76.442
4535,2866,4.217
2866,4535,4.217
2866,3607,3.904
3607,2866,3.904
3607,7160,0.900
7160,3607,0.900
7160,4534,3.649
4534,7160,3.649
4534,9618,5.119
9618,4534,5.119
10238,7158,40.152
7158,10238,40.152
7158,5170,5.634
5170,7158,5.634
5170,4532,4.342
4532,5170,4.342
4532,9618,1.726
9618,4532,1.726
137,9182,10.238
9182,137,10.238
9182,10280,38.461
10280,9182,38.461
382,5568,6.725
5568,382,6.725
5568,9924,71.913
9924,5568,71.913
9924,12964,127.565
12964,9924,127.565
12964,1988,120.845
1988,12964,120.845
1988,377,11.214
377,1988,11.214
388,464,6.534
464,388,6.534
390,3228,3.382
3228,390,3.382
392,12663,6.041
12663,392,6.041
12663,6620,1.088
6620,12663,1.088
397,158,47.447
158,397,47.447
158,12221,13.538
12221,158,13.538
3374,12282,23.646
12282,3374,23.646
419,1379,14.551
1379,419,14.551
1379,12283,12.954
12283,1379,12.954
4084,1563,5.042
1563,4084,5.042
1563,4082,37.286
4082,1563,37.286
388,12249,18.370
12249,388,18.370
1090,5620,24.583
5620,1090,24.583
432,11356,8.745
11356,432,8.745
11356,13046,74.025
13046,11356,74.025
13046,13047,55.702
13047,13046,55.702
13047,2949,18.810
2949,13047,18.810
2949,433,9.983
433,2949,9.983
433,2948,66.731
2948,433,66.731
440,8519,9.005
8519,440,9.005
8519,12134,2.312
12134,8519,2.312
12134,12135,2.642
12135,12134,2.642
12135,1325,4.095
1325,12135,4.095
1325,613,11.757
613,1325,11.757
441,9497,5.978
9497,441,5.978
9497,2076,2.736
2076,9497,2.736
2076,9482,0.699
9482,2076,0.699
9482,7413,7.461
7413,9482,7.461
7413,7412,0.972
7412,7413,0.972
7412,9481,0.811
9481,7412,0.811
9481,446,7.941
446,9481,7.941
446,7411,4.832
7411,446,4.832
7411,2072,3.866
2072,7411,3.866
2072,445,8.461
445,2072,8.461
445,2073,7.908
2073,445,7.908
2073,9495,2.247
9495,2073,2.247
9495,7408,2.847
7408,9495,2.847
7408,443,3.656
443,7408,3.656
443,9498,8.829
9498,443,8.829
9498,2074,0.383
2074,9498,0.383
2074,444,11.759
444,2074,11.759
444,2075,10.868
2075,444,10.868
2075,9499,1.824
9499,2075,1.824
9499,442,10.488
442,9499,10.488
451,453,14.875
453,451,14.875
453,9067,25.034
9067,453,25.034
9067,11883,9.501
11883,9067,9.501
11883,9068,41.028
9068,11883,41.028
452,6996,21.577
6996,452,21.577
6996,1324,5.864
1324,6996,5.864
189,9485,11.306
9485,189,11.306
9485,6750,12.819
6750,9485,12.819
6750,3671,22.965
3671,6750,22.965
3671,8121,25.704
8121,3671,25.704
8121,3673,13.370
3673,8121,13.370
3673,461,10.561
461,3673,10.561
461,2067,28.277
2067,461,28.277
2067,460,37.998
460,2067,37.998
460,11712,9.567
11712,460,9.567
11712,11709,13.707
11709,11712,13.707
11709,7594,31.727
7594,11709,31.727
7594,7595,8.220
7595,7594,8.220
7595,8156,19.096
8156,7595,19.096
8156,451,39.857
451,8156,39.857
459,2838,27.437
2838,459,27.437
2838,455,62.750
455,2838,62.750
459,2839,7.143
2839,459,7.143
2839,6328,86.108
6328,2839,86.108
6328,9663,23.762
9663,6328,23.762
9663,8125,1.298
8125,9663,1.298
8125,9664,22.710
9664,8125,22.710
9664,12194,67.849
12194,9664,67.849
12194,4051,28.530
4051,12194,28.530
460,7783,35.133
7783,460,35.133
7783,8024,69.032
8024,7783,69.032
8024,1699,7.663
1699,8024,7.663
2126,2125,2.918
2125,2126,2.918
2125,8068,33.546
8068,2125,33.546
10397,2770,10.168
2770,10397,10.168
2770,12744,35.034
12744,2770,35.034
12744,5060,4.594
5060,12744,4.594
5060,4312,3.819
4312,5060,3.819
4312,468,1.231
468,4312,1.231
432,13048,3.402
13048,432,3.402
13048,11343,3.580
11343,13048,3.580
11343,13045,38.299
13045,11343,38.299
13045,487,13.591
487,13045,13.591
487,488,8.184
488,487,8.184
488,6409,33.250
6409,488,33.250
6409,2944,3.977
2944,6409,3.977
2944,11344,7.507
11344,2944,7.507
2810,5055,6.618
5055,2810,6.618
5055,8482,48.061
8482,5055,48.061
8482,8485,22.395
8485,8482,22.395
8485,3409,8.519
3409,8485,8.519
3409,1796,7.540
1796,3409,7.540
1796,7690,25.879
7690,1796,25.879
7690,2717,31.418
2717,7690,31.418
2717,502,49.891
502,2717,49.891
2373,8802,28.182
8802,2373,28.182
8802,8809,19.742
8809,8802,19.742
8809,8810,4.629
8810,8809,4.629
8810,1716,7.252
1716,8810,7.252
503,12074,16.181
12074,503,16.181
12074,505,43.477
505,12074,43.477
505,11743,4.607
11743,505,4.607
11743,11742,5.063
11742,11743,5.063
11742,665,2.619
665,11742,2.619
665,8787,2.980
8787,665,2.980
8787,12085,29.453
12085,8787,29.453
12085,9342,17.884
9342,12085,17.884
9342,8786,3.047
8786,9342,3.047
8786,9343,2.742
9343,8786,2.742
9343,9341,2.955
9341,9343,2.955
506,9345,3.173
9345,506,3.173
9345,9338,2.286
9338,9345,2.286
9338,9339,6.123
9339,9338,6.123
9339,5190,35.369
5190,9339,35.369
5190,192,12.501
192,5190,12.501
6890,9417,8.360
9417,6890,8.360
9417,7090,3.750
7090,9417,3.750
7090,7092,11.011
7092,7090,11.011
7092,7091,9.474
7091,7092,9.474
471,11002,2.502
11002,471,2.502
11002,7191,5.517
7191,11002,5.517
7191,5413,47.575
5413,7191,47.575
279,10732,106.911
10732,279,106.911
10732,137,10.702
137,10732,10.702
9618,4536,3.980
4536,9618,3.980
4536,7161,9.438
7161,4536,9.438
7161,4538,8.213
4538,7161,8.213
4538,7163,32.072
7163,4538,32.072
7163,10691,100.909
10691,7163,100.909
10691,511,86.456
511,10691,86.456
511,4554,6.565
4554,511,6.565
4554,4556,4.793
4556,4554,4.793
4556,3602,5.492
3602,4556,5.492
3602,5467,5.222
5467,3602,5.222
5467,1289,4.632
1289,5467,4.632
1819,1578,10.485
1578,1819,10.485
148,6919,55.590
6919,148,55.590
6919,5085,55.198
5085,6919,55.198
5085,3100,7.837
3100,5085,7.837
3100,291,1.420
291,3100,1.420
1053,308,39.757
308,1053,39.757
7824,6494,12.084
6494,7824,12.084
6494,12485,7.800
12485,6494,7.800
12485,5175,2.644
5175,12485,2.644
5175,6495,25.239
6495,5175,25.239
6495,147,8.425
147,6495,8.425
147,776,36.010
776,147,36.010
776,6493,44.335
6493,776,44.335
5766,2221,7.210
2221,5766,7.210
2221,2222,18.043
2222,2221,18.043
2222,7625,13.025
7625,2222,13.025
514,8612,24.480
8612,514,24.480
955,1825,6.550
1825,955,6.550
1825,12638,21.223
12638,1825,21.223
315,4475,1.360
4475,315,1.360
4475,4246,3.505
4246,4475,3.505
4246,10770,3.954
10770,4246,3.954
10770,10769,2.536
10769,10770,2.536
10769,10768,2.357
10768,10769,2.357
10768,2766,2.587
2766,10768,2.587
2766,10767,4.316
10767,2766,4.316
10767,313,7.684
313,10767,7.684
313,12492,31.631
12492,313,31.631
12779,11589,9.537
11589,12779,9.537
12779,11590,6.399
11590,12779,6.399
11590,2622,4.928
2622,11590,4.928
2622,12780,3.341
12780,2622,3.341
12780,113,15.453
113,12780,15.453
113,114,22.861
114,113,22.861
114,6385,2.988
6385,114,2.988
6385,2616,2.975
2616,6385,2.975
2616,12591,22.864
12591,2616,22.864
525,10308,4.141
10308,525,4.141
10308,12561,26.154
12561,10308,26.154
121,3078,1.929
3078,121,1.929
3078,7112,6.258
7112,3078,6.258
7112,12529,27.316
12529,7112,27.316
530,3086,2.518
3086,530,2.518
3086,10125,12.008
10125,3086,12.008
10125,5093,7.369
5093,10125,7.369
115,10304,7.070
10304,115,7.070
10304,12582,7.188
12582,10304,7.188
117,9824,2.986
9824,117,2.986
9824,9822,53.479
9822,9824,53.479
9822,118,2.405
118,9822,2.405
528,10303,2.542
10303,528,2.542
10303,10302,54.171
10302,10303,54.171
10302,529,2.553
529,10302,2.553
531,9820,5.544
9820,531,5.544
9820,9821,35.228
9821,9820,35.228
9821,118,2.261
118,9821,2.261
118,9823,3.521
9823,118,3.521
9823,6939,20.743
6939,9823,20.743
6939,529,19.177
529,6939,19.177
529,10301,25.673
10301,529,25.673
10301,747,6.855
747,10301,6.855
2126,2127,5.350
2127,2126,5.350
3460,5211,7.045
5211,3460,7.045
5211,5212,10.375
5212,5211,10.375
5212,493,6.759
493,5212,6.759
493,7719,13.904
7719,493,13.904
7719,6936,16.653
6936,7719,16.653
6936,7718,16.333
7718,6936,16.333
7718,7716,44.575
7716,7718,44.575
7716,6510,16.224
6510,7716,16.224
495,496,45.011
496,495,45.011
496,497,65.195
497,496,65.195
497,8749,23.664
8749,497,23.664
8749,5542,44.030
5542,8749,44.030
497,3876,32.336
3876,497,32.336
2093,2117,32.218
2117,2093,32.218
2117,3384,2.812
3384,2117,2.812
3384,6861,82.815
6861,3384,82.815
6861,1074,8.172
1074,6861,8.172
669,10325,4.846
10325,669,4.846
10325,10583,1.166
10583,10325,1.166
10583,3033,1.856
3033,10583,1.856
3033,3705,5.731
3705,3033,5.731
3705,670,14.750
670,3705,14.750
670,3593,14.846
3593,670,14.846
3593,3701,9.340
3701,3593,9.340
3701,501,7.438
501,3701,7.438
501,3708,26.007
3708,501,26.007
3708,5096,15.855
5096,3708,15.855
5096,254,16.069
254,5096,16.069
254,3706,3.312
3706,254,3.312
3706,6037,67.125
6037,3706,67.125
6037,3595,15.951
3595,6037,15.951
3595,3596,73.459
3596,3595,73.459
5090,2629,80.936
2629,5090,80.936
2629,10433,7.992
10433,2629,7.992
550,9396,12.370
9396,550,12.370
9396,2505,7.250
2505,9396,7.250
2505,777,29.248
777,2505,29.248
777,1471,13.642
1471,777,13.642
1471,554,21.940
554,1471,21.940
554,6221,9.998
6221,554,9.998
6221,560,38.693
560,6221,38.693
560,304,15.684
304,560,15.684
304,960,17.535
960,304,17.535
555,12993,4.786
12993,555,4.786
12993,561,24.740
561,12993,24.740
561,6913,25.741
6913,561,25.741
6913,6040,27.752
6040,6913,27.752
6040,1472,11.672
1472,6040,11.672
1472,12987,21.238
12987,1472,21.238
12987,554,3.600
554,12987,3.600
557,9397,13.518
9397,557,13.518
9397,778,15.077
778,9397,15.077
778,2878,20.836
2878,778,20.836
2878,779,23.433
779,2878,23.433
779,6041,16.271
6041,779,16.271
6041,2223,10.074
2223,6041,10.074
2223,12992,16.798
12992,2223,16.798
12992,555,4.160
555,12992,4.160
554,12981,4.754
12981,554,4.754
12981,6220,2.780
6220,12981,2.780
6220,558,31.554
558,6220,31.554
248,2079,16.656
2079,248,16.656
1778,7419,15.929
7419,1778,15.929
7419,339,10.474
339,7419,10.474
339,3966,16.046
3966,339,16.046
3966,1777,18.300
1777,3966,18.300
1777,12978,21.799
12978,1777,21.799
12978,2240,8.004
2240,12978,8.004
2240,248,3.856
248,2240,3.856
10239,2863,58.392
2863,10239,58.392
2863,12994,19.742
12994,2863,19.742
12994,556,5.259
556,12994,5.259
352,9366,6.962
9366,352,6.962
9366,1142,36.133
1142,9366,36.133
1142,3579,24.232
3579,1142,24.232
3579,9365,11.060
9365,3579,11.060
9365,209,9.232
209,9365,9.232
6872,12758,14.503
12758,6872,14.503
12758,2743,0.305
2743,12758,0.305
2743,12759,81.453
12759,2743,81.453
12759,8972,1.010
8972,12759,1.010
8972,4300,4.701
4300,8972,4.701
4300,562,1.764
562,4300,1.764
207,3060,12.705
3060,207,12.705
3060,3333,23.034
3333,3060,23.034
3333,563,37.093
563,3333,37.093
347,2821,13.140
2821,347,13.140
2821,7814,6.081
7814,2821,6.081
7814,2849,17.844
2849,7814,17.844
2849,2278,9.022
2278,2849,9.022
2278,2283,24.351
2283,2278,24.351
2283,1115,53.072
1115,2283,53.072
1115,1728,3.590
1728,1115,3.590
1728,2823,55.207
2823,1728,55.207
2823,345,4.627
345,2823,4.627
345,2822,4.497
2822,345,4.497
2822,335,140.855
335,2822,140.855
1113,9014,16.575
9014,1113,16.575
9014,1112,15.614
1112,9014,15.614
1112,1779,25.239
1779,1112,25.239
1779,346,44.089
346,1779,44.089
346,784,35.024
784,346,35.024
784,12662,4.144
12662,784,4.144
12662,7554,3.338
7554,12662,3.338
7554,7553,10.920
7553,7554,10.920
7553,783,15.420
783,7553,15.420
338,2716,46.272
2716,338,46.272
2716,6030,30.477
6030,2716,30.477
6030,6034,9.704
6034,6030,9.704
6034,1375,10.135
1375,6034,10.135
1375,6031,20.731
6031,1375,20.731
6031,2715,10.984
2715,6031,10.984
2715,346,32.167
346,2715,32.167
26,3044,7.383
3044,26,7.383
335,11225,5.707
11225,335,5.707
11225,5591,13.122
5591,11225,13.122
580,12603,9.559
12603,580,9.559
122,3076,4.003
3076,122,4.003
3076,3074,13.810
3074,3076,13.810
3074,513,3.761
513,3074,3.761
384,11167,10.317
11167,384,10.317
11167,3855,74.290
3855,11167,74.290
3855,3860,50.630
3860,3855,50.630
3860,9181,44.890
9181,3860,44.890
9181,370,11.615
370,9181,11.615
614,2400,8.235
2400,614,8.235
33,2692,11.195
2692,33,11.195
3194,2552,2.857
2552,3194,2.857
2552,5355,9.776
5355,2552,9.776
5355,5972,19.078
5972,5355,19.078
5972,2215,8.074
2215,5972,8.074
2215,5967,27.098
5967,2215,27.098
5967,8102,16.653
8102,5967,16.653
8102,5968,16.917
5968,8102,16.917
5968,7273,60.489
7273,5968,60.489
7273,2972,16.633
2972,7273,16.633
594,11282,7.785
11282,594,7.785
11282,11281,12.518
11281,11282,12.518
11281,5551,30.087
5551,11281,30.087
643,2588,40.280
2588,643,40.280
268,674,29.601
674,268,29.601
330,187,38.286
187,330,38.286
187,8373,6.631
8373,187,6.631
8373,3296,6.813
3296,8373,6.813
3296,3297,71.693
3297,3296,71.693
3297,9518,5.558
9518,3297,5.558
9518,8372,1.284
8372,9518,1.284
8372,188,6.128
188,8372,6.128
188,3292,4.965
3292,188,4.965
295,7435,5.170
7435,295,5.170
7435,1646,3.352
1646,7435,3.352
1646,3203,7.030
3203,1646,7.030
3203,1647,7.035
1647,3203,7.035
1647,7436,2.551
7436,1647,2.551
7436,294,2.848
294,7436,2.848
294,1651,2.853
1651,294,2.853
23,1821,9.872
1821,23,9.872
230,11142,7.179
11142,230,7.179
11142,5261,54.872
5261,11142,54.872
5261,8060,44.708
8060,5261,44.708
8060,2844,11.666
2844,8060,11.666
2844,6926,45.138
6926,2844,45.138
6926,1236,67.766
1236,6926,67.766
1236,11849,9.534
11849,1236,9.534
11849,7794,2.749
7794,11849,2.749
944,949,5.202
949,944,5.202
949,5681,8.163
5681,949,8.163
5681,2639,7.301
2639,5681,7.301
2639,945,20.600
945,2639,20.600
945,4523,24.354
4523,945,24.354
4523,1173,14.293
1173,4523,14.293
277,1037,11.401
1037,277,11.401
1037,10105,5.316
10105,1037,5.316
10105,3543,29.575
3543,10105,29.575
501,703,71.313
703,501,71.313
254,782,105.277
782,254,105.277
367,785,12.441
785,367,12.441
785,573,13.578
573,785,13.578
492,7721,16.028
7721,492,16.028
7721,7720,21.519
7720,7721,21.519
7720,7740,20.715
7740,7720,20.715
7740,11841,21.635
11841,7740,21.635
11841,493,7.165
493,11841,7.165
495,498,59.292
498,495,59.292
2581,3461,15.671
3461,2581,15.671
3461,5537,12.167
5537,3461,12.167
5537,492,4.969
492,5537,4.969
4685,607,13.040
607,4685,13.040
607,2747,33.660
2747,607,33.660
2747,12457,7.646
12457,2747,7.646
12457,12456,4.159
12456,12457,4.159
12456,10956,3.478
10956,12456,3.478
608,2681,6.772
2681,608,6.772
11350,11353,13.035
11353,11350,13.035
11353,11352,3.133
11352,11353,3.133
11352,11351,3.212
11351,11352,3.212
11351,432,5.232
432,11351,5.232
469,3637,1.528
3637,469,1.528
3637,5061,2.785
5061,3637,2.785
5061,12727,2.467
12727,5061,2.467
12727,2947,21.323
2947,12727,21.323
2947,11640,44.314
11640,2947,44.314
11640,5443,51.100
5443,11640,51.100
5443,3513,18.404
3513,5443,18.404
3513,899,5.163
899,3513,5.163
899,4708,38.236
4708,899,38.236
4708,5998,7.800
5998,4708,7.800
5998,898,10.226
898,5998,10.226
486,1042,21.171
1042,486,21.171
3201,11348,4.499
11348,3201,4.499
11348,480,48.398
480,11348,48.398
480,481,33.253
481,480,33.253
473,12746,5.498
12746,473,5.498
12746,4709,2.041
4709,12746,2.041
4709,3497,21.311
3497,4709,21.311
171,2433,7.813
2433,171,7.813
2433,6690,6.463
6690,2433,6.463
6690,12162,39.079
12162,6690,39.079
8387,4439,2.336
4439,8387,2.336
4439,2540,5.634
2540,4439,5.634
2540,4939,49.988
4939,2540,49.988
4939,2234,4.650
2234,4939,4.650
2234,260,6.445
260,2234,6.445
257,4437,1.426
4437,257,1.426
4437,612,34.894
612,4437,34.894
82,2488,6.853
2488,82,6.853
2488,259,90.185
259,2488,90.185
259,4436,108.944
4436,259,108.944
4436,102,1.367
102,4436,1.367
2789,2922,64.382
2922,2789,64.382
2922,11767,2.391
11767,2922,2.391
11767,11766,2.062
11766,11767,2.062
11766,734,1.854
734,11766,1.854
15,2406,7.156
2406,15,7.156
2406,6386,6.428
6386,2406,6.428
5183,5182,8.885
5182,5183,8.885
5182,2896,4.628
2896,5182,4.628
2896,181,10.698
181,2896,10.698
9560,12084,4.839
12084,9560,4.839
12084,6773,19.838
6773,12084,19.838
6773,5350,5.399
5350,6773,5.399
5350,1,16.154
1,5350,16.154
103,4441,4.979
4441,103,4.979
4441,7018,19.129
7018,4441,19.129
7018,11677,2.483
11677,7018,2.483
11677,11827,2.316
11827,11677,2.316
197,10096,14.044
10096,197,14.044
613,10432,4.932
10432,613,4.932
10432,8518,1.725
8518,10432,1.725
8518,12138,1.592
12138,8518,1.592
12138,7216,4.418
7216,12138,4.418
196,1326,11.427
1326,196,11.427
1326,5874,9.475
5874,1326,9.475
5874,184,8.115
184,5874,8.115
2113,10940,2.043
10940,2113,2.043
10940,10939,2.447
10939,10940,2.447
10939,3146,2.626
3146,10939,2.626
3146,3148,3.609
3148,3146,3.609
315,4737,2.237
4737,315,2.237
4737,2122,2.757
2122,4737,2.757
3420,4507,1.548
4507,3420,1.548
4507,7154,6.092
7154,4507,6.092
7154,8403,5.357
8403,7154,5.357
8403,12564,7.455
12564,8403,7.455
526,6457,3.397
6457,526,3.397
6457,6253,1.526
6253,6457,1.526
6253,6458,50.626
6458,6253,50.626
6458,757,11.241
757,6458,11.241
757,12551,37.942
12551,757,37.942
526,6254,5.061
6254,526,5.061
6254,12550,52.661
12550,6254,52.661
8793,1690,93.118
1690,8793,93.118
1690,180,7.526
180,1690,7.526
573,10448,41.851
10448,573,41.851
10448,572,4.570
572,10448,4.570
783,12660,3.923
12660,783,3.923
12660,12661,3.310
12661,12660,3.310
12661,2744,3.996
2744,12661,3.996
2744,1731,45.103
1731,2744,45.103
1731,345,7.418
345,1731,7.418
785,10685,21.086
10685,785,21.086
29,344,7.326
344,29,7.326
344,10091,72.805
10091,344,72.805
10091,6023,41.251
6023,10091,41.251
6023,1732,58.241
1732,6023,58.241
1732,335,6.589
335,1732,6.589
512,3305,57.114
3305,512,57.114
3305,9359,5.950
9359,3305,5.950
9359,3306,12.831
3306,9359,12.831
6890,9416,6.974
9416,6890,6.974
9416,7094,2.720
7094,9416,2.720
7094,7096,11.665
7096,7094,11.665
7096,1727,5.637
1727,7096,5.637
147,3110,1.992
3110,147,1.992
3110,5174,7.196
5174,3110,7.196
5174,12482,20.524
12482,5174,20.524
12482,1990,9.711
1990,12482,9.711
1990,12481,8.542
12481,1990,8.542
12481,146,8.257
146,12481,8.257
146,12484,10.123
12484,146,10.123
12484,2007,5.827
2007,12484,5.827
2007,2005,6.193
2005,2007,6.193
2005,2006,5.247
2006,2005,5.247
2006,310,10.531
310,2006,10.531
310,2003,9.793
2003,310,9.793
2003,12483,8.817
12483,2003,8.817
12483,12486,6.108
12486,12483,6.108
2097,7488,5.271
7488,2097,5.271
7488,6178,52.357
6178,7488,52.357
6178,7484,53.613
7484,6178,53.613
7484,793,7.103
793,7484,7.103
793,10057,7.514
10057,793,7.514
10057,792,77.847
792,10057,77.847
792,789,93.987
789,792,93.987
789,259,96.502
259,789,96.502
259,9714,7.365
9714,259,7.365
9714,258,78.058
258,9714,78.058
258,6856,114.525
6856,258,114.525
6856,787,6.621
787,6856,6.621
7378,1827,87.022
1827,7378,87.022
1827,5250,74.272
5250,1827,74.272
5250,2481,36.580
2481,5250,36.580
790,8145,19.167
8145,790,19.167
8145,8133,21.726
8133,8145,21.726
8133,7378,8.228
7378,8133,8.228
1349,2519,6.745
2519,1349,6.745
2519,875,27.962
875,2519,27.962
875,789,64.429
789,875,64.429
789,4434,107.358
4434,789,107.358
4434,788,1.322
788,4434,1.322
231,2722,9.187
2722,231,9.187
2722,12340,28.355
12340,2722,28.355
12340,12353,16.676
12353,12340,16.676
12353,12341,16.697
12341,12353,16.697
70,1441,11.970
1441,70,11.970
1863,5083,6.270
5083,1863,6.270
5083,5720,87.447
5720,5083,87.447
5720,800,59.241
800,5720,59.241
797,796,60.406
796,797,60.406
796,8761,38.948
8761,796,38.948
8761,814,20.402
814,8761,20.402
814,795,30.043
795,814,30.043
200,11756,4.454
11756,200,4.454
11756,11757,5.425
11757,11756,5.425
11757,11758,6.184
11758,11757,6.184
11758,684,8.670
684,11758,8.670
687,10136,12.273
10136,687,12.273
10136,2892,10.104
2892,10136,10.104
2892,10137,10.113
10137,2892,10.113
10137,2895,9.759
2895,10137,9.759
2895,10138,11.382
10138,2895,11.382
10138,688,9.925
688,10138,9.925
688,8325,10.748
8325,688,10.748
8325,6275,7.369
6275,8325,7.369
6275,1679,6.238
1679,6275,6.238
1,2799,13.705
2799,1,13.705
2799,6779,5.299
6779,2799,5.299
6779,6782,60.794
6782,6779,60.794
6782,6783,54.078
6783,6782,54.078
6783,6786,14.846
6786,6783,14.846
6786,2797,1.257
2797,6786,1.257
2797,2792,5.860
2792,2797,5.860
874,2524,6.614
2524,874,6.614
2524,7456,7.261
7456,2524,7.261
7456,850,4.617
850,7456,4.617
850,7454,4.585
7454,850,4.585
7454,7455,4.662
7455,7454,4.662
7455,7457,4.829
7457,7455,4.829
7457,851,3.933
851,7457,3.933
851,7458,4.450
7458,851,4.450
7458,7459,4.397
7459,7458,4.397
7459,875,9.808
875,7459,9.808
875,7460,8.969
7460,875,8.969
7460,7461,4.032
7461,7460,4.032
7461,852,3.945
852,7461,3.945
852,7462,4.609
7462,852,4.609
7462,7463,4.074
7463,7462,4.074
7463,7464,4.380
7464,7463,4.380
7464,853,3.693
853,7464,3.693
853,7465,8.043
7465,853,8.043
7465,2525,6.420
2525,7465,6.420
2525,876,6.268
876,2525,6.268
233,2805,9.634
2805,233,9.634
2805,7219,16.245
7219,2805,16.245
7219,2517,9.426
2517,7219,9.426
2517,711,19.177
711,2517,19.177
711,2070,30.386
2070,711,30.386
2070,12899,38.143
12899,2070,38.143
12899,7210,10.077
7210,12899,10.077
7210,7206,18.119
7206,7210,18.119
7206,4949,20.881
4949,7206,20.881
4949,1709,12.806
1709,4949,12.806
709,708,11.480
708,709,11.480
713,12895,17.015
12895,713,17.015
12895,2694,8.037
2694,12895,8.037
2694,625,9.159
625,2694,9.159
52,4485,5.741
4485,52,5.741
4485,941,1.871
941,4485,1.871
304,962,21.977
962,304,21.977
962,2009,15.261
2009,962,15.261
2009,3600,10.822
3600,2009,10.822
3600,5555,4.521
5555,3600,4.521
5555,963,5.619
963,5555,5.619
963,964,59.586
964,963,59.586
964,6614,10.772
6614,964,10.772
6614,965,57.213
965,6614,57.213
11665,2651,119.727
2651,11665,119.727
2651,2648,21.030
2648,2651,21.030
2648,956,9.695
956,2648,9.695
763,12818,4.777
12818,763,4.777
12818,7489,99.032
7489,12818,99.032
7489,5161,3.097
5161,7489,3.097
5161,4566,2.599
4566,5161,2.599
4566,2027,1.493
2027,4566,1.493
950,7244,12.269
7244,950,12.269
7244,3226,4.514
3226,7244,4.514
3226,11327,82.349
11327,3226,82.349
11327,954,8.534
954,11327,8.534
956,9829,88.810
9829,956,88.810
9829,691,12.456
691,9829,12.456
690,9828,8.457
9828,690,8.457
9828,5162,62.420
5162,9828,62.420
5162,7255,4.638
7255,5162,4.638
7255,2029,1.148
2029,7255,1.148
15,5349,15.836
5349,15,15.836
5349,6771,9.194
6771,5349,9.194
6771,10135,26.713
10135,6771,26.713
10135,687,11.587
687,10135,11.587
923,9507,10.716
9507,923,10.716
9507,2787,8.523
2787,9507,8.523
2787,9100,94.663
9100,2787,94.663
9100,5185,52.567
5185,9100,52.567
5185,5184,15.966
5184,5185,15.966
5184,924,13.714
924,5184,13.714
189,7410,18.990
7410,189,18.990
7410,446,12.761
446,7410,12.761
185,8759,8.335
8759,185,8.335
8759,6412,32.601
6412,8759,32.601
6412,2718,5.658
2718,6412,5.658
2718,6413,3.136
6413,2718,3.136
6413,186,5.449
186,6413,5.449
186,2898,7.893
2898,186,7.893
2898,10209,112.843
10209,2898,112.843
10209,4906,5.903
4906,10209,5.903
4906,9514,33.516
9514,4906,33.516
9514,187,12.864
187,9514,12.864
846,11110,5.114
11110,846,5.114
11110,9429,6.394
9429,11110,6.394
9429,9433,17.591
9433,9429,17.591
9433,6743,74.088
6743,9433,74.088
6743,8895,73.388
8895,6743,73.388
8895,6744,20.730
6744,8895,20.730
6744,9510,4.224
9510,6744,4.224
9510,605,12.364
605,9510,12.364
846,3359,5.972
3359,846,5.972
3359,9431,4.822
9431,3359,4.822
9431,832,7.641
832,9431,7.641
832,9434,7.862
9434,832,7.862
9434,4905,26.653
4905,9434,26.653
4905,833,19.809
833,4905,19.809
833,3355,21.042
3355,833,21.042
3355,834,19.773
834,3355,19.773
834,3361,22.769
3361,834,22.769
3361,835,26.516
835,3361,26.516
835,5306,12.193
5306,835,12.193
5306,3352,14.489
3352,5306,14.489
3352,836,19.202
836,3352,19.202
836,11366,24.378
11366,836,24.378
11366,3350,25.713
3350,11366,25.713
3350,184,7.080
184,3350,7.080
878,5348,17.968
5348,878,17.968
5348,3357,68.171
3357,5348,68.171
3357,835,39.581
835,3357,39.581
879,1327,12.575
1327,879,12.575
1327,877,10.077
877,1327,10.077
877,878,70.827
878,877,70.827
878,1688,84.645
1688,878,84.645
1688,199,9.678
199,1688,9.678
845,5871,10.331
5871,845,10.331
5871,5632,8.619
5632,5871,8.619
440,1558,13.555
1558,440,13.555
1558,10313,8.069
10313,1558,8.069
10313,246,25.986
246,10313,25.986
194,12755,4.625
12755,194,4.625
12755,6987,4.244
6987,12755,4.244
6987,8546,40.564
8546,6987,40.564
8546,2768,37.878
2768,8546,37.878
2768,195,33.746
195,2768,33.746
195,8545,25.716
8545,195,25.716
8545,10743,22.114
10743,8545,22.114
10743,907,6.983
907,10743,6.983
907,5332,13.308
5332,907,13.308
5332,2772,20.840
2772,5332,20.840
2772,7490,20.533
7490,2772,20.533
7490,906,15.526
906,7490,15.526
906,4683,14.828
4683,906,14.828
4683,9121,21.691
9121,4683,21.691
9121,8618,35.496
8618,9121,35.496
8618,243,12.162
243,8618,12.162
4683,9071,88.902
9071,4683,88.902
9071,911,2.720
911,9071,2.720
911,11359,28.711
11359,911,28.711
11359,9576,5.305
9576,11359,5.305
9576,1493,69.699
1493,9576,69.699
1493,918,12.396
918,1493,12.396
195,8544,9.242
8544,195,9.242
8544,2775,5.099
2775,8544,5.099
2775,10737,6.013
10737,2775,6.013
10737,909,7.031
909,10737,7.031
909,2773,7.236
2773,909,7.236
2773,10755,17.906
10755,2773,17.906
10755,2774,13.799
2774,10755,13.799
2774,2776,20.871
2776,2774,20.871
2776,910,8.546
910,2776,8.546
910,2769,9.338
2769,910,9.338
2769,1556,9.653
1556,2769,9.653
1556,917,11.839
917,1556,11.839
903,904,73.354
904,903,73.354
904,12733,19.630
12733,904,19.630
12733,916,12.612
916,12733,12.612
903,12749,6.846
12749,903,6.846
12749,6988,75.439
6988,12749,75.439
6988,194,8.650
194,6988,8.650
243,5319,38.537
5319,243,38.537
5319,5322,53.143
5322,5319,53.143
5322,908,5.254
908,5322,5.254
908,2920,37.901
2920,908,37.901
2920,2921,37.354
2921,2920,37.354
2921,6397,22.196
6397,2921,22.196
6397,6404,37.798
6404,6397,37.798
6404,12756,46.648
12756,6404,46.648
12756,905,6.685
905,12756,6.685
905,12751,7.774
12751,905,7.774
12751,12750,118.228
12750,12751,118.228
12750,903,4.376
903,12750,4.376
915,10483,2.486
10483,915,2.486
10483,9106,98.991
9106,10483,98.991
9106,9113,3.550
9113,9106,3.550
9113,1221,96.378
1221,9113,96.378
1221,1555,10.361
1555,1221,10.361
1555,914,8.659
914,1555,8.659
454,1494,9.108
1494,454,9.108
1494,3036,2.436
3036,1494,2.436
3036,3227,39.247
3227,3036,39.247
3227,12816,20.932
12816,3227,20.932
12816,10484,75.292
10484,12816,75.292
10484,474,2.774
474,10484,2.774
467,4315,6.400
4315,467,6.400
4315,4317,3.624
4317,4315,3.624
4317,11081,1.533
11081,4317,1.533
11081,4318,0.614
4318,11081,0.614
4318,11082,1.687
11082,4318,1.687
11082,11333,0.897
11333,11082,0.897
11333,11080,1.976
11080,11333,1.976
11080,11083,0.592
11083,11080,0.592
11083,11079,1.980
11079,11083,1.980
11079,11523,0.859
11523,11079,0.859
11523,4319,0.871
4319,11523,0.871
4319,979,1.718
979,4319,1.718
979,4320,1.849
4320,979,1.849
4320,4030,1.835
4030,4320,1.835
4030,11072,2.853
11072,4030,2.853
11072,11073,2.254
11073,11072,2.254
11073,9471,2.866
9471,11073,2.866
9471,11074,3.515
11074,9471,3.515
11074,11075,2.316
11075,11074,2.316
11075,3037,2.519
3037,11075,2.519
3037,11076,3.000
11076,3037,3.000
11076,11077,2.920
11077,11076,2.920
11077,11078,2.640
11078,11077,2.640
11078,4984,3.092
4984,11078,3.092
466,10481,2.618
10481,466,2.618
10481,4314,1.717
4314,10481,1.717
4314,4316,0.723
4316,4314,0.723
10394,3726,12.115
3726,10394,12.115
3726,7194,9.368
7194,3726,9.368
7194,11001,5.112
11001,7194,5.112
11001,41,2.456
41,11001,2.456
2208,8621,23.998
8621,2208,23.998
8621,12737,29.381
12737,8621,29.381
12737,11387,2.133
11387,12737,2.133
4706,986,22.654
986,4706,22.654
986,2472,36.744
2472,986,36.744
2472,1295,10.509
1295,2472,10.509
1295,2473,14.571
2473,1295,14.571
724,6410,9.033
6410,724,9.033
6410,921,80.886
921,6410,80.886
990,538,66.314
538,990,66.314
842,5626,9.163
5626,842,9.163
5626,10070,18.619
10070,5626,18.619
10070,5862,7.707
5862,10070,7.707
5862,5454,37.485
5454,5862,37.485
5454,2927,38.295
2927,5454,38.295
2927,838,16.861
838,2927,16.861
10267,11631,7.716
11631,10267,7.716
11631,11635,5.821
11635,11631,5.821
11635,11634,5.416
11634,11635,5.416
11634,11611,10.156
11611,11634,10.156
11611,10268,5.272
10268,11611,5.272
10268,11620,2.989
11620,10268,2.989
11620,11632,3.054
11632,11620,3.054
11632,11633,3.057
11633,11632,3.057
11633,5304,40.764
5304,11633,40.764
5304,12849,53.451
12849,5304,53.451
10278,3223,4.582
3223,10278,4.582
3223,7691,2.580
7691,3223,2.580
7691,12847,12.586
12847,7691,12.586
93,2355,43.038
2355,93,43.038
2355,2522,96.407
2522,2355,96.407
2522,2105,7.654
2105,2522,7.654
2396,8848,3.706
8848,2396,3.706
8848,8851,3.301
8851,8848,3.301
8851,2553,17.374
2553,8851,17.374
341,567,7.154
567,341,7.154
567,569,7.078
569,567,7.078
569,568,7.626
568,569,7.626
568,340,7.197
340,568,7.197
566,6670,31.031
6670,566,31.031
6670,6662,52.882
6662,6670,52.882
6662,11540,45.491
11540,6662,45.491
11540,1761,2.124
1761,11540,2.124
1761,10965,1.793
10965,1761,1.793
10965,2841,1.301
2841,10965,1.301
2841,10966,1.290
10966,2841,1.290
10966,10963,1.188
10963,10966,1.188
10963,10964,2.467
10964,10963,2.467
10964,343,2.869
343,10964,2.869
29,8607,8.449
8607,29,8.449
8607,1786,40.453
1786,8607,40.453
1786,1754,63.499
1754,1786,63.499
1754,30,42.392
30,1754,42.392
11319,648,16.710
648,11319,16.710
648,4765,12.762
4765,648,12.762
4765,11318,9.869
11318,4765,9.869
11318,1584,6.702
1584,11318,6.702
1584,1580,7.828
1580,1584,7.828
1580,652,7.331
652,1580,7.331
2554,12891,6.557
12891,2554,6.557
12891,2605,3.767
2605,12891,3.767
2605,2598,4.311
2598,2605,4.311
2598,2604,5.201
2604,2598,5.201
2604,2599,5.240
2599,2604,5.240
491,4845,28.782
4845,491,28.782
4845,2581,49.392
2581,4845,49.392
671,4144,12.560
4144,671,12.560
4144,10597,13.855
10597,4144,13.855
10597,4140,26.285
4140,10597,26.285
4140,672,15.659
672,4140,15.659
672,4988,11.191
4988,672,11.191
4988,3067,16.472
3067,4988,16.472
3067,3068,38.923
3068,3067,38.923
3068,1483,28.755
1483,3068,28.755
5183,924,17.748
924,5183,17.748
2028,4567,1.493
4567,2028,1.493
4567,5160,2.554
5160,4567,2.554
5160,956,14.569
956,5160,14.569
302,7246,10.724
7246,302,10.724
7246,6157,28.212
6157,7246,28.212
6157,5974,40.107
5974,6157,40.107
5974,8472,16.492
8472,5974,16.492
8472,3194,3.400
3194,8472,3.400
25,10893,5.913
10893,25,5.913
10893,10892,4.125
10892,10893,4.125
10892,3156,4.769
3156,10892,4.769
3156,3722,5.219
3722,3156,5.219
3722,1784,5.518
1784,3722,5.518
1784,3723,5.097
3723,1784,5.097
3723,3810,1.576
3810,3723,1.576
3810,3811,1.753
3811,3810,1.753
3811,3812,1.621
3812,3811,1.621
3812,1783,1.722
1783,3812,1.722
1783,3813,1.587
3813,1783,1.587
3813,3724,1.716
3724,3813,1.716
3724,12774,2.538
12774,3724,2.538
12774,1975,2.544
1975,12774,2.544
1975,3158,3.188
3158,1975,3.188
3158,3173,3.235
3173,3158,3.235
3173,3142,5.627
3142,3173,5.627
94,1613,8.641
1613,94,8.641
1613,10111,5.766
10111,1613,5.766
10111,11567,2.039
11567,10111,2.039
11567,599,6.782
599,11567,6.782
599,600,2.675
600,599,2.675
600,1616,4.799
1616,600,4.799
1616,10110,4.604
10110,1616,4.604
10110,266,5.887
266,10110,5.887
389,3229,3.432
3229,389,3.432
640,2012,10.643
2012,640,10.643
2012,5545,7.222
5545,2012,7.222
5545,11829,8.992
11829,5545,8.992
11829,11518,6.241
11518,11829,6.241
249,5426,37.626
5426,249,37.626
5426,990,10.238
990,5426,10.238
1034,11591,128.208
11591,1034,128.208
1024,12628,8.050
12628,1024,8.050
6214,1383,7.401
1383,6214,7.401
1383,12630,17.401
12630,1383,17.401
1382,12644,19.315
12644,1382,19.315
174,2431,7.262
2431,174,7.262
2431,176,14.561
176,2431,14.561
176,3752,7.837
3752,176,7.837
3752,2916,69.753
2916,3752,69.753
4849,167,20.061
167,4849,20.061
167,4952,24.406
4952,167,24.406
4952,3555,26.222
3555,4952,26.222
1023,7562,8.348
7562,1023,8.348
7562,7571,16.868
7571,7562,16.868
7571,12179,8.724
12179,7571,8.724
1022,7563,6.745
7563,1022,6.745
7563,2953,6.729
2953,7563,6.729
2953,7564,8.256
7564,2953,8.256
7564,1023,8.168
1023,7564,8.168
1041,3369,10.394
3369,1041,10.394
3369,6962,58.713
6962,3369,58.713
6962,169,63.842
169,6962,63.842
1014,12676,14.158
12676,1014,14.158
12676,10316,16.637
10316,12676,16.637
10316,1041,6.264
1041,10316,6.264
399,3727,1.561
3727,399,1.561
3727,8435,1.765
8435,3727,1.765
8435,2867,5.964
2867,8435,5.964
2867,7048,41.836
7048,2867,41.836
7048,7044,30.001
7044,7048,30.001
7044,1016,7.512
1016,7044,7.512
1016,1050,33.247
1050,1016,33.247
1050,9034,9.476
9034,1050,9.476
9034,1423,12.786
1423,9034,12.786
1034,3829,62.437
3829,1034,62.437
3829,3831,7.571
3831,3829,7.571
3831,10548,15.378
10548,3831,15.378
10548,1052,10.083
1052,10548,10.083
781,11152,9.627
11152,781,9.627
11152,2876,103.023
2876,11152,103.023
2876,11151,2.210
11151,2876,2.210
11151,780,16.635
780,11151,16.635
280,5414,79.489
5414,280,79.489
5414,10665,58.563
10665,5414,58.563
10665,5761,19.894
5761,10665,19.894
5761,279,4.379
279,5761,4.379
1289,4555,1.562
4555,1289,1.562
4555,5063,3.171
5063,4555,3.171
5063,3008,5.151
3008,5063,5.151
3008,2877,11.371
2877,3008,11.371
2877,279,69.070
279,2877,69.070
1291,9317,144.324
9317,1291,144.324
9317,1544,73.032
1544,9317,73.032
1544,57,8.619
57,1544,8.619
5183,5181,21.772
5181,5183,21.772
5181,8906,36.152
8906,5181,36.152
8906,6747,123.236
6747,8906,123.236
6747,9508,3.428
9508,6747,3.428
9508,3290,2.360
3290,9508,2.360
1680,4425,1.720
4425,1680,1.720
4425,10364,157.503
10364,4425,157.503
10364,11678,45.716
11678,10364,45.716
11678,9410,4.221
9410,11678,4.221
9410,969,6.126
969,9410,6.126
95,9730,6.050
9730,95,6.050
9730,7452,1.587
7452,9730,1.587
7452,9731,126.632
9731,7452,126.632
9731,715,4.522
715,9731,4.522
716,8736,6.539
8736,716,6.539
8736,9909,54.707
9909,8736,54.707
9909,9980,5.518
9980,9909,5.518
9980,715,43.562
715,9980,43.562
715,11452,5.907
11452,715,5.907
11452,3506,83.369
3506,11452,83.369
3506,717,7.041
717,3506,7.041
7669,2689,95.157
2689,7669,95.157
2689,880,6.598
880,2689,6.598
1681,9772,6.224
9772,1681,6.224
9772,12863,99.494
12863,9772,99.494
12863,7424,3.622
7424,12863,3.622
97,9761,6.027
9761,97,6.027
9761,6251,2.185
6251,9761,2.185
869,9710,7.536
9710,869,7.536
9710,730,61.988
730,9710,61.988
730,6060,42.975
6060,730,42.975
6060,6058,35.376
6058,6060,35.376
6058,6057,10.657
6057,6058,10.657
6057,10312,53.188
10312,6057,53.188
10312,4433,6.781
4433,10312,6.781
4433,868,1.328
868,4433,1.328
870,12331,67.861
12331,870,67.861
12331,9943,47.970
9943,12331,47.970
9943,5640,9.421
5640,9943,9.421
5640,9708,4.031
9708,5640,4.031
9708,871,10.363
871,9708,10.363
1467,1850,122.561
1850,1467,122.561
1850,773,12.433
773,1850,12.433
872,10298,5.962
10298,872,5.962
10298,849,60.849
849,10298,60.849
849,847,46.478
847,849,46.478
139,5601,11.995
5601,139,11.995
5601,11309,16.052
11309,5601,16.052
11309,6615,16.354
6615,11309,16.354
6615,148,41.123
148,6615,41.123
148,6052,38.142
6052,148,38.142
6052,3933,17.117
3933,6052,17.117
3933,966,25.993
966,3933,25.993
966,1367,10.735
1367,966,10.735
1367,1366,64.222
1366,1367,64.222
308,303,35.670
303,308,35.670
309,3105,1.655
3105,309,1.655
3105,5086,6.325
5086,3105,6.325
5086,6050,29.462
6050,5086,29.462
6050,3655,31.085
3655,6050,31.085
3655,10501,15.825
10501,3655,15.825
10501,7738,23.982
7738,10501,23.982
7738,308,26.991
308,7738,26.991
305,3601,9.210
3601,305,9.210
3601,306,11.801
306,3601,11.801
306,7321,14.346
7321,306,14.346
7321,1366,85.480
1366,7321,85.480
1366,307,50.662
307,1366,50.662
303,960,76.878
960,303,76.878
365,6571,5.925
6571,365,5.925
6571,6570,22.252
6570,6571,22.252
6570,5772,46.311
5772,6570,46.311
5772,775,16.863
775,5772,16.863
143,3098,1.570
3098,143,1.570
3098,5087,6.944
5087,3098,6.944
5087,774,23.437
774,5087,23.437
69,1444,13.544
1444,69,13.544
1444,6960,43.231
6960,1444,43.231
6960,4825,15.719
4825,6960,15.719
4825,4807,4.004
4807,4825,4.004
4807,4824,2.283
4824,4807,2.283
86,12014,6.399
12014,86,6.399
12014,11993,49.401
11993,12014,49.401
11993,12005,52.336
12005,11993,52.336
12005,5167,30.073
5167,12005,30.073
5167,4630,5.079
4630,5167,5.079
817,1521,45.904
1521,817,45.904
87,4237,58.716
4237,87,58.716
4237,971,17.120
971,4237,17.120
971,4238,23.859
4238,971,23.859
4238,4236,17.628
4236,4238,17.628
4236,831,15.075
831,4236,15.075
894,3736,45.122
3736,894,45.122
3736,7164,14.870
7164,3736,14.870
7164,10519,12.675
10519,7164,12.675
10519,893,9.557
893,10519,9.557
893,7165,15.036
7165,893,15.036
7165,892,12.832
892,7165,12.832
892,772,87.401
772,892,87.401
772,3743,82.249
3743,772,82.249
3743,9654,2.784
9654,3743,2.784
4837,12058,2.303
12058,4837,2.303
12058,4835,7.588
4835,12058,7.588
4835,4833,4.994
4833,4835,4.994
4833,1837,76.200
1837,4833,76.200
1837,12052,28.352
12052,1837,28.352
12052,933,8.436
933,12052,8.436
4601,12061,3.192
12061,4601,3.192
12061,12059,5.804
12059,12061,5.804
12059,11645,7.204
11645,12059,7.204
11645,10240,162.183
10240,11645,162.183
12118,4595,1.314
4595,12118,1.314
4595,888,25.786
888,4595,25.786
888,12125,51.005
12125,888,51.005
12125,12115,6.485
12115,12125,6.485
895,11732,12.792
11732,895,12.792
11732,771,78.312
771,11732,78.312
862,5979,45.866
5979,862,45.866
5979,11980,8.313
11980,5979,8.313
11980,11973,6.246
11973,11980,6.246
11973,1514,5.798
1514,11973,5.798
1514,11972,4.275
11972,1514,4.275
11972,1529,10.494
1529,11972,10.494
1529,11975,8.822
11975,1529,8.822
11975,11974,4.207
11974,11975,4.207
11974,767,5.079
767,11974,5.079
929,1510,6.672
1510,929,6.672
1510,2470,9.028
2470,1510,9.028
2470,1515,3.080
1515,2470,3.080
1515,12699,0.335
12699,1515,0.335
12699,12698,6.011
12698,12699,6.011
12698,12701,5.891
12701,12698,5.891
12701,12700,6.695
12700,12701,6.695
12700,1508,28.161
1508,12700,28.161
1508,11976,53.455
11976,1508,53.455
11976,11977,8.218
11977,11976,8.218
11977,5005,11.862
5005,11977,11.862
5005,11978,5.601
11978,5005,5.601
11978,11979,6.275
11979,11978,6.275
11979,5006,8.153
5006,11979,8.153
930,3627,7.986
3627,930,7.986
3627,932,137.443
932,3627,137.443
932,1321,10.964
1321,932,10.964
1321,1116,9.326
1116,1321,9.326
1096,1095,43.614
1095,1096,43.614
172,173,84.320
173,172,84.320
7348,6927,8.723
6927,7348,8.723
6927,6930,4.228
6930,6927,4.228
6930,6694,42.121
6694,6930,42.121
6694,2430,5.990
2430,6694,5.990
1432,1431,26.678
1431,1432,26.678
1431,2508,11.636
2508,1431,11.636
2508,6202,95.374
6202,2508,95.374
6202,1079,8.304
1079,6202,8.304
1079,2506,8.290
2506,1079,8.290
10469,4697,11.180
4697,10469,11.180
4697,7577,7.115
7577,4697,7.115
1040,7046,60.591
7046,1040,60.591
7046,1016,45.390
1016,7046,45.390
1064,1384,6.590
1384,1064,6.590
1384,3537,20.212
3537,1384,20.212
3537,12625,6.812
12625,3537,6.812
1063,3264,2.159
3264,1063,2.159
3264,1392,7.451
1392,3264,7.451
1392,1060,10.114
1060,1392,10.114
1066,3270,1.476
3270,1066,1.476
3270,1398,7.632
1398,3270,7.632
1398,12632,16.804
12632,1398,16.804
6639,12170,6.013
12170,6639,6.013
660,7024,5.217
7024,660,5.217
7024,8354,4.188
8354,7024,4.188
8354,7023,4.240
7023,8354,4.240
7023,7570,6.721
7570,7023,6.721
7570,7022,28.074
7022,7570,28.074
7022,8959,10.409
8959,7022,10.409
8959,7020,35.264
7020,8959,35.264
7020,12177,4.210
12177,7020,4.210
1014,12672,10.238
12672,1014,10.238
12672,7589,23.347
7589,12672,23.347
661,2138,11.378
2138,661,11.378
2138,12260,36.289
12260,2138,36.289
1076,7817,6.925
7817,1076,6.925
7817,5592,18.527
5592,7817,18.527
5592,7818,30.303
7818,5592,30.303
7818,7819,15.951
7819,7818,15.951
7819,12259,3.415
12259,7819,3.415
6610,2499,20.628
2499,6610,20.628
2499,9555,28.612
9555,2499,28.612
9555,9556,8.636
9556,9555,8.636
9556,825,24.162
825,9556,24.162
824,4960,8.472
4960,824,8.472
1085,7057,8.093
7057,1085,8.093
7057,4478,41.218
4478,7057,41.218
4478,1082,19.224
1082,4478,19.224
751,4791,3.103
4791,751,3.103
4791,9916,1.568
9916,4791,1.568
9916,9949,13.227
9949,9916,13.227
9949,750,68.603
750,9949,68.603
750,1282,36.040
1282,750,36.040
1282,3624,109.308
3624,1282,109.308
3624,1836,72.264
1836,3624,72.264
1836,854,2.704
854,1836,2.704
854,857,54.667
857,854,54.667
857,858,52.959
858,857,52.959
858,3626,34.551
3626,858,34.551
3626,3625,74.532
3625,3626,74.532
4473,9952,84.581
9952,4473,84.581
9952,79,5.775
79,9952,5.775
79,9877,6.400
9877,79,6.400
520,1363,32.607
1363,520,32.607
1363,1362,47.436
1362,1363,47.436
1362,881,11.387
881,1362,11.387
758,2824,9.413
2824,758,9.413
2824,12546,4.537
12546,2824,4.537
1029,1030,82.598
1030,1029,82.598
1029,1395,7.385
1395,1029,7.385
1395,12633,5.901
12633,1395,5.901
1062,1347,9.725
1347,1062,9.725
1347,11648,9.117
11648,1347,9.117
11648,12636,3.920
12636,11648,3.920
861,1319,116.334
1319,861,116.334
385,7197,5.120
7197,385,5.120
7197,2964,8.710
2964,7197,8.710
2964,11375,132.208
11375,2964,132.208
11375,11169,118.679
11169,11375,118.679
11169,384,13.778
384,11169,13.778
399,4422,1.168
4422,399,1.168
4422,7049,9.008
7049,4422,9.008
7049,2190,12.837
2190,7049,12.837
518,3315,3.506
3315,518,3.506
3315,12601,60.410
12601,3315,60.410
2674,12652,3.703
12652,2674,3.703
12652,12658,3.226
12658,12652,3.226
12658,2677,4.695
2677,12658,4.695
2677,2687,3.743
2687,2677,3.743
2687,12653,3.964
12653,2687,3.964
12653,2679,4.776
2679,12653,4.776
3877,943,17.665
943,3877,17.665
943,7400,25.171
7400,943,25.171
941,4486,3.750
4486,941,3.750
4486,4488,3.400
4488,4486,3.400
4488,944,4.446
944,4488,4.446
840,13057,3.576
13057,840,3.576
13057,13058,7.182
13058,13057,7.182
13058,13059,4.958
13059,13058,4.958
13059,13084,2.679
13084,13059,2.679
13084,841,1.409
841,13084,1.409
484,5905,18.475
5905,484,18.475
5905,434,30.389
434,5905,30.389
434,2948,4.132
2948,434,4.132
2948,3201,12.452
3201,2948,12.452
3201,11388,93.996
11388,3201,93.996
1042,12477,5.227
12477,1042,5.227
12477,3371,5.337
3371,12477,5.337
3371,12479,23.364
12479,3371,23.364
12479,1043,3.980
1043,12479,3.980
1043,12480,4.274
12480,1043,4.274
12480,990,5.075
990,12480,5.075
193,1557,13.091
1557,193,13.091
972,12960,58.979
12960,972,58.979
1003,1005,40.208
1005,1003,40.208
855,4468,1.503
4468,855,1.503
4468,4467,10.235
4467,4468,10.235
4467,856,9.187
856,4467,9.187
865,864,61.238
864,865,61.238
856,10476,8.184
10476,856,8.184
10476,2654,19.848
2654,10476,19.848
358,1663,2.256
1663,358,2.256
629,1851,13.655
1851,629,13.655
1851,630,65.504
630,1851,65.504
748,4454,1.609
4454,748,1.609
4454,9920,5.352
9920,4454,5.352
9920,4455,4.094
4455,9920,4.094
4455,12497,11.356
12497,4455,11.356
240,1574,15.182
1574,240,15.182
1574,9413,2.599
9413,1574,2.599
9413,1121,4.796
1121,9413,4.796
1121,1183,36.280
1183,1121,36.280
1130,1389,7.554
1389,1130,7.554
1131,12013,6.232
12013,1131,6.232
12013,12008,49.842
12008,12013,49.842
12008,11992,4.682
11992,12008,4.682
11992,12000,1.770
12000,11992,1.770
12000,4622,123.904
4622,12000,123.904
4622,4623,6.171
4623,4622,6.171
109,4645,7.968
4645,109,7.968
4645,4644,3.203
4644,4645,3.203
4644,5168,3.911
5168,4644,3.911
5168,4643,5.351
4643,5168,5.351
4643,83,9.962
83,4643,9.962
4662,4661,13.179
4661,4662,13.179
4661,4660,8.593
4660,4661,8.593
4660,4659,8.731
4659,4660,8.731
4659,4658,6.094
4658,4659,6.094
4658,4657,7.563
4657,4658,7.563
4657,4656,12.660
4656,4657,12.660
4656,4655,4.291
4655,4656,4.291
4655,4654,41.203
4654,4655,41.203
4654,4653,7.742
4653,4654,7.742
4653,4652,9.857
4652,4653,9.857
4652,4651,11.757
4651,4652,11.757
4651,4650,28.669
4650,4651,28.669
4650,6603,8.482
6603,4650,8.482
6603,4649,12.100
4649,6603,12.100
4649,4648,19.450
4648,4649,19.450
4648,4647,42.806
4647,4648,42.806
4647,4646,11.005
4646,4647,11.005
4646,109,10.155
109,4646,10.155
4663,4662,20.706
4662,4663,20.706
7790,4665,3.952
4665,7790,3.952
4665,4666,4.027
4666,4665,4.027
4666,4667,15.658
4667,4666,15.658
4667,4670,31.218
4670,4667,31.218
4670,4671,15.194
4671,4670,15.194
4671,4672,14.970
4672,4671,14.970
4672,4673,14.491
4673,4672,14.491
8404,11693,3.648
11693,8404,3.648
11693,11129,1.811
11129,11693,1.811
11129,2929,18.079
2929,11129,18.079
2929,9047,65.690
9047,2929,65.690
9047,9759,37.373
9759,9047,37.373
9759,96,5.197
96,9759,5.197
2678,9944,35.018
9944,2678,35.018
9944,5674,18.390
5674,9944,18.390
5674,12650,54.246
12650,5674,54.246
12650,11141,5.353
11141,12650,5.353
11141,230,8.022
230,11141,8.022
96,3502,6.042
3502,96,6.042
3502,5246,58.885
5246,3502,58.885
5246,6137,28.260
6137,5246,28.260
6137,97,3.990
97,6137,3.990
97,9773,102.230
9773,97,102.230
9773,1681,5.403
1681,9773,5.403
1681,9775,7.951
9775,1681,7.951
9775,6138,54.522
6138,9775,54.522
6138,6136,3.373
6136,6138,3.373
6136,11585,15.360
11585,6136,15.360
11585,9404,42.223
9404,11585,42.223
9404,9443,4.332
9443,9404,4.332
9443,2146,34.120
2146,9443,34.120
2146,2475,38.585
2475,2146,38.585
2475,1129,6.618
1129,2475,6.618
791,9755,9.304
9755,791,9.304
9755,11517,40.059
11517,9755,40.059
11517,6869,129.928
6869,11517,129.928
1162,1165,15.213
1165,1162,15.213
1165,1163,34.494
1163,1165,34.494
1163,8107,6.683
8107,1163,6.683
8107,1164,4.341
1164,8107,4.341
1147,1170,10.936
1170,1147,10.936
1170,1165,11.962
1165,1170,11.962
1160,11121,5.025
11121,1160,5.025
11121,1153,11.144
1153,11121,11.144
1154,1155,46.993
1155,1154,46.993
1150,1171,22.545
1171,1150,22.545
5782,8105,12.579
8105,5782,12.579
1155,1156,7.860
1156,1155,7.860
1156,5780,4.114
5780,1156,4.114
5780,1167,8.868
1167,5780,8.868
1167,1157,38.665
1157,1167,38.665
1157,7593,2.967
7593,1157,2.967
7593,1158,7.194
1158,7593,7.194
1169,8106,20.607
8106,1169,20.607
1168,1169,21.770
1169,1168,21.770
828,4527,25.284
4527,828,25.284
4527,951,23.254
951,4527,23.254
449,4518,10.276
4518,449,10.276
4518,5675,8.632
5675,4518,8.632
5675,53,11.855
53,5675,11.855
946,947,15.334
947,946,15.334
947,948,52.309
948,947,52.309
948,827,16.029
827,948,16.029
827,12788,30.853
12788,827,30.853
12788,4526,3.709
4526,12788,3.709
4526,828,11.050
828,4526,11.050
1176,3092,4.790
3092,1176,4.790
104,9541,12.817
9541,104,12.817
9541,2342,47.829
2342,9541,47.829
2342,7204,1.323
7204,2342,1.323
7204,927,20.446
927,7204,20.446
927,11904,27.958
11904,927,27.958
56,55,47.982
55,56,47.982
1173,1422,4.563
1422,1173,4.563
156,1564,11.702
1564,156,11.702
4193,1187,11.422
1187,4193,11.422
1187,6728,7.734
6728,1187,7.734
6728,1189,8.329
1189,6728,8.329
1189,10494,9.030
10494,1189,9.030
10494,1188,8.762
1188,10494,8.762
1188,2337,16.166
2337,1188,16.166
705,706,63.425
706,705,63.425
705,2343,40.717
2343,705,40.717
2453,1192,9.319
1192,2453,9.319
1192,6017,9.321
6017,1192,9.321
6017,5781,9.318
5781,6017,9.318
5781,6021,9.310
6021,5781,9.310
6021,1193,9.318
1193,6021,9.318
1193,1191,9.321
1191,1193,9.321
1191,8594,9.326
8594,1191,9.326
8594,3336,6.052
3336,8594,6.052
3336,6018,10.178
6018,3336,10.178
6018,1194,10.180
1194,6018,10.180
1194,1159,10.181
1159,1194,10.181
1159,3617,10.024
3617,1159,10.024
3617,1195,10.028
1195,3617,10.028
1195,2452,10.029
2452,1195,10.029
1202,12791,13.516
12791,1202,13.516
12791,157,10.126
157,12791,10.126
1203,386,44.273
386,1203,44.273
4243,10852,2.740
10852,4243,2.740
10852,4244,1.974
4244,10852,1.974
4244,2045,7.350
2045,4244,7.350
2045,12516,17.052
12516,2045,17.052
762,4692,5.548
4692,762,5.548
4692,11956,3.572
11956,4692,3.572
11956,9425,52.655
9425,11956,52.655
9425,807,48.911
807,9425,48.911
109,1211,13.608
1211,109,13.608
1211,1213,64.199
1213,1211,64.199
1213,1212,11.894
1212,1213,11.894
1217,7187,28.536
7187,1217,28.536
7187,1218,97.395
1218,7187,97.395
1218,5836,10.110
5836,1218,10.110
5836,1219,12.646
1219,5836,12.646
1219,1220,9.183
1220,1219,9.183
1220,7755,7.023
7755,1220,7.023
7755,3875,7.762
3875,7755,7.762
3875,4691,9.965
4691,3875,9.965
4691,4690,54.117
4690,4691,54.117
4690,1216,10.461
1216,4690,10.461
1216,1210,4.260
1210,1216,4.260
759,11599,4.368
11599,759,4.368
11599,12553,28.352
12553,11599,28.352
196,1492,13.060
1492,196,13.060
1233,5101,63.336
5101,1233,63.336
5101,11722,38.391
11722,5101,38.391
11722,5111,56.128
5111,11722,56.128
5111,11705,3.642
11705,5111,3.642
11705,1232,0.854
1232,11705,0.854
12767,7806,9.972
7806,12767,9.972
7806,2661,13.231
2661,7806,13.231
2661,1235,9.995
1235,2661,9.995
1236,10274,4.741
10274,1236,4.741
10274,1237,2.771
1237,10274,2.771
1237,10277,3.002
10277,1237,3.002
10277,10275,2.688
10275,10277,2.688
10275,1238,4.071
1238,10275,4.071
1238,10276,2.715
10276,1238,2.715
10276,1239,3.344
1239,10276,3.344
1240,9703,8.691
9703,1240,8.691
9703,1241,2.981
1241,9703,2.981
1257,8834,24.543
8834,1257,24.543
8834,8833,15.416
8833,8834,15.416
1261,1262,14.586
1262,1261,14.586
1257,8839,5.733
8839,1257,5.733
8839,8840,19.358
8840,8839,19.358
8840,1106,3.300
1106,8840,3.300
317,2155,8.176
2155,317,8.176
2155,1269,19.487
1269,2155,19.487
1269,1270,24.859
1270,1269,24.859
1270,1271,31.502
1271,1270,31.502
409,3532,12.331
3532,409,12.331
3532,410,15.442
410,3532,15.442
410,5489,12.124
5489,410,12.124
5489,8375,15.866
8375,5489,15.866
1278,2183,51.797
2183,1278,51.797
10282,9324,12.743
9324,10282,12.743
9324,3946,4.297
3946,9324,4.297
3946,10283,17.453
10283,3946,17.453
1291,9319,31.025
9319,1291,31.025
9319,3491,27.698
3491,9319,27.698
3491,155,10.537
155,3491,10.537
154,11908,47.368
11908,154,47.368
11908,2861,4.125
2861,11908,4.125
2861,2860,22.035
2860,2861,22.035
2860,826,21.232
826,2860,21.232
1434,3009,46.199
3009,1434,46.199
3009,3005,15.543
3005,3009,15.543
3005,552,16.040
552,3005,16.040
552,1474,22.725
1474,552,22.725
1474,48,23.491
48,1474,23.491
1058,1299,23.938
1299,1058,23.938
1299,1337,8.041
1337,1299,8.041
1337,1298,9.436
1298,1337,9.436
7376,4712,5.790
4712,7376,5.790
4712,10418,16.030
10418,4712,16.030
10418,7004,12.115
7004,10418,12.115
7004,7297,5.496
7297,7004,5.496
7297,7377,11.148
7377,7297,11.148
7377,7296,11.994
7296,7377,11.994
7296,4711,38.942
4711,7296,38.942
4711,7293,18.824
7293,4711,18.824
7293,7291,8.407
7291,7293,8.407
7291,1302,2.180
1302,7291,2.180
1302,7290,0.900
7290,1302,0.900
7290,7289,10.742
7289,7290,10.742
7289,5169,4.279
5169,7289,4.279
5169,6349,36.161
6349,5169,36.161
6349,3219,41.894
3219,6349,41.894
3219,2257,13.326
2257,3219,13.326
2257,3216,18.525
3216,2257,18.525
3216,7373,24.639
7373,3216,24.639
7373,138,11.003
138,7373,11.003
255,6125,4.899
6125,255,4.899
6125,7009,5.923
7009,6125,5.923
7009,7007,23.732
7007,7009,23.732
7007,12323,5.999
12323,7007,5.999
12323,1301,3.814
1301,12323,3.814
1301,7005,26.277
7005,1301,26.277
7005,9011,3.369
9011,7005,3.369
9011,7377,12.873
7377,9011,12.873
1307,1900,20.483
1900,1307,20.483
1312,3006,16.378
3006,1312,16.378
3006,11870,3.368
11870,3006,3.368
11870,1314,8.550
1314,11870,8.550
10,1534,4.842
1534,10,4.842
1534,1310,11.923
1310,1534,11.923
1310,1980,12.284
1980,1310,12.284
48,10299,39.583
10299,48,39.583
10299,3004,2.847
3004,10299,2.847
3004,1313,9.561
1313,3004,9.561
1289,4557,1.525
4557,1289,1.525
4557,11174,7.395
11174,4557,7.395
11174,11173,51.507
11173,11174,51.507
11173,1314,3.581
1314,11173,3.581
1311,1315,9.988
1315,1311,9.988
1315,1316,5.798
1316,1315,5.798
6608,10402,7.192
10402,6608,7.192
10402,9958,3.836
9958,10402,3.836
9958,6881,2.485
6881,9958,2.485
6881,10408,2.405
10408,6881,2.405
10408,10407,2.204
10407,10408,2.204
10407,10396,2.436
10396,10407,2.436
10396,6882,4.464
6882,10396,4.464
6879,10955,53.668
10955,6879,53.668
6887,7087,52.072
7087,6887,52.072
1299,1338,9.392
1338,1299,9.392
1057,12634,5.425
12634,1057,5.425
864,3342,56.927
3342,864,56.927
3342,5758,17.386
5758,3342,17.386
5758,866,22.135
866,5758,22.135
866,12504,28.102
12504,866,28.102
527,3362,69.319
3362,527,69.319
3362,1359,27.521
1359,3362,27.521
1359,3364,29.538
3364,1359,29.538
3364,12150,33.910
12150,3364,33.910
12150,9334,48.721
9334,12150,48.721
9334,2233,40.043
2233,9334,40.043
2233,3090,26.014
3090,2233,26.014
305,1368,29.034
1368,305,29.034
1368,6051,25.931
6051,1368,25.931
6051,961,13.823
961,6051,13.823
961,1053,13.761
1053,961,13.761
306,1364,26.273
1364,306,26.273
1364,5558,42.235
5558,1364,42.235
5558,1365,25.332
1365,5558,25.332
775,7367,9.410
7367,775,9.410
7367,7366,17.453
7366,7367,17.453
7366,1054,5.867
1054,7366,5.867
4091,4095,9.776
4095,4091,9.776
4095,4093,8.694
4093,4095,8.694
4093,4094,9.327
4094,4093,9.327
328,5519,11.015
5519,328,11.015
5519,10241,9.821
10241,5519,9.821
10241,1371,24.931
1371,10241,24.931
1225,12144,63.274
12144,1225,63.274
12144,1678,10.149
1678,12144,10.149
1678,12145,7.885
12145,1678,7.885
12145,1226,8.218
1226,12145,8.218
7531,1388,5.430
1388,7531,5.430
1388,10203,59.667
10203,1388,59.667
10203,1399,6.150
1399,10203,6.150
1399,12303,7.415
12303,1399,7.415
1390,4914,61.318
4914,1390,61.318
4914,4324,29.112
4324,4914,29.112
4324,1389,1.386
1389,4324,1.386
1399,11541,6.214
11541,1399,6.214
11541,7617,41.261
7617,11541,41.261
7617,11542,7.063
11542,7617,7.063
11542,10270,7.067
10270,11542,7.067
10270,10269,12.479
10269,10270,12.479
10269,11084,3.961
11084,10269,3.961
1404,3496,10.835
3496,1404,10.835
1405,1204,157.678
1204,1405,157.678
119,9818,3.266
9818,119,3.266
9818,2620,7.628
2620,9818,7.628
2620,522,10.739
522,2620,10.739
522,2617,23.592
2617,522,23.592
2617,12570,6.596
12570,2617,6.596
1259,1260,50.933
1260,1259,50.933
4522,1267,31.223
1267,4522,31.223
1267,5679,8.370
5679,1267,8.370
5679,4521,9.061
4521,5679,9.061
4521,946,7.550
946,4521,7.550
2151,3250,5.226
3250,2151,5.226
3250,3243,3.169
3243,3250,3.169
3243,942,7.792
942,3243,7.792
516,12784,10.167
12784,516,10.167
12784,3254,1.920
3254,12784,1.920
3254,3082,4.531
3082,3254,4.531
3082,7111,4.494
7111,3082,4.494
7111,2152,7.103
2152,7111,7.103
120,530,12.661
530,120,12.661
530,10775,7.237
10775,530,7.237
10775,10776,4.560
10776,10775,4.560
10776,3084,4.184
3084,10776,4.184
3084,10777,4.200
10777,3084,4.200
10777,3125,4.132
3125,10777,4.132
3125,10778,4.752
10778,3125,4.752
10778,746,4.982
746,10778,4.982
746,10779,5.995
10779,746,5.995
10779,10781,5.462
10781,10779,5.462
10781,10780,4.537
10780,10781,4.537
10780,1922,6.266
1922,10780,6.266
1922,121,26.408
121,1922,26.408
1416,10310,19.880
10310,1416,19.880
10310,520,4.684
520,10310,4.684
938,12533,28.408
12533,938,28.408
9341,9344,2.841
9344,9341,2.841
9344,9340,6.627
9340,9344,6.627
9340,2,78.811
2,9340,78.811
1418,12075,19.595
12075,1418,19.595
12075,3633,15.988
3633,12075,15.988
3633,9340,3.614
9340,3633,3.614
819,11932,4.899
11932,819,4.899
11932,1119,8.023
1119,11932,8.023
2652,11931,4.981
11931,2652,4.981
11931,2649,4.132
2649,11931,4.132
2649,11930,4.120
11930,2649,4.120
11930,11929,4.727
11929,11930,4.727
11929,83,79.104
83,11929,79.104
127,2572,19.072
2572,127,19.072
2572,11597,2.408
11597,2572,2.408
8792,7864,44.824
7864,8792,44.824
7864,11116,30.541
11116,7864,30.541
11116,443,42.109
443,11116,42.109
408,9526,53.404
9526,408,53.404
9526,1426,77.940
1426,9526,77.940
1426,3286,7.808
3286,1426,7.808
3286,1957,1.438
1957,3286,1.438
468,12743,11.783
12743,468,11.783
12743,4310,3.885
4310,12743,3.885
6510,10247,2.538
10247,6510,2.538
10247,6509,2.000
6509,10247,2.000
6509,1448,2.052
1448,6509,2.052
1448,10248,1.571
10248,1448,1.571
10248,6511,2.018
6511,10248,2.018
6511,1449,5.417
1449,6511,5.417
1449,10249,2.132
10249,1449,2.132
10249,7717,1.771
7717,10249,1.771
7717,1450,2.061
1450,7717,2.061
1450,10250,2.420
10250,1450,2.420
10250,12687,5.455
12687,10250,5.455
12687,12686,20.737
12686,12687,20.737
12686,1451,11.150
1451,12686,11.150
1451,10251,3.124
10251,1451,3.124
10251,10252,2.539
10252,10251,2.539
10252,1452,2.702
1452,10252,2.702
1452,10253,2.655
10253,1452,2.655
10253,494,2.679
494,10253,2.679
1459,1458,117.258
1458,1459,117.258
1458,11238,21.675
11238,1458,21.675
11238,11239,14.035
11239,11238,14.035
11239,6048,85.102
6048,11239,85.102
6048,9607,7.786
9607,6048,7.786
9607,9606,12.502
9606,9607,12.502
9606,12825,17.321
12825,9606,17.321
12825,135,4.205
135,12825,4.205
1460,2829,4.477
2829,1460,4.477
2829,12820,2.810
12820,2829,2.810
12820,5641,52.282
5641,12820,52.282
5641,887,4.705
887,5641,4.705
887,1618,129.928
1618,887,129.928
3741,5481,3.019
5481,3741,3.019
5481,1549,4.270
1549,5481,4.270
89,1858,10.857
1858,89,10.857
1858,7733,6.112
7733,1858,6.112
5000,8386,8.800
8386,5000,8.800
8386,1428,37.584
1428,8386,37.584
1968,12612,16.800
12612,1968,16.800
12612,12874,5.406
12874,12612,5.406
12874,1071,22.297
1071,12874,22.297
2243,10335,18.066
10335,2243,18.066
10335,5521,16.179
5521,10335,16.179
1477,5513,10.082
5513,1477,10.082
5513,1481,33.061
1481,5513,33.061
1481,1479,29.905
1479,1481,29.905
1479,3634,6.971
3634,1479,6.971
3634,1476,4.762
1476,3634,4.762
345,2742,116.395
2742,345,116.395
2742,1730,7.387
1730,2742,7.387
1730,30,7.269
30,1730,7.269
1874,6958,57.614
6958,1874,57.614
6958,1498,35.704
1498,6958,35.704
1498,859,7.714
859,1498,7.714
3741,931,13.398
931,3741,13.398
1501,2645,19.378
2645,1501,19.378
2645,1500,43.558
1500,2645,43.558
1502,4152,8.396
4152,1502,8.396
4152,1503,108.929
1503,4152,108.929
1504,2469,4.808
2469,1504,4.808
2469,1507,4.382
1507,2469,4.382
1517,4066,32.088
4066,1517,32.088
1510,2391,8.426
2391,1510,8.426
2391,1509,8.725
1509,2391,8.725
1509,1512,13.339
1512,1509,13.339
1512,5406,4.364
5406,1512,4.364
5406,1511,6.943
1511,5406,6.943
1511,5405,6.289
5405,1511,6.289
5405,2390,4.415
2390,5405,4.415
2390,5404,2.056
5404,2390,2.056
5404,5403,2.333
5403,5404,2.333
5403,5402,2.445
5402,5403,2.445
5402,1513,1.787
1513,5402,1.787
1517,1518,26.277
1518,1517,26.277
1526,1525,2.123
1525,1526,2.123
1525,2124,3.345
2124,1525,3.345
2124,1132,25.929
1132,2124,25.929
1132,2650,23.376
2650,1132,23.376
2650,935,34.702
935,2650,34.702
1528,1895,11.839
1895,1528,11.839
1895,1841,16.815
1841,1895,16.815
1529,5176,67.748
5176,1529,67.748
5176,863,22.938
863,5176,22.938
1531,354,10.152
354,1531,10.152
354,1532,7.480
1532,354,7.480
3515,4701,3.548
4701,3515,3.548
4701,10,3.649
10,4701,3.649
2152,8245,1.173
8245,2152,1.173
8245,3081,0.200
3081,8245,0.200
3081,6345,11.092
6345,3081,11.092
3877,3222,19.378
3222,3877,19.378
3222,9296,19.422
9296,3222,19.422
9296,51,11.383
51,9296,11.383
536,1543,12.799
1543,536,12.799
860,1527,105.837
1527,860,105.837
1527,6955,8.436
6955,1527,8.436
6955,859,2.485
859,6955,2.485
862,860,19.387
860,862,19.387
1545,5479,3.467
5479,1545,3.467
5479,5892,2.287
5892,5479,2.287
5892,5888,2.138
5888,5892,2.138
5888,5890,2.091
5890,5888,2.091
5890,1546,1.915
1546,5890,1.915
1546,5891,2.074
5891,1546,2.074
5891,5887,1.754
5887,5891,1.754
5887,5889,2.035
5889,5887,2.035
5889,5477,2.235
5477,5889,2.235
5477,1547,2.865
1547,5477,2.865
10411,2409,6.386
2409,10411,6.386
2409,7304,43.478
7304,2409,43.478
7304,6258,94.755
6258,7304,94.755
6258,7310,26.457
7310,6258,26.457
7310,1553,16.856
1553,7310,16.856
451,9066,2.286
9066,451,2.286
9066,1323,38.869
1323,9066,38.869
179,3351,12.594
3351,179,12.594
3351,9428,3.172
9428,3351,3.172
9428,727,81.151
727,9428,81.151
727,199,95.055
199,727,95.055
199,9089,71.970
9089,199,71.970
6273,3589,5.674
3589,6273,5.674
3589,6766,10.720
6766,3589,10.720
6766,685,11.348
685,6766,11.348
685,6770,15.560
6770,685,15.560
6770,2894,15.646
2894,6770,15.646
684,6266,14.770
6266,684,14.770
1261,6985,7.800
6985,1261,7.800
6985,1256,4.556
1256,6985,4.556
1256,4959,42.662
4959,1256,42.662
1203,5500,9.604
5500,1203,9.604
5500,1564,6.236
1564,5500,6.236
951,9543,7.210
9543,951,7.210
9543,1566,8.624
1566,9543,8.624
1568,6805,3.616
6805,1568,3.616
6805,11519,19.427
11519,6805,19.427
11519,1322,2.931
1322,11519,2.931
1322,826,9.824
826,1322,9.824
55,2638,7.994
2638,55,7.994
2638,4525,6.118
4525,2638,6.118
4525,4524,7.463
4524,4525,7.463
4524,2721,15.543
2721,4524,15.543
2721,5680,11.788
5680,2721,11.788
5680,54,17.025
54,5680,17.025
54,449,67.701
449,54,67.701
1569,389,66.272
389,1569,66.272
1572,1565,14.038
1565,1572,14.038
1565,155,11.195
155,1565,11.195
157,12789,8.626
12789,157,8.626
5223,11568,8.639
11568,5223,8.639
11568,10036,1.181
10036,11568,1.181
10036,2103,5.519
2103,10036,5.519
2103,10031,2.449
10031,2103,2.449
10031,2341,34.143
2341,10031,34.143
2341,6096,23.937
6096,2341,23.937
6096,8663,32.187
8663,6096,32.187
8663,5102,69.506
5102,8663,69.506
5102,6093,7.759
6093,5102,7.759
6093,5112,30.095
5112,6093,30.095
5112,11702,6.333
11702,5112,6.333
11702,1816,3.379
1816,11702,3.379
266,2685,5.082
2685,266,5.082
2685,6329,5.584
6329,2685,5.584
6329,1612,3.672
1612,6329,3.672
1612,2100,6.357
2100,1612,6.357
2100,1606,5.540
1606,2100,5.540
1606,602,4.806
602,1606,4.806
602,8288,8.143
8288,602,8.143
8288,1605,6.922
1605,8288,6.922
1605,601,5.251
601,1605,5.251
601,8289,4.791
8289,601,4.791
8289,1609,5.359
1609,8289,5.359
1609,604,9.967
604,1609,9.967
604,12418,6.560
12418,604,6.560
12418,93,6.045
93,12418,6.045
2102,6589,4.009
6589,2102,4.009
6589,10113,5.973
10113,6589,5.973
10113,1615,5.703
1615,10113,5.703
1615,598,2.143
598,1615,2.143
598,10115,12.201
10115,598,12.201
10115,1614,6.554
1614,10115,6.554
1614,94,4.889
94,1614,4.889
1496,12965,50.344
12965,1496,50.344
12965,12064,44.470
12064,12965,44.470
12064,768,6.751
768,12064,6.751
1320,1502,16.964
1502,1320,16.964
1502,860,87.353
860,1502,87.353
652,11968,4.782
11968,652,4.782
11968,4762,4.734
4762,11968,4.734
4762,4763,5.515
4763,4762,5.515
1581,4761,7.040
4761,1581,7.040
4761,652,3.408
652,4761,3.408
1582,360,64.786
360,1582,64.786
360,358,130.209
358,360,130.209
1517,1439,62.688
1439,1517,62.688
1439,927,13.052
927,1439,13.052
1872,9803,5.033
9803,1872,5.033
9803,3470,24.913
3470,9803,24.913
3470,3428,9.915
3428,3470,9.915
1586,3737,10.339
3737,1586,10.339
3737,928,12.087
928,3737,12.087
151,7825,9.343
7825,151,9.343
7825,5773,67.694
5773,7825,67.694
5773,6255,50.971
6255,5773,50.971
151,5059,26.961
5059,151,26.961
5059,1548,4.286
1548,5059,4.286
9890,9184,30.286
9184,9890,30.286
9184,10181,58.090
10181,9184,58.090
10181,1549,2.145
1549,10181,2.145
1588,8445,49.666
8445,1588,49.666
8445,8479,12.770
8479,8445,12.770
8479,1589,21.839
1589,8479,21.839
1589,1877,38.406
1877,1589,38.406
1590,1591,17.662
1591,1590,17.662
1591,1592,6.764
1592,1591,6.764
1592,1593,6.654
1593,1592,6.654
1593,2362,7.658
2362,1593,7.658
2362,1594,25.935
1594,2362,25.935
42,3719,7.115
3719,42,7.115
3719,1701,4.124
1701,3719,4.124
1701,11415,5.019
11415,1701,5.019
11415,3718,3.403
3718,11415,3.403
3718,1700,5.588
1700,3718,5.588
1700,3142,12.820
3142,1700,12.820
2120,3116,5.706
3116,2120,5.706
3116,3113,14.854
3113,3116,14.854
3113,3042,14.609
3042,3113,14.609
3042,10561,1.784
10561,3042,1.784
10535,3451,23.298
3451,10535,23.298
3451,1597,10.385
1597,3451,10.385
1598,5756,8.295
5756,1598,8.295
342,1746,25.472
1746,342,25.472
1746,1749,17.011
1749,1746,17.011
1749,1772,55.082
1772,1749,55.082
1772,9502,14.594
9502,1772,14.594
9502,1752,15.346
1752,9502,15.346
1752,7302,37.798
7302,1752,37.798
7302,1753,10.890
1753,7302,10.890
1753,7303,2.523
7303,1753,2.523
7303,341,3.497
341,7303,3.497
341,1141,35.555
1141,341,35.555
1603,5398,17.396
5398,1603,17.396
5398,6371,132.170
6371,5398,132.170
6371,459,9.447
459,6371,9.447
231,7533,8.270
7533,231,8.270
7533,2161,5.888
2161,7533,5.888
2161,12336,6.574
12336,2161,6.574
12336,12335,9.707
12335,12336,9.707
12335,2163,10.468
2163,12335,10.468
2163,12334,9.912
12334,2163,9.912
12334,2162,12.088
2162,12334,12.088
1459,150,24.336
150,1459,24.336
150,12828,18.685
12828,150,18.685
12828,151,4.708
151,12828,4.708
3495,1619,6.260
1619,3495,6.260
1641,6804,62.441
6804,1641,62.441
6804,6080,5.143
6080,6804,5.143
6080,5229,111.852
5229,6080,111.852
5229,214,7.647
214,5229,7.647
1680,4942,26.826
4942,1680,26.826
4942,5201,47.327
5201,4942,47.327
5201,8279,32.977
8279,5201,32.977
8279,1075,10.547
1075,8279,10.547
489,10345,8.032
10345,489,8.032
10345,10348,101.029
10348,10345,101.029
10348,10342,46.495
10342,10348,46.495
10342,1637,25.847
1637,10342,25.847
297,3202,10.558
3202,297,10.558
3202,1657,5.956
1657,3202,5.956
1657,12879,2.984
12879,1657,2.984
12879,12878,2.266
12878,12879,2.266
12878,12877,3.515
12877,12878,3.515
1351,9309,11.718
9309,1351,11.718
9309,1660,5.584
1660,9309,5.584
1660,1638,6.427
1638,1660,6.427
1663,3740,8.611
3740,1663,8.611
1706,4180,18.244
4180,1706,18.244
4180,1669,20.121
1669,4180,20.121
654,1671,14.460
1671,654,14.460
1670,10700,4.481
10700,1670,4.481
10700,10701,3.446
10701,10700,3.446
10701,654,3.903
654,10701,3.903
72,10713,13.847
10713,72,13.847
10713,657,3.449
657,10713,3.449
657,10712,3.236
10712,657,3.236
10712,10711,2.717
10711,10712,2.717
10711,10710,4.644
10710,10711,4.644
10710,290,5.614
290,10710,5.614
290,10698,3.629
10698,290,3.629
10698,658,4.180
658,10698,4.180
658,1576,4.838
1576,658,4.838
1576,10699,5.195
10699,1576,5.195
10699,4768,4.054
4768,10699,4.054
4768,1670,10.463
1670,4768,10.463
1672,2590,17.436
2590,1672,17.436
2590,11255,8.577
11255,2590,8.577
11255,11254,7.148
11254,11255,7.148
11254,11252,6.099
11252,11254,6.099
11252,11253,5.979
11253,11252,5.979
11253,591,4.370
591,11253,4.370
591,11251,12.547
11251,591,12.547
11251,2579,7.171
2579,11251,7.171
2579,11250,8.465
11250,2579,8.465
11250,11249,49.909
11249,11250,49.909
11249,590,10.453
590,11249,10.453
1485,2211,16.827
2211,1485,16.827
2211,4890,32.472
4890,2211,32.472
4890,31,22.325
31,4890,22.325
1297,3269,2.155
3269,1297,2.155
3269,1394,6.982
1394,3269,6.982
1394,3266,18.774
3266,1394,18.774
3266,1677,23.145
1677,3266,23.145
846,1689,8.648
1689,846,8.648
1689,179,10.629
179,1689,10.629
11865,203,29.530
203,11865,29.530
203,3621,26.028
3621,203,26.028
447,5609,9.254
5609,447,9.254
5609,6678,3.834
6678,5609,3.834
6678,3892,8.061
3892,6678,8.061
3892,1273,7.617
1273,3892,7.617
1273,5691,17.126
5691,1273,17.126
5691,1272,8.603
1272,5691,8.603
763,2828,7.009
2828,763,7.009
2828,2832,11.478
2832,2828,11.478
2832,764,6.066
764,2832,6.066
764,12824,67.706
12824,764,67.706
12824,135,5.634
135,12824,5.634
1705,1706,103.571
1706,1705,103.571
1962,3868,2.847
3868,1962,2.847
3868,3867,1.925
3867,3868,1.925
3867,3866,2.301
3866,3867,2.301
3866,9504,2.685
9504,3866,2.685
9504,8782,2.981
8782,9504,2.981
8782,3865,2.770
3865,8782,2.770
3865,1709,3.547
1709,3865,3.547
463,9493,11.054
9493,463,11.054
9493,6763,4.426
6763,9493,4.426
6763,6764,32.628
6764,6763,32.628
6764,10512,22.296
10512,6764,22.296
10512,5999,9.915
5999,10512,9.915
5999,5373,6.573
5373,5999,6.573
613,6352,15.027
6352,613,15.027
6352,2456,6.429
2456,6352,6.429
2456,2455,18.531
2455,2456,18.531
2455,7218,49.534
7218,2455,49.534
905,12757,6.733
12757,905,6.733
12757,12752,81.147
12752,12757,81.147
12752,1715,7.626
1715,12752,7.626
1716,8783,0.956
8783,1716,0.956
8783,2410,5.971
2410,8783,5.971
2410,1717,35.939
1717,2410,35.939
1717,5356,11.307
5356,1717,11.307
5356,5357,14.834
5357,5356,14.834
5357,6968,16.293
6968,5357,16.293
6968,1718,7.160
1718,6968,7.160
1718,1719,55.287
1719,1718,55.287
103,4442,7.545
4442,103,7.545
4442,6853,54.292
6853,4442,54.292
6853,8387,8.915
8387,6853,8.915
1306,1904,14.667
1904,1306,14.667
1904,1307,2.676
1307,1904,2.676
1307,8642,11.105
8642,1307,11.105
8642,1723,1.401
1723,8642,1.401
1725,10450,39.203
10450,1725,39.203
10450,564,3.748
564,10450,3.748
4495,4491,58.817
4491,4495,58.817
4491,4490,10.482
4490,4491,10.482
4490,4489,10.382
4489,4490,10.382
4489,1570,10.293
1570,4489,10.293
1570,944,6.006
944,1570,6.006
347,1745,5.735
1745,347,5.735
1745,9503,4.539
9503,1745,4.539
9503,342,22.570
342,9503,22.570
347,7098,44.454
7098,347,44.454
7098,7555,8.430
7555,7098,8.430
7555,334,26.867
334,7555,26.867
30,340,31.586
340,30,31.586
340,1774,24.957
1774,340,24.957
1774,2279,24.190
2279,1774,24.190
2279,1773,33.590
1773,2279,33.590
1773,2850,59.348
2850,1773,59.348
2850,347,35.983
347,2850,35.983
1728,10090,13.870
10090,1728,13.870
10090,1729,5.395
1729,10090,5.395
1734,10499,28.426
10499,1734,28.426
10499,11295,21.740
11295,10499,21.740
11295,10264,14.715
10264,11295,14.715
10264,11298,19.054
11298,10264,19.054
11298,10265,7.312
10265,11298,7.312
10265,5194,9.105
5194,10265,9.105
5194,11296,6.559
11296,5194,6.559
11296,132,5.850
132,11296,5.850
1300,557,22.001
557,1300,22.001
557,1473,26.611
1473,557,26.611
1473,9390,38.343
9390,1473,38.343
9390,550,9.432
550,9390,9.432
550,6013,19.956
6013,550,19.956
6013,1433,5.241
1433,6013,5.241
1433,6014,5.527
6014,1433,5.527
6014,559,17.396
559,6014,17.396
559,1573,31.855
1573,559,31.855
1573,134,27.432
134,1573,27.432
134,9391,63.232
9391,134,63.232
9391,149,5.072
149,9391,5.072
556,12996,4.932
12996,556,4.932
12996,361,52.271
361,12996,52.271
361,1331,6.337
1331,361,6.337
1331,6918,62.873
6918,1331,62.873
207,8402,25.850
8402,207,25.850
3041,11089,7.878
11089,3041,7.878
11089,6700,22.584
6700,11089,22.584
6700,3040,3.867
3040,6700,3.867
3040,4730,1.691
4730,3040,1.691
193,6992,13.633
6992,193,13.633
6992,914,38.515
914,6992,38.515
914,8940,65.827
8940,914,65.827
8940,8939,33.867
8939,8940,33.867
8939,454,29.135
454,8939,29.135
644,6281,6.147
6281,644,6.147
6281,5210,16.909
5210,6281,16.909
5210,11276,36.019
11276,5210,36.019
11276,11277,35.883
11277,11276,35.883
11277,11278,7.410
11278,11277,7.410
11278,5213,11.256
5213,11278,11.256
5213,595,12.268
595,5213,12.268
940,1743,8.324
1743,940,8.324
208,7089,7.354
7089,208,7.354
7089,7093,11.589
7093,7089,11.589
7093,11105,5.865
11105,7093,5.865
11105,509,6.172
509,11105,6.172
573,1765,12.511
1765,573,12.511
1765,5581,9.832
5581,1765,9.832
5581,1766,16.284
1766,5581,16.284
1766,3121,41.310
3121,1766,41.310
3121,9016,14.490
9016,3121,14.490
9016,9356,3.163
9356,9016,3.163
9356,9357,2.666
9357,9356,2.666
9357,575,25.458
575,9357,25.458
1754,1755,7.004
1755,1754,7.004
1755,1776,6.165
1776,1755,6.165
1776,1775,8.622
1775,1776,8.622
1775,1756,7.987
1756,1775,7.987
1756,1757,13.587
1757,1756,13.587
1757,9548,24.819
9548,1757,24.819
9548,8470,14.829
8470,9548,14.829
5583,1762,6.901
1762,5583,6.901
1762,5582,12.914
5582,1762,12.914
1762,1764,6.887
1764,1762,6.887
564,2900,5.971
2900,564,5.971
2900,338,12.606
338,2900,12.606
1767,9352,4.124
9352,1767,4.124
9352,7176,2.024
7176,9352,2.024
7178,7179,5.578
7179,7178,5.578
7179,7180,5.712
7180,7179,5.712
7180,7183,21.605
7183,7180,21.605
7183,7184,4.881
7184,7183,4.881
7184,1768,3.682
1768,7184,3.682
1768,7186,7.961
7186,1768,7.961
7186,7185,4.286
7185,7186,4.286
7185,7182,26.231
7182,7185,26.231
7182,7181,6.124
7181,7182,6.124
7181,1769,9.284
1769,7181,9.284
1769,7177,6.150
7177,1769,6.150
8287,6871,15.049
6871,8287,15.049
6871,3035,14.156
3035,6871,14.156
3035,11091,9.410
11091,3035,9.410
198,3052,7.989
3052,198,7.989
3052,3058,3.499
3058,3052,3.499
3058,3177,3.703
3177,3058,3.703
3177,3183,2.797
3183,3177,2.797
3183,3184,6.203
3184,3183,6.203
3184,10972,1.395
10972,3184,1.395
10972,10974,3.728
10974,10972,3.728
10974,10973,5.015
10973,10974,5.015
10973,3188,7.848
3188,10973,7.848
3188,3187,36.789
3187,3188,36.789
3187,8425,1.994
8425,3187,1.994
8425,8341,22.586
8341,8425,22.586
978,198,10.415
198,978,10.415
29,8606,7.579
8606,29,7.579
8606,570,52.983
570,8606,52.983
1837,12053,2.364
12053,1837,2.364
12053,12043,1.862
12043,12053,1.862
12043,12047,2.393
12047,12043,2.393
12047,1708,5.756
1708,12047,5.756
1708,7534,28.991
7534,1708,28.991
950,1541,8.445
1541,950,8.445
1541,9544,8.148
9544,1541,8.148
9544,6012,19.946
6012,9544,19.946
6012,12943,33.273
12943,6012,33.273
1792,12980,4.067
12980,1792,4.067
12980,7337,1.500
7337,12980,1.500
1289,3606,5.410
3606,1289,5.410
3606,3603,6.852
3603,3606,6.852
3603,2952,6.974
2952,3603,6.974
2952,6638,47.389
6638,2952,47.389
6638,4552,16.420
4552,6638,16.420
4552,4551,31.820
4551,4552,31.820
4551,1794,32.555
1794,4551,32.555
883,4545,6.363
4545,883,6.363
4545,4544,5.910
4544,4545,5.910
4544,4546,5.033
4546,4544,5.033
4546,4547,5.018
4547,4546,5.018
4547,6636,6.725
6636,4547,6.725
6636,1794,13.520
1794,6636,13.520
1794,4549,1.500
4549,1794,1.500
4549,5157,4.555
5157,4549,4.555
5157,4541,19.901
4541,5157,19.901
4541,1795,6.419
1795,4541,6.419
81,1795,24.277
1795,81,24.277
883,4543,6.617
4543,883,6.617
4543,4542,7.753
4542,4543,7.753
4542,3951,18.147
3951,4542,18.147
3951,1795,21.885
1795,3951,21.885
1143,553,37.751
553,1143,37.751
553,6827,23.477
6827,553,23.477
6827,3007,18.595
3007,6827,18.595
3007,1793,41.418
1793,3007,41.418
1793,1312,56.056
1312,1793,56.056
2817,5057,6.316
5057,2817,6.316
5057,12223,2.425
12223,5057,2.425
1110,1320,10.442
1320,1110,10.442
1578,11315,54.422
11315,1578,54.422
11315,2710,5.873
2710,11315,5.873
2710,693,2.965
693,2710,2.965
693,1805,7.920
1805,693,7.920
1805,129,7.090
129,1805,7.090
129,1804,4.558
1804,129,4.558
1804,1817,5.293
1817,1804,5.293
697,1304,11.040
1304,697,11.040
2170,7443,22.318
7443,2170,22.318
7443,11703,5.350
11703,7443,5.350
11703,6260,0.850
6260,11703,0.850
9609,2708,8.236
2708,9609,8.236
2708,10023,18.200
10023,2708,18.200
10023,46,23.363
46,10023,23.363
46,10025,23.069
10025,46,23.069
10025,140,20.205
140,10025,20.205
140,10024,22.107
10024,140,22.107
10024,10026,11.879
10026,10024,11.879
10026,142,10.894
142,10026,10.894
142,141,14.980
141,142,14.980
141,10028,12.235
10028,141,12.235
10028,11302,8.367
11302,10028,8.367
11302,9946,4.731
9946,11302,4.731
9946,45,15.452
45,9946,15.452
925,592,4.201
592,925,4.201
863,1958,95.967
1958,863,95.967
1958,1875,37.679
1875,1958,37.679
70,3638,1.137
3638,70,1.137
3638,3639,3.074
3639,3638,3.074
3639,6190,10.469
6190,3639,10.469
6190,2344,38.246
2344,6190,38.246
2344,7823,1.327
7823,2344,1.327
11906,2350,26.105
2350,11906,26.105
2350,2130,45.690
2130,2350,45.690
2130,70,17.233
70,2130,17.233
1210,1442,8.039
1442,1210,8.039
1443,1884,9.373
1884,1443,9.373
1443,12040,3.263
12040,1443,3.263
12040,1812,8.828
1812,12040,8.828
58,2339,62.025
2339,58,62.025
2339,7124,32.059
7124,2339,32.059
7124,5135,5.175
5135,7124,5.175
5135,4465,2.757
4465,5135,2.757
4465,1721,1.528
1721,4465,1.528
11903,681,91.821
681,11903,91.821
681,9866,32.101
9866,681,32.101
9866,855,9.871
855,9866,9.871
1721,4466,1.517
4466,1721,1.517
4466,7125,8.315
7125,4466,8.315
7125,127,75.321
127,7125,75.321
652,1577,11.312
1577,652,11.312
1577,1810,8.334
1810,1577,8.334
1810,4759,8.595
4759,1810,8.595
4759,650,13.705
650,4759,13.705
650,11325,64.928
11325,650,64.928
11325,1578,68.213
1578,11325,68.213
536,4809,10.749
4809,536,10.749
4809,5860,12.859
5860,4809,12.859
5860,10262,33.117
10262,5860,33.117
537,7402,7.273
7402,537,7.273
7402,5879,21.920
5879,7402,21.920
5879,6010,2.121
6010,5879,2.121
6010,12834,9.471
12834,6010,9.471
509,9424,8.576
9424,509,8.576
9424,11103,2.303
11103,9424,2.303
11103,7095,6.979
7095,11103,6.979
7095,11104,18.781
11104,7095,18.781
11104,7097,7.517
7097,11104,7.517
7097,3580,9.162
3580,7097,9.162
3580,9420,9.183
9420,3580,9.183
9420,209,5.463
209,9420,5.463
1106,5683,86.335
5683,1106,86.335
5683,1259,64.417
1259,5683,64.417
751,7399,1.027
7399,751,1.027
7399,7398,2.240
7398,7399,2.240
7398,1830,2.232
1830,7398,2.232
1830,7397,2.236
7397,1830,2.236
7397,7396,2.237
7396,7397,2.237
7396,752,2.236
752,7396,2.236
752,7395,2.234
7395,752,2.234
7395,7393,2.236
7393,7395,2.236
7393,1829,2.237
1829,7393,2.237
1829,7391,2.235
7391,1829,2.235
7391,7390,2.237
7390,7391,2.237
7390,7388,2.240
7388,7390,2.240
7388,4786,2.238
4786,7388,2.238
4786,7386,2.234
7386,4786,2.234
7386,1276,2.235
1276,7386,2.235
149,348,8.294
348,149,8.294
348,6652,13.244
6652,348,13.244
6652,349,16.738
349,6652,16.738
399,7050,9.659
7050,399,9.659
7050,7051,10.188
7051,7050,10.188
7051,4423,23.712
4423,7051,23.712
38,12156,12.052
12156,38,12.052
1485,3047,7.534
3047,1485,7.534
3047,9971,6.025
9971,3047,6.025
9971,1669,71.399
1669,9971,71.399
1840,1887,13.611
1887,1840,13.611
1887,104,13.856
104,1887,13.856
861,9527,64.696
9527,861,64.696
9527,10667,4.670
10667,9527,4.670
10667,8322,13.989
8322,10667,13.989
861,862,18.471
862,861,18.471
1204,4321,28.731
4321,1204,28.731
4321,2010,16.584
2010,4321,16.584
88,1406,156.966
1406,88,156.966
5634,8585,4.657
8585,5634,4.657
8585,8548,11.168
8548,8585,11.168
8548,8550,11.161
8550,8548,11.161
2324,8506,6.934
8506,2324,6.934
8506,5631,21.970
5631,8506,21.970
5631,5629,8.276
5629,5631,8.276
2807,2416,8.108
2416,2807,8.108
2416,7311,8.144
7311,2416,8.144
7311,2310,5.708
2310,7311,5.708
2310,6933,19.192
6933,2310,19.192
6933,3407,44.567
3407,6933,44.567
3407,4,108.063
4,3407,108.063
7377,9013,13.947
9013,7377,13.947
9013,7006,5.980
7006,9013,5.980
7006,210,31.514
210,7006,31.514
383,3604,4.815
3604,383,4.815
3604,3218,5.278
3218,3604,5.278
3218,4539,5.637
4539,3218,5.637
4539,7002,31.284
7002,4539,31.284
7002,7294,4.869
7294,7002,4.869
1871,4506,1.627
4506,1871,1.627
4506,9812,3.507
9812,4506,3.507
9812,3330,6.796
3330,9812,6.796
9119,1133,36.142
1133,9119,36.142
1133,799,9.371
799,1133,9.371
799,3025,20.496
3025,799,20.496
3025,12912,30.623
12912,3025,30.623
12912,801,20.360
801,12912,20.360
801,5238,26.988
5238,801,26.988
5238,12908,47.155
12908,5238,47.155
12908,802,14.479
802,12908,14.479
802,803,26.071
803,802,26.071
803,813,40.129
813,803,40.129
813,1336,27.432
1336,813,27.432
1336,804,7.865
804,1336,7.865
804,805,67.581
805,804,67.581
805,806,73.190
806,805,73.190
806,10725,36.534
10725,806,36.534
576,11746,12.640
11746,576,12.640
11746,12080,7.387
12080,11746,7.387
12080,1691,7.458
1691,12080,7.458
1691,5254,16.318
5254,1691,16.318
5254,11744,7.229
11744,5254,7.229
11744,2786,9.333
2786,11744,9.333
2786,11745,8.445
11745,2786,8.445
11745,11237,11.421
11237,11745,11.421
11237,5253,14.773
5253,11237,14.773
5253,9562,12.229
9562,5253,12.229
9562,5252,0.911
5252,9562,0.911
5252,2955,12.004
2955,5252,12.004
2955,686,18.949
686,2955,18.949
1679,6274,14.965
6274,1679,14.965
6274,689,11.474
689,6274,11.474
689,684,8.065
684,689,8.065
733,2891,16.393
2891,733,16.393
1682,8956,43.395
8956,1682,43.395
1867,3697,13.373
3697,1867,13.373
3697,1868,41.919
1868,3697,41.919
1876,11694,3.702
11694,1876,3.702
11694,9764,1.645
9764,11694,1.645
9764,6640,1.088
6640,9764,1.088
1074,6864,6.130
6864,1074,6.130
6864,4429,20.195
4429,6864,20.195
4429,10514,28.879
10514,4429,28.879
10056,5242,43.572
5242,10056,43.572
5242,5244,102.624
5244,5242,102.624
5244,10058,7.846
10058,5244,7.846
2098,6859,7.669
6859,2098,7.669
6859,98,77.037
98,6859,77.037
1319,11969,2.612
11969,1319,2.612
11969,11970,2.929
11970,11969,2.929
11970,649,2.873
649,11970,2.873
811,3731,12.777
3731,811,12.777
3731,810,14.690
810,3731,14.690
1877,8645,45.432
8645,1877,45.432
8645,2353,69.215
2353,8645,69.215
2353,1667,3.325
1667,2353,3.325
997,998,62.381
998,997,62.381
998,999,91.553
999,998,91.553
999,1000,54.806
1000,999,54.806
1035,7631,47.188
7631,1035,47.188
7631,1034,55.337
1034,7631,55.337
1016,7039,50.780
7039,1016,50.780
7039,1015,56.410
1015,7039,56.410
1015,1041,18.039
1041,1015,18.039
1098,536,10.372
536,1098,10.372
4445,10032,1.451
10032,4445,1.451
10032,7200,6.896
7200,10032,6.896
7200,7059,3.060
7059,7200,3.060
7059,997,19.233
997,7059,19.233
5501,5502,7.439
5502,5501,7.439
5502,5468,3.247
5468,5502,3.247
5468,156,14.025
156,5468,14.025
628,5144,32.336
5144,628,32.336
5144,2970,6.489
2970,5144,6.489
2970,20,4.335
20,2970,4.335
1884,12050,2.671
12050,1884,2.671
12050,1516,4.022
1516,12050,4.022
1516,1885,3.393
1885,1516,3.393
8889,1889,15.751
1889,8889,15.751
1889,1888,9.730
1888,1889,9.730
1888,1890,12.339
1890,1888,12.339
1890,1891,20.611
1891,1890,20.611
1891,1892,11.259
1892,1891,11.259
1892,9447,18.350
9447,1892,18.350
4008,651,42.842
651,4008,42.842
651,1811,24.523
1811,651,24.523
1811,4007,24.095
4007,1811,24.095
4007,4006,42.448
4006,4007,42.448
4006,4005,50.138
4005,4006,50.138
1900,11886,4.885
11886,1900,4.885
11886,1901,74.461
1901,11886,74.461
1901,1903,22.765
1903,1901,22.765
1903,1906,2.723
1906,1903,2.723
1906,1902,12.337
1902,1906,12.337
2142,8358,21.393
8358,2142,21.393
1902,1306,79.338
1306,1902,79.338
8357,2141,21.326
2141,8357,21.326
1903,1904,79.346
1904,1903,79.346
1908,1909,36.516
1909,1908,36.516
1909,2182,5.067
2182,1909,5.067
2182,7264,9.807
7264,2182,9.807
7264,5559,1.938
5559,7264,1.938
5559,2231,20.923
2231,5559,20.923
2231,274,10.788
274,2231,10.788
1912,1913,6.317
1913,1912,6.317
818,4679,63.348
4679,818,63.348
4679,12940,18.820
12940,4679,18.820
1898,12496,57.840
12496,1898,57.840
1919,7017,96.606
7017,1919,96.606
7017,4451,6.043
4451,7017,6.043
4451,1920,1.500
1920,4451,1.500
2039,1288,3.519
1288,2039,3.519
1288,12519,17.216
12519,1288,17.216
1030,1360,2.069
1360,1030,2.069
1360,5759,11.006
5759,1360,11.006
5759,1031,8.942
1031,5759,8.942
1031,12631,2.000
12631,1031,2.000
1923,8765,22.626
8765,1923,22.626
8765,8763,6.947
8763,8765,6.947
8763,1930,21.253
1930,8763,21.253
1930,1924,75.353
1924,1930,75.353
1924,10549,6.416
10549,1924,6.416
10549,5911,2.624
5911,10549,2.624
5911,1925,7.853
1925,5911,7.853
1925,5912,7.988
5912,1925,7.988
5912,2363,7.944
2363,5912,7.944
2363,5913,5.939
5913,2363,5.939
5913,1926,5.971
1926,5913,5.971
1926,2364,8.502
2364,1926,8.502
2364,5914,8.593
5914,2364,8.593
5914,1927,7.247
1927,5914,7.247
1927,5915,8.818
5915,1927,8.818
5915,8764,7.425
8764,5915,7.425
8764,1928,7.460
1928,8764,7.460
1928,1929,5.855
1929,1928,5.855
1929,10550,2.772
10550,1929,2.772
10550,1930,6.109
1930,10550,6.109
1931,5995,8.124
5995,1931,8.124
5995,1932,18.520
1932,5995,18.520
1932,1933,2.538
1933,1932,2.538
2529,2531,16.255
2531,2529,16.255
2531,2527,32.367
2527,2531,32.367
2527,2530,39.896
2530,2527,39.896
2530,7446,6.888
7446,2530,6.888
7446,2526,27.520
2526,7446,27.520
10327,2658,33.748
2658,10327,33.748
2658,8658,119.198
8658,2658,119.198
8658,5206,0.936
5206,8658,0.936
5206,619,60.316
619,5206,60.316
615,1969,7.370
1969,615,7.370
1969,1207,2.640
1207,1969,2.640
1207,32,7.376
32,1207,7.376
70,10720,4.527
10720,70,4.527
10720,10719,0.935
10719,10720,0.935
10719,10718,2.565
10718,10719,2.565
10718,10717,2.292
10717,10718,2.292
10717,1937,5.250
1937,10717,5.250
1939,4602,0.909
4602,1939,0.909
4602,1896,5.300
1896,4602,5.300
1896,3733,41.630
3733,1896,41.630
3733,1960,47.249
1960,3733,47.249
1960,1961,45.414
1961,1960,45.414
1961,1959,35.031
1959,1961,35.031
1959,863,28.956
863,1959,28.956
1942,4586,1.907
4586,1942,1.907
4586,5801,1.759
5801,4586,1.759
5801,2035,1.083
2035,5801,1.083
1945,4579,2.183
4579,1945,2.183
4579,5119,4.025
5119,4579,4.025
5119,4581,4.132
4581,5119,4.132
4581,10180,17.414
10180,4581,17.414
10180,1944,9.698
1944,10180,9.698
1943,4577,1.480
4577,1943,1.480
1941,12118,1.327
12118,1941,1.327
12118,12120,7.033
12120,12118,7.033
12120,12968,60.105
12968,12120,60.105
12968,4597,17.567
4597,12968,17.567
4597,4598,5.038
4598,4597,5.038
4598,4599,5.183
4599,4598,5.183
4599,11644,2.367
11644,4599,2.367
11644,11642,5.215
11642,11644,5.215
11642,3640,10.343
3640,11642,10.343
1946,3095,6.993
3095,1946,6.993
3095,6322,7.771
6322,3095,7.771
6322,8879,0.482
8879,6322,0.482
8879,8096,10.995
8096,8879,10.995
8096,2859,1.846
2859,8096,1.846
2859,8084,1.251
8084,2859,1.251
8084,3094,0.523
3094,8084,0.523
3094,5078,6.108
5078,3094,6.108
151,5166,66.830
5166,151,66.830
5166,6421,10.352
6421,5166,10.352
7472,7471,6.294
7471,7472,6.294
7471,7468,7.904
7468,7471,7.904
7468,5052,6.478
5052,7468,6.478
6448,1952,6.336
1952,6448,6.336
1952,10182,58.273
10182,1952,58.273
10182,1545,4.028
1545,10182,4.028
1545,1549,30.330
1549,1545,30.330
838,2925,18.938
2925,838,18.938
2925,839,18.283
839,2925,18.283
839,2926,24.351
2926,839,24.351
2926,2928,18.536
2928,2926,18.536
2928,13052,9.138
13052,2928,9.138
13052,840,7.389
840,13052,7.389
830,11624,6.319
11624,830,6.319
11624,11626,2.440
11626,11624,2.440
11626,9647,2.881
9647,11626,2.881
9647,11622,1.938
11622,9647,1.938
11622,11625,2.509
11625,11622,2.509
11625,8553,2.130
8553,11625,2.130
8553,10171,20.749
10171,8553,20.749
10171,2912,8.956
2912,10171,8.956
2912,2906,5.664
2906,2912,5.664
842,11466,14.683
11466,842,14.683
11466,4811,58.537
4811,11466,58.537
4811,165,19.892
165,4811,19.892
7208,7207,6.884
7207,7208,6.884
7207,6002,9.334
6002,7207,9.334
6002,4810,4.109
4810,6002,4.109
4810,1098,3.674
1098,4810,3.674
7347,6561,25.718
6561,7347,25.718
6561,6562,17.336
6562,6561,17.336
6562,4170,8.624
4170,6562,8.624
4170,6693,4.187
6693,4170,4.187
6693,5855,5.888
5855,6693,5.888
5855,171,9.483
171,5855,9.483
171,6692,12.750
6692,171,12.750
6692,6691,4.310
6691,6692,4.310
6691,12155,18.716
12155,6691,18.716
9982,6520,7.193
6520,9982,7.193
6520,6512,71.036
6512,6520,71.036
6512,8677,81.264
8677,6512,81.264
8677,11913,6.206
11913,8677,6.206
8554,5301,23.689
5301,8554,23.689
5301,12845,42.723
12845,5301,42.723
197,9293,13.728
9293,197,13.728
9293,5634,8.742
5634,9293,8.742
245,2428,9.099
2428,245,9.099
2428,6689,7.004
6689,2428,7.004
6689,4854,41.919
4854,6689,41.919
1009,278,27.469
278,1009,27.469
11659,6729,3.769
6729,11659,3.769
6729,12152,29.754
12152,6729,29.754
245,6686,9.720
6686,245,9.720
6686,6685,4.195
6685,6686,4.195
6685,4853,17.010
4853,6685,17.010
190,6769,12.534
6769,190,12.534
6769,7330,24.035
7330,6769,24.035
7330,8268,13.180
8268,7330,13.180
8268,8269,10.055
8269,8268,10.055
8269,6772,46.247
6772,8269,46.247
6772,3,17.573
3,6772,17.573
463,9491,12.513
9491,463,12.513
9491,6761,5.059
6761,9491,5.059
6761,11885,15.098
11885,6761,15.098
11885,5378,16.219
5378,11885,16.219
5378,12718,31.718
12718,5378,31.718
12718,5368,10.090
5368,12718,10.090
5368,5367,24.769
5367,5368,24.769
5367,4674,2.357
4674,5367,2.357
4674,8925,41.485
8925,4674,41.485
8925,6758,34.324
6758,8925,34.324
6758,9488,3.576
9488,6758,3.576
9488,8,12.696
8,9488,12.696
8,9487,9.023
9487,8,9.023
9487,6757,5.049
6757,9487,5.049
6757,7598,50.057
7598,6757,50.057
7598,7596,8.349
7596,7598,8.349
7596,7597,20.170
7597,7596,20.170
7597,7,68.252
7,7597,68.252
12071,1553,57.177
1553,12071,57.177
1553,7308,12.240
7308,1553,12.240
7308,7309,3.496
7309,7308,3.496
7309,7314,31.134
7314,7309,31.134
7314,8426,15.402
8426,7314,15.402
11919,9871,62.730
9871,11919,62.730
9871,9081,28.786
9081,9871,28.786
9081,10170,38.100
10170,9081,38.100
10170,8968,8.052
8968,10170,8.052
8968,504,11.080
504,8968,11.080
3,6778,12.747
6778,3,12.747
614,2682,11.108
2682,614,11.108
2682,2672,18.020
2672,2682,18.020
2672,7239,14.926
7239,2672,14.926
7239,7232,16.780
7232,7239,16.780
7232,2660,3.680
2660,7232,3.680
2660,615,9.448
615,2660,9.448
619,2656,38.271
2656,619,38.271
2656,8850,13.465
8850,2656,13.465
8850,2425,6.016
2425,8850,6.016
2425,616,14.307
616,2425,14.307
1552,4558,21.186
4558,1552,21.186
4558,4560,6.305
4560,4558,6.305
4560,4561,3.053
4561,4560,3.053
4561,952,1.512
952,4561,1.512
952,2129,13.027
2129,952,13.027
2129,4553,4.921
4553,2129,4.921
4553,11824,1.015
11824,4553,1.015
11824,4550,31.637
4550,11824,31.637
4550,4548,5.989
4548,4550,5.989
4548,883,5.238
883,4548,5.238
1062,1403,8.902
1403,1062,8.902
1403,12640,9.338
12640,1403,9.338
234,6970,11.188
6970,234,11.188
6970,9571,4.079
9571,6970,4.079
9571,5358,41.515
5358,9571,41.515
5358,12113,50.498
12113,5358,50.498
12113,12190,29.747
12190,12113,29.747
12190,3674,33.180
3674,12190,33.180
3674,6852,42.329
6852,3674,42.329
6852,9477,49.312
9477,6852,49.312
9477,6366,11.551
6366,9477,11.551
1942,1953,9.889
1953,1942,9.889
51,1292,3.834
1292,51,3.834
1954,4482,21.268
4482,1954,21.268
4482,4483,10.504
4483,4482,10.504
4483,4484,4.863
4484,4483,4.863
4484,52,6.269
52,4484,6.269
941,1571,7.764
1571,941,7.764
1421,9300,61.249
9300,1421,61.249
9300,4492,16.510
4492,9300,16.510
616,2402,10.030
2402,616,10.030
2402,8847,4.946
8847,2402,4.946
8847,8849,4.594
8849,8847,4.594
8849,7940,45.829
7940,8849,45.829
7940,6466,21.780
6466,7940,21.780
547,549,61.802
549,547,61.802
549,240,95.504
240,549,95.504
240,1186,8.441
1186,240,8.441
1186,1126,6.477
1126,1186,6.477
1126,241,24.904
241,1126,24.904
1447,143,42.994
143,1447,42.994
143,309,34.400
309,143,34.400
309,6049,22.859
6049,309,22.859
6049,242,10.354
242,6049,10.354
242,291,88.531
291,242,88.531
291,8884,67.374
8884,291,67.374
8884,1317,10.542
1317,8884,10.542
1317,47,11.858
47,1317,11.858
1425,7493,3.343
7493,1425,3.343
1304,6553,53.350
6553,1304,53.350
1548,1951,38.174
1951,1548,38.174
1547,5058,11.157
5058,1547,11.157
5058,4191,3.023
4191,5058,3.023
3640,11641,13.730
11641,3640,13.730
11641,1940,4.089
1940,11641,4.089
1940,1939,58.608
1939,1940,58.608
1566,950,11.493
950,1566,11.493
57,11823,17.633
11823,57,17.633
11823,6009,60.696
6009,11823,60.696
954,6819,7.378
6819,954,7.378
6819,953,9.189
953,6819,9.189
953,6820,7.440
6820,953,7.440
6820,1255,5.415
1255,6820,5.415
144,1456,6.300
1456,144,6.300
1456,9542,6.956
9542,1456,6.956
9542,2640,52.782
2640,9542,52.782
1955,2899,19.189
2899,1955,19.189
243,844,53.328
844,243,53.328
844,5313,10.209
5313,844,10.209
5313,9651,16.706
9651,5313,16.706
9651,3614,3.925
3614,9651,3.925
3614,9652,4.615
9652,3614,4.615
9652,5116,2.448
5116,9652,2.448
5116,837,17.842
837,5116,17.842
837,3562,87.786
3562,837,87.786
3562,3564,17.388
3564,3562,17.388
3564,3565,43.489
3565,3564,43.489
3565,3592,18.115
3592,3565,18.115
244,1864,51.527
1864,244,51.527
1864,6720,74.242
6720,1864,74.242
6720,1715,54.262
1715,6720,54.262
916,2474,20.619
2474,916,20.619
2474,473,9.823
473,2474,9.823
99,2698,9.412
2698,99,9.412
2698,7962,30.974
7962,2698,30.974
7962,5978,17.135
5978,7962,17.135
5978,2609,16.960
2609,5978,16.960
12856,3499,5.479
3499,12856,5.479
3499,12857,6.786
12857,3499,6.786
12857,12142,130.561
12142,12857,130.561
12856,12854,7.084
12854,12856,7.084
12854,12859,6.180
12859,12854,6.180
12859,256,73.417
256,12859,73.417
256,3732,91.840
3732,256,91.840
1941,4596,1.492
4596,1941,1.492
4596,5097,6.102
5097,4596,6.102
5097,1504,28.207
1504,5097,28.207
1078,1083,17.845
1083,1078,17.845
1808,655,5.423
655,1808,5.423
655,10702,5.019
10702,655,5.019
10702,10703,5.256
10703,10702,5.256
10703,586,3.810
586,10703,3.810
586,10705,3.055
10705,586,3.055
10705,10704,4.069
10704,10705,4.069
10704,656,4.268
656,10704,4.268
656,587,21.144
587,656,21.144
773,2340,31.168
2340,773,31.168
2340,5548,28.188
5548,2340,28.188
5548,2389,13.878
2389,5548,13.878
2389,629,4.241
629,2389,4.241
1414,9178,34.188
9178,1414,34.188
9178,8705,56.065
8705,9178,56.065
8705,8706,34.900
8706,8705,34.900
8706,5572,61.082
5572,8706,61.082
5572,2699,4.829
2699,5572,4.829
2699,89,11.374
89,2699,11.374
1815,11691,3.887
11691,1815,3.887
11691,9778,2.837
9778,11691,2.837
9778,4221,15.858
4221,9778,15.858
4221,9774,103.007
9774,4221,103.007
9774,1681,7.269
1681,9774,7.269
1816,9732,8.063
9732,1816,8.063
9732,10286,61.552
10286,9732,61.552
10286,716,43.695
716,10286,43.695
716,9043,33.761
9043,716,33.761
9043,4443,46.755
4443,9043,46.755
8888,2874,12.310
2874,8888,12.310
2874,12898,23.651
12898,2874,23.651
12898,12900,51.014
12900,12898,51.014
12900,3729,25.850
3729,12900,25.850
1709,12227,3.556
12227,1709,3.556
12227,5136,3.375
5136,12227,3.375
5136,12226,1.545
12226,5136,1.545
12226,2330,2.007
2330,12226,2.007
2330,12236,2.706
12236,2330,2.706
12236,1710,2.671
1710,12236,2.671
1710,12235,4.751
12235,1710,4.751
12235,12234,9.106
12234,12235,9.106
12234,12228,3.092
12228,12234,3.092
12228,12233,2.547
12233,12228,2.547
12233,12232,2.879
12232,12233,2.879
12232,12231,5.878
12231,12232,5.878
12231,12230,3.536
12230,12231,3.536
12230,12237,2.989
12237,12230,2.989
12237,12241,2.919
12241,12237,2.919
12241,12240,2.780
12240,12241,2.780
12240,12229,2.220
12229,12240,2.220
12229,12239,1.769
12239,12229,1.769
12239,12238,25.223
12238,12239,25.223
12238,1798,4.439
1798,12238,4.439
1798,6044,4.529
6044,1798,4.529
6044,12225,3.455
12225,6044,3.455
12225,12224,3.717
12224,12225,3.717
12224,1711,2.888
1711,12224,2.888
1711,2331,17.742
2331,1711,17.742
2331,5036,6.997
5036,2331,6.997
5036,1712,4.267
1712,5036,4.267
2325,1712,24.681
1712,2325,24.681
1712,1694,2.819
1694,1712,2.819
1694,1797,53.149
1797,1694,53.149
710,7248,5.675
7248,710,5.675
7248,10147,11.625
10147,7248,11.625
10147,10152,2.315
10152,10147,2.315
10152,4884,5.456
4884,10152,5.456
4884,4881,3.591
4881,4884,3.591
4881,606,2.991
606,4881,2.991
1816,9736,8.039
9736,1816,8.039
9736,2348,52.687
2348,9736,52.687
2348,2084,23.517
2084,2348,23.517
640,2582,11.212
2582,640,11.212
2582,5550,6.233
5550,2582,6.233
5550,11830,7.789
11830,5550,7.789
11830,11831,6.374
11831,11830,6.374
983,13083,1.946
13083,983,1.946
13083,9027,1.887
9027,13083,1.887
9027,13082,1.662
13082,9027,1.662
13082,2203,1.715
2203,13082,1.715
2203,13081,2.108
13081,2203,2.108
13081,13065,1.984
13065,13081,1.984
13065,9026,3.988
9026,13065,3.988
9026,13078,1.002
13078,9026,1.002
13078,902,0.922
902,13078,0.922
1939,4603,6.694
4603,1939,6.694
4603,4604,6.996
4604,4603,6.996
4604,4605,7.558
4605,4604,7.558
4605,4606,7.225
4606,4605,7.225
4606,4607,12.483
4607,4606,12.483
4607,2573,13.813
2573,4607,13.813
2573,4608,16.885
4608,2573,16.885
4608,1938,17.006
1938,4608,17.006
1938,4609,12.183
4609,1938,12.183
4609,1937,26.503
1937,4609,26.503
473,10482,9.643
10482,473,9.643
10482,6609,17.677
6609,10482,17.677
6609,915,21.806
915,6609,21.806
915,474,84.334
474,915,84.334
1964,6651,11.542
6651,1964,11.542
1454,2112,6.336
2112,1454,6.336
2112,2090,3.836
2090,2112,3.836
2090,11426,7.820
11426,2090,7.820
205,736,88.586
736,205,88.586
633,5547,6.891
5547,633,6.891
4296,4298,4.382
4298,4296,4.382
4298,10997,4.095
10997,4298,4.095
10997,3760,4.140
3760,10997,4.140
3760,10995,3.608
10995,3760,3.608
10995,3761,3.580
3761,10995,3.580
3761,10994,3.738
10994,3761,3.738
10994,3762,3.889
3762,10994,3.889
3762,10993,7.010
10993,3762,7.010
10993,470,4.040
470,10993,4.040
385,7153,18.714
7153,385,18.714
7153,4294,3.407
4294,7153,3.407
4294,382,10.424
382,4294,10.424
40,7076,25.529
7076,40,25.529
7001,1303,44.143
1303,7001,44.143
1303,4531,12.267
4531,1303,12.267
4531,4530,13.450
4530,4531,13.450
4530,10525,17.904
10525,4530,17.904
10525,4210,7.945
4210,10525,7.945
4210,7196,69.640
7196,4210,69.640
7196,12936,8.985
12936,7196,8.985
2010,1973,26.329
1973,2010,26.329
1847,815,12.398
815,1847,12.398
795,6019,7.674
6019,795,7.674
6019,1197,7.598
1197,6019,7.598
1197,6015,7.586
6015,1197,7.586
6015,8593,7.589
8593,6015,7.589
8593,794,7.651
794,8593,7.651
794,6016,7.648
6016,794,7.648
6016,6022,7.651
6022,6016,7.651
6022,1196,7.653
1196,6022,7.653
1196,6020,7.651
6020,1196,7.651
6020,1860,7.650
1860,6020,7.650
1860,815,11.371
815,1860,11.371
2017,8682,2.454
8682,2017,2.454
8682,6528,4.370
6528,8682,4.370
6528,6536,2.278
6536,6528,2.278
6536,2018,3.690
2018,6536,3.690
2018,6529,1.608
6529,2018,1.608
2569,2561,2.220
2561,2569,2.220
2561,2563,2.514
2563,2561,2.514
2563,2019,2.672
2019,2563,2.672
2031,4572,1.496
4572,2031,1.496
4572,5164,3.456
5164,4572,3.456
5164,12819,4.211
12819,5164,4.211
12819,2830,2.406
2830,12819,2.406
2830,2833,33.825
2833,2830,33.825
2833,1460,4.884
1460,2833,4.884
3734,2080,35.300
2080,3734,35.300
2080,967,4.055
967,2080,4.055
967,11336,1.950
11336,967,1.950
11336,8843,2.367
8843,11336,2.367
2029,3636,5.093
3636,2029,5.093
3636,4568,6.370
4568,3636,6.370
4568,2030,5.298
2030,4568,5.298
2030,2028,47.023
2028,2030,47.023
2032,4574,1.495
4574,2032,1.495
4574,2498,19.496
2498,4574,19.496
2498,12822,52.975
12822,2498,52.975
12822,887,4.203
887,12822,4.203
1945,4580,5.963
4580,1945,5.963
4580,4582,5.220
4582,4580,5.220
4582,4583,5.646
4583,4582,5.646
4583,4584,5.238
4584,4583,5.238
4584,4585,6.634
4585,4584,6.634
4585,1942,13.144
1942,4585,13.144
2034,4576,1.497
4576,2034,1.497
4576,5064,2.895
5064,4576,2.895
5064,1459,94.030
1459,5064,94.030
1950,6416,1.528
6416,1950,1.528
6416,12829,5.530
12829,6416,5.530
12829,2034,29.643
2034,12829,29.643
2034,2033,129.032
2033,2034,129.032
2033,4575,6.833
4575,2033,6.833
4575,2032,7.003
2032,4575,7.003
2121,7480,5.319
7480,2121,5.319
4587,4588,3.500
4588,4587,3.500
4588,4589,3.813
4589,4588,3.813
4589,4590,3.606
4590,4589,3.606
4590,2441,3.284
2441,4590,3.284
863,859,71.225
859,863,71.225
4577,5118,2.712
5118,4577,2.712
5118,5482,11.347
5482,5118,11.347
5482,889,11.429
889,5482,11.429
889,5483,12.823
5483,889,12.823
5483,2862,13.435
2862,5483,13.435
2862,890,21.097
890,2862,21.097
890,5486,17.952
5486,890,17.952
5486,5487,18.441
5487,5486,18.441
5487,5488,30.494
5488,5487,30.494
5488,11676,3.124
11676,5488,3.124
2035,2442,26.032
2442,2035,26.032
2039,12517,74.083
12517,2039,74.083
2039,756,11.585
756,2039,11.585
771,12695,20.436
12695,771,20.436
12695,12696,28.553
12696,12695,28.553
12696,2050,48.213
2050,12696,48.213
1500,8877,21.007
8877,1500,21.007
8877,5076,4.361
5076,8877,4.361
845,6737,1.527
6737,845,1.527
6737,3570,36.130
3570,6737,36.130
2050,12697,15.391
12697,2050,15.391
12697,3010,7.919
3010,12697,7.919
815,9380,44.580
9380,815,44.580
2060,7850,18.047
7850,2060,18.047
7850,7852,20.274
7852,7850,20.274
7852,2057,5.983
2057,7852,5.983
2057,7908,9.061
7908,2057,9.061
7908,7891,14.746
7891,7908,14.746
7891,7907,19.746
7907,7891,19.746
7907,2056,34.577
2056,7907,34.577
2057,7909,9.245
7909,2057,9.245
7909,11289,11.404
11289,7909,11.404
11289,7892,6.931
7892,11289,6.931
7892,2753,11.248
2753,7892,11.248
2753,2058,11.355
2058,2753,11.355
2058,2053,9.997
2053,2058,9.997
2053,7853,18.605
7853,2053,18.605
7853,2054,21.249
2054,7853,21.249
2054,7849,12.631
7849,2054,12.631
2061,7883,45.735
7883,2061,45.735
7883,7884,9.569
7884,7883,9.569
1604,2065,7.336
2065,1604,7.336
2065,7855,1.707
7855,2065,1.707
2067,7854,8.969
7854,2067,8.969
7854,9000,9.241
9000,7854,9.241
9000,2066,26.762
2066,9000,26.762
2066,3660,7.675
3660,2066,7.675
3660,3262,7.613
3262,3660,7.613
3262,2781,5.034
2781,3262,5.034
2781,2780,23.666
2780,2781,23.666
2780,3659,4.161
3659,2780,4.161
3659,2069,3.093
2069,3659,3.093
2069,7869,11.828
7869,2069,11.828
7869,7880,49.826
7880,7869,49.826
7880,2068,12.216
2068,7880,12.216
933,768,60.933
768,933,60.933
3640,4600,1.680
4600,3640,1.680
4600,12060,2.496
12060,4600,2.496
12060,1897,5.290
1897,12060,5.290
1897,11643,4.860
11643,1897,4.860
11643,933,57.971
933,11643,57.971
769,12961,24.919
12961,769,24.919
772,8409,49.112
8409,772,49.112
768,9192,30.163
9192,768,30.163
9192,12065,12.152
12065,9192,12.152
12065,769,6.796
769,12065,6.796
11920,9630,12.677
9630,11920,12.677
9630,9627,27.551
9627,9630,27.551
9627,2,46.211
2,9627,46.211
2373,3131,5.693
3131,2373,5.693
3131,2794,10.636
2794,3131,10.636
2794,2791,11.616
2791,2794,11.616
3142,4893,4.978
4893,3142,4.978
4893,3055,5.184
3055,4893,5.184
3055,11413,22.291
11413,3055,22.291
11413,11419,8.039
11419,11413,8.039
11419,2290,20.941
2290,11419,20.941
2290,13,5.279
13,2290,5.279
13,11401,5.537
11401,13,5.537
11401,3861,10.005
3861,11401,10.005
3861,10191,5.116
10191,3861,5.116
10191,5909,19.543
5909,10191,19.543
5909,12306,45.772
12306,5909,45.772
12306,12314,6.019
12314,12306,6.019
12314,3862,5.496
3862,12314,5.496
3862,12315,4.659
12315,3862,4.659
12315,12307,15.216
12307,12315,15.216
12307,3863,5.183
3863,12307,5.183
3863,12317,5.328
12317,3863,5.328
12317,12308,3.169
12308,12317,3.169
12308,735,2.567
735,12308,2.567
4852,2667,12.351
2667,4852,12.351
2667,11458,66.932
11458,2667,66.932
11458,6103,40.299
6103,11458,40.299
6103,1072,24.569
1072,6103,24.569
1072,12775,10.162
12775,1072,10.162
12775,11718,73.167
11718,12775,73.167
11718,6496,8.237
6496,11718,8.237
6452,8816,7.554
8816,6452,7.554
8816,8815,4.011
8815,8816,4.011
8815,2216,63.992
2216,8815,63.992
2216,5930,18.449
5930,2216,18.449
5930,6079,26.375
6079,5930,26.375
6079,7654,29.263
7654,6079,29.263
7654,2931,29.704
2931,7654,29.704
2931,5037,16.342
5037,2931,16.342
5037,267,8.088
267,5037,8.088
3510,4852,10.559
4852,3510,10.559
1821,2670,2.796
2670,1821,2.796
2670,616,7.633
616,2670,7.633
3171,3045,4.913
3045,3171,4.913
3045,2116,9.784
2116,3045,9.784
2116,2992,2.925
2992,2116,2.925
2992,10855,4.116
10855,2992,4.116
10855,10856,4.660
10856,10855,4.660
10856,10857,3.258
10857,10856,3.258
10857,2991,4.517
2991,10857,4.517
2991,490,40.292
490,2991,40.292
490,10858,6.150
10858,490,6.150
10858,10859,5.631
10859,10858,5.631
10859,10860,4.282
10860,10859,4.282
10860,3164,16.680
3164,10860,16.680
544,5054,4.632
5054,544,4.632
5054,3594,74.282
3594,5054,74.282
3594,3596,10.229
3596,3594,10.229
120,6622,12.384
6622,120,12.384
6622,12530,7.390
12530,6622,7.390
9380,9384,21.228
9384,9380,21.228
9384,9383,45.420
9383,9384,45.420
9383,9388,7.535
9388,9383,7.535
9388,9389,7.691
9389,9388,7.691
9389,9558,13.332
9558,9389,13.332
9558,9619,35.847
9619,9558,35.847
9619,1200,7.518
1200,9619,7.518
1200,9622,8.709
9622,1200,8.709
9622,9377,28.629
9377,9622,28.629
9377,2713,10.264
2713,9377,10.264
2713,7447,3.329
7447,2713,3.329
7447,283,16.399
283,7447,16.399
2141,2139,19.234
2139,2141,19.234
2139,1906,6.786
1906,2139,6.786
2140,2142,19.226
2142,2140,19.226
1903,2140,6.795
2140,1903,6.795
2147,8794,11.355
8794,2147,11.355
8794,8798,23.967
8798,8794,23.967
8798,8795,29.339
8795,8798,29.339
8795,2144,31.206
2144,8795,31.206
2144,8219,27.779
8219,2144,27.779
2088,11690,2.512
11690,2088,2.512
11690,9682,3.960
9682,11690,3.960
9682,2145,16.708
2145,9682,16.708
2145,2147,54.521
2147,2145,54.521
2147,3383,6.609
3383,2147,6.609
3383,2148,40.730
2148,3383,40.730
6260,9674,7.512
9674,6260,7.512
9674,2118,1.662
2118,9674,1.662
1419,11736,2.656
11736,1419,2.656
11736,2412,3.241
2412,11736,3.241
2412,11737,2.688
11737,2412,2.688
11737,1970,4.542
1970,11737,4.542
1970,11740,3.426
11740,1970,3.426
11740,11739,3.345
11739,11740,3.345
11739,14,3.172
14,11739,3.172
14,11738,3.848
11738,14,3.848
11738,6781,52.525
6781,11738,52.525
6781,6780,45.131
6780,6781,45.131
6780,5351,8.655
5351,6780,8.655
5351,15,12.136
15,5351,12.136
2157,5541,61.708
5541,2157,61.708
5541,2158,11.307
2158,5541,11.307
2158,222,14.259
222,2158,14.259
222,1855,9.011
1855,222,9.011
1855,7203,35.515
7203,1855,35.515
7203,2543,96.817
2543,7203,96.817
632,873,15.309
873,632,15.309
384,7339,10.269
7339,384,10.269
7339,2980,7.925
2980,7339,7.925
2980,3221,11.865
3221,2980,11.865
3221,3215,19.503
3215,3221,19.503
3215,3843,11.297
3843,3215,11.297
3843,5504,64.321
5504,3843,64.321
5504,5470,5.019
5470,5504,5.019
5470,156,9.734
156,5470,9.734
2164,1130,30.129
1130,2164,30.129
394,11543,7.298
11543,394,7.298
11543,395,14.624
395,11543,14.624
395,8790,16.890
8790,395,16.890
8790,12304,16.213
12304,8790,16.213
771,1944,110.807
1944,771,110.807
6877,12761,15.953
12761,6877,15.953
12761,7374,6.518
7374,12761,6.518
7374,6999,30.825
6999,7374,30.825
636,635,11.097
635,636,11.097
635,11034,5.135
11034,635,5.135
11034,11032,3.044
11032,11034,3.044
11032,11033,3.534
11033,11032,3.534
11033,11035,5.093
11035,11033,5.093
11035,11036,3.815
11036,11035,3.815
11036,11037,3.044
11037,11036,3.044
11037,634,3.833
634,11037,3.833
634,4050,4.445
4050,634,4.445
5524,2090,11.479
2090,5524,11.479
645,11026,5.207
11026,645,5.207
11026,11025,5.038
11025,11026,5.038
11025,7205,5.219
7205,11025,5.219
7205,2347,11.166
2347,7205,11.166
2347,11217,50.305
11217,2347,50.305
11217,11216,52.465
11216,11217,52.465
11216,633,13.974
633,11216,13.974
647,11833,2.634
11833,647,2.634
11833,5540,7.457
5540,11833,7.457
5540,11018,1.533
11018,5540,1.533
11018,2047,4.255
2047,11018,4.255
2047,1740,3.722
1740,2047,3.722
222,2159,6.137
2159,222,6.137
2159,629,4.742
629,2159,4.742
1869,2167,56.562
2167,1869,56.562
2168,6331,3.906
6331,2168,3.906
6331,10158,3.418
10158,6331,3.418
10158,6332,11.779
6332,10158,11.779
6332,2169,49.625
2169,6332,49.625
2169,10168,32.785
10168,2169,32.785
4384,2173,3.906
2173,4384,3.906
2173,7569,6.157
7569,2173,6.157
7569,3554,1.388
3554,7569,1.388
2179,2175,21.275
2175,2179,21.275
2175,2176,23.235
2176,2175,23.235
2176,2177,10.090
2177,2176,10.090
2177,2178,30.696
2178,2177,30.696
2178,2179,20.844
2179,2178,20.844
2183,409,6.516
409,2183,6.516
1073,10068,7.878
10068,1073,7.878
10068,9673,1.820
9673,10068,1.820
9673,6463,8.835
6463,9673,8.835
6463,6247,59.669
6247,6463,59.669
6247,6659,47.883
6659,6247,47.883
6659,8146,21.353
8146,6659,21.353
8146,3382,12.920
3382,8146,12.920
3382,6245,12.519
6245,3382,12.519
6245,6462,61.827
6462,6245,61.827
6462,10503,10.618
10503,6462,10.618
10503,2521,6.915
2521,10503,6.915
2521,11689,2.141
11689,2521,2.141
11689,9677,5.178
9677,11689,5.178
9677,2094,9.535
2094,9677,9.535
2094,1129,115.033
1129,2094,115.033
1129,8680,9.034
8680,1129,9.034
8680,8215,37.550
8215,8680,37.550
8215,12867,59.163
12867,8215,59.163
12867,7283,4.149
7283,12867,4.149
7283,12864,8.539
12864,7283,8.539
2190,3832,91.301
3832,2190,91.301
3832,2191,5.799
2191,3832,5.799
2191,1372,9.972
1372,2191,9.972
1372,2189,3.263
2189,1372,3.263
2194,2195,15.039
2195,2194,15.039
2195,2196,10.655
2196,2195,10.655
2115,1866,6.193
1866,2115,6.193
1866,1865,7.824
1865,1866,7.824
2212,3162,11.461
3162,2212,11.461
3162,3163,2.485
3163,3162,2.485
3163,2210,10.806
2210,3163,10.806
2210,3154,2.591
3154,2210,2.591
3154,2211,11.284
2211,3154,11.284
2213,4808,55.974
4808,2213,55.974
4808,2115,86.431
2115,4808,86.431
1865,2914,10.553
2914,1865,10.553
2914,5858,8.224
5858,2914,8.224
5858,166,6.702
166,5858,6.702
2216,5928,6.881
5928,2216,6.881
816,936,22.823
936,816,22.823
1973,1972,28.393
1972,1973,28.393
674,7271,22.021
7271,674,22.021
7271,3198,13.366
3198,7271,13.366
3198,680,2.037
680,3198,2.037
59,11594,0.614
11594,59,0.614
11594,8457,2.109
8457,11594,2.109
8457,8460,3.230
8460,8457,3.230
8460,11595,2.323
11595,8460,2.323
11595,751,2.166
751,11595,2.166
67,4796,8.703
4796,67,8.703
4796,3632,7.873
3632,4796,7.873
3632,9917,2.742
9917,3632,2.742
9917,68,7.060
68,9917,7.060
68,9653,9.017
9653,68,9.017
1264,1276,25.730
1276,1264,25.730
4448,10763,2.136
10763,4448,2.136
10763,10764,1.879
10764,10763,1.879
10764,2706,2.403
2706,10764,2.403
2706,8866,7.580
8866,2706,7.580
8866,6481,7.200
6481,8866,7.200
6481,6482,2.836
6482,6481,2.836
6482,8451,7.387
8451,6482,7.387
8451,6483,5.782
6483,8451,5.782
6483,4449,2.440
4449,6483,2.440
1400,7251,21.215
7251,1400,21.215
7251,2994,7.886
2994,7251,7.886
1638,1661,10.924
1661,1638,10.924
1661,9310,2.620
9310,1661,2.620
9310,3206,7.527
3206,9310,7.527
10037,7798,26.767
7798,10037,26.767
7798,7803,19.589
7803,7798,19.589
7803,10734,29.240
10734,7803,29.240
10734,7802,5.230
7802,10734,5.230
7802,1638,55.900
1638,7802,55.900
12877,1636,3.438
1636,12877,3.438
1636,1658,5.706
1658,1636,5.706
1658,3205,4.536
3205,1658,4.536
3205,9311,1.504
9311,3205,1.504
9311,1648,6.887
1648,9311,6.887
33,2662,7.661
2662,33,7.661
2662,2666,2.809
2666,2662,2.809
2666,614,6.297
614,2666,6.297
917,6991,47.065
6991,917,47.065
6991,11520,3.842
11520,6991,3.842
11520,193,18.546
193,11520,18.546
609,4175,6.462
4175,609,6.462
4175,12657,5.586
12657,4175,5.586
12657,617,4.725
617,12657,4.725
617,12653,5.647
12653,617,5.647
1489,2418,12.784
2418,1489,12.784
2418,1676,6.024
1676,2418,6.024
1676,2419,11.859
2419,1676,11.859
2419,2420,10.338
2420,2419,10.338
2420,2229,23.965
2229,2420,23.965
2229,10129,8.135
10129,2229,8.135
10130,10131,11.261
10131,10130,11.261
10197,6935,5.340
6935,10197,5.340
6935,7709,40.124
7709,6935,40.124
7709,6356,27.058
6356,7709,27.058
6356,7,48.502
7,6356,48.502
455,456,52.195
456,455,52.195
456,11271,29.308
11271,456,29.308
11271,11272,18.095
11272,11271,18.095
11272,2078,18.453
2078,11272,18.453
2078,11085,3.304
11085,2078,3.304
11085,11273,2.096
11273,11085,2.096
11273,457,1.404
457,11273,1.404
228,1814,85.945
1814,228,85.945
1814,2520,112.086
2520,1814,112.086
2520,2477,6.357
2477,2520,6.357
2477,2486,7.249
2486,2477,7.249
2486,11425,4.447
11425,2486,4.447
11425,8222,53.668
8222,11425,53.668
8222,792,34.207
792,8222,34.207
792,6860,101.254
6860,792,101.254
6860,4432,6.155
4432,6860,6.155
4432,98,1.267
98,4432,1.267
611,2199,7.176
2199,611,7.176
2199,228,34.528
228,2199,34.528
3699,2238,38.230
2238,3699,38.230
2241,3971,23.355
3971,2241,23.355
3971,2242,16.665
2242,3971,16.665
2240,12977,6.153
12977,2240,6.153
12977,3975,2.248
3975,12977,2.248
8956,11224,8.428
11224,8956,8.428
11224,3459,2.003
3459,11224,2.003
3459,10167,1.549
10167,3459,1.549
10167,2245,7.972
2245,10167,7.972
2245,8954,38.139
8954,2245,38.139
8954,2246,17.347
2246,8954,17.347
2246,2244,63.030
2244,2246,63.030
2248,11706,0.986
11706,2248,0.986
11706,7442,5.426
7442,11706,5.426
7442,10323,4.609
10323,7442,4.609
10323,2249,17.578
2249,10323,17.578
2249,6231,35.013
6231,2249,35.013
6231,5002,23.773
5002,6231,23.773
5002,11700,0.845
11700,5002,0.845
11700,5001,4.239
5001,11700,4.239
2257,7286,8.735
7286,2257,8.735
7286,2253,1.834
2253,7286,1.834
2664,7238,11.019
7238,2664,11.019
7238,2657,10.885
2657,7238,10.885
2657,7240,10.346
7240,2657,10.346
7240,7241,10.519
7241,7240,10.519
7241,7233,13.843
7233,7241,13.843
7233,2691,3.664
2691,7233,3.664
1103,5517,18.381
5517,1103,18.381
5517,8421,1.919
8421,5517,1.919
8421,327,7.379
327,8421,7.379
541,2594,4.943
2594,541,4.943
2594,8349,11.785
8349,2594,11.785
8349,2595,3.157
2595,8349,3.157
2595,1103,12.711
1103,2595,12.711
7372,2268,11.200
2268,7372,11.200
2268,2269,5.385
2269,2268,5.385
2269,7371,11.142
7371,2269,11.142
2274,2275,7.293
2275,2274,7.293
2275,2276,6.550
2276,2275,6.550
2276,2277,7.138
2277,2276,7.138
2277,8181,28.086
8181,2277,28.086
2288,2287,13.055
2287,2288,13.055
11401,11416,9.301
11416,11401,9.301
11416,2291,11.459
2291,11416,11.459
2291,11400,6.127
11400,2291,6.127
11400,11402,2.065
11402,11400,2.065
11402,6395,0.198
6395,11402,0.198
690,957,56.182
957,690,56.182
957,12944,34.599
12944,957,34.599
3306,5837,6.988
5837,3306,6.988
5837,7134,16.637
7134,5837,16.637
7134,7133,17.087
7133,7134,17.087
7133,6487,32.378
6487,7133,32.378
6487,5838,7.313
5838,6487,7.313
5838,3307,10.800
3307,5838,10.800
5233,7045,5.271
7045,5233,5.271
7045,36,7.517
36,7045,7.517
36,2301,8.553
2301,36,8.553
399,4420,4.336
4420,399,4.336
4420,4418,6.339
4418,4420,6.339
4418,4417,24.293
4417,4418,24.293
920,6699,80.475
6699,920,80.475
6699,6698,34.829
6698,6699,34.829
6698,1100,11.830
1100,6698,11.830
164,9900,17.968
9900,164,17.968
2306,9402,11.621
9402,2306,11.621
9402,2308,3.165
2308,9402,3.165
2308,8641,6.704
8641,2308,6.704
8641,2309,4.764
2309,8641,4.764
2309,9403,3.910
9403,2309,3.910
9403,2307,14.232
2307,9403,14.232
1324,193,12.383
193,1324,12.383
1557,6990,6.105
6990,1557,6.105
6990,8539,21.930
8539,6990,21.930
323,6490,9.072
6490,323,9.072
6490,10564,5.012
10564,6490,5.012
10564,2258,57.335
2258,10564,57.335
2258,4138,49.189
4138,2258,49.189
4138,5512,4.929
5512,4138,4.929
5512,324,6.787
324,5512,6.787
324,10244,14.192
10244,324,14.192
10244,10565,9.672
10565,10244,9.672
10565,2260,31.196
2260,10565,31.196
2260,3023,7.857
3023,2260,7.857
3023,3024,35.879
3024,3023,35.879
3024,4141,17.747
4141,3024,17.747
4141,4143,12.969
4143,4141,12.969
4143,10566,7.184
10566,4143,7.184
10566,2264,6.429
2264,10566,6.429
2264,327,5.708
327,2264,5.708
2313,2314,7.564
2314,2313,7.564
2314,2312,37.673
2312,2314,37.673
2312,2311,8.168
2311,2312,8.168
2320,5177,6.237
5177,2320,6.237
2091,2051,43.142
2051,2091,43.142
1280,1281,48.441
1281,1280,48.441
2321,2089,10.907
2089,2321,10.907
2086,2143,3.658
2143,2086,3.658
2143,9779,53.351
9779,2143,53.351
9779,1815,6.877
1815,9779,6.877
2089,2087,24.146
2087,2089,24.146
2087,2085,41.975
2085,2087,41.975
2085,2086,10.317
2086,2085,10.317
2322,8395,8.992
8395,2322,8.992
8395,9292,7.672
9292,8395,7.672
9292,2413,34.224
2413,9292,34.224
2413,6632,6.244
6632,2413,6.244
6632,8550,16.648
8550,6632,16.648
2324,11914,6.812
11914,2324,6.812
11914,8505,11.905
8505,11914,11.905
2327,4885,4.565
4885,2327,4.565
4885,2329,5.527
2329,4885,5.527
2329,2328,2.932
2328,2329,2.932
2328,3864,2.760
3864,2328,2.760
3864,2326,5.304
2326,3864,5.304
2988,2749,18.528
2749,2988,18.528
2749,12467,12.877
12467,2749,12.877
12467,4986,15.456
4986,12467,15.456
4986,6841,9.557
6841,4986,9.557
2855,4877,3.920
4877,2855,3.920
4877,10907,2.877
10907,4877,2.877
10907,10908,3.527
10908,10907,3.527
10908,4874,3.268
4874,10908,3.268
4874,10909,1.895
10909,4874,1.895
10909,4875,2.078
4875,10909,2.078
4875,4876,1.128
4876,4875,1.128
4876,10899,0.958
10899,4876,0.958
10899,9596,1.007
9596,10899,1.007
9596,4878,0.267
4878,9596,0.267
4878,606,0.522
606,4878,0.522
1849,5571,13.234
5571,1849,13.234
5571,6983,43.917
6983,5571,43.917
6983,6984,5.209
6984,6983,5.209
6984,3300,55.902
3300,6984,55.902
3300,8720,15.027
8720,3300,15.027
8720,8724,2.426
8724,8720,2.426
8724,8731,12.843
8731,8724,12.843
8731,872,12.705
872,8731,12.705
872,8719,5.938
8719,872,5.938
8719,8735,2.657
8735,8719,2.657
8735,10289,41.197
10289,8735,41.197
10289,281,5.443
281,10289,5.443
7298,6682,7.199
6682,7298,7.199
6682,1227,21.905
1227,6682,21.905
1227,1120,8.834
1120,1227,8.834
1120,8079,3.788
8079,1120,3.788
8079,8591,135.247
8591,8079,135.247
8591,262,7.849
262,8591,7.849
90,4049,3.505
4049,90,3.505
4049,10391,6.844
10391,4049,6.844
10391,638,13.275
638,10391,13.275
638,11547,1.693
11547,638,1.693
11547,11834,4.026
11834,11547,4.026
11834,639,5.041
639,11834,5.041
639,1488,17.555
1488,639,17.555
2335,2351,7.922
2351,2335,7.922
2351,2336,23.579
2336,2351,23.579
2357,2439,6.517
2439,2357,6.517
2439,2366,9.822
2366,2439,9.822
2366,2358,8.214
2358,2366,8.214
2357,2359,7.772
2359,2357,7.772
2360,745,7.538
745,2360,7.538
745,2437,6.484
2437,745,6.484
8259,738,2.188
738,8259,2.188
738,6183,4.302
6183,738,4.302
6183,6182,9.157
6182,6183,9.157
6182,739,26.737
739,6182,26.737
739,8246,21.791
8246,739,21.791
8246,3584,14.549
3584,8246,14.549
3584,2356,14.645
2356,3584,14.645
2356,740,30.303
740,2356,30.303
1594,6324,33.611
6324,1594,33.611
6324,5669,1.975
5669,6324,1.975
5669,1595,17.407
1595,5669,17.407
2366,8452,8.531
8452,2366,8.531
8452,2367,17.847
2367,8452,17.847
2368,2369,3.889
2369,2368,3.889
2369,2370,3.044
2370,2369,3.044
2370,10508,42.675
10508,2370,42.675
10508,11811,13.799
11811,10508,13.799
11811,11812,2.493
11812,11811,2.493
11812,2371,2.572
2371,11812,2.572
2371,11813,1.855
11813,2371,1.855
11813,11814,1.592
11814,11813,1.592
11814,10506,1.779
10506,11814,1.779
10506,10507,15.645
10507,10506,15.645
1933,2394,3.333
2394,1933,3.333
1932,11810,16.361
11810,1932,16.361
11810,2372,4.772
2372,11810,4.772
2372,2374,17.317
2374,2372,17.317
2374,2375,18.742
2375,2374,18.742
2375,2376,25.167
2376,2375,25.167
2380,3611,39.170
3611,2380,39.170
3611,5411,15.703
5411,3611,15.703
5411,2379,32.787
2379,5411,32.787
2379,737,13.760
737,2379,13.760
474,466,21.112
466,474,21.112
2564,2560,3.526
2560,2564,3.526
2560,2562,3.529
2562,2560,3.529
2562,2024,1.422
2024,2562,1.422
2024,2383,3.517
2383,2024,3.517
2383,11240,2.679
11240,2383,2.679
11240,2382,35.601
2382,11240,35.601
2382,10675,1.930
10675,2382,1.930
10675,10674,2.367
10674,10675,2.367
10674,2023,2.371
2023,10674,2.371
2024,2591,16.170
2591,2024,16.170
2591,7266,80.953
7266,2591,80.953
7266,3582,9.081
3582,7266,9.081
3582,2559,4.009
2559,3582,4.009
2559,4727,9.263
4727,2559,9.263
4727,713,111.826
713,4727,111.826
2023,2385,6.550
2385,2023,6.550
2385,10677,96.901
10677,2385,96.901
10677,2015,21.313
2015,10677,21.313
4940,2386,3.534
2386,4940,3.534
2386,2387,34.834
2387,2386,34.834
2387,2388,35.343
2388,2387,35.343
2388,5041,6.361
5041,2388,6.361
5041,7140,19.136
7140,5041,19.136
446,6558,16.410
6558,446,16.410
6558,6560,13.252
6560,6558,13.252
6560,7788,24.801
7788,6560,24.801
7788,8903,89.322
8903,7788,89.322
8903,6563,87.216
6563,8903,87.216
6563,6564,12.887
6564,6563,12.887
6564,4004,1.983
4004,6564,1.983
4004,7414,3.485
7414,4004,3.485
7414,4842,13.555
4842,7414,13.555
442,6748,19.473
6748,442,19.473
6748,9489,6.528
9489,6748,6.528
9489,189,11.021
189,9489,11.021
270,8819,13.678
8819,270,13.678
8819,5921,8.187
5921,8819,8.187
5921,621,64.402
621,5921,64.402
621,2601,17.983
2601,621,17.983
2601,11275,4.847
11275,2601,4.847
1489,2421,12.611
2421,1489,12.611
2421,2422,18.936
2422,2421,18.936
2422,2420,13.595
2420,2422,13.595
1091,7332,4.372
7332,1091,4.372
7332,7331,13.529
7331,7332,13.529
7331,1912,3.174
1912,7331,3.174
2436,2019,40.527
2019,2436,40.527
11223,3707,2.443
3707,11223,2.443
3707,3115,6.762
3115,3707,6.762
3115,3114,14.836
3114,3115,14.836
3114,2120,8.107
2120,3114,8.107
301,10559,3.569
10559,301,3.569
10559,10560,4.452
10560,10559,4.452
10560,212,8.917
212,10560,8.917
212,3032,3.912
3032,212,3.912
3032,5511,17.571
5511,3032,17.571
5511,323,13.606
323,5511,13.606
642,11047,1.688
11047,642,1.688
11047,11039,0.891
11039,11047,0.891
11039,11041,1.211
11041,11039,1.211
11041,11042,1.247
11042,11041,1.247
11042,2334,1.148
2334,11042,1.148
2334,11043,1.627
11043,2334,1.627
11043,11044,2.084
11044,11043,2.084
11044,637,2.665
637,11044,2.665
2441,4591,3.845
4591,2441,3.845
4591,4592,3.901
4592,4591,3.901
4592,4593,3.843
4593,4592,3.843
4593,4594,4.194
4594,4593,4.194
4594,1941,15.778
1941,4594,15.778
1504,2468,4.916
2468,1504,4.916
2468,2467,5.625
2467,2468,5.625
2467,1505,44.995
1505,2467,44.995
1505,1506,20.116
1506,1505,20.116
891,928,23.807
928,891,23.807
2442,891,61.206
891,2442,61.206
928,11675,12.885
11675,928,12.885
1117,2471,2.184
2471,1117,2.184
2471,1586,9.816
1586,2471,9.816
929,10493,30.539
10493,929,30.539
10493,1117,11.477
1117,10493,11.477
170,5854,53.658
5854,170,53.658
5854,12154,25.022
12154,5854,25.022
170,2429,7.248
2429,170,7.248
11889,7949,26.992
7949,11889,26.992
7949,880,39.251
880,7949,39.251
880,12421,14.469
12421,880,14.469
12421,12424,14.299
12424,12421,14.299
12424,7666,8.181
7666,12424,8.181
7666,7672,16.080
7672,7666,16.080
7672,7667,2.607
7667,7672,2.607
7667,5265,34.091
5265,7667,34.091
5265,5271,21.840
5271,5265,21.840
5271,609,13.510
609,5271,13.510
2449,2446,11.320
2446,2449,11.320
2446,2443,22.832
2443,2446,22.832
2443,2448,16.660
2448,2443,16.660
2448,11607,47.754
11607,2448,47.754
11607,2445,59.512
2445,11607,59.512
2445,2447,17.699
2447,2445,17.699
2447,2444,4.667
2444,2447,4.667
2444,11608,62.778
11608,2444,62.778
11608,2450,51.239
2450,11608,51.239
2450,2443,13.181
2443,2450,13.181
2447,2451,10.770
2451,2447,10.770
2451,3380,13.903
3380,2451,13.903
3380,11609,9.114
11609,3380,9.114
700,1977,9.531
1977,700,9.531
1977,1978,8.224
1978,1977,8.224
1978,2631,12.734
2631,1978,12.734
2631,6828,6.911
6828,2631,6.911
6828,11,10.371
11,6828,10.371
11,6826,34.469
6826,11,34.469
6826,6825,17.528
6825,6826,17.528
6825,6976,5.971
6976,6825,5.971
6976,4559,10.431
4559,6976,10.431
4559,2129,1.453
2129,4559,1.453
351,149,13.854
149,351,13.854
285,9559,5.419
9559,285,5.419
9559,2847,4.275
2847,9559,4.275
2847,2696,6.231
2696,2847,6.231
2696,9394,2.669
9394,2696,2.669
9394,2457,6.625
2457,9394,6.625
2457,283,8.172
283,2457,8.172
2459,4972,7.175
4972,2459,7.175
4972,2460,5.197
2460,4972,5.197
2460,2846,5.287
2846,2460,5.287
2846,2461,5.082
2461,2846,5.082
2461,2458,4.525
2458,2461,4.525
692,11324,32.593
11324,692,32.593
11324,11326,28.010
11326,11324,28.010
11326,11322,42.293
11322,11326,42.293
11322,11323,11.457
11323,11322,11.457
11323,1820,7.535
1820,11323,7.535
695,11311,5.993
11311,695,5.993
11311,1806,5.353
1806,11311,5.353
1806,1116,10.962
1116,1806,10.962
1116,659,4.355
659,1116,4.355
659,2712,4.790
2712,659,4.790
2712,692,70.622
692,2712,70.622
9470,2462,21.238
2462,9470,21.238
2462,2463,7.187
2463,2462,7.187
2463,9469,7.041
9469,2463,7.041
9469,9468,6.701
9468,9469,6.701
9468,9467,8.223
9467,9468,8.223
9467,9466,8.165
9466,9467,8.165
9466,9465,7.898
9465,9466,7.898
9465,9464,8.836
9464,9465,8.836
9464,9463,10.671
9463,9464,10.671
9463,9462,9.010
9462,9463,9.010
9462,9450,6.599
9450,9462,6.599
9450,9461,4.025
9461,9450,4.025
9461,9460,5.157
9460,9461,5.157
9460,9459,3.692
9459,9460,3.692
9459,9458,5.184
9458,9459,5.184
9458,9457,3.408
9457,9458,3.408
9457,9456,3.626
9456,9457,3.626
9456,9455,4.228
9455,9456,4.228
9455,9454,3.681
9454,9455,3.681
9454,9453,10.162
9453,9454,10.162
9453,9452,6.662
9452,9453,6.662
9452,9451,7.864
9451,9452,7.864
9451,9467,8.436
9467,9451,8.436
8198,2465,27.647
2465,8198,27.647
2491,9988,5.100
9988,2491,5.100
9988,7334,5.339
7334,9988,5.339
2493,5180,8.243
5180,2493,8.243
5721,11815,68.233
11815,5721,68.233
11815,5803,12.891
5803,11815,12.891
825,9552,3.838
9552,825,3.838
9552,9551,7.439
9551,9552,7.439
9551,824,20.052
824,9551,20.052
2530,2528,11.449
2528,2530,11.449
2536,10292,6.300
10292,2536,6.300
10292,8701,1.327
8701,10292,1.327
10379,4000,12.592
4000,10379,12.592
4000,3994,10.549
3994,4000,10.549
3994,3993,8.565
3993,3994,8.565
3993,3998,15.000
3998,3993,15.000
3998,3996,38.255
3996,3998,38.255
3996,2538,7.606
2538,3996,7.606
2538,299,15.936
299,2538,15.936
3375,4461,1.495
4461,3375,1.495
4461,5134,5.408
5134,4461,5.408
1738,11015,5.497
11015,1738,5.497
11015,2580,6.854
2580,11015,6.854
2580,11014,9.790
11014,2580,9.790
11014,644,7.766
644,11014,7.766
1739,11835,5.089
11835,1739,5.089
11835,11022,4.769
11022,11835,4.769
11022,1740,5.673
1740,11022,5.673
1740,11023,6.344
11023,1740,6.344
11023,11024,4.833
11024,11023,4.833
11024,11027,2.807
11027,11024,2.807
11027,645,4.784
645,11027,4.784
1739,646,6.716
646,1739,6.716
646,11019,9.411
11019,646,9.411
1738,11016,6.094
11016,1738,6.094
11016,1739,4.135
1739,11016,4.135
464,4097,4.466
4097,464,4.466
590,4010,43.730
4010,590,43.730
873,11219,11.185
11219,873,11.185
11219,631,14.257
631,11219,14.257
631,73,16.129
73,631,16.129
73,2586,34.005
2586,73,34.005
2586,11220,33.877
11220,2586,33.877
11220,74,22.822
74,11220,22.822
2547,2405,11.190
2405,2547,11.190
2405,2902,5.315
2902,2405,5.315
2553,8942,29.044
8942,2553,29.044
8942,8863,5.276
8863,8942,5.276
618,8780,5.624
8780,618,5.624
8780,3195,0.801
3195,8780,0.801
3195,12892,7.639
12892,3195,7.639
12892,12893,7.978
12893,12892,7.978
12893,2597,5.910
2597,12893,5.910
2597,2399,14.534
2399,2597,14.534
2554,2547,14.867
2547,2554,14.867
618,7764,26.049
7764,618,26.049
7764,5918,23.774
5918,7764,23.774
5918,2551,94.654
2551,5918,94.654
2551,10618,2.445
10618,2551,2.445
10618,302,8.252
302,10618,8.252
2599,2606,4.176
2606,2599,4.176
2606,2607,5.406
2607,2606,5.406
2607,2600,2.984
2600,2607,2.984
2600,12888,4.371
12888,2600,4.371
12888,2596,3.457
2596,12888,3.457
2596,12889,3.393
12889,2596,3.393
12889,2602,2.791
2602,12889,2.791
2602,12890,3.017
12890,2602,3.017
12890,2603,2.957
2603,12890,2.957
2603,3192,3.734
3192,2603,3.734
3192,618,3.967
618,3192,3.967
4316,11525,0.677
11525,4316,0.677
11525,11526,0.941
11526,11525,0.941
11526,11527,0.643
11527,11526,0.643
11527,11524,0.662
11524,11527,0.662
11524,11057,1.445
11057,11524,1.445
11057,11056,1.717
11056,11057,1.717
11056,11055,1.486
11055,11056,1.486
11055,6350,1.275
6350,11055,1.275
6350,11054,1.273
11054,6350,1.273
11054,2250,1.226
2250,11054,1.226
2250,11053,1.703
11053,2250,1.703
11053,980,1.919
980,11053,1.919
980,2251,2.686
2251,980,2.686
2251,11058,2.459
11058,2251,2.459
11058,11059,1.556
11059,11058,1.556
11059,3809,1.735
3809,11059,1.735
3809,11060,1.923
11060,3809,1.923
11060,11061,1.703
11061,11060,1.703
11061,467,2.993
467,11061,2.993
2608,6855,10.302
6855,2608,10.302
6855,6854,2.856
6854,6855,2.856
6854,8387,14.736
8387,6854,14.736
260,9090,64.082
9090,260,64.082
9090,12333,33.985
12333,9090,33.985
12333,9146,52.345
9146,12333,52.345
9146,5804,44.875
5804,9146,44.875
5804,8679,15.102
8679,5804,15.102
8679,5803,17.802
5803,8679,17.802
2458,9368,11.919
9368,2458,11.919
9368,9376,6.462
9376,9368,6.462
9376,2695,2.523
2695,9376,2.523
2695,9392,6.133
9392,2695,6.133
9392,285,3.130
285,9392,3.130
101,9697,5.688
9697,101,5.688
9697,869,167.872
869,9697,167.872
869,8139,18.366
8139,869,18.366
8139,10457,74.473
10457,8139,74.473
10457,4240,6.711
4240,10457,6.711
4240,10458,7.338
10458,4240,7.338
10458,261,65.155
261,10458,65.155
9716,731,8.289
731,9716,8.289
731,9712,8.112
9712,731,8.112
9712,8392,2.388
8392,9712,2.388
2609,8312,3.671
8312,2609,3.671
8312,815,53.745
815,8312,53.745
612,1833,5.175
1833,612,5.175
1833,2888,73.138
2888,1833,73.138
2888,9716,9.270
9716,2888,9.270
262,8590,6.048
8590,262,6.048
8590,6222,36.506
6222,8590,36.506
6222,7548,24.174
7548,6222,24.174
7548,11511,29.053
11511,7548,29.053
11511,11505,9.387
11505,11511,9.387
11505,2535,9.373
2535,11505,9.373
2535,11497,7.783
11497,2535,7.783
11497,5827,41.723
5827,11497,41.723
5827,8746,7.186
8746,5827,7.186
8746,2536,23.068
2536,8746,23.068
2536,8703,4.546
8703,2536,4.546
8703,5040,44.028
5040,8703,44.028
5040,281,6.716
281,5040,6.716
257,4438,1.426
4438,257,1.426
4438,258,108.476
258,4438,108.476
258,2489,90.214
2489,258,90.214
2489,229,6.334
229,2489,6.334
229,2479,6.132
2479,229,6.132
2479,7379,199.892
7379,2479,199.892
868,788,39.810
788,868,39.810
788,6062,35.445
6062,788,35.445
6062,102,61.150
102,6062,61.150
102,9715,7.155
9715,102,7.155
9715,257,77.071
257,9715,77.071
257,2542,39.722
2542,257,39.722
262,8588,6.737
8588,262,6.737
8588,100,84.534
100,8588,84.534
100,7282,63.755
7282,100,63.755
101,7423,8.110
7423,101,8.110
7423,10094,3.010
10094,7423,3.010
10094,1550,2.597
1550,10094,2.597
1550,8298,85.343
8298,1550,85.343
8298,6064,10.570
6064,8298,10.570
6064,1228,92.167
1228,6064,92.167
1228,6794,7.108
6794,1228,7.108
6794,4431,5.950
4431,6794,5.950
4431,2098,1.244
2098,4431,1.244
11587,11127,2.299
11127,11587,2.299
11127,2368,6.187
2368,11127,6.187
2368,11126,42.130
11126,2368,42.130
11126,3675,7.960
3675,11126,7.960
3675,11873,26.112
11873,3675,26.112
11873,2569,22.656
2569,11873,22.656
712,1684,56.786
1684,712,56.786
1684,2335,11.916
2335,1684,11.916
2335,4728,40.372
4728,2335,40.372
4728,3583,9.002
3583,4728,9.002
3583,1668,3.927
1668,3583,3.927
1668,11809,11.109
11809,1668,11.109
11809,4729,34.567
4729,11809,34.567
4729,1667,44.435
1667,4729,44.435
1667,2593,3.520
2593,1667,3.520
2593,2592,3.479
2592,2593,3.479
2592,2591,2.767
2591,2592,2.767
708,2680,9.710
2680,708,9.710
2680,712,25.785
712,2680,25.785
2503,2501,51.106
2501,2503,51.106
2501,2020,25.424
2020,2501,25.424
2020,2500,21.941
2500,2020,21.941
2500,2502,31.276
2502,2500,31.276
2502,2021,15.689
2021,2502,15.689
2021,2022,11.379
2022,2021,11.379
2022,6295,37.343
6295,2022,37.343
6295,10671,15.541
10671,6295,15.541
10671,10672,10.095
10672,10671,10.095
10672,2392,6.822
2392,10672,6.822
2392,10676,5.195
10676,2392,5.195
10676,10673,2.888
10673,10676,2.888
10673,2023,7.468
2023,10673,7.468
2352,1668,5.082
1668,2352,5.082
1668,2568,4.650
2568,1668,4.650
2568,2567,3.198
2567,2568,3.198
2567,3582,4.466
3582,2567,4.466
625,233,10.113
233,625,10.113
2611,2796,15.672
2796,2611,15.672
2796,2801,7.297
2801,2796,7.297
2801,2798,7.213
2798,2801,7.213
2798,2793,6.490
2793,2798,6.490
2793,2792,8.313
2792,2793,8.313
1946,8876,0.912
8876,1946,0.912
8876,7235,4.922
7235,8876,4.922
7235,533,7.175
533,7235,7.175
4239,9845,5.968
9845,4239,5.968
9845,13030,36.519
13030,9845,36.519
13030,11445,8.723
11445,13030,8.723
11445,8134,26.551
8134,11445,26.551
8134,13029,76.306
13029,8134,76.306
13029,8589,112.488
8589,13029,112.488
8589,262,7.461
262,8589,7.461
263,1254,47.904
1254,263,47.904
1254,8678,112.162
8678,1254,112.162
8678,261,7.790
261,8678,7.790
1839,9386,8.127
9386,1839,8.127
9386,9558,8.276
9558,9386,8.276
800,9859,5.525
9859,800,5.525
9859,9120,40.276
9120,9859,40.276
283,1862,6.293
1862,283,6.293
1862,1332,4.558
1332,1862,4.558
1332,1333,8.311
1333,1332,8.311
1333,7991,15.069
7991,1333,15.069
7991,3231,5.474
3231,7991,5.474
1838,9375,11.856
9375,1838,11.856
9375,1240,71.694
1240,9375,71.694
1240,9858,53.953
9858,1240,53.953
9858,263,5.029
263,9858,5.029
807,1413,46.945
1413,807,46.945
1873,1412,5.077
1412,1873,5.077
2714,5966,7.421
5966,2714,7.421
5966,7767,6.104
7767,5966,6.104
7767,6502,6.327
6502,7767,6.327
680,2973,6.469
2973,680,6.469
2973,2746,36.894
2746,2973,36.894
2746,5910,11.342
5910,2746,11.342
5910,4685,17.215
4685,5910,17.215
2399,24,7.556
24,2399,7.556
2437,8444,29.576
8444,2437,29.576
8444,1923,22.169
1923,8444,22.169
2681,12659,0.860
12659,2681,0.860
12659,232,48.640
232,12659,48.640
96,9760,5.492
9760,96,5.492
9760,11879,52.680
11879,9760,52.680
11879,8737,25.746
8737,11879,25.746
8737,12858,24.096
12858,8737,24.096
12858,12855,4.960
12855,12858,4.960
12855,12856,7.119
12856,12855,7.119
4239,9847,6.525
9847,4239,6.525
9847,8128,46.338
8128,9847,46.338
303,10500,46.597
10500,303,46.597
10500,130,4.889
130,10500,4.889
130,1054,26.050
1054,130,26.050
3597,9948,12.621
9948,3597,12.621
9948,2726,2.508
2726,9948,2.508
2726,2727,12.467
2727,2726,12.467
1053,148,75.523
148,1053,75.523
2730,2739,26.301
2739,2730,26.301
2739,2738,32.705
2738,2739,32.705
2735,2740,16.206
2740,2735,16.206
2732,2734,18.047
2734,2732,18.047
2737,8512,7.986
8512,2737,7.986
8512,3598,1.639
3598,8512,1.639
2731,2729,14.828
2729,2731,14.828
2749,2745,5.832
2745,2749,5.832
2745,2748,6.011
2748,2745,6.011
2748,2750,2.911
2750,2748,2.911
579,2719,8.219
2719,579,8.219
2719,585,8.996
585,2719,8.996
585,584,10.724
584,585,10.724
939,4964,22.811
4964,939,22.811
3358,2754,8.910
2754,3358,8.910
2754,8694,21.985
8694,2754,21.985
8694,2752,3.080
2752,8694,3.080
2757,2764,11.348
2764,2757,11.348
2764,2760,4.284
2760,2764,4.284
2760,2759,5.866
2759,2760,5.866
7750,2848,10.625
2848,7750,10.625
2848,2757,4.481
2757,2848,4.481
2784,7556,4.718
7556,2784,4.718
7556,2782,12.151
2782,7556,12.151
2782,2785,10.881
2785,2782,10.881
2785,2783,18.489
2783,2785,18.489
2788,12097,7.017
12097,2788,7.017
12097,12096,29.255
12096,12097,29.255
12096,2787,4.481
2787,12096,4.481
626,2814,8.949
2814,626,8.949
2804,6972,1.821
6972,2804,1.821
6972,10923,3.047
10923,6972,3.047
10923,10922,8.111
10922,10923,8.111
10922,10926,6.534
10926,10922,6.534
10926,10927,4.124
10927,10926,4.124
10927,10928,3.624
10928,10927,3.624
10928,2809,4.505
2809,10928,4.505
2809,10929,8.175
10929,2809,8.175
10929,10931,7.358
10931,10929,7.358
10931,10930,8.141
10930,10931,8.141
10930,2817,7.808
2817,10930,7.808
2817,10932,23.463
10932,2817,23.463
10932,7313,50.689
7313,10932,50.689
7313,2816,3.621
2816,7313,3.621
2816,10324,10.300
10324,2816,10.300
744,2435,4.482
2435,744,4.482
2435,6557,68.781
6557,2435,68.781
2835,5067,7.412
5067,2835,7.412
5067,10078,5.969
10078,5067,5.969
10078,8778,54.748
8778,10078,54.748
8778,11176,24.713
11176,8778,24.713
11176,6840,3.863
6840,11176,3.863
6840,744,9.989
744,6840,9.989
673,10885,3.907
10885,673,3.907
10885,6702,3.511
6702,10885,3.511
6702,10884,4.632
10884,6702,4.632
10884,5196,3.968
5196,10884,3.968
5196,5195,4.632
5195,5196,4.632
5195,2966,44.554
2966,5195,44.554
2966,3721,33.836
3721,2966,33.836
3721,1698,3.800
1698,3721,3.800
1698,3059,5.189
3059,1698,5.189
3059,2836,3.742
2836,3059,3.742
2835,10485,54.734
10485,2835,54.734
10485,10486,26.950
10486,10485,26.950
10486,2968,10.095
2968,10486,10.095
2836,3057,9.123
3057,2836,9.123
3057,10243,163.782
10243,3057,163.782
10243,10079,57.218
10079,10243,57.218
10079,7278,2.197
7278,10079,2.197
7278,2835,7.973
2835,7278,7.973
1477,10575,7.236
10575,1477,7.236
10575,10574,6.737
10574,10575,6.737
10574,4136,15.838
4136,10574,15.838
4136,12773,3.656
12773,4136,3.656
12773,4135,3.656
4135,12773,3.656
4135,77,14.192
77,4135,14.192
77,1111,5.347
1111,77,5.347
2844,9745,2.998
9745,2844,2.998
9745,2845,19.741
2845,9745,19.741
2845,5192,3.379
5192,2845,3.379
5192,5193,7.101
5193,5192,7.101
62,9008,5.882
9008,62,5.882
9008,4794,4.577
4794,9008,4.577
4794,1283,6.665
1283,4794,6.665
1283,4795,3.867
4795,1283,3.867
4795,9007,5.578
9007,4795,5.578
9007,61,5.204
61,9007,5.204
61,9006,6.331
9006,61,6.331
9006,2575,12.647
2575,9006,12.647
2575,60,36.096
60,2575,36.096
60,9009,6.868
9009,60,6.868
9009,1287,4.804
1287,9009,4.804
1287,4799,8.988
4799,1287,8.988
4799,4800,8.018
4800,4799,8.018
4800,63,7.778
63,4800,7.778
63,1286,9.420
1286,63,9.420
1286,4801,6.139
4801,1286,6.139
4801,64,9.009
64,4801,9.009
64,4802,7.852
4802,64,7.852
4802,1285,7.403
1285,4802,7.403
1285,65,7.585
65,1285,7.585
65,1284,10.209
1284,65,10.209
1284,7757,4.764
7757,1284,4.764
7757,66,5.063
66,7757,5.063
66,9005,7.344
9005,66,7.344
9005,4798,19.845
4798,9005,19.845
4798,4797,31.728
4797,4798,31.728
4797,67,11.771
67,4797,11.771
6369,6368,10.135
6368,6369,10.135
6368,6367,16.228
6367,6368,16.228
6367,8776,14.967
8776,6367,14.967
8776,6366,4.653
6366,8776,4.653
2814,10411,98.656
10411,2814,98.656
10411,2808,8.443
2808,10411,8.443
533,8878,11.565
8878,533,11.565
8878,8875,13.054
8875,8878,13.054
1947,7473,15.481
7473,1947,15.481
7473,5474,9.136
5474,7473,9.136
5474,1948,4.452
1948,5474,4.452
1948,5475,8.261
5475,1948,8.261
5475,7476,1.740
7476,5475,1.740
7476,3915,6.790
3915,7476,6.790
3915,1949,11.444
1949,3915,11.444
1949,4079,4.257
4079,1949,4.257
10141,5043,55.675
5043,10141,55.675
5043,11584,13.414
11584,5043,13.414
11584,5044,81.459
5044,11584,81.459
5044,392,15.911
392,5044,15.911
387,1202,81.539
1202,387,81.539
386,7730,1.339
7730,386,1.339
7730,2879,10.395
2879,7730,10.395
2879,9656,10.920
9656,2879,10.920
9656,387,1.477
387,9656,1.477
2899,1956,6.759
1956,2899,6.759
233,1824,5.083
1824,233,5.083
1824,2856,2.435
2856,1824,2.435
2856,709,5.738
709,2856,5.738
2905,2903,10.715
2903,2905,10.715
2903,2969,5.471
2969,2903,5.471
2969,2904,6.749
2904,2969,6.749
2902,6464,17.343
6464,2902,17.343
2906,2909,21.363
2909,2906,21.363
2936,2935,11.128
2935,2936,11.128
2935,2937,28.789
2937,2935,28.789
627,5142,11.918
5142,627,11.918
5142,7202,31.680
7202,5142,31.680
7202,628,1.943
628,7202,1.943
2360,10543,9.697
10543,2360,9.697
10543,8897,49.106
8897,10543,49.106
8897,10541,91.053
10541,8897,91.053
10541,2357,8.767
2357,10541,8.767
2357,742,170.574
742,2357,170.574
2101,266,19.320
266,2101,19.320
2976,2978,7.987
2978,2976,7.987
2975,2977,5.030
2977,2975,5.030
2977,2976,1.442
2976,2977,1.442
896,3814,116.806
3814,896,116.806
5473,2256,15.809
2256,5473,15.809
2256,2254,4.129
2254,2256,4.129
2254,2255,24.427
2255,2254,24.427
2255,2252,20.585
2252,2255,20.585
2986,9364,8.904
9364,2986,8.904
9364,2985,2.888
2985,9364,2.888
2985,2983,7.907
2983,2985,7.907
2983,2982,5.536
2982,2983,5.536
2982,2981,8.348
2981,2982,8.348
2981,9363,3.230
9363,2981,3.230
9363,2984,8.482
2984,9363,8.482
5830,2318,10.052
2318,5830,10.052
2318,2317,51.397
2317,2318,51.397
2317,5831,15.998
5831,2317,15.998
5831,2319,49.852
2319,5831,49.852
2149,10511,6.146
10511,2149,6.146
10511,10509,6.040
10509,10511,6.040
2528,9691,5.152
9691,2528,5.152
9691,1934,7.726
1934,9691,7.726
10555,3003,4.834
3003,10555,4.834
3003,2998,40.313
2998,3003,40.313
2998,3000,2.261
3000,2998,2.261
3000,10496,1.645
10496,3000,1.645
10496,10497,1.462
10497,10496,1.462
10497,2996,2.031
2996,10497,2.031
2996,7613,10.949
7613,2996,10.949
7613,2997,1.586
2997,7613,1.586
2997,10495,1.490
10495,2997,1.490
10495,2999,1.500
2999,10495,1.500
2999,3001,1.774
3001,2999,1.774
3001,7615,28.180
7615,3001,28.180
7615,3002,12.154
3002,7615,12.154
3002,10554,4.444
10554,3002,4.444
1802,1983,9.325
1983,1802,9.325
1983,9612,30.312
9612,1983,30.312
9612,3735,5.113
3735,9612,5.113
3735,699,8.185
699,3735,8.185
699,11483,9.169
11483,699,9.169
11483,44,9.000
44,11483,9.000
2642,6986,22.883
6986,2642,22.883
1801,1987,9.843
1987,1801,9.843
1987,350,15.937
350,1987,15.937
350,331,8.016
331,350,8.016
331,1986,5.641
1986,331,5.641
1986,351,12.092
351,1986,12.092
12868,3021,27.285
3021,12868,27.285
3026,9687,6.118
9687,3026,6.118
9687,7144,2.221
7144,9687,2.221
1455,10334,6.465
10334,1455,6.465
10334,3710,7.033
3710,10334,7.033
3710,10609,4.333
10609,3710,4.333
10609,5227,4.642
5227,10609,4.642
3041,207,15.103
207,3041,15.103
8402,6888,7.860
6888,8402,7.860
6888,9418,7.098
9418,6888,7.098
9418,6889,1.632
6889,9418,1.632
6889,6890,8.829
6890,6889,8.829
3262,3065,7.796
3065,3262,7.796
3065,3064,6.355
3064,3065,6.355
3064,3066,5.147
3066,3064,5.147
3066,3062,14.284
3062,3066,14.284
3062,3063,24.039
3063,3062,24.039
2122,10766,3.503
10766,2122,3.503
10766,4448,2.325
4448,10766,2.325
514,3070,6.069
3070,514,6.069
3070,3071,9.069
3071,3070,9.069
3071,12567,3.110
12567,3071,3.110
3112,1536,1.670
1536,3112,1.670
539,3016,5.639
3016,539,5.639
3016,3015,19.794
3015,3016,19.794
3015,544,16.029
544,3015,16.029
544,3130,11.933
3130,544,11.933
3130,3014,80.329
3014,3130,80.329
3014,252,2.373
252,3014,2.373
252,1537,39.387
1537,252,39.387
1537,5203,7.368
5203,1537,7.368
5203,3013,2.439
3013,5203,2.439
3013,3112,3.768
3112,3013,3.768
1536,3111,6.425
3111,1536,6.425
3111,10263,2.360
10263,3111,2.360
10263,5204,9.874
5204,10263,9.874
5204,1965,7.281
1965,5204,7.281
1965,2440,46.151
2440,1965,46.151
2440,3126,76.637
3126,2440,76.637
3126,543,18.017
543,3126,18.017
543,3017,17.824
3017,543,17.824
3017,3129,16.920
3129,3017,16.920
3129,539,10.024
539,3129,10.024
177,7349,32.389
7349,177,32.389
3135,10952,6.485
10952,3135,6.485
10952,4892,11.502
4892,10952,11.502
4892,10949,1.714
10949,4892,1.714
10949,3150,1.202
3150,10949,1.202
3150,5071,3.213
5071,3150,3.213
5,6,119.567
6,5,119.567
3224,3225,9.994
3225,3224,9.994
267,10154,5.507
10154,267,5.507
10154,5155,2.877
5155,10154,2.877
5155,2930,17.308
2930,5155,17.308
2930,8957,27.831
8957,2930,27.831
8957,7655,27.824
7655,8957,27.824
7655,6217,15.884
6217,7655,15.884
6217,2885,8.668
2885,6217,8.668
2885,6218,8.449
6218,2885,8.449
6218,3224,53.079
3224,6218,53.079
3224,2476,34.083
2476,3224,34.083
2476,215,8.097
215,2476,8.097
215,2487,6.672
2487,215,6.672
800,12772,51.655
12772,800,51.655
12772,6199,45.546
6199,12772,45.546
6199,9990,87.859
9990,6199,87.859
9990,799,9.602
799,9990,9.602
1501,12955,28.528
12955,1501,28.528
104,1842,12.705
1842,104,12.705
1842,2570,70.749
2570,1842,70.749
2570,12950,37.746
12950,2570,37.746
3228,6920,13.656
6920,3228,13.656
6920,3230,0.781
3230,6920,0.781
3229,4734,16.915
4734,3229,16.915
3230,11390,3.369
11390,3230,3.369
11390,392,6.320
392,11390,6.320
4734,391,3.474
391,4734,3.474
12789,12792,7.445
12792,12789,7.445
12792,2962,4.103
2962,12792,4.103
2962,12790,0.664
12790,2962,0.664
12790,7075,18.226
7075,12790,18.226
7075,7074,19.466
7074,7075,19.466
7074,12218,9.395
12218,7074,9.395
3231,12902,31.664
12902,3231,31.664
12902,7976,24.488
7976,12902,24.488
7976,1334,25.891
1334,7976,25.891
1334,12907,2.946
12907,1334,2.946
12907,12903,27.611
12903,12907,27.611
12903,1335,19.421
1335,12903,19.421
8214,2676,10.143
2676,8214,10.143
3235,5532,6.025
5532,3235,6.025
5532,3236,6.324
3236,5532,6.324
3236,3260,7.111
3260,3236,7.111
3260,3255,9.929
3255,3260,9.929
521,3256,2.823
3256,521,2.823
3256,3251,10.795
3251,3256,10.795
3251,12520,31.518
12520,3251,31.518
516,3085,1.988
3085,516,1.988
3085,6505,10.744
6505,3085,10.744
3287,7792,3.762
7792,3287,3.762
7792,7791,3.884
7791,7792,3.884
7791,3288,3.377
3288,7791,3.377
3288,4669,2.768
4669,3288,2.768
4669,4668,3.603
4668,4669,3.603
4668,4667,2.326
4667,4668,2.326
2779,3293,12.132
3293,2779,12.132
3293,9515,3.296
9515,3293,3.296
9515,6746,2.721
6746,9515,2.721
6746,8367,2.826
8367,6746,2.826
8367,3295,4.882
3295,8367,4.882
3295,3290,14.334
3290,3295,14.334
3290,182,16.929
182,3290,16.929
8440,6751,15.134
6751,8440,15.134
6751,6754,75.713
6754,6751,75.713
6754,6756,85.766
6756,6754,85.766
6756,8466,10.412
8466,6756,10.412
3299,237,153.716
237,3299,153.716
1292,9294,4.199
9294,1292,4.199
9294,9295,3.450
9295,9294,3.450
9295,12208,38.576
12208,9295,38.576
12208,12322,13.878
12322,12208,13.878
352,3962,37.632
3962,352,37.632
3962,2741,116.803
2741,3962,116.803
2741,12763,22.210
12763,2741,22.210
12763,6879,7.277
6879,12763,7.277
3315,3314,6.583
3314,3315,6.583
1345,3376,7.513
3376,1345,7.513
3376,5643,4.540
5643,3376,4.540
1920,9211,5.768
9211,1920,5.768
9211,2237,5.131
2237,9211,5.131
3322,5179,6.105
5179,3322,6.105
5179,3321,1.755
3321,5179,1.755
3321,3323,13.537
3323,3321,13.537
3323,1935,7.084
1935,3323,7.084
3428,3326,22.066
3326,3428,22.066
3327,4505,1.726
4505,3327,1.726
4505,9811,5.189
9811,4505,5.189
9811,3329,18.595
3329,9811,18.595
5779,11120,12.271
11120,5779,12.271
11120,5787,4.304
5787,11120,4.304
9242,9578,2.902
9578,9242,2.902
9578,9283,2.691
9283,9578,2.691
9283,1917,4.622
1917,9283,4.622
1917,9579,4.154
9579,1917,4.154
9579,9282,3.971
9282,9579,3.971
9282,3339,5.078
3339,9282,5.078
3339,9281,8.093
9281,3339,8.093
9281,5132,7.593
5132,9281,7.593
5132,4457,3.312
4457,5132,3.312
4457,1918,1.496
1918,4457,1.496
3338,4452,1.577
4452,3338,1.577
4452,5130,4.949
5130,4452,4.949
5130,1915,10.356
1915,5130,10.356
1915,10488,30.181
10488,1915,30.181
10488,3341,26.047
3341,10488,26.047
3341,4080,10.785
4080,3341,10.785
9010,8855,1.541
8855,9010,1.541
8855,10016,2.626
10016,8855,2.626
10016,3363,5.291
3363,10016,5.291
3363,8337,5.767
8337,3363,5.767
8337,8340,10.245
8340,8337,10.245
8340,3488,4.563
3488,8340,4.563
3488,10626,5.622
10626,3488,5.622
10626,8856,15.149
8856,10626,15.149
9869,3368,22.446
3368,9869,22.446
3368,3367,44.110
3367,3368,44.110
3367,3366,41.352
3366,3367,41.352
3366,9870,17.570
9870,3366,17.570
9870,8854,14.881
8854,9870,14.881
8854,10547,7.451
10547,8854,7.451
10547,10546,23.298
10546,10547,23.298
3377,3378,14.334
3378,3377,14.334
3378,3379,9.116
3379,3378,9.116
10445,3377,45.876
3377,10445,45.876
3380,3549,12.578
3549,3380,12.578
3549,3553,39.490
3553,3549,39.490
3553,3551,6.123
3551,3553,6.123
3551,3552,6.931
3552,3551,6.931
3552,3550,18.270
3550,3552,18.270
3550,3549,26.838
3549,3550,26.838
3381,3385,4.268
3385,3381,4.268
3384,4427,1.758
4427,3384,1.758
4427,5178,8.140
5178,4427,8.140
5178,1138,9.758
1138,5178,9.758
1138,4947,9.088
4947,1138,9.088
4947,8346,16.622
8346,4947,16.622
8346,1136,42.708
1136,8346,42.708
1136,3441,15.698
3441,1136,15.698
3441,1135,17.619
1135,3441,17.619
1135,3381,45.728
3381,1135,45.728
3381,9889,15.847
9889,3381,15.847
9889,1137,4.246
1137,9889,4.246
1137,9678,9.586
9678,1137,9.586
9678,3387,4.991
3387,9678,4.991
3387,3382,5.997
3382,3387,5.997
2544,6119,56.577
6119,2544,56.577
6119,5539,64.179
5539,6119,64.179
5539,8853,6.253
8853,5539,6.253
8853,1856,5.151
1856,8853,5.151
1856,629,9.052
629,1856,9.052
2543,2545,14.329
2545,2543,14.329
2545,353,44.611
353,2545,44.611
353,289,89.939
289,353,89.939
5816,7356,6.687
7356,5816,6.687
7356,3572,9.257
3572,7356,9.257
3572,8655,4.553
8655,3572,4.553
8655,9284,7.414
9284,8655,7.414
3400,3409,5.802
3409,3400,5.802
3411,3400,15.969
3400,3411,15.969
3401,3410,7.780
3410,3401,7.780
3410,3408,6.007
3408,3410,6.007
3408,3402,5.732
3402,3408,5.732
3402,3412,4.021
3412,3402,4.021
3404,3401,14.431
3401,3404,14.431
3403,3406,6.747
3406,3403,6.747
3406,3411,16.483
3411,3406,16.483
3407,3404,11.839
3404,3407,11.839
3412,3405,4.784
3405,3412,4.784
3405,3403,13.998
3403,3405,13.998
3416,3574,7.635
3574,3416,7.635
3574,3415,12.291
3415,3574,12.291
3415,11971,57.179
11971,3415,57.179
11971,8857,2.783
8857,11971,2.783
8857,3418,10.821
3418,8857,10.821
3427,7529,1.389
7529,3427,1.389
7529,9813,2.711
9813,7529,2.711
9813,7236,1.812
7236,9813,1.812
7236,7237,0.755
7237,7236,0.755
7237,3426,2.437
3426,7237,2.437
3426,8973,35.054
8973,3426,35.054
8973,1695,3.664
1695,8973,3.664
1695,2038,4.652
2038,1695,4.652
2038,3419,2.932
3419,2038,2.932
3419,8974,4.398
8974,3419,4.398
8974,3423,6.172
3423,8974,6.172
3423,3422,31.072
3422,3423,31.072
3422,9814,2.293
9814,3422,2.293
9814,4508,2.973
4508,9814,2.973
4508,3421,1.387
3421,4508,1.387
756,3419,8.936
3419,756,8.936
3423,11565,35.567
11565,3423,35.567
11565,3425,17.195
3425,11565,17.195
3425,9815,2.200
9815,3425,2.200
9815,4510,4.127
4510,9815,4.127
4510,3424,1.561
3424,4510,1.561
3420,7245,8.993
7245,3420,8.993
7245,4509,3.828
4509,7245,3.828
3326,3881,12.553
3881,3326,12.553
3429,3432,7.968
3432,3429,7.968
3431,9804,6.841
9804,3431,6.841
9804,3430,1.924
3430,9804,1.924
3430,3429,11.293
3429,3430,11.293
1911,5662,6.307
5662,1911,6.307
2634,3433,5.185
3433,2634,5.185
3433,3434,3.801
3434,3433,3.801
3437,3439,12.572
3439,3437,12.572
3439,3436,28.433
3436,3439,28.433
3441,12689,6.441
12689,3441,6.441
12689,3440,1.700
3440,12689,1.700
3445,3446,21.878
3446,3445,21.878
3446,3444,6.674
3444,3446,6.674
760,9616,15.148
9616,760,15.148
3448,112,4.448
112,3448,4.448
3450,3449,23.686
3449,3450,23.686
10533,10534,38.784
10534,10533,38.784
10535,3453,41.915
3453,10535,41.915
3453,3454,16.841
3454,3453,16.841
9833,3458,2.566
3458,9833,2.566
3458,3457,5.333
3457,3458,5.333
705,1853,11.233
1853,705,11.233
1853,9954,1.713
9954,1853,1.713
9954,3656,0.655
3656,9954,0.655
3656,3620,25.528
3620,3656,25.528
3620,9899,3.095
9899,3620,3.095
9899,500,2.792
500,9899,2.792
500,498,25.378
498,500,25.378
498,499,29.005
499,498,29.005
499,10254,2.310
10254,499,2.310
10254,9898,1.877
9898,10254,1.877
9898,10255,1.850
10255,9898,1.850
10255,3619,2.465
3619,10255,2.465
3619,9955,22.267
9955,3619,22.267
9955,3657,0.591
3657,9955,0.591
3657,1852,2.786
1852,3657,2.786
1852,706,10.913
706,1852,10.913
491,213,37.386
213,491,37.386
3465,3466,26.856
3466,3465,26.856
3462,4803,9.397
4803,3462,9.397
4803,3464,3.325
3464,4803,3.325
364,1538,17.645
1538,364,17.645
3464,3465,14.109
3465,3464,14.109
3466,3463,4.201
3463,3466,4.201
1353,3475,5.631
3475,1353,5.631
3475,3472,28.208
3472,3475,28.208
3472,3473,8.511
3473,3472,8.511
3473,3476,7.382
3476,3473,7.382
3476,3477,15.762
3477,3476,15.762
3477,3474,7.404
3474,3477,7.404
3474,3479,2.092
3479,3474,2.092
3478,3480,2.105
3480,3478,2.105
3480,1407,7.242
1407,3480,7.242
1407,1410,10.166
1410,1407,10.166
1410,1409,5.550
1409,1410,5.550
1409,1408,32.322
1408,1409,32.322
1408,1353,14.081
1353,1408,14.081
3950,12624,3.245
12624,3950,3.245
12624,12124,43.582
12124,12624,43.582
12124,1575,5.254
1575,12124,5.254
3483,3469,8.484
3469,3483,8.484
3469,12786,4.838
12786,3469,4.838
12786,4242,4.090
4242,12786,4.090
4242,6189,7.352
6189,4242,7.352
3483,4516,4.033
4516,3483,4.033
3486,4459,1.483
4459,3486,1.483
4459,5133,8.674
5133,4459,8.674
3090,864,15.809
864,3090,15.809
565,3494,32.671
3494,565,32.671
3496,1057,7.818
1057,3496,7.818
856,10582,34.535
10582,856,34.535
10582,3435,3.112
3435,10582,3.112
899,11546,3.888
11546,899,3.888
11546,3512,30.610
3512,11546,30.610
3516,3517,16.881
3517,3516,16.881
3539,3538,8.465
3538,3539,8.465
3538,5751,89.813
5751,3538,89.813
5751,3540,82.108
3540,5751,82.108
992,5750,9.143
5750,992,9.143
5750,3525,5.204
3525,5750,5.204
3525,3526,7.151
3526,3525,7.151
3541,9564,76.560
9564,3541,76.560
9564,2655,5.365
2655,9564,5.365
2655,22,13.724
22,2655,13.724
1385,7262,2.176
7262,1385,2.176
7262,3268,3.982
3268,7262,3.982
3268,273,1.990
273,3268,1.990
1085,2135,11.165
2135,1085,11.165
2135,1078,11.773
1078,2135,11.773
2298,6153,11.484
6153,2298,11.484
6153,3759,6.707
3759,6153,6.707
3759,3758,12.297
3758,3759,12.297
3758,8600,7.663
8600,3758,7.663
8600,3757,12.383
3757,8600,12.383
3757,3756,9.209
3756,3757,9.209
3756,2296,11.059
2296,3756,11.059
1041,3559,38.099
3559,1041,38.099
3559,12175,26.630
12175,3559,26.630
3548,3547,13.820
3547,3548,13.820
3547,1084,12.294
1084,3547,12.294
5569,773,30.010
773,5569,30.010
3559,8353,7.742
8353,3559,7.742
8353,3558,6.010
3558,8353,6.010
3558,3560,11.533
3560,3558,11.533
975,3615,16.892
3615,975,16.892
3615,2723,13.875
2723,3615,13.875
3566,2179,25.242
2179,3566,25.242
3569,3568,3.586
3568,3569,3.586
3568,4820,3.508
4820,3568,3.508
4820,5868,3.727
5868,4820,3.727
5868,5630,3.600
5630,5868,3.600
5630,3567,4.297
3567,5630,4.297
3567,5869,5.763
5869,3567,5.763
5869,3570,5.929
3570,5869,5.929
6237,6236,20.820
6236,6237,20.820
6236,6658,9.947
6658,6236,9.947
6658,11421,12.947
11421,6658,12.947
11421,6233,1.428
6233,11421,1.428
6233,9963,8.748
9963,6233,8.748
9963,6232,15.248
6232,9963,15.248
6232,6656,7.247
6656,6232,7.247
6656,6655,15.553
6655,6656,15.553
6655,6657,16.517
6657,6655,16.517
6657,6234,1.149
6234,6657,1.149
6234,9964,24.699
9964,6234,24.699
9964,6235,11.682
6235,9964,11.682
6235,6654,7.986
6654,6235,7.986
6654,6240,24.922
6240,6654,24.922
6240,6653,11.362
6653,6240,11.362
6653,3386,3.791
3386,6653,3.791
3578,9681,3.665
9681,3578,3.665
9681,2087,6.342
2087,9681,6.342
2150,3578,6.699
3578,2150,6.699
2118,2149,0.964
2149,2118,0.964
3386,2150,7.923
2150,3386,7.923
3577,2384,26.558
2384,3577,26.558
2384,2015,16.546
2015,2384,16.546
719,2871,33.673
2871,719,33.673
2871,5901,20.785
5901,2871,20.785
5901,721,7.298
721,5901,7.298
10920,10953,1.683
10953,10920,1.683
10953,2113,8.908
2113,10953,8.908
2048,10117,6.220
10117,2048,6.220
10117,9179,1.558
9179,10117,1.558
9179,3148,6.162
3148,9179,6.162
3696,3587,15.737
3587,3696,15.737
3586,4703,8.019
4703,3586,8.019
4703,9956,2.714
9956,4703,2.714
9956,3696,5.664
3696,9956,5.664
22,5217,16.393
5217,22,16.393
5217,43,22.917
43,5217,22.917
22,676,11.521
676,22,11.521
3598,3599,14.488
3599,3598,14.488
3599,2728,14.095
2728,3599,14.095
2728,2733,13.164
2733,2728,13.164
2733,2736,16.225
2736,2733,16.225
2736,2732,11.615
2732,2736,11.615
2732,2735,16.633
2735,2732,16.633
2735,2731,11.170
2731,2735,11.170
2731,5114,12.763
5114,2731,12.763
2121,6444,1.131
6444,2121,1.131
6444,9476,2.476
9476,6444,2.476
9476,1943,48.327
1943,9476,48.327
1943,4578,82.784
4578,1943,82.784
4578,1945,4.640
1945,4578,4.640
9970,2967,3.104
2967,9970,3.104
2967,3715,1.798
3715,2967,1.798
2301,1101,7.089
1101,2301,7.089
1101,5236,2.647
5236,1101,2.647
5236,2293,5.841
2293,5236,5.841
942,1561,5.988
1561,942,5.988
1561,3255,22.758
3255,1561,22.758
3255,12206,35.181
12206,3255,35.181
2151,3241,5.620
3241,2151,5.620
3241,5407,5.883
5407,3241,5.883
5407,3246,19.996
3246,5407,19.996
3246,3261,21.688
3261,3246,21.688
944,4487,4.584
4487,944,4.584
4487,3631,3.888
3631,4487,3.888
3631,52,2.958
52,3631,2.958
52,3630,6.270
3630,52,6.270
3630,424,6.965
424,3630,6.965
506,4806,30.350
4806,506,30.350
2752,4682,11.400
4682,2752,11.400
4682,8534,27.382
8534,4682,27.382
8534,5334,14.554
5334,8534,14.554
5334,11917,3.251
11917,5334,3.251
11917,8538,15.274
8538,11917,15.274
8538,1296,4.232
1296,8538,4.232
1296,2730,32.711
2730,1296,32.711
2730,8531,4.870
8531,2730,4.870
8531,8520,24.364
8520,8531,24.364
8520,8526,15.890
8526,8520,15.890
8526,6837,40.332
6837,8526,40.332
6837,5333,8.090
5333,6837,8.090
5333,243,38.512
243,5333,38.512
3653,9896,42.011
9896,3653,42.011
9896,3651,67.329
3651,9896,67.329
3643,3648,10.694
3648,3643,10.694
3648,3650,6.372
3650,3648,6.372
3647,10614,8.555
10614,3647,8.555
10614,3646,79.838
3646,10614,79.838
3646,3652,28.294
3652,3646,28.294
3652,7497,118.059
7497,3652,118.059
7497,3651,48.564
3651,7497,48.564
3651,5281,20.679
5281,3651,20.679
5281,11431,24.303
11431,5281,24.303
11431,11433,2.109
11433,11431,2.109
11433,3644,2.141
3644,11433,2.141
3644,11434,2.493
11434,3644,2.493
11434,11432,2.608
11432,11434,2.608
11432,11435,2.029
11435,11432,2.029
11435,11430,2.086
11430,11435,2.086
11430,9897,57.238
9897,11430,57.238
9897,3654,42.363
3654,9897,42.363
3654,9894,20.672
9894,3654,20.672
9894,3653,25.900
3653,9894,25.900
3653,11436,13.644
11436,3653,13.644
11436,3643,65.750
3643,11436,65.750
3643,3642,39.691
3642,3643,39.691
3650,4203,36.794
4203,3650,36.794
4203,3649,43.944
3649,4203,43.944
3649,3645,27.770
3645,3649,27.770
3645,7496,7.784
7496,3645,7.784
7496,7495,9.036
7495,7496,9.036
7495,3650,36.169
3650,7495,36.169
86,4232,7.155
4232,86,7.155
1215,107,21.542
107,1215,21.542
107,106,33.073
106,107,33.073
106,9062,7.971
9062,106,7.971
9062,105,17.368
105,9062,17.368
105,85,19.285
85,105,19.285
30,11528,20.307
11528,30,20.307
11528,1141,7.763
1141,11528,7.763
1141,2843,27.070
2843,1141,27.070
2843,6846,3.264
6846,2843,3.264
6846,343,6.146
343,6846,6.146
3671,3669,6.870
3669,3671,6.870
3669,3667,4.879
3667,3669,4.879
3667,3663,4.430
3663,3667,4.430
3663,3661,3.538
3661,3663,3.538
3661,3662,4.475
3662,3661,4.475
3674,8774,1.179
8774,3674,1.179
8774,2495,7.251
2495,8774,7.251
6587,6588,2.666
6588,6587,2.666
6588,3677,2.673
3677,6588,2.673
3677,3679,2.459
3679,3677,2.459
3679,3681,2.459
3681,3679,2.459
3681,3682,2.461
3682,3681,2.461
3682,3684,2.455
3684,3682,2.455
3684,3686,2.467
3686,3684,2.467
3686,3688,2.450
3688,3686,2.450
3688,6584,2.469
6584,3688,2.469
6584,6585,2.451
6585,6584,2.451
6585,6586,2.464
6586,6585,2.464
6586,3690,2.456
3690,6586,2.456
3690,3689,2.669
3689,3690,2.669
3689,3687,2.668
3687,3689,2.668
3687,3685,2.669
3685,3687,2.669
3685,3683,2.672
3683,3685,2.672
3683,3680,2.661
3680,3683,2.661
3680,3678,2.671
3678,3680,2.671
3678,6587,2.674
6587,3678,2.674
2811,3676,3.640
3676,2811,3.640
3676,3677,14.675
3677,3676,14.675
3690,3691,16.101
3691,3690,16.101
3699,3700,9.712
3700,3699,9.712
3706,5877,5.324
5877,3706,5.324
5877,3703,14.013
3703,5877,14.013
3703,3704,10.221
3704,3703,10.221
8505,11617,3.651
11617,8505,3.651
11617,5628,3.843
5628,11617,3.843
5628,197,8.067
197,5628,8.067
41,11009,0.851
11009,41,0.851
11009,7193,6.378
7193,11009,6.378
7193,10991,2.374
10991,7193,2.374
10991,4302,8.761
4302,10991,8.761
4302,7085,56.062
7085,4302,56.062
1129,2484,5.384
2484,1129,5.384
2484,8767,10.028
8767,2484,10.028
8767,7688,53.230
7688,8767,53.230
7688,2097,32.825
2097,7688,32.825
2097,6893,26.576
6893,2097,26.576
6893,7486,0.470
7486,6893,0.470
7486,3437,2.226
3437,7486,2.226
3437,6135,31.530
6135,3437,31.530
6135,3438,24.311
3438,6135,24.311
3438,6865,14.188
6865,3438,14.188
6865,4430,5.553
4430,6865,5.553
4430,2119,1.521
2119,4430,1.521
2659,8062,4.496
8062,2659,4.496
8062,2690,19.645
2690,8062,19.645
2690,12651,37.207
12651,2690,37.207
12651,11139,8.149
11139,12651,8.149
11139,230,5.201
230,11139,5.201
230,11140,5.087
11140,230,5.087
11140,6947,53.514
6947,11140,53.514
6947,6616,94.773
6616,6947,94.773
6616,6115,12.667
6115,6616,12.667
6115,6116,6.596
6116,6115,6.596
6116,6948,36.133
6948,6116,36.133
6948,3505,45.607
3505,6948,45.607
3505,271,4.814
271,3505,4.814
271,3504,7.080
3504,271,7.080
3504,9602,39.886
9602,3504,39.886
9602,1232,46.122
1232,9602,46.122
1232,6949,16.736
6949,1232,16.736
6949,5110,18.590
5110,6949,18.590
5110,8043,8.983
8043,5110,8.983
8043,8052,5.523
8052,8043,5.523
8052,8048,19.695
8048,8052,19.695
8048,9940,8.226
9940,8048,8.226
9940,9735,27.963
9735,9940,27.963
9735,1816,7.505
1816,9735,7.505
283,9393,4.208
9393,283,4.208
9393,9367,9.079
9367,9393,9.079
9367,9374,9.424
9374,9367,9.424
9374,2459,8.072
2459,9374,8.072
770,12117,8.004
12117,770,8.004
12117,12958,17.608
12958,12117,17.608
1884,12182,4.728
12182,1884,4.728
12182,11638,3.420
11638,12182,3.420
1114,9360,9.468
9360,1114,9.468
9360,7104,1.002
7104,9360,1.002
7104,4936,2.736
4936,7104,2.736
4936,3303,10.444
3303,4936,10.444
3303,574,7.383
574,3303,7.383
574,2271,9.439
2271,574,9.439
2271,2272,6.066
2272,2271,6.066
2272,4937,8.313
4937,2272,8.313
4937,1826,8.658
1826,4937,8.658
1826,2270,20.302
2270,1826,20.302
2270,1787,16.981
1787,2270,16.981
1787,3306,15.034
3306,1787,15.034
1046,8890,76.020
8890,1046,76.020
8890,3750,37.332
3750,8890,37.332
960,7322,29.927
7322,960,29.927
7322,305,9.289
305,7322,9.289
3825,3819,17.479
3819,3825,17.479
3814,3815,7.154
3815,3814,7.154
3818,3824,11.976
3824,3818,11.976
3822,6191,19.013
6191,3822,19.013
6191,3828,3.662
3828,6191,3.662
3828,6192,3.786
6192,3828,3.786
6192,6194,18.474
6194,6192,18.474
6194,6193,1.922
6193,6194,1.922
6193,3821,2.287
3821,6193,2.287
3821,3827,8.349
3827,3821,8.349
3814,11573,55.530
11573,3814,55.530
11573,483,55.895
483,11573,55.895
3819,3823,14.185
3823,3819,14.185
3827,3825,16.644
3825,3827,16.644
3823,3816,7.297
3816,3823,7.297
3824,3826,10.752
3826,3824,10.752
3826,3820,12.285
3820,3826,12.285
3820,7151,3.326
7151,3820,3.326
7151,3817,5.772
3817,7151,5.772
3815,3818,14.790
3818,3815,14.790
3817,3822,5.710
3822,3817,5.710
641,11049,11.043
11049,641,11.043
11049,11048,6.907
11048,11049,6.907
11048,10392,4.824
10392,11048,4.824
10392,5553,2.400
5553,10392,2.400
5553,90,3.358
90,5553,3.358
3829,3833,111.764
3833,3829,111.764
3833,3832,64.775
3832,3833,64.775
3835,3847,28.388
3847,3835,28.388
3847,6227,15.170
6227,3847,15.170
6227,3845,6.706
3845,6227,6.706
3845,5471,10.310
5471,3845,10.310
5471,3842,17.008
3842,5471,17.008
3842,3836,34.645
3836,3842,34.645
3836,3835,19.960
3835,3836,19.960
3843,7338,5.752
7338,3843,5.752
7338,11170,1.356
11170,7338,1.356
11170,3837,7.481
3837,11170,7.481
3837,3849,7.536
3849,3837,7.536
3849,3834,18.293
3834,3849,18.293
3834,3835,37.793
3835,3834,37.793
3835,3838,12.340
3838,3835,12.340
3838,3844,5.069
3844,3838,5.069
3844,3839,3.578
3839,3844,3.578
3840,6229,2.120
6229,3840,2.120
6229,3846,8.539
3846,6229,8.539
3855,11160,5.925
11160,3855,5.925
11160,3858,1.999
3858,11160,1.999
3853,3851,8.771
3851,3853,8.771
3852,3854,15.849
3854,3852,15.849
3854,3859,10.577
3859,3854,10.577
3859,3857,8.486
3857,3859,8.486
3857,3856,43.849
3856,3857,43.849
3860,11156,6.690
11156,3860,6.690
11156,3852,0.906
3852,11156,0.906
3858,3853,14.951
3853,3858,14.951
2890,11754,10.565
11754,2890,10.565
11754,6270,10.643
6270,11754,10.643
6270,6271,5.353
6271,6270,5.353
6271,8324,5.523
8324,6271,5.523
8324,2956,6.805
2956,8324,6.805
2956,6272,7.554
6272,2956,7.554
6272,191,7.391
191,6272,7.391
191,11755,3.704
11755,191,3.704
11755,200,4.460
200,11755,4.460
11759,11760,11.196
11760,11759,11.196
11760,3870,11.109
3870,11760,11.109
3870,11751,7.358
11751,3870,7.358
11751,3871,9.631
3871,11751,9.631
1679,11753,7.335
11753,1679,7.335
11753,11752,4.678
11752,11753,4.678
11752,3874,3.903
3874,11752,3.903
3874,200,4.805
200,3874,4.805
200,11749,3.514
11749,200,3.514
11749,3873,2.944
3873,11749,2.944
3873,11750,3.675
11750,3873,3.675
11750,3871,4.971
3871,11750,4.971
847,1468,17.470
1468,847,17.470
1468,11218,47.054
11218,1468,47.054
11218,848,9.047
848,11218,9.047
848,2587,7.774
2587,848,7.774
2587,873,4.844
873,2587,4.844
3879,10075,57.390
10075,3879,57.390
10075,1562,4.214
1562,10075,4.214
1562,4087,9.012
4087,1562,9.012
11647,722,5.831
722,11647,5.831
722,12647,12.045
12647,722,12.045
12647,12648,18.155
12648,12647,18.155
181,4200,6.267
4200,181,6.267
4200,726,65.767
726,4200,65.767
726,9038,15.010
9038,726,15.010
9038,180,81.319
180,9038,81.319
183,9512,9.341
9512,183,9.341
9512,3354,133.054
3354,9512,133.054
3354,9432,7.096
9432,3354,7.096
9432,846,17.144
846,9432,17.144
3881,9808,1.510
9808,3881,1.510
9808,4504,5.009
4504,9808,5.009
4504,1585,1.435
1585,4504,1.435
3897,3898,14.529
3898,3897,14.529
3899,3900,13.337
3900,3899,13.337
3904,3902,9.352
3902,3904,9.352
3905,3906,24.007
3906,3905,24.007
3907,3908,10.009
3908,3907,10.009
3896,3914,20.726
3914,3896,20.726
3914,3912,5.652
3912,3914,5.652
3912,3910,5.041
3910,3912,5.041
3910,3909,6.319
3909,3910,6.319
3913,3911,6.667
3911,3913,6.667
3911,5806,12.739
5806,3911,12.739
5806,5805,15.023
5805,5806,15.023
5805,3903,33.361
3903,5805,33.361
3903,3901,43.477
3901,3903,43.477
3901,3902,5.382
3902,3901,5.382
3895,3909,8.734
3909,3895,8.734
3909,3907,13.871
3907,3909,13.871
3907,3905,28.965
3905,3907,28.965
3905,3904,10.826
3904,3905,10.826
3904,3894,8.323
3894,3904,8.323
8476,8209,19.320
8209,8476,19.320
8209,3922,31.291
3922,8209,31.291
3922,1104,47.274
1104,3922,47.274
1104,133,11.928
133,1104,11.928
133,1369,22.398
1369,133,22.398
335,5589,10.547
5589,335,10.547
5589,5588,46.728
5588,5589,46.728
5588,6033,11.757
6033,5588,11.757
6033,3923,11.712
3923,6033,11.712
3923,13025,1.708
13025,3923,1.708
13025,5587,1.515
5587,13025,1.515
5587,13026,1.282
13026,5587,1.282
13026,3924,2.896
3924,13026,2.896
3924,3925,16.896
3925,3924,16.896
3925,3927,7.383
3927,3925,7.383
3927,3926,12.344
3926,3927,12.344
3926,11441,29.959
11441,3926,29.959
11441,1733,10.463
1733,11441,10.463
1733,564,2.867
564,1733,2.867
3596,3928,7.767
3928,3596,7.767
3928,12708,45.853
12708,3928,45.853
12708,337,44.746
337,12708,44.746
253,3014,89.472
3014,253,89.472
3596,7527,8.034
7527,3596,8.034
7527,8331,43.450
8331,7527,43.450
8331,7528,37.990
7528,8331,37.990
7528,253,3.946
253,7528,3.946
543,3127,4.329
3127,543,4.329
3127,2267,6.469
2267,3127,6.469
2267,3128,8.570
3128,2267,8.570
3128,544,4.429
544,3128,4.429
965,3929,5.812
3929,965,5.812
3929,9400,41.076
9400,3929,41.076
9400,350,7.455
350,9400,7.455
149,9399,9.002
9399,149,9.002
9399,9395,1.148
9395,9399,1.148
9395,3930,26.887
3930,9395,26.887
3930,3931,34.607
3931,3930,34.607
3931,964,10.442
964,3931,10.442
304,3932,8.215
3932,304,8.215
3932,5240,24.548
5240,3932,24.548
5240,3934,11.577
3934,5240,11.577
3934,363,69.748
363,3934,69.748
11297,8990,54.206
8990,11297,54.206
8990,5768,36.555
5768,8990,36.555
363,12986,72.210
12986,363,72.210
12986,361,4.832
361,12986,4.832
10,4700,6.442
4700,10,6.442
4700,700,13.818
700,4700,13.818
3307,7174,12.915
7174,3307,12.915
7174,3972,4.724
3972,7174,4.724
3972,1767,2.186
1767,3972,2.186
700,11484,13.371
11484,700,13.371
11484,4702,12.444
4702,11484,12.444
4702,699,11.317
699,4702,11.317
44,2077,26.227
2077,44,26.227
699,3936,8.258
3936,699,8.258
3936,3937,12.639
3937,3936,12.639
3937,11299,10.600
11299,3937,10.600
11299,1803,13.635
1803,11299,13.635
3910,3895,10.631
3895,3910,10.631
3895,7753,3.467
7753,3895,3.467
7753,4065,5.778
4065,7753,5.778
3842,3944,4.525
3944,3842,4.525
3944,3945,124.814
3945,3944,124.814
3948,3949,23.208
3949,3948,23.208
3949,9320,9.282
9320,3949,9.282
9324,9323,8.965
9323,9324,8.965
9323,3947,6.059
3947,9323,6.059
3953,3957,7.178
3957,3953,7.178
3957,3952,9.703
3952,3957,9.703
3952,3955,22.617
3955,3952,22.617
3955,3956,8.582
3956,3955,8.582
3956,3954,7.263
3954,3956,7.263
250,7369,26.772
7369,250,26.772
7369,9547,14.840
9547,7369,14.840
9547,2897,1.450
2897,9547,1.450
2897,781,19.117
781,2897,19.117
781,7012,43.359
7012,781,43.359
7012,5463,5.608
5463,7012,5.608
5463,1790,4.006
1790,5463,4.006
1790,11153,1.856
11153,1790,1.856
11153,9575,1.351
9575,11153,1.351
9575,1736,3.571
1736,9575,3.571
563,2128,7.172
2128,563,7.172
1770,1771,7.010
1771,1770,7.010
2128,3959,3.599
3959,2128,3.599
3959,3960,7.431
3960,3959,7.431
3960,3961,4.293
3961,3960,4.293
3961,3958,7.806
3958,3961,7.806
3958,1770,5.527
1770,3958,5.527
3962,12762,8.473
12762,3962,8.473
12762,3963,50.457
3963,12762,50.457
3966,12975,7.910
12975,3966,7.910
12975,3965,1.108
3965,12975,1.108
3965,3964,16.889
3964,3965,16.889
3964,3967,14.499
3967,3964,14.499
1777,12976,7.387
12976,1777,7.387
12976,3968,1.716
3968,12976,1.716
3968,3969,16.948
3969,3968,16.948
3969,3970,11.932
3970,3969,11.932
3973,9355,2.915
9355,3973,2.915
9355,3972,14.783
3972,9355,14.783
2242,6486,2.191
6486,2242,2.191
6486,3973,16.390
3973,6486,16.390
3975,6485,2.353
6485,3975,2.353
6485,3974,12.823
3974,6485,12.823
3974,2241,10.325
2241,3974,10.325
343,2842,35.214
2842,343,35.214
2842,3029,6.790
3029,2842,6.790
211,10569,4.608
10569,211,4.608
10569,3982,5.268
3982,10569,5.268
3982,10868,6.592
10868,3982,6.592
10868,4128,5.605
4128,10868,5.605
4128,10869,5.489
10869,4128,5.489
10869,10870,5.087
10870,10869,5.087
10870,10568,4.216
10568,10870,4.216
10568,669,8.868
669,10568,8.868
25,10889,14.049
10889,25,14.049
10889,4027,9.953
4027,10889,9.953
4027,10888,4.522
10888,4027,4.522
10888,16,6.708
16,10888,6.708
16,10890,4.341
10890,16,4.341
10890,10887,3.616
10887,10890,3.616
10887,10891,9.047
10891,10887,9.047
10891,3980,7.972
3980,10891,7.972
3980,6716,19.264
6716,3980,19.264
6716,3049,3.245
3049,6716,3.245
3049,366,3.465
366,3049,3.465
366,3981,28.162
3981,366,28.162
3977,7301,11.477
7301,3977,11.477
7301,1107,9.826
1107,7301,9.826
1107,4675,15.245
4675,1107,15.245
4675,206,19.317
206,4675,19.317
27,3978,13.122
3978,27,13.122
3978,6712,22.162
6712,3978,22.162
6712,6185,23.057
6185,6712,23.057
6185,11821,62.973
11821,6185,62.973
11821,3976,7.807
3976,11821,7.807
336,6713,15.897
6713,336,15.897
6713,3159,5.718
3159,6713,5.718
3159,3161,2.359
3161,3159,2.359
3161,3160,3.247
3160,3161,3.247
3160,3979,11.341
3979,3160,11.341
3989,3991,6.180
3991,3989,6.180
3983,3990,12.297
3990,3983,12.297
3985,3983,5.821
3983,3985,5.821
3990,3989,6.717
3989,3990,6.717
3989,3987,13.068
3987,3989,13.068
3988,8428,7.186
8428,3988,7.186
8428,3984,33.820
3984,8428,33.820
3984,3986,3.640
3986,3984,3.640
3999,6523,3.884
6523,3999,3.884
6523,6524,3.310
6524,6523,3.310
6524,6525,3.253
6525,6524,3.253
6525,3997,3.380
3997,6525,3.380
3997,6527,8.358
6527,3997,8.358
6527,3995,8.226
3995,6527,8.226
3995,6526,4.052
6526,3995,4.052
6526,3996,7.629
3996,6526,7.629
1645,9312,10.905
9312,1645,10.905
9312,3209,6.650
3209,9312,6.650
3209,1641,4.253
1641,3209,4.253
300,4804,15.863
4804,300,15.863
4804,3999,6.108
3999,4804,6.108
3999,10380,9.558
10380,3999,9.558
10380,3992,30.054
3992,10380,30.054
697,8885,2.815
8885,697,2.815
8885,3099,3.139
3099,8885,3.139
3099,4192,2.691
4192,3099,2.691
694,8882,36.820
8882,694,36.820
8882,2711,5.873
2711,8882,5.873
2711,8886,2.523
8886,2711,2.523
8886,3108,15.918
3108,8886,15.918
3108,47,1.655
47,3108,1.655
206,10967,21.128
10967,206,21.128
10967,5509,6.928
5509,10967,6.928
5509,336,13.315
336,5509,13.315
295,4001,10.666
4001,295,10.666
4001,7437,6.878
7437,4001,6.878
7437,1639,5.089
1639,7437,5.089
1639,7438,5.073
7438,1639,5.073
7438,6569,7.116
6569,7438,7.116
6569,1651,11.030
1651,6569,11.030
1637,1654,18.098
1654,1637,18.098
6877,9957,7.762
9957,6877,7.762
9957,6878,10.122
6878,9957,10.122
6878,6879,22.673
6879,6878,22.673
507,3043,44.374
3043,507,44.374
3043,208,13.654
208,3043,13.654
6887,4002,11.359
4002,6887,11.359
4002,4969,14.152
4969,4002,14.152
4969,4970,56.558
4970,4969,56.558
4970,508,13.461
508,4970,13.461
539,1596,5.539
1596,539,5.539
1596,3702,32.613
3702,1596,32.613
3702,542,21.343
542,3702,21.343
542,2120,60.453
2120,542,60.453
540,6038,14.646
6038,540,14.646
6038,6117,8.809
6117,6038,8.809
6117,1720,16.458
1720,6117,16.458
1720,4003,46.454
4003,1720,46.454
4003,6641,27.561
6641,4003,27.561
6641,9782,24.827
9782,6641,24.827
9782,6642,2.450
6642,9782,2.450
6642,5050,2.413
5050,6642,2.413
5050,3117,5.267
3117,5050,5.267
3117,542,1.601
542,3117,1.601
595,11279,14.439
11279,595,14.439
11279,6284,7.865
6284,11279,7.865
6284,11280,9.735
11280,6284,9.735
11280,6283,9.739
6283,11280,9.739
6283,6282,10.779
6282,6283,10.779
6282,4011,8.720
4011,6282,8.720
4011,6279,91.009
6279,4011,91.009
588,4010,293.654
4010,588,293.654
4005,11293,94.391
11293,4005,94.391
11293,11294,26.221
11294,11293,26.221
2090,13098,9.173
13098,2090,9.173
13098,4903,9.280
4903,13098,9.280
4903,1487,12.454
1487,4903,12.454
4974,10389,8.999
10389,4974,8.999
10389,10388,5.865
10388,10389,5.865
10388,4998,4.384
4998,10388,4.384
4998,8299,4.228
8299,4998,4.228
8299,4997,32.045
4997,8299,32.045
4997,10174,7.696
10174,4997,7.696
10174,10175,7.686
10175,10174,7.686
10175,4975,6.663
4975,10175,6.663
4975,4980,4.631
4980,4975,4.631
4980,4978,5.272
4978,4980,5.272
4978,4977,3.500
4977,4978,3.500
4977,10980,3.169
10980,4977,3.169
10980,10979,2.746
10979,10980,2.746
10979,10978,3.586
10978,10979,3.586
10978,4976,6.161
4976,10978,6.161
236,5534,81.241
5534,236,81.241
5534,2051,6.462
2051,5534,6.462
327,4147,16.021
4147,327,16.021
4147,11221,16.080
11221,4147,16.080
11221,328,6.434
328,11221,6.434
328,5520,52.598
5520,328,52.598
5520,1486,7.325
1486,5520,7.325
1486,4902,4.365
4902,1486,4.365
3299,540,53.374
540,3299,53.374
540,10245,23.288
10245,540,23.288
10245,10567,8.608
10567,10245,8.608
10567,4139,2.785
4139,10567,2.785
4139,10244,8.885
10244,4139,8.885
541,4018,61.886
4018,541,61.886
4018,6039,18.360
6039,4018,18.360
6039,4017,16.463
4017,6039,16.463
4017,540,10.826
540,4017,10.826
236,546,43.129
546,236,43.129
238,4016,7.903
4016,238,7.903
4016,1356,24.302
1356,4016,24.302
1356,236,66.521
236,1356,66.521
545,4092,27.496
4092,545,27.496
1105,2381,15.606
2381,1105,15.606
2381,5771,4.534
5771,2381,4.534
5771,1469,9.796
1469,5771,9.796
1469,7525,70.478
7525,1469,70.478
7525,238,5.419
238,7525,5.419
238,7526,5.721
7526,238,5.721
7526,4015,2.187
4015,7526,2.187
4015,4089,8.603
4089,4015,8.603
4089,545,28.983
545,4089,28.983
649,1583,7.757
1583,649,7.757
1583,11320,9.069
11320,1583,9.069
11320,11321,9.383
11321,11320,9.383
11321,1110,15.920
1110,11321,15.920
1110,4767,11.841
4767,1110,11.841
4019,1685,44.593
1685,4019,44.593
1685,1125,37.544
1125,1685,37.544
10681,976,16.722
976,10681,16.722
976,10682,22.224
10682,976,22.224
10682,4023,32.126
4023,10682,32.126
4023,1748,61.955
1748,4023,61.955
1748,1750,49.811
1750,1748,49.811
1750,3977,41.692
3977,1750,41.692
3976,1751,4.634
1751,3976,4.634
1751,6378,47.847
6378,1751,47.847
6378,6376,8.722
6376,6378,8.722
6376,6551,20.794
6551,6376,20.794
17,10917,12.808
10917,17,12.808
10917,6707,3.024
6707,10917,3.024
6707,10918,2.011
10918,6707,2.011
10918,10919,1.849
10919,10918,1.849
10919,6706,1.933
6706,10919,1.933
6706,10914,3.884
10914,6706,3.884
10914,10915,3.549
10915,10914,3.549
10915,5198,2.913
5198,10915,2.913
5198,10916,2.827
10916,5198,2.827
10916,4024,2.631
4024,10916,2.631
4024,6704,16.964
6704,4024,16.964
6704,3170,10.060
3170,6704,10.060
667,10862,21.784
10862,667,21.784
10862,4127,7.041
4127,10862,7.041
4127,10861,2.945
10861,4127,2.945
10861,10863,2.951
10863,10861,2.951
10863,10864,2.848
10864,10863,2.848
10864,1702,3.614
1702,10864,3.614
593,5895,7.118
5895,593,7.118
5895,592,11.104
592,5895,11.104
592,5896,10.393
5896,592,10.393
5896,71,2.377
71,5896,2.377
71,5898,35.989
5898,71,35.989
5898,10695,14.610
10695,5898,14.610
10695,10697,14.171
10697,10695,14.171
10697,5899,31.990
5899,10697,31.990
5899,11257,30.885
11257,5899,30.885
11257,11256,31.358
11256,11257,31.358
11256,588,41.486
588,11256,41.486
589,11258,50.779
11258,589,50.779
11258,4026,52.087
4026,11258,52.087
4026,11259,16.408
11259,4026,16.408
11259,10696,16.997
10696,11259,16.997
10696,5897,34.696
5897,10696,34.696
5897,593,24.115
593,5897,24.115
11090,1495,9.481
1495,11090,9.481
1495,4982,4.670
4982,1495,4.670
4982,3056,20.132
3056,4982,20.132
3056,4973,32.882
4973,3056,32.882
4973,11068,4.523
11068,4973,4.523
11068,11069,2.391
11069,11068,2.391
11069,11070,1.802
11070,11069,1.802
11070,4981,2.026
4981,11070,2.026
5768,12983,6.795
12983,5768,6.795
12983,7381,60.664
7381,12983,60.664
7381,5881,3.598
5881,7381,3.598
5881,5882,6.547
5882,5881,6.547
5882,776,1.125
776,5882,1.125
47,4735,5.163
4735,47,5.163
4735,697,9.333
697,4735,9.333
550,9398,7.475
9398,550,7.475
9398,4029,45.559
4029,9398,45.559
4029,4028,32.489
4028,4029,32.489
4028,551,23.697
551,4028,23.697
47,3109,1.464
3109,47,1.464
3109,1813,18.344
1813,3109,18.344
546,4091,6.415
4091,546,6.415
4091,1370,14.819
1370,4091,14.819
1370,6118,8.255
6118,1370,8.255
6118,1103,79.100
1103,6118,79.100
1454,5523,12.754
5523,1454,12.754
5523,6276,13.507
6276,5523,13.507
6276,213,15.579
213,6276,15.579
1111,4132,25.232
4132,1111,25.232
4132,3166,9.100
3166,4132,9.100
3166,3167,5.325
3167,3166,5.325
3167,301,4.541
301,3167,4.541
952,4562,1.483
4562,952,1.483
4562,5158,2.553
5158,4562,2.553
5158,6977,8.290
6977,5158,8.290
6977,2642,1.456
2642,6977,1.456
144,1567,11.646
1567,144,11.646
1567,56,16.850
56,1567,16.850
144,1223,5.251
1223,144,5.251
1223,4528,3.066
4528,1223,3.066
4528,950,3.133
950,4528,3.133
2129,6824,1.549
6824,2129,1.549
6824,6823,1.585
6823,6824,1.585
6823,6822,5.465
6822,6823,5.465
6822,4529,23.377
4529,6822,23.377
4529,5156,67.174
5156,4529,67.174
5156,8862,5.734
8862,5156,5.734
8862,57,5.387
57,8862,5.387
9618,4533,2.534
4533,9618,2.534
4533,5171,6.070
5171,4533,6.070
5171,7159,4.759
7159,5171,4.759
7159,10733,95.095
10733,7159,95.095
10733,137,8.071
137,10733,8.071
1532,6120,65.493
6120,1532,65.493
6120,356,8.228
356,6120,8.228
356,10573,94.885
10573,356,94.885
10573,287,5.687
287,10573,5.687
288,220,64.415
220,288,64.415
9653,1840,64.871
1840,9653,64.871
69,12036,7.279
12036,69,7.279
12036,12035,6.596
12035,12036,6.596
12035,12037,7.822
12037,12035,7.822
12037,1812,106.891
1812,12037,106.891
9653,4047,9.107
4047,9653,9.107
4047,4046,6.241
4046,4047,6.241
4046,4793,8.358
4793,4046,8.358
4793,4045,8.856
4045,4793,8.856
4045,4792,11.434
4792,4045,11.434
4792,4040,59.837
4040,4792,59.837
4040,4039,10.083
4039,4040,10.083
4039,4037,8.802
4037,4039,8.802
4037,4036,11.980
4036,4037,11.980
4036,4784,7.896
4784,4036,7.896
4784,4034,6.810
4034,4784,6.810
4034,4783,6.441
4783,4034,6.441
4783,4032,5.850
4032,4783,5.850
4032,4782,9.683
4782,4032,9.683
4782,4031,10.459
4031,4782,10.459
4031,4033,11.234
4033,4031,11.234
4033,4785,7.774
4785,4033,7.774
4785,4035,7.317
4035,4785,7.317
4035,4038,15.360
4038,4035,15.360
4038,4041,50.427
4041,4038,50.427
4041,4787,4.659
4787,4041,4.659
4787,4042,4.740
4042,4787,4.740
4042,4789,4.050
4789,4042,4.050
4789,4790,3.724
4790,4789,3.724
4790,4043,4.947
4043,4790,4.947
4043,9004,3.975
9004,4043,3.975
53,5121,17.906
5121,53,17.906
5121,1954,67.618
1954,5121,67.618
4517,12387,6.389
12387,4517,6.389
12387,2614,4.675
2614,12387,4.675
2614,450,4.356
450,2614,4.356
450,12386,4.557
12386,450,4.557
12386,12397,20.199
12397,12386,20.199
12397,12215,26.604
12215,12397,26.604
879,5287,5.836
5287,879,5.836
4049,9408,8.146
9408,4049,8.146
9408,5552,12.060
5552,9408,12.060
5552,970,4.831
970,5552,4.831
970,4150,4.663
4150,970,4.663
4150,9406,2.894
9406,4150,2.894
9406,2583,3.135
2583,9406,3.135
2583,9407,2.861
9407,2583,2.861
9407,4151,3.727
4151,9407,3.727
4151,638,7.572
638,4151,7.572
27,3031,10.129
3031,27,10.129
4051,3012,12.825
3012,4051,12.825
31,3050,10.723
3050,31,10.723
3050,6714,14.359
6714,3050,14.359
6714,7836,12.763
7836,6714,12.763
7836,6552,27.760
6552,7836,27.760
23,3232,1.271
3232,23,1.271
3232,2424,14.261
2424,3232,14.261
2424,4052,13.106
4052,2424,13.106
4052,4770,30.883
4770,4052,30.883
4770,4774,14.880
4774,4770,14.880
4774,4053,59.254
4053,4774,59.254
4053,10319,31.265
10319,4053,31.265
19,4846,23.788
4846,19,23.788
4846,1348,38.475
1348,4846,38.475
1348,4847,40.808
4847,1348,40.808
4847,6086,47.069
6086,4847,47.069
6086,4848,3.388
4848,6086,3.388
4848,11874,30.918
11874,4848,30.918
19,10874,26.075
10874,19,26.075
10874,4055,4.021
4055,10874,4.021
4055,10875,2.843
10875,4055,2.843
10875,10871,2.942
10871,10875,2.942
10871,4900,2.731
4900,10871,2.731
4900,673,11.100
673,4900,11.100
17,10913,7.330
10913,17,7.330
10913,10912,5.627
10912,10913,5.627
10912,4058,4.428
4058,10912,4.428
4058,10911,5.679
10911,4058,5.679
10911,10910,5.014
10910,10911,5.014
10910,4057,3.341
4057,10910,3.341
4057,4056,16.373
4056,4057,16.373
4056,3171,11.638
3171,4056,11.638
1323,12765,10.735
12765,1323,10.735
12765,455,62.499
455,12765,62.499
459,4062,9.672
4062,459,9.672
4062,4061,19.967
4061,4062,19.967
4061,8208,13.330
8208,4061,13.330
8208,8205,3.947
8205,8208,3.947
8205,8183,35.610
8183,8205,35.610
8183,8201,5.021
8201,8183,5.021
8201,8587,40.596
8587,8201,40.596
8587,11592,3.176
11592,8587,3.176
31,6715,15.386
6715,31,15.386
6715,3152,4.658
3152,6715,4.658
3152,3138,2.687
3138,3152,2.687
3138,3144,3.161
3144,3138,3.161
3144,3145,3.681
3145,3144,3.681
3145,666,7.901
666,3145,7.901
666,4063,2.959
4063,666,2.959
4063,10969,2.694
10969,4063,2.694
10969,10970,2.296
10970,10969,2.296
10970,10971,1.639
10971,10970,1.639
10971,292,2.067
292,10971,2.067
10678,11264,6.558
11264,10678,6.558
11264,10982,3.108
10982,11264,3.108
10982,11263,1.740
11263,10982,1.740
11263,3034,1.825
3034,11263,1.825
3034,11262,2.824
11262,3034,2.824
11262,10983,2.575
10983,11262,2.575
10983,10984,3.490
10984,10983,3.490
10984,4060,6.362
4060,10984,6.362
4060,10985,5.298
10985,4060,5.298
10985,11270,2.027
11270,10985,2.027
11270,10679,2.159
10679,11270,2.159
10679,10986,2.783
10986,10679,2.783
10986,10987,2.478
10987,10986,2.478
10987,6905,2.169
6905,10987,2.169
6905,4059,1.812
4059,6905,1.812
4059,10988,2.558
10988,4059,2.558
10988,10989,2.581
10989,10988,2.581
10989,11260,3.761
11260,10989,3.761
11260,2778,7.133
2778,11260,7.133
2778,11261,8.091
11261,2778,8.091
11261,11268,3.207
11268,11261,3.207
11268,11267,3.042
11267,11268,3.042
11267,11266,3.182
11266,11267,3.182
11266,458,2.114
458,11266,2.114
467,4313,32.909
4313,467,32.909
4313,12745,2.821
12745,4313,2.821
12745,468,13.068
468,12745,13.068
1815,5038,6.924
5038,1815,6.924
5038,6152,19.973
6152,5038,19.973
6152,6139,6.391
6139,6152,6.391
6139,6134,23.020
6134,6139,23.020
6134,718,50.102
718,6134,50.102
718,95,3.919
95,718,3.919
95,1876,67.000
1876,95,67.000
91,2333,8.596
2333,91,8.596
2333,2464,24.235
2464,2333,24.235
4069,4071,53.824
4071,4069,53.824
4071,11859,35.523
11859,4071,35.523
4067,4069,37.317
4069,4067,37.317
4069,3337,21.593
3337,4069,21.593
314,2705,3.335
2705,314,3.335
2705,3089,3.521
3089,2705,3.521
3089,124,4.593
124,3089,4.593
934,58,52.547
58,934,52.547
58,2556,11.142
2556,58,11.142
2556,9867,157.381
9867,2556,157.381
9867,856,10.699
856,9867,10.699
2857,8087,2.179
8087,2857,2.179
8087,2858,3.748
2858,8087,3.748
1951,8880,4.277
8880,1951,4.277
8880,4187,8.392
4187,8880,8.392
4187,6431,4.441
6431,4187,4.441
4079,5079,4.198
5079,4079,4.198
5079,8092,7.268
8092,5079,7.268
8092,4078,0.717
4078,8092,0.717
6431,4077,1.192
4077,6431,1.192
4077,5080,8.768
5080,4077,8.768
5080,7472,26.412
7472,5080,26.412
7472,2707,9.631
2707,7472,9.631
2707,7470,9.997
7470,2707,9.997
1918,12495,16.010
12495,1918,16.010
4081,1918,9.874
1918,4081,9.874
4080,5131,5.728
5131,4080,5.728
5131,4456,5.452
4456,5131,5.452
4456,4081,1.707
4081,4456,1.707
4080,3339,12.845
3339,4080,12.845
9269,748,6.531
748,9269,6.531
3435,4471,8.929
4471,3435,8.929
4471,4472,8.953
4472,4471,8.953
4472,128,17.960
128,4472,17.960
4083,10074,8.474
10074,4083,8.474
10074,12201,30.523
12201,10074,30.523
4083,3284,5.529
3284,4083,5.529
3284,4084,6.746
4084,3284,6.746
4087,4086,2.501
4086,4087,2.501
4086,4085,5.031
4085,4086,5.031
4085,3271,4.130
3271,4085,4.130
3271,4083,6.184
4083,3271,6.184
4084,2151,11.796
2151,4084,11.796
942,4088,6.006
4088,942,6.006
4088,4087,7.905
4087,4088,7.905
196,5873,16.449
5873,196,16.449
5873,6739,3.520
6739,5873,3.520
6739,8565,40.370
8565,6739,40.370
918,11175,94.948
11175,918,94.948
11175,917,118.903
917,11175,118.903
39,7080,7.712
7080,39,7.712
7080,7078,4.338
7078,7080,4.338
7078,9021,50.008
9021,7078,50.008
9021,5431,5.375
5431,9021,5.375
5431,5412,80.655
5412,5431,80.655
10228,8429,81.420
8429,10228,81.420
8429,922,21.488
922,8429,21.488
922,2950,5.301
2950,922,5.301
2950,6407,3.566
6407,2950,3.566
6407,2943,3.823
2943,6407,3.823
2943,6408,3.050
6408,2943,3.050
6408,2946,2.869
2946,6408,2.869
2946,484,6.105
484,2946,6.105
1740,11010,5.960
11010,1740,5.960
11010,11011,4.480
11011,11010,4.480
11011,11012,4.272
11012,11011,4.272
11012,11013,3.546
11013,11012,3.546
11013,644,5.842
644,11013,5.842
4090,4092,4.640
4092,4090,4.640
1329,4096,8.900
4096,1329,8.900
4096,12984,11.894
12984,4096,11.894
12984,5768,4.032
5768,12984,4.032
1328,12717,5.146
12717,1328,5.146
12717,12716,42.193
12716,12717,42.193
12716,1329,3.896
1329,12716,3.896
1369,1328,12.335
1328,1369,12.335
212,10116,4.186
10116,212,4.186
10116,3168,7.729
3168,10116,7.729
3168,10108,7.555
10108,3168,7.555
10108,1785,8.871
1785,10108,8.871
1785,4134,6.525
4134,1785,6.525
4134,8342,5.820
8342,4134,5.820
8342,8343,3.896
8343,8342,3.896
8343,77,4.836
77,8343,4.836
48,6833,18.083
6833,48,18.083
6833,1293,15.785
1293,6833,15.785
1293,551,15.788
551,1293,15.788
829,3613,9.909
3613,829,9.909
3613,7211,21.178
7211,3613,21.178
7211,843,49.722
843,7211,49.722
6872,6874,13.379
6874,6872,13.379
6874,6875,13.162
6875,6874,13.162
6875,6877,13.356
6877,6875,13.356
9618,4537,1.832
4537,9618,1.832
4537,5172,1.618
5172,4537,1.618
5172,7162,3.597
7162,5172,3.597
7162,2868,25.722
2868,7162,25.722
2868,780,9.809
780,2868,9.809
2806,10938,2.672
10938,2806,2.672
10938,10934,1.979
10934,10938,1.979
10934,10937,2.481
10937,10934,2.481
10937,10936,1.850
10936,10937,1.850
10936,10935,1.961
10935,10936,1.961
10935,2804,2.665
2804,10935,2.665
2806,12428,4.098
12428,2806,4.098
12428,3137,2.657
3137,12428,2.657
3137,2813,4.146
2813,3137,4.146
2813,10920,2.595
10920,2813,2.595
3148,3139,4.770
3139,3148,4.770
3139,3122,6.162
3122,3139,6.162
3122,10920,1.910
10920,3122,1.910
10920,10925,0.772
10925,10920,0.772
10925,3141,2.382
3141,10925,2.382
3141,10924,3.515
10924,3141,3.515
10924,10921,3.048
10921,10924,3.048
10921,2804,5.436
2804,10921,5.436
2807,3132,15.689
3132,2807,15.689
3132,2815,57.289
2815,3132,57.289
2815,2810,43.357
2810,2815,43.357
2807,3123,6.472
3123,2807,6.472
3123,3124,2.981
3124,3123,2.981
3124,2818,6.205
2818,3124,6.205
4448,3635,1.425
3635,4448,1.425
3635,10762,4.104
10762,3635,4.104
10762,10761,1.960
10761,10762,1.960
10761,10760,1.757
10760,10761,1.757
10760,3482,1.758
3482,10760,1.758
3482,10759,2.645
10759,3482,2.645
10759,4098,2.430
4098,10759,2.430
4098,3414,13.955
3414,4098,13.955
3414,10491,26.255
10491,3414,26.255
1641,1643,5.907
1643,1641,5.907
1643,1644,7.342
1644,1643,7.342
1644,298,8.759
298,1644,8.759
489,9669,8.849
9669,489,8.849
9669,11381,2.276
11381,9669,2.276
11381,10353,46.438
10353,11381,46.438
10353,10358,26.036
10358,10353,26.036
10358,10370,29.977
10370,10358,29.977
10370,1475,50.811
1475,10370,50.811
1475,11213,26.450
11213,1475,26.450
11213,11215,1.666
11215,11213,1.666
11215,11214,13.862
11214,11215,13.862
1487,2265,8.899
2265,1487,8.899
2265,4014,15.182
4014,2265,15.182
4014,10579,13.244
10579,4014,13.244
10579,4013,13.601
4013,10579,13.601
4013,10578,8.923
10578,4013,8.923
10578,2263,8.952
2263,10578,8.952
2263,2266,25.127
2266,2263,25.127
2266,10577,59.975
10577,2266,59.975
10577,4145,50.477
4145,10577,50.477
4145,2261,4.362
2261,4145,4.362
2261,325,8.781
325,2261,8.781
2105,2106,7.785
2106,2105,7.785
2106,2107,49.330
2107,2106,49.330
2107,2108,19.386
2108,2107,19.386
2108,2109,41.768
2109,2108,41.768
2109,6577,24.956
6577,2109,24.956
6577,4945,11.305
4945,6577,11.305
4945,2110,19.340
2110,4945,19.340
2110,6806,8.229
6806,2110,8.229
216,6077,28.075
6077,216,28.075
6077,8958,75.557
8958,6077,75.557
8958,215,5.772
215,8958,5.772
215,6078,81.363
6078,215,81.363
6078,6088,65.456
6088,6078,65.456
6088,4941,15.448
4941,6088,15.448
4941,2104,24.061
2104,4941,24.061
2104,8443,45.664
8443,2104,45.664
8443,2105,7.730
2105,8443,7.730
216,3728,6.048
3728,216,6.048
3728,11177,2.825
11177,3728,2.825
11177,2378,18.602
2378,11177,18.602
2378,10596,31.671
10596,2378,31.671
10596,671,7.043
671,10596,7.043
630,2160,19.530
2160,630,19.530
2160,873,19.864
873,2160,19.864
587,1208,5.642
1208,587,5.642
1208,1672,31.648
1672,1208,31.648
641,6353,25.480
6353,641,25.480
6353,11040,1.490
11040,6353,1.490
11040,642,0.628
642,11040,0.628
2521,9676,6.328
9676,2521,6.328
9676,6660,9.794
6660,9676,9.794
6660,6243,16.416
6243,6660,16.416
6243,2088,15.449
2088,6243,15.449
2088,2321,6.525
2321,2088,6.525
637,11051,2.009
11051,637,2.009
11051,11050,2.388
11050,11051,2.388
11050,4118,4.320
4118,11050,4.320
4118,11882,122.141
11882,4118,122.141
11882,4119,38.165
4119,11882,38.165
4119,7444,56.754
7444,4119,56.754
675,5140,17.356
5140,675,17.356
5140,627,10.848
627,5140,10.848
680,3189,2.407
3189,680,2.407
3189,7269,6.591
7269,3189,6.591
7269,2974,16.092
2974,7269,16.092
21,3200,1.961
3200,21,1.961
3200,7272,10.257
7272,3200,10.257
7272,674,17.414
674,7272,17.414
702,1108,224.169
1108,702,224.169
4120,701,224.102
701,4120,224.102
625,7275,11.441
7275,625,11.441
7275,4120,7.129
4120,7275,7.129
1108,12896,4.832
12896,1108,4.832
12896,7274,2.450
7274,12896,2.450
7274,233,10.975
233,7274,10.975
701,4249,12.016
4249,701,12.016
4249,4248,24.273
4248,4249,24.273
533,3091,1.977
3091,533,1.977
3091,2408,7.224
2408,3091,7.224
2408,2653,28.730
2653,2408,28.730
2653,4121,52.217
4121,2653,52.217
769,12063,8.367
12063,769,8.367
12063,6127,16.803
6127,12063,16.803
6127,4125,100.941
4125,6127,100.941
4125,12121,35.859
12121,4125,35.859
12121,770,5.786
770,12121,5.786
4082,3878,5.378
3878,4082,5.378
959,11338,2.472
11338,959,2.472
11338,11339,2.500
11339,11338,2.500
11339,763,83.199
763,11339,83.199
1438,9298,37.660
9298,1438,37.660
9298,8616,4.364
8616,9298,4.364
8616,51,8.559
51,8616,8.559
831,9063,1.918
9063,831,1.918
9063,85,22.412
85,9063,22.412
85,4235,18.163
4235,85,18.163
87,12948,48.135
12948,87,48.135
1491,5527,3.712
5527,1491,3.712
5527,1675,9.895
1675,5527,9.895
2423,970,85.837
970,2423,85.837
359,3740,26.518
3740,359,26.518
163,12831,12.740
12831,163,12.740
43,9565,20.386
9565,43,20.386
9565,5218,2.395
5218,9565,2.395
5218,676,17.008
676,5218,17.008
3292,8365,7.821
8365,3292,7.821
8365,4154,2.351
4154,8365,2.351
4154,8366,2.128
8366,4154,2.128
8366,4155,5.064
4155,8366,5.064
4155,9516,3.413
9516,4155,3.413
9516,8363,3.395
8363,9516,3.395
8363,4156,1.411
4156,8363,1.411
4156,8364,1.396
8364,4156,1.396
8364,2779,8.289
2779,8364,8.289
616,2426,15.132
2426,616,15.132
273,3276,2.000
3276,273,2.000
3276,1391,5.574
1391,3276,5.574
1391,12796,9.724
12796,1391,9.724
12796,7417,1.813
7417,12796,1.813
7417,3298,15.826
3298,7417,15.826
3298,12616,20.078
12616,3298,20.078
1067,4162,13.644
4162,1067,13.644
4162,272,9.950
272,4162,9.950
6214,8861,14.954
8861,6214,14.954
8861,12622,11.979
12622,8861,11.979
34,4325,4.355
4325,34,4.355
4325,4163,4.127
4163,4325,4.127
4163,4326,4.636
4326,4163,4.636
4326,4164,3.694
4164,4326,3.694
4164,4327,3.381
4327,4164,3.381
4327,4328,3.122
4328,4327,3.122
4328,4165,4.739
4165,4328,4.739
4165,393,6.992
393,4165,6.992
273,8328,4.846
8328,273,4.846
8328,8327,4.951
8327,8328,4.951
8327,8329,4.404
8329,8327,4.404
8329,12200,19.274
12200,8329,19.274
1092,1068,27.396
1068,1092,27.396
282,9370,28.200
9370,282,28.200
9370,9369,18.912
9369,9370,18.912
9369,9371,5.626
9371,9369,5.626
9371,8308,48.639
8308,9371,48.639
282,9373,9.380
9373,282,9.380
9373,4167,10.890
4167,9373,10.890
4167,2458,10.689
2458,4167,10.689
3031,10490,6.953
10490,3031,6.953
10490,3048,1.670
3048,10490,1.670
3048,5507,15.095
5507,3048,15.095
5507,8695,27.004
8695,5507,27.004
8695,4051,49.519
4051,8695,49.519
3012,6628,41.757
6628,3012,41.757
6628,1963,6.063
1963,6628,6.063
1963,8352,29.468
8352,1963,29.468
8352,6,75.893
6,8352,75.893
4168,5508,6.766
5508,4168,6.766
5508,3061,7.162
3061,5508,7.162
3061,27,5.019
27,3061,5.019
4169,3019,27.746
3019,4169,27.746
3019,1782,37.427
1782,3019,37.427
1782,10968,5.295
10968,1782,5.295
10968,4168,5.581
4168,10968,5.581
285,7448,15.107
7448,285,15.107
7448,9378,11.064
9378,7448,11.064
9378,9379,7.636
9379,9378,7.636
9379,9621,7.483
9621,9379,7.483
9621,9381,25.265
9381,9621,25.265
9381,9620,26.946
9620,9381,26.946
9620,9386,16.505
9386,9620,16.505
9386,2052,13.659
2052,9386,13.659
2052,9387,7.577
9387,2052,7.577
9387,9382,7.329
9382,9387,7.329
9382,9385,46.611
9385,9382,46.611
9385,9380,20.376
9380,9385,20.376
1100,11468,8.320
11468,1100,8.320
11468,11479,7.298
11479,11468,7.298
11479,4174,6.858
4174,11479,6.858
4174,5886,90.630
5886,4174,90.630
5886,11472,2.977
11472,5886,2.977
11472,11477,19.947
11477,11472,19.947
11477,13050,53.910
13050,11477,53.910
13050,11478,10.263
11478,13050,10.263
11478,13054,2.798
13054,11478,2.798
13054,13051,2.723
13051,13054,2.723
13051,13055,2.525
13055,13051,2.525
13055,13053,2.213
13053,13055,2.213
13053,13056,2.357
13056,13053,2.357
13056,840,3.287
840,13056,3.287
166,2432,8.878
2432,166,8.878
682,4172,7.713
4172,682,7.713
4172,12835,8.043
12835,4172,8.043
227,11848,1.863
11848,227,1.863
11848,11852,1.818
11852,11848,1.818
11852,11846,1.576
11846,11852,1.576
11846,11850,1.707
11850,11846,1.707
11850,11847,1.645
11847,11850,1.645
11847,11851,1.947
11851,11847,1.947
11851,7795,1.957
7795,11851,1.957
1054,774,36.096
774,1054,36.096
12877,11397,28.535
11397,12877,28.535
774,775,38.739
775,774,38.739
4445,7431,4.554
7431,4445,4.554
7431,7063,6.924
7063,7431,6.924
7063,4182,14.774
4182,7063,14.774
4182,4184,24.182
4184,4182,24.182
4191,6554,96.382
6554,4191,96.382
4192,4736,8.344
4736,4192,8.344
4736,47,4.981
47,4736,4.981
4191,3107,3.256
3107,4191,3.256
3107,5094,1.422
5094,3107,1.422
1549,5480,6.043
5480,1549,6.043
5480,5894,4.093
5894,5480,4.093
5894,1461,3.242
1461,5894,3.242
1461,5893,3.280
5893,1461,3.280
5893,5478,3.426
5478,5893,3.426
5478,1547,3.155
1547,5478,3.155
4193,4194,9.332
4194,4193,9.332
7323,5533,14.784
5533,7323,14.784
5533,2091,33.247
2091,5533,33.247
2044,4513,6.385
4513,2044,6.385
4513,4195,7.619
4195,4513,7.619
4195,4514,6.043
4514,4195,6.043
4514,4196,5.936
4196,4514,5.936
4196,4515,6.723
4515,4196,6.723
4515,4197,6.487
4197,4515,6.487
8387,4440,1.689
4440,8387,1.689
4440,2541,6.324
2541,4440,6.324
2541,787,63.691
787,2541,63.691
1797,2327,21.100
2327,1797,21.100
2326,1697,73.913
1697,2326,73.913
1697,743,10.071
743,1697,10.071
743,12460,22.798
12460,743,22.798
12460,12461,6.963
12461,12460,6.963
12461,12462,6.957
12462,12461,6.957
12462,12463,9.378
12463,12462,9.378
12463,2875,3.379
2875,12463,3.379
2875,1962,7.391
1962,2875,7.391
1042,2751,6.394
2751,1042,6.394
2751,4844,18.878
4844,2751,18.878
4844,5464,42.595
5464,4844,42.595
5464,5465,25.297
5465,5464,25.297
5465,5425,32.676
5425,5465,32.676
5425,5421,20.016
5421,5425,20.016
5421,10260,53.788
10260,5421,53.788
10260,922,18.826
922,10260,18.826
2473,2205,10.984
2205,2473,10.984
2205,987,27.984
987,2205,27.984
987,2204,43.185
2204,987,43.185
2204,985,36.490
985,2204,36.490
985,4704,20.670
4704,985,20.670
4704,1703,43.312
1703,4704,43.312
1703,1437,169.837
1437,1703,169.837
476,10215,13.018
10215,476,13.018
10215,4707,5.679
4707,10215,5.679
4707,919,5.749
919,4707,5.749
919,5908,11.388
5908,919,11.388
5908,4678,2.482
4678,5908,2.482
4678,5907,3.405
5907,4678,3.405
5907,4677,4.239
4677,5907,4.239
4677,4676,6.289
4676,4677,6.289
4676,900,22.489
900,4676,22.489
900,901,93.653
901,900,93.653
9888,698,4.868
698,9888,4.868
281,10297,5.794
10297,281,5.794
10297,11490,96.094
11490,10297,96.094
11490,6053,28.040
6053,11490,28.040
6053,6480,19.147
6480,6053,19.147
6480,10291,52.884
10291,6480,52.884
10291,2247,3.586
2247,10291,3.586
1468,4198,8.904
4198,1468,8.904
4198,4199,7.258
4199,4198,7.258
4199,1467,8.144
1467,4199,8.144
91,5039,6.331
5039,91,6.331
5039,5832,28.702
5832,5039,28.702
5832,2493,45.241
2493,5832,45.241
2493,5844,3.049
5844,2493,3.049
5844,10093,156.263
10093,5844,156.263
10093,7422,3.570
7422,10093,3.570
2423,969,4.441
969,2423,4.441
969,12871,62.890
12871,969,62.890
12871,3022,5.515
3022,12871,5.515
3022,5530,61.567
5530,3022,61.567
5530,1071,14.186
1071,5530,14.186
3729,2516,8.812
2516,3729,8.812
2516,2905,11.866
2905,2516,11.866
2905,12897,8.220
12897,2905,8.220
12897,2812,4.427
2812,12897,4.427
2812,709,8.516
709,2812,8.516
2193,12862,4.758
12862,2193,4.758
12862,2194,29.267
2194,12862,29.267
2194,2197,29.020
2197,2194,29.020
2197,228,12.919
228,2197,12.919
204,8592,27.872
8592,204,27.872
8592,11581,86.770
11581,8592,86.770
11581,6767,29.305
6767,11581,29.305
6767,8152,8.186
8152,6767,8.186
8152,8148,19.325
8148,8152,19.325
12223,12434,32.970
12434,12223,32.970
12434,12435,27.270
12435,12434,27.270
12435,12436,7.927
12436,12435,7.927
12436,12437,82.851
12437,12436,82.851
12437,12433,4.864
12433,12437,4.864
12433,12438,26.002
12438,12433,26.002
12438,4201,52.176
4201,12438,52.176
4207,4205,26.286
4205,4207,26.286
4205,5207,15.098
5207,4205,15.098
4208,4715,11.643
4715,4208,11.643
4715,5208,4.365
5208,4715,4.365
2495,11775,28.313
11775,2495,28.313
11775,11781,4.109
11781,11775,4.109
11781,11780,2.363
11780,11781,2.363
11780,11779,2.457
11779,11780,2.457
11779,11778,3.383
11778,11779,3.383
11778,2494,3.544
2494,11778,3.544
2494,11776,3.068
11776,2494,3.068
11776,11777,3.428
11777,11776,3.428
11777,11782,3.996
11782,11777,3.996
11782,11786,31.654
11786,11782,31.654
11786,11784,2.760
11784,11786,2.760
11784,11783,1.863
11783,11784,1.863
11783,11785,2.581
11785,11783,2.581
11785,11774,4.070
11774,11785,4.070
11774,7117,3.793
7117,11774,3.793
6450,7083,4.827
7083,6450,4.827
7083,7081,5.745
7081,7083,5.745
7081,11004,6.064
11004,7081,6.064
11004,39,1.627
39,11004,1.627
4211,5163,57.763
5163,4211,57.763
5163,4571,4.118
4571,5163,4.118
4571,2031,1.491
2031,4571,1.491
958,9827,6.748
9827,958,6.748
9827,12827,59.517
12827,9827,59.517
12827,4573,4.902
4573,12827,4.902
4573,2032,1.500
2032,4573,1.500
7375,11166,10.805
11166,7375,10.805
11166,11165,65.144
11165,11166,65.144
11165,5066,3.483
5066,11165,3.483
5066,10532,3.339
10532,5066,3.339
10532,4210,1.729
4210,10532,1.729
2358,4213,30.350
4213,2358,30.350
4212,4213,65.881
4213,4212,65.881
4216,4218,65.964
4218,4216,65.964
4213,4215,96.737
4215,4213,96.737
4215,4216,25.462
4216,4215,25.462
4216,4217,9.400
4217,4216,9.400
4217,4214,72.972
4214,4217,72.972
737,9164,15.563
9164,737,15.563
9164,1595,25.873
1595,9164,25.873
7812,4219,19.958
4219,7812,19.958
4219,11728,24.658
11728,4219,24.658
11728,4220,57.561
4220,11728,57.561
4220,4222,44.543
4222,4220,44.543
1868,4222,23.235
4222,1868,23.235
112,5045,6.137
5045,112,6.137
5045,12576,6.896
12576,5045,6.896
9925,5128,6.728
5128,9925,6.728
5128,760,34.438
760,5128,34.438
4495,4494,3.742
4494,4495,3.742
4494,4493,2.956
4493,4494,2.956
4493,4492,3.315
4492,4493,3.315
322,2131,12.722
2131,322,12.722
2131,7062,8.776
7062,2131,8.776
7062,1087,13.706
1087,7062,13.706
518,10119,5.671
10119,518,5.671
10119,6924,77.235
6924,10119,77.235
6924,6923,17.466
6923,6924,17.466
6923,5409,58.684
5409,6923,58.684
5409,3248,2.486
3248,5409,2.486
3248,521,1.694
521,3248,1.694
581,12608,12.971
12608,581,12.971
517,13006,42.654
13006,517,42.654
13006,13002,1.012
13002,13006,1.012
13002,12999,4.298
12999,13002,4.298
12999,10120,40.419
10120,12999,40.419
10120,518,4.539
518,10120,4.539
4230,5712,5.528
5712,4230,5.528
5712,4229,3.020
4229,5712,3.020
183,6380,8.017
6380,183,8.017
6380,6742,4.203
6742,6380,4.203
6742,8439,8.896
8439,6742,8.896
102,4435,1.367
4435,102,1.367
4435,10311,4.859
10311,4435,4.859
10311,10455,70.351
10455,10311,70.351
10455,731,7.409
731,10455,7.409
731,10459,7.614
10459,731,7.614
10459,10460,42.540
10460,10459,42.540
10460,732,12.072
732,10460,12.072
732,10456,5.159
10456,732,5.159
10456,9709,57.900
9709,10456,57.900
9709,4240,8.982
4240,9709,8.982
4240,9701,5.649
9701,4240,5.649
9701,2230,61.703
2230,9701,61.703
2230,9846,93.446
9846,2230,93.446
9846,4239,6.101
4239,9846,6.101
263,9857,10.780
9857,263,10.780
9857,9848,69.976
9848,9857,69.976
9848,4239,7.161
4239,9848,7.161
2234,11610,7.062
11610,2234,7.062
11610,7019,70.674
7019,11610,70.674
7019,9720,33.490
9720,7019,33.490
9720,870,7.288
870,9720,7.288
870,9719,8.970
9719,870,8.970
9719,9717,113.248
9717,9719,113.248
9717,732,9.534
732,9717,9.534
2234,9721,7.562
9721,2234,7.562
9721,12664,49.030
12664,9721,49.030
261,871,69.812
871,261,69.812
871,5697,20.562
5697,871,20.562
5697,12328,12.364
12328,5697,12.364
12328,9148,45.109
9148,12328,45.109
9148,9707,36.597
9707,9148,36.597
9707,5804,9.051
5804,9707,9.051
4248,6792,19.396
6792,4248,19.396
6792,4247,6.642
4247,6792,6.642
4247,6369,4.883
6369,4247,4.883
4248,4250,24.079
4250,4248,24.079
4250,702,11.225
702,4250,11.225
285,1838,6.419
1838,285,6.419
1413,4251,50.415
4251,1413,50.415
4251,1873,47.756
1873,4251,47.756
797,9989,4.717
9989,797,4.717
9989,7974,55.693
7974,9989,55.693
7974,12916,5.115
12916,7974,5.115
12916,7996,94.019
7996,12916,94.019
7996,1335,30.723
1335,7996,30.723
808,4257,39.082
4257,808,39.082
4257,4256,57.571
4256,4257,57.571
4256,4694,23.118
4694,4256,23.118
4694,12922,15.614
12922,4694,15.614
12922,4255,10.154
4255,12922,10.154
4255,4254,49.615
4254,4255,49.615
4254,4253,51.458
4253,4254,51.458
4253,4693,22.211
4693,4253,22.211
4693,4252,35.354
4252,4693,35.354
4252,11947,32.975
11947,4252,32.975
11947,10049,29.997
10049,11947,29.997
10049,11935,25.594
11935,10049,25.594
11935,762,33.955
762,11935,33.955
773,1857,10.408
1857,773,10.408
1857,6121,58.456
6121,1857,58.456
6121,1466,40.898
1466,6121,40.898
1466,1413,101.192
1413,1466,101.192
1206,3214,1.295
3214,1206,1.295
3214,6866,5.373
6866,3214,5.373
6866,11894,75.249
11894,6866,75.249
11894,11893,31.774
11893,11894,31.774
11893,11895,7.560
11895,11893,7.560
11895,4259,6.719
4259,11895,6.719
4259,11896,6.013
11896,4259,6.013
11896,11897,6.957
11897,11896,6.957
11897,671,19.240
671,11897,19.240
267,10157,8.486
10157,267,8.486
10157,6591,71.193
6591,10157,71.193
6591,10524,20.443
10524,6591,20.443
10524,7590,19.132
7590,10524,19.132
7590,2168,2.320
2168,7590,2.320
2168,2188,40.570
2188,2168,40.570
2188,2099,23.394
2099,2188,23.394
2099,11570,1.981
11570,2099,1.981
11570,2101,7.317
2101,11570,7.317
4887,8223,1.915
8223,4887,1.915
8223,8224,1.282
8224,8223,1.282
8224,3165,1.258
3165,8224,1.258
3165,8226,1.921
8226,3165,1.921
8226,8225,0.908
8225,8226,0.908
8225,4269,3.701
4269,8225,3.701
4269,7250,4.802
7250,4269,4.802
7250,2326,16.767
2326,7250,16.767
721,3120,74.721
3120,721,74.721
3120,2819,5.369
2819,3120,5.369
2819,10020,6.664
10020,2819,6.664
10020,9594,0.089
9594,10020,0.089
9594,9593,3.592
9593,9594,3.592
9593,3176,0.323
3176,9593,0.323
3176,10901,3.573
10901,3176,3.573
10901,2837,4.040
2837,10901,4.040
2837,10149,4.637
10149,2837,4.637
2113,3149,4.087
3149,2113,4.087
3149,10945,3.299
10945,3149,3.299
10945,4891,3.406
4891,10945,3.406
4891,5071,2.759
5071,4891,2.759
5071,4268,1.658
4268,5071,1.658
4268,10946,1.866
10946,4268,1.866
10946,10947,2.433
10947,10946,2.433
10947,10948,2.112
10948,10947,2.112
10948,2049,13.173
2049,10948,13.173
1705,7118,83.506
7118,1705,83.506
7118,3136,3.836
3136,7118,3.836
3136,2114,2.722
2114,3136,2.722
2114,735,6.993
735,2114,6.993
270,620,13.799
620,270,13.799
620,2668,11.048
2668,620,11.048
2668,8827,2.294
8827,2668,2.294
8827,8826,2.793
8826,8827,2.793
8826,6160,18.881
6160,8826,18.881
6160,3658,55.696
3658,6160,55.696
3658,6168,5.263
6168,3658,5.263
6168,740,5.500
740,6168,5.500
7,5397,45.655
5397,7,45.655
5397,1603,8.797
1603,5397,8.797
269,5961,78.340
5961,269,78.340
5961,5965,41.046
5965,5961,41.046
8406,11692,3.779
11692,8406,3.779
11692,9750,2.972
9750,11692,2.972
9750,6910,76.834
6910,9750,76.834
6910,6906,3.128
6906,6910,3.128
6906,9756,40.663
9756,6906,40.663
9756,791,3.649
791,9756,3.649
791,9757,6.266
9757,791,6.266
9757,9117,71.859
9117,9757,71.859
9117,12143,36.458
12143,9117,36.458
9781,12354,6.525
12354,9781,6.525
12354,1415,35.791
1415,12354,35.791
611,9781,35.321
9781,611,35.321
9781,5249,32.278
5249,9781,32.278
5249,12355,28.391
12355,5249,28.391
12355,7532,4.527
7532,12355,4.527
7532,231,6.551
231,7532,6.551
9751,3501,133.398
3501,9751,133.398
3501,256,9.394
256,3501,9.394
256,3500,6.057
3500,256,6.057
3500,12344,45.071
12344,3500,45.071
12344,1415,69.964
1415,12344,69.964
1415,2198,34.958
2198,1415,34.958
2198,611,8.552
611,2198,8.552
169,7626,46.554
7626,169,46.554
7626,12168,73.544
12168,7626,73.544
1010,8285,6.408
8285,1010,6.408
8285,4855,2.529
4855,8285,2.529
4855,1881,4.261
1881,4855,4.261
1881,1687,12.586
1687,1881,12.586
1687,12161,18.861
12161,1687,18.861
476,898,10.415
898,476,10.415
482,11544,4.607
11544,482,4.607
11544,435,91.345
435,11544,91.345
435,3985,33.999
3985,435,33.999
3985,483,48.043
483,3985,48.043
989,988,58.814
988,989,58.814
504,2954,9.966
2954,504,9.966
2954,2938,89.913
2938,2954,89.913
2938,503,23.935
503,2938,23.935
734,11765,2.090
11765,734,2.090
11765,8120,1.677
8120,11765,1.677
8120,11764,1.881
11764,8120,1.881
11764,4275,1.717
4275,11764,1.717
4275,733,75.036
733,4275,75.036
844,4277,14.408
4277,844,14.408
4277,5115,27.974
5115,4277,27.974
5115,5343,81.509
5343,5115,81.509
5343,8508,6.261
8508,5343,6.261
8508,3561,70.385
3561,8508,70.385
3561,8515,3.872
8515,3561,3.872
8515,8514,11.332
8514,8515,11.332
8514,8517,28.611
8517,8514,28.611
8517,4276,25.668
4276,8517,25.668
4276,11612,1.933
11612,4276,1.933
11612,11613,1.710
11613,11612,1.710
11613,11614,2.131
11614,11613,2.131
11614,4732,2.605
4732,11614,2.605
4732,8507,1.788
8507,4732,1.788
8507,4731,2.060
4731,8507,2.060
4731,11615,1.900
11615,4731,1.900
11615,11616,1.888
11616,11615,1.888
11616,975,2.139
975,11616,2.139
1460,12821,3.337
12821,1460,3.337
12821,2831,1.582
2831,12821,1.582
2831,766,23.331
766,2831,23.331
766,2827,23.937
2827,766,23.937
2827,2834,18.402
2834,2827,18.402
2834,765,19.109
765,2834,19.109
765,764,11.675
764,765,11.675
11670,1899,82.264
1899,11670,82.264
1899,1882,27.040
1882,1899,27.040
1882,4279,32.759
4279,1882,32.759
4279,4278,26.098
4278,4279,26.098
4278,749,29.169
749,4278,29.169
11594,4788,3.470
4788,11594,3.470
4788,9915,1.573
9915,4788,1.573
9915,9950,10.943
9950,9915,10.943
9950,4283,7.531
4283,9950,7.531
4283,4284,25.939
4284,4283,25.939
4284,4285,37.654
4285,4284,37.654
4285,4286,54.692
4286,4285,54.692
4286,9951,175.346
9951,4286,175.346
9951,79,4.612
79,9951,4.612
4290,4153,2.159
4153,4290,2.159
4153,162,0.846
162,4153,0.846
162,4819,2.116
4819,162,2.116
4295,7198,4.734
7198,4295,4.734
7198,2990,2.376
2990,7198,2.376
2990,2963,6.706
2963,2990,6.706
2963,6449,0.698
6449,2963,0.698
6449,11921,2.058
11921,6449,2.058
11921,5639,2.510
5639,11921,2.510
5639,5638,2.422
5638,5639,2.422
5638,2497,8.431
2497,5638,8.431
4291,4293,12.735
4293,4291,12.735
4295,5567,11.462
5567,4295,11.462
5567,11331,48.421
11331,5567,48.421
11331,4292,3.462
4292,11331,3.462
382,3220,13.493
3220,382,13.493
3220,4295,15.026
4295,3220,15.026
4185,7072,48.698
7072,4185,48.698
7072,7071,41.158
7071,7072,41.158
4184,7073,90.149
7073,4184,90.149
4183,4181,16.519
4181,4183,16.519
4186,11330,6.146
11330,4186,6.146
11330,4289,6.227
4289,11330,6.227
4289,4291,13.163
4291,4289,13.163
4290,4288,13.585
4288,4290,13.585
393,4330,3.191
4330,393,3.191
4330,4333,8.348
4333,4330,8.348
4333,4335,6.422
4335,4333,6.422
4335,4337,6.481
4337,4335,6.481
4337,4338,2.511
4338,4337,2.511
4338,4340,3.900
4340,4338,3.900
4340,4341,3.003
4341,4340,3.003
4341,4343,3.026
4343,4341,3.026
4343,4344,3.258
4344,4343,3.258
4344,4346,3.474
4346,4344,3.474
4346,4347,3.027
4347,4346,3.027
4347,4349,3.111
4349,4347,3.111
4349,4350,3.191
4350,4349,3.191
4350,4352,3.428
4352,4350,3.428
4352,4353,2.993
4353,4352,2.993
4353,4355,3.587
4355,4353,3.587
4355,4357,3.730
4357,4355,3.730
4357,4358,2.435
4358,4357,2.435
4358,4360,3.516
4360,4358,3.516
4360,4361,3.806
4361,4360,3.806
4361,4362,3.904
4362,4361,3.904
4362,4364,1.789
4364,4362,1.789
4364,4366,3.338
4366,4364,3.338
4366,4367,4.104
4367,4366,4.104
4367,4369,4.382
4369,4367,4.382
4369,4371,4.242
4371,4369,4.242
4371,4373,3.645
4373,4371,3.645
4373,4375,5.313
4375,4373,5.313
4375,4377,5.588
4377,4375,5.588
4377,4379,17.679
4379,4377,17.679
4379,10627,8.738
10627,4379,8.738
10627,4381,11.878
4381,10627,11.878
4381,5123,8.297
5123,4381,8.297
5123,4383,14.754
4383,5123,14.754
4383,4385,21.517
4385,4383,21.517
4385,4387,4.468
4387,4385,4.468
4387,4389,5.851
4389,4387,5.851
4389,4390,4.928
4390,4389,4.928
4390,4392,4.457
4392,4390,4.457
4392,5122,3.735
5122,4392,3.735
5122,4394,1.054
4394,5122,1.054
4394,4396,5.866
4396,4394,5.866
4396,4398,4.215
4398,4396,4.215
4398,4400,4.103
4400,4398,4.103
4400,4402,4.590
4402,4400,4.590
4402,4404,4.562
4404,4402,4.562
4404,4406,4.201
4406,4404,4.201
4406,4407,3.972
4407,4406,3.972
4405,4403,4.390
4403,4405,4.390
4403,4401,4.265
4401,4403,4.265
4401,4399,3.889
4399,4401,3.889
4399,4397,4.011
4397,4399,4.011
4397,4395,5.695
4395,4397,5.695
4395,4393,4.569
4393,4395,4.569
4393,11651,4.635
11651,4393,4.635
11651,4391,3.184
4391,11651,3.184
4391,4388,6.455
4388,4391,6.455
4388,4386,5.719
4386,4388,5.719
4386,4384,20.447
4384,4386,20.447
4384,4382,20.088
4382,4384,20.088
4382,4380,24.898
4380,4382,24.898
4380,4378,12.308
4378,4380,12.308
4378,4376,6.211
4376,4378,6.211
4376,4374,6.115
4374,4376,6.115
4374,4372,5.722
4372,4374,5.722
4372,4370,5.665
4370,4372,5.665
4370,4368,5.979
4368,4370,5.979
4368,4365,6.095
4365,4368,6.095
4365,4363,6.185
4363,4365,6.185
4363,4359,5.837
4359,4363,5.837
4359,4356,6.194
4356,4359,6.194
4356,4354,5.383
4354,4356,5.383
4354,4351,6.190
4351,4354,6.190
4351,4348,5.940
4348,4351,5.940
4348,4345,6.174
4345,4348,6.174
4345,4342,6.110
4342,4345,6.110
4342,4339,5.873
4339,4342,5.873
4339,4336,6.011
4336,4339,6.011
4336,4334,5.863
4334,4336,5.863
4334,4332,5.791
4332,4334,5.791
4332,7021,6.317
7021,4332,6.317
7021,4331,2.948
4331,7021,2.948
4331,393,5.729
393,4331,5.729
4414,4416,9.416
4416,4414,9.416
4416,2302,17.935
2302,4416,17.935
2302,7033,28.509
7033,2302,28.509
7033,5231,28.643
5231,7033,28.643
4407,4409,5.473
4409,4407,5.473
4409,4410,5.404
4410,4409,5.404
4410,4411,5.586
4411,4410,5.586
4411,4412,5.296
4412,4411,5.296
4412,4414,5.723
4414,4412,5.723
1050,1051,28.013
1051,1050,28.013
1051,37,42.054
37,1051,42.054
1046,1045,10.347
1045,1046,10.347
1045,278,11.917
278,1045,11.917
278,3754,6.980
3754,278,6.980
3754,1008,8.149
1008,3754,8.149
1046,1047,21.148
1047,1046,21.148
1047,1017,9.202
1017,1047,9.202
2298,3575,6.933
3575,2298,6.933
3575,3576,2.710
3576,3575,2.710
3576,5232,8.277
5232,3576,8.277
1068,1402,151.968
1402,1068,151.968
1913,3545,3.057
3545,1913,3.057
1083,1084,35.745
1084,1083,35.745
1084,5561,10.076
5561,1084,10.076
5561,5562,19.714
5562,5561,19.714
5562,9031,21.788
9031,5562,21.788
9031,431,0.913
431,9031,0.913
425,426,19.532
426,425,19.532
426,427,7.186
427,426,7.186
427,12267,15.479
12267,427,15.479
430,6623,17.091
6623,430,17.091
6623,1090,25.411
1090,6623,25.411
1090,3522,11.637
3522,1090,11.637
3522,437,5.565
437,3522,5.565
1921,3920,28.375
3920,1921,28.375
3920,2623,13.436
2623,3920,13.436
2623,3629,50.170
3629,2623,50.170
3629,5702,7.163
5702,3629,7.163
5702,2039,9.537
2039,5702,9.537
1032,3830,133.759
3830,1032,133.759
3830,6921,11.246
6921,3830,11.246
6921,1035,37.732
1035,6921,37.732
12789,12793,9.983
12793,12789,9.983
12793,3745,4.467
3745,12793,4.467
3745,12253,20.447
12253,3745,20.447
1030,1396,10.102
1396,1030,10.102
1396,1093,33.724
1093,1396,33.724
1093,5980,10.515
5980,1093,10.515
5980,5981,12.826
5981,5980,12.826
5981,1094,10.633
1094,5981,10.633
1094,1404,14.495
1404,1094,14.495
431,5563,1.142
5563,431,1.142
5563,1102,24.514
1102,5563,24.514
400,6219,43.265
6219,400,43.265
6219,3520,17.766
3520,6219,17.766
3520,429,5.904
429,3520,5.904
322,2192,10.893
2192,322,10.893
2192,12246,17.891
12246,2192,17.891
428,2185,24.416
2185,428,24.416
2185,2186,27.130
2186,2185,27.130
2186,3883,7.548
3883,2186,7.548
3883,3882,6.078
3882,3883,6.078
3882,439,5.468
439,3882,5.468
439,3884,3.094
3884,439,3.094
3884,2852,7.084
2852,3884,7.084
2852,10466,17.034
10466,2852,17.034
10466,3885,5.228
3885,10466,5.228
3885,3886,6.950
3886,3885,6.950
3886,1088,3.968
1088,3886,3.968
412,12278,29.829
12278,412,29.829
1082,5491,31.383
5491,1082,31.383
5491,1081,8.181
1081,5491,8.181
1086,5618,15.594
5618,1086,15.594
5618,5617,5.026
5617,5618,5.026
5617,1080,3.679
1080,5617,3.679
275,12252,130.753
12252,275,130.753
1026,12626,30.604
12626,1026,30.604
1011,10318,4.697
10318,1011,4.697
10318,1012,1.635
1012,10318,1.635
1012,6681,7.630
6681,1012,7.630
6681,3556,17.860
3556,6681,17.860
3556,12171,10.900
12171,3556,10.900
393,4329,1.342
4329,393,1.342
4329,1401,12.957
1401,4329,12.957
1401,394,33.683
394,1401,33.683
937,9841,1.696
9841,937,1.696
9841,12512,42.337
12512,9841,42.337
4492,4497,23.231
4497,4492,23.231
4497,4498,7.226
4498,4497,7.226
4498,1268,7.459
1268,4498,7.459
1268,4500,7.387
4500,1268,7.387
4500,4499,7.832
4499,4500,7.832
4499,4496,12.692
4496,4499,12.692
4496,4495,12.847
4495,4496,12.847
4522,4519,23.101
4519,4522,23.101
4519,5678,3.549
5678,4519,3.549
5678,12389,3.629
12389,5678,3.629
12389,12395,0.371
12395,12389,0.371
12395,12388,1.961
12388,12395,1.961
12388,12393,0.716
12393,12388,0.716
12393,5677,2.113
5677,12393,2.113
5677,53,3.018
53,5677,3.018
4623,4624,10.457
4624,4623,10.457
4624,4625,12.962
4625,4624,12.962
4625,4626,12.853
4626,4625,12.853
4626,4627,12.217
4627,4626,12.217
4627,4628,11.912
4628,4627,11.912
4628,4629,32.706
4629,4628,32.706
4629,4630,6.763
4630,4629,6.763
4630,4631,16.501
4631,4630,16.501
4631,4632,16.195
4632,4631,16.195
4632,4633,15.840
4633,4632,15.840
4633,4634,16.101
4634,4633,16.101
4634,4635,16.545
4635,4634,16.545
4635,4636,16.629
4636,4635,16.629
4636,4637,15.433
4637,4636,15.433
4637,4638,17.261
4638,4637,17.261
4638,4639,15.967
4639,4638,15.967
4639,4640,15.375
4640,4639,15.375
4640,4641,30.627
4641,4640,30.627
4641,4642,17.079
4642,4641,17.079
4642,5098,3.857
5098,4642,3.857
5098,1214,4.243
1214,5098,4.243
1214,1215,15.739
1215,1214,15.739
336,3585,6.041
3585,336,6.041
3585,5510,12.345
5510,3585,12.345
5510,10030,56.871
10030,5510,56.871
10030,3053,7.163
3053,10030,7.163
3053,292,23.246
292,3053,23.246
292,2212,31.069
2212,292,31.069
2212,26,7.100
26,2212,7.100
974,818,72.308
818,974,72.308
4680,1132,12.859
1132,4680,12.859
83,1936,27.150
1936,83,27.150
1936,973,86.451
973,1936,86.451
973,974,68.781
974,973,68.781
974,1893,26.693
1893,974,26.693
1893,4680,47.994
4680,1893,47.994
4679,973,79.757
973,4679,79.757
268,2971,8.241
2971,268,8.241
2971,4688,85.017
4688,2971,85.017
4687,4950,40.968
4950,4687,40.968
4950,743,4.089
743,4950,4.089
1296,2738,26.587
2738,1296,26.587
2738,4681,37.434
4681,2738,37.434
4688,6580,19.615
6580,4688,19.615
6580,8464,21.130
8464,6580,21.130
8464,2873,11.437
2873,8464,11.437
2873,5216,128.646
5216,2873,128.646
5216,4689,9.935
4689,5216,9.935
4382,6508,3.918
6508,4382,3.918
6508,7568,9.420
7568,6508,9.420
7568,10473,7.689
10473,7568,7.689
10473,7026,10.662
7026,10473,10.662
7026,1048,27.678
1048,7026,27.678
4405,1374,4.688
1374,4405,4.688
3554,2172,5.824
2172,3554,5.824
2172,4698,23.340
4698,2172,23.340
4698,2171,36.554
2171,4698,36.554
2077,3935,16.654
3935,2077,16.654
3935,10,9.418
10,3935,9.418
2243,5536,18.846
5536,2243,18.846
5536,12963,1.270
12963,5536,1.270
1683,5531,13.954
5531,1683,13.954
5531,4845,10.415
4845,5531,10.415
4706,12732,3.690
12732,4706,3.690
12732,6680,2.376
6680,12732,2.376
6680,1845,53.455
1845,6680,53.455
1072,3511,3.042
3511,1072,3.042
3511,6102,83.663
6102,3511,83.663
6102,6106,36.469
6106,6102,36.469
6106,5637,43.074
5637,6106,43.074
5637,2678,70.889
2678,5637,70.889
737,2454,116.526
2454,737,116.526
2436,2566,3.297
2566,2436,3.297
2566,2565,3.749
2565,2566,3.749
2565,1666,3.045
1666,2565,3.045
1666,2354,4.866
2354,1666,4.866
2354,2380,18.364
2380,2354,18.364
138,3797,2.738
3797,138,2.738
3797,3796,2.737
3796,3797,2.737
3796,3794,2.739
3794,3796,2.739
3794,1726,2.741
1726,3794,2.741
1726,3792,2.737
3792,1726,2.737
3792,3790,2.729
3790,3792,2.729
3790,3788,2.740
3788,3790,2.740
3788,3787,2.741
3787,3788,2.741
3787,375,2.736
375,3787,2.736
375,3784,2.734
3784,375,2.734
3784,3783,2.738
3783,3784,2.738
3783,379,2.742
379,3783,2.742
379,3779,2.732
3779,379,2.732
3779,3778,2.743
3778,3779,2.743
3778,3777,2.734
3777,3778,2.734
3777,369,2.733
369,3777,2.733
369,3774,2.859
3774,369,2.859
3774,3772,2.855
3772,3774,2.855
3772,3770,2.846
3770,3772,2.846
3770,374,2.853
374,3770,2.853
374,3768,2.854
3768,374,2.854
3768,3766,2.850
3766,3768,2.850
3766,3764,2.854
3764,3766,2.854
3764,377,1.449
377,3764,1.449
377,3763,4.075
3763,377,4.075
3763,3765,2.675
3765,3763,2.675
3765,3767,2.678
3767,3765,2.678
3767,376,2.679
376,3767,2.679
376,3769,2.674
3769,376,2.674
3769,3771,2.683
3771,3769,2.683
3771,3773,2.679
3773,3771,2.679
3773,370,2.520
370,3773,2.520
519,9798,6.079
9798,519,6.079
9798,12585,4.545
12585,9798,4.545
520,3471,13.210
3471,520,13.210
3471,1361,37.009
1361,3471,37.009
1361,12536,61.901
12536,1361,61.901
1416,11424,31.807
11424,1416,31.807
11424,4714,95.187
4714,11424,95.187
4714,525,9.629
525,4714,9.629
50,3416,12.522
3416,50,12.522
3416,4720,17.070
4720,3416,17.070
4720,3417,81.994
3417,4720,81.994
3417,2235,31.364
2235,3417,31.364
2235,9207,22.896
9207,2235,22.896
9207,8178,4.559
8178,9207,4.559
8178,2765,1.696
2765,8178,1.696
2765,5817,32.048
5817,2765,32.048
209,9421,7.735
9421,209,7.735
9421,5954,21.199
5954,9421,21.199
5954,333,24.424
333,5954,24.424
333,2986,33.834
2986,333,33.834
2986,2984,5.986
2984,2986,5.986
2984,1430,8.601
1430,2984,8.601
1430,1747,5.247
1747,1430,5.247
1747,7099,12.092
7099,1747,12.092
7099,7100,12.241
7100,7099,12.241
7100,7101,12.447
7101,7100,12.447
7101,332,12.395
332,7101,12.395
332,7102,11.251
7102,332,11.251
7102,3880,7.388
3880,7102,7.388
3880,9361,6.790
9361,3880,6.790
9361,7103,2.580
7103,9361,2.580
7103,1114,8.453
1114,7103,8.453
10172,3941,16.891
3941,10172,16.891
3941,10022,20.326
10022,3941,20.326
10022,10173,30.499
10173,10022,30.499
7827,12491,25.162
12491,7827,25.162
3170,3171,8.539
3171,3170,8.539
3170,6705,21.961
6705,3170,21.961
6705,10876,3.122
10876,6705,3.122
10876,10877,2.389
10877,10876,2.389
10877,2993,1.322
2993,10877,1.322
2993,10878,2.020
10878,2993,2.020
10878,3151,1.611
3151,10878,1.611
3151,10886,2.974
10886,3151,2.974
10886,4025,2.535
4025,10886,2.535
4025,673,10.411
673,4025,10.411
1702,10865,1.463
10865,1702,1.463
10865,5197,3.185
5197,10865,3.185
5197,3712,2.975
3712,5197,2.975
3712,3175,1.534
3175,3712,1.534
3175,10866,2.418
10866,3175,2.418
10866,3170,5.040
3170,10866,5.040
673,4899,12.059
4899,673,12.059
4899,4898,2.744
4898,4899,2.744
4898,6703,7.563
6703,4898,7.563
6703,4897,5.352
4897,6703,5.352
4897,4896,4.299
4896,4897,4.299
4896,4895,4.085
4895,4896,4.085
4895,1702,6.662
1702,4895,6.662
1063,3265,2.163
3265,1063,2.163
3265,4722,7.757
4722,3265,7.757
4722,4723,6.802
4723,4722,6.802
4723,4721,9.362
4721,4723,9.362
4721,4725,19.990
4725,4721,19.990
4725,4724,15.186
4724,4725,15.186
4724,4726,7.626
4726,4724,7.626
4726,4733,2.160
4733,4726,2.160
9588,4738,8.895
4738,9588,8.895
4738,9590,3.048
9590,4738,3.048
9590,9684,7.176
9684,9590,7.176
9684,4739,7.801
4739,9684,7.801
9589,4740,8.545
4740,9589,8.545
4740,9591,3.131
9591,4740,3.131
9591,9685,7.479
9685,9591,7.479
9685,4741,7.526
4741,9685,7.526
2534,4748,4.296
4748,2534,4.296
4748,4747,45.739
4747,4748,45.739
4747,4757,8.547
4757,4747,8.547
4757,9125,6.642
9125,4757,6.642
4744,12873,36.127
12873,4744,36.127
4746,9667,7.314
9667,4746,7.314
9667,4750,45.047
4750,9667,45.047
4750,4751,5.689
4751,4750,5.689
4492,2037,7.169
2037,4492,7.169
2037,9299,5.969
9299,2037,5.969
9299,4224,5.747
4224,9299,5.747
359,1528,18.857
1528,359,18.857
1528,4767,118.975
4767,1528,118.975
654,357,12.115
357,654,12.115
357,6555,22.380
6555,357,22.380
6555,359,71.571
359,6555,71.571
4767,4766,12.846
4766,4767,12.846
4766,11316,11.517
11316,4766,11.517
11316,11317,18.739
11317,11316,18.739
11317,653,7.397
653,11317,7.397
653,4764,7.380
4764,653,7.380
4764,11967,4.683
11967,4764,4.683
11967,652,5.501
652,11967,5.501
1671,4769,9.996
4769,1671,9.996
4769,10707,2.715
10707,4769,2.715
10707,10706,2.972
10706,10707,2.972
10706,10708,2.508
10708,10706,2.508
10708,10709,2.721
10709,10708,2.721
10709,1808,3.237
1808,10709,3.237
4770,4771,6.930
4771,4770,6.930
4771,4773,2.288
4773,4771,2.288
4773,4772,3.976
4772,4773,3.976
4774,3709,6.803
3709,4774,6.803
3709,4777,3.910
4777,3709,3.910
4777,4776,4.293
4776,4777,4.293
4776,4775,3.977
4775,4776,3.977
489,11892,8.047
11892,489,8.047
11892,10344,1.460
10344,11892,1.460
10344,8814,3.714
8814,10344,3.714
8814,1480,81.080
1480,8814,81.080
3569,9550,1.740
9550,3569,1.740
9550,10553,19.961
10553,9550,19.961
10553,12778,20.590
12778,10553,20.590
3570,8490,6.137
8490,3570,6.137
8490,5867,10.418
5867,8490,10.418
5867,5633,33.533
5633,5867,33.533
5633,5866,20.866
5866,5633,20.866
5866,5865,35.679
5865,5866,35.679
5865,8581,28.739
8581,5865,28.739
8581,8577,2.992
8577,8581,2.992
8577,3591,4.376
3591,8577,4.376
3591,8570,29.132
8570,3591,29.132
8570,8566,3.263
8566,8570,3.263
8566,8552,9.678
8552,8566,9.678
11596,7382,1.458
7382,11596,1.458
7382,7383,1.924
7383,7382,1.924
7383,1831,1.926
1831,7383,1.926
1831,7384,1.924
7384,1831,1.924
7384,7385,1.932
7385,7384,1.932
7385,7387,1.923
7387,7385,1.923
7387,1277,1.924
1277,7387,1.924
1277,7389,1.917
7389,1277,1.917
7389,7392,1.925
7392,7389,1.925
7392,1832,1.928
1832,7392,1.928
1832,7394,1.928
7394,1832,1.928
7394,59,2.477
59,7394,2.477
9337,5800,35.813
5800,9337,35.813
5800,1134,4.759
1134,5800,4.759
4819,4291,5.246
4291,4819,5.246
3592,11619,59.121
11619,3592,59.121
11619,11618,6.723
11618,11619,6.723
11618,4999,4.636
4999,11618,4.636
4999,10687,3.150
10687,4999,3.150
10687,843,6.269
843,10687,6.269
1543,6695,9.234
6695,1543,9.234
6695,2213,1.796
2213,6695,1.796
4833,12056,3.817
12056,4833,3.817
12056,12688,1.961
12688,12056,1.961
12688,12055,1.232
12055,12688,1.232
12055,12054,8.348
12054,12055,8.348
12054,4836,9.768
4836,12054,9.768
4840,7429,16.938
7429,4840,16.938
7429,7428,37.165
7428,7429,37.165
7428,7427,22.043
7427,7428,22.043
7427,4838,9.329
4838,7427,9.329
4835,12044,4.446
12044,4835,4.446
12044,12048,1.942
12048,12044,1.942
12048,4834,6.165
4834,12048,6.165
4843,13061,3.358
13061,4843,3.358
13061,9840,2.956
9840,13061,2.956
9840,13094,1.735
13094,9840,1.735
13094,13093,1.769
13093,13094,1.769
13093,13049,1.790
13049,13093,1.790
13049,9657,9.153
9657,13049,9.153
9657,9625,60.922
9625,9657,60.922
9625,723,47.642
723,9625,47.642
723,920,70.153
920,723,70.153
332,9362,6.573
9362,332,6.573
9362,1113,57.544
1113,9362,57.544
487,724,34.055
724,487,34.055
1017,12989,161.667
12989,1017,161.667
12989,4849,49.990
4849,12989,49.990
3571,4849,87.048
4849,3571,87.048
8551,8583,15.312
8583,8551,15.312
8583,6727,6.288
6727,8583,6.288
6727,197,16.918
197,6727,16.918
2323,2322,9.269
2322,2323,9.269
9370,5035,11.092
5035,9370,11.092
5035,5696,18.355
5696,5035,18.355
523,9805,7.489
9805,523,7.489
9805,12544,54.095
12544,9805,54.095
2855,10906,5.399
10906,2855,5.399
10906,10905,2.845
10905,10906,2.845
10905,4872,2.481
4872,10905,2.481
4872,10902,1.794
10902,4872,1.794
10902,4870,2.548
4870,10902,2.548
4870,4869,2.622
4869,4870,2.622
4869,4866,1.999
4866,4869,1.999
4866,10903,1.722
10903,4866,1.722
10903,4865,1.536
4865,10903,1.536
4865,10904,2.170
10904,4865,2.170
10904,5068,1.504
5068,10904,1.504
5068,2281,4.152
2281,5068,4.152
2281,12449,9.746
12449,2281,9.746
12449,12450,8.530
12450,12449,8.530
12450,2280,35.539
2280,12450,35.539
2280,622,21.497
622,2280,21.497
4097,1569,5.518
1569,4097,5.518
4842,463,15.757
463,4842,15.757
4907,4906,40.392
4906,4907,40.392
4908,4909,46.239
4909,4908,46.239
4909,4910,7.875
4910,4909,7.875
4914,4913,4.654
4913,4914,4.654
4917,4929,8.295
4929,4917,8.295
4929,4930,4.393
4930,4929,4.393
4930,4933,4.224
4933,4930,4.224
4933,4932,8.437
4932,4933,8.437
4932,4925,15.844
4925,4932,15.844
995,3282,2.541
3282,995,2.541
3282,4918,8.127
4918,3282,8.127
4918,4931,15.969
4931,4918,15.969
4931,4926,21.028
4926,4931,21.028
4924,4928,19.152
4928,4924,19.152
440,5904,26.579
5904,440,26.579
5904,10314,4.013
10314,5904,4.013
10314,12126,1.513
12126,10314,1.513
1669,7405,80.122
7405,1669,80.122
7405,736,23.114
736,7405,23.114
1706,2282,13.899
2282,1706,13.899
2282,9972,58.353
9972,2282,58.353
9972,9969,4.982
9969,9972,4.982
9969,1707,8.265
1707,9969,8.265
434,11347,5.654
11347,434,5.654
11347,8461,71.219
8461,11347,71.219
8461,435,77.175
435,8461,77.175
435,436,89.030
436,435,89.030
4945,5034,6.556
5034,4945,6.556
5034,4944,36.812
4944,5034,36.812
4942,9147,1.697
9147,4942,1.697
9147,9688,5.943
9688,9147,5.943
9688,8441,3.718
8441,9688,3.718
8441,5202,5.975
5202,8441,5.975
5202,11136,38.561
11136,5202,38.561
11136,4943,30.074
4943,11136,30.074
4943,9672,23.517
9672,4943,23.517
9672,11135,4.417
11135,9672,4.417
11135,11134,42.845
11134,11135,42.845
11134,8442,25.280
8442,11134,25.280
8442,4946,18.026
4946,8442,18.026
4946,2110,6.572
2110,4946,6.572
4860,4270,9.871
4270,4860,9.871
4270,4271,9.587
4271,4270,9.587
4271,5821,34.193
5821,4271,34.193
5821,8355,11.248
8355,5821,11.248
8355,660,7.329
660,8355,7.329
468,4311,1.292
4311,468,1.292
4311,5062,4.485
5062,4311,4.485
5062,12742,5.571
12742,5062,5.571
12742,6607,1.430
6607,12742,1.430
6607,2771,6.527
2771,6607,6.527
2771,12741,99.395
12741,2771,99.395
12741,472,4.710
472,12741,4.710
8344,7796,37.476
7796,8344,37.476
7796,11696,2.807
11696,7796,2.807
11696,227,4.933
227,11696,4.933
10613,4953,26.263
4953,10613,26.263
4953,10439,14.821
10439,4953,14.821
1070,3267,6.883
3267,1070,6.883
3267,12795,11.930
12795,3267,11.930
12795,3281,2.426
3281,12795,2.426
3281,12797,1.981
12797,3281,1.981
12797,1385,4.064
1385,12797,4.064
1069,2958,27.000
2958,1069,27.000
2958,7263,5.320
7263,2958,5.320
7263,3531,12.370
3531,7263,12.370
3531,321,25.077
321,3531,25.077
321,2957,22.815
2957,321,22.815
2957,3533,16.386
3533,2957,16.386
4960,1568,41.177
1568,4960,41.177
3545,5494,2.212
5494,3545,2.212
5494,3546,61.109
3546,5494,61.109
3546,5490,18.920
5490,3546,18.920
5490,4920,29.987
4920,5490,29.987
4920,3544,13.814
3544,4920,13.814
3544,3548,3.808
3548,3544,3.808
4854,1009,29.379
1009,4854,29.379
1619,1620,19.915
1620,1619,19.915
1338,1339,18.176
1339,1338,18.176
1339,1340,27.042
1340,1339,27.042
1340,1621,13.796
1621,1340,13.796
1621,1341,49.318
1341,1621,49.318
1341,1342,29.608
1342,1341,29.608
1342,1343,13.070
1343,1342,13.070
1343,1344,40.401
1344,1343,40.401
4966,5007,4.001
5007,4966,4.001
5007,4965,4.428
4965,5007,4.428
4965,4963,4.427
4963,4965,4.427
4963,4967,23.251
4967,4963,23.251
4967,4962,6.376
4962,4967,6.376
4962,5008,6.981
5008,4962,6.981
5008,4964,5.090
4964,5008,5.090
4699,12301,13.406
12301,4699,13.406
797,7966,12.340
7966,797,12.340
7966,8413,22.497
8413,7966,22.497
8413,8012,69.686
8012,8413,69.686
8012,8008,12.636
8008,8012,12.636
8008,12914,22.619
12914,8008,22.619
12914,5850,34.772
5850,12914,34.772
5850,8013,17.753
8013,5850,17.753
8013,12913,15.506
12913,8013,15.506
12913,8321,4.972
8321,12913,4.972
8321,12924,34.974
12924,8321,34.974
12924,8014,22.691
8014,12924,22.691
8014,4850,9.795
4850,8014,9.795
4850,8423,6.175
8423,4850,6.175
8423,8018,24.986
8018,8423,24.986
8018,8419,35.609
8419,8018,35.609
8419,8015,6.209
8015,8419,6.209
8015,5792,7.220
5792,8015,7.220
5792,11954,26.109
11954,5792,26.109
11954,8010,3.484
8010,11954,3.484
8010,5794,0.533
5794,8010,0.533
5794,5000,45.032
5000,5794,45.032
5000,8016,4.938
8016,5000,4.938
8016,807,73.624
807,8016,73.624
4983,7000,10.289
7000,4983,10.289
7000,10177,16.374
10177,7000,16.374
10177,8300,10.429
8300,10177,10.429
8300,10176,6.897
10176,8300,6.897
10176,4974,13.463
4974,10176,13.463
5393,6359,17.340
6359,5393,17.340
6359,4994,7.157
4994,6359,7.157
4994,4995,3.325
4995,4994,3.325
4995,4990,20.482
4990,4995,20.482
4990,4993,16.491
4993,4990,16.491
4993,4989,14.649
4989,4993,14.649
4989,4991,28.702
4991,4989,28.702
4991,6372,16.460
6372,4991,16.460
6372,4992,22.375
4992,6372,22.375
4992,4994,44.082
4994,4992,44.082
930,1622,18.013
1622,930,18.013
1622,5485,25.503
5485,1622,25.503
5485,5484,30.616
5484,5485,30.616
5484,9187,20.938
9187,5484,20.938
9187,931,12.305
931,9187,12.305
993,1397,5.976
1397,993,5.976
1397,5009,52.331
5009,1397,52.331
2965,7084,7.404
7084,2965,7.404
7084,7082,4.016
7082,7084,4.016
7082,39,9.007
39,7082,9.007
4938,2965,61.168
2965,4938,61.168
436,11005,65.274
11005,436,65.274
11005,4938,1.478
4938,11005,1.478
9945,2377,7.361
2377,9945,7.361
2377,2886,26.805
2886,2377,26.805
2886,5015,14.744
5015,2886,14.744
5015,5016,9.168
5016,5015,9.168
5016,4781,11.063
4781,5016,11.063
4781,10599,9.860
10599,4781,9.860
10599,5017,8.316
5017,10599,8.316
5017,5018,7.779
5018,5017,7.779
5018,10598,7.650
10598,5018,7.650
10598,5014,8.208
5014,10598,8.208
5014,5951,3.890
5951,5014,3.890
5951,5020,3.631
5020,5951,3.631
5020,5953,3.851
5953,5020,3.851
5953,5952,4.365
5952,5953,4.365
5952,5021,9.266
5021,5952,9.266
5021,5013,8.805
5013,5021,8.805
5013,5950,4.556
5950,5013,4.556
5950,10600,3.557
10600,5950,3.557
10600,5019,2.931
5019,10600,2.931
5014,5024,8.357
5024,5014,8.357
5024,5022,9.998
5022,5024,9.998
5022,5023,11.053
5023,5022,11.053
5023,5019,6.256
5019,5023,6.256
5019,10601,4.999
10601,5019,4.999
10601,5025,5.485
5025,10601,5.485
5025,5949,2.778
5949,5025,2.778
5076,6323,3.059
6323,5076,3.059
6323,3093,4.932
3093,6323,4.932
3093,533,1.221
533,3093,1.221
12781,8080,4.409
8080,12781,4.409
8080,3088,0.052
3088,8080,0.052
3088,2152,2.086
2152,3088,2.086
5081,516,13.368
516,5081,13.368
5094,4190,1.638
4190,5094,1.638
4190,1548,2.546
1548,4190,2.546
5095,4192,9.590
4192,5095,9.590
5096,5230,6.698
5230,5096,6.698
11725,5100,20.490
5100,11725,20.490
5100,11727,29.877
11727,5100,29.877
5103,11124,23.066
11124,5103,23.066
11124,5105,5.819
5105,11124,5.819
5105,5106,26.790
5106,5105,26.790
5106,5107,33.747
5107,5106,33.747
5107,5108,1.139
5108,5107,1.139
938,10309,3.757
10309,938,3.757
10309,12542,22.295
12542,10309,22.295
11147,10040,3.646
10040,11147,3.646
10040,3348,42.647
3348,10040,42.647
3348,3346,7.439
3346,3348,7.439
3346,3347,20.001
3347,3346,20.001
3347,3345,7.462
3345,3347,7.462
3345,10041,35.981
10041,3345,35.981
10041,3343,2.918
3343,10041,2.918
3343,3344,10.748
3344,3343,10.748
3344,2539,4.973
2539,3344,4.973
2539,5757,25.585
5757,2539,25.585
5757,864,15.219
864,5757,15.219
5133,3487,3.815
3487,5133,3.815
3487,3485,31.091
3485,3487,31.091
3898,3900,25.759
3900,3898,25.759
5145,3897,21.661
3897,5145,21.661
5146,3899,9.352
3899,5146,9.352
1531,5146,31.813
5146,1531,31.813
5146,5147,31.708
5147,5146,31.708
5153,5152,14.452
5152,5153,14.452
5152,6476,13.154
6476,5152,13.154
6476,5151,5.984
5151,6476,5.984
5150,5565,7.650
5565,5150,7.650
5565,5149,1.815
5149,5565,1.815
5149,9659,26.455
9659,5149,26.455
4827,12038,1.840
12038,4827,1.840
12038,12041,1.745
12041,12038,1.745
12041,4825,4.708
4825,12041,4.708
1885,1886,55.799
1886,1885,55.799
4826,12039,4.618
12039,4826,4.618
12039,12042,3.432
12042,12039,3.432
12042,4824,4.673
4824,12042,4.673
12058,12045,4.370
12045,12058,4.370
12045,12049,1.803
12049,12045,1.803
12049,7426,9.079
7426,12049,9.079
4836,4839,32.446
4839,4836,32.446
4839,4823,58.940
4823,4839,58.940
4823,4822,22.338
4822,4823,22.338
7426,4831,54.058
4831,7426,54.058
4831,4827,43.346
4827,4831,43.346
4834,4832,23.860
4832,4834,23.860
4832,4830,11.091
4830,4832,11.091
4830,4828,30.994
4828,4830,30.994
4828,4829,12.553
4829,4828,12.553
4829,4826,17.215
4826,4829,17.215
5180,2492,12.830
2492,5180,12.830
3621,201,39.491
201,3621,39.491
201,578,13.384
578,201,13.384
578,12104,20.324
12104,578,20.324
12104,3623,27.417
3623,12104,27.417
3623,202,17.635
202,3623,17.635
202,12105,13.275
12105,202,13.275
12105,1686,6.413
1686,12105,6.413
1686,9346,25.703
9346,1686,25.703
9346,192,13.824
192,9346,13.824
201,5186,12.245
5186,201,12.245
5186,3622,31.730
3622,5186,31.730
3622,9129,16.611
9129,3622,16.611
9129,462,2.897
462,9129,2.897
462,2923,8.923
2923,462,8.923
2923,12093,8.759
12093,2923,8.759
12093,2924,10.848
2924,12093,10.848
2924,9140,65.326
9140,2924,65.326
9140,12091,38.869
12091,9140,38.869
12091,6762,39.664
6762,12091,39.664
6762,2788,7.138
2788,6762,7.138
2788,9492,4.924
9492,2788,4.924
9492,463,12.281
463,9492,12.281
940,10073,56.197
10073,940,56.197
10073,2036,8.900
2036,10073,8.900
2036,941,6.159
941,2036,6.159
924,729,30.220
729,924,30.220
1241,5191,6.682
5191,1241,6.682
5191,5698,5.916
5698,5191,5.916
5698,1242,3.825
1242,5698,3.825
1242,1243,10.692
1243,1242,10.692
1243,1244,10.114
1244,1243,10.114
1244,1245,5.146
1245,1244,5.146
1245,1246,5.993
1246,1245,5.993
1246,1201,3.920
1201,1246,3.920
1201,5694,20.670
5694,1201,20.670
1253,9702,1.495
9702,1253,1.495
9702,1254,9.091
1254,9702,9.091
5696,4851,18.260
4851,5696,18.260
4851,5695,90.266
5695,4851,90.266
10256,1021,47.870
1021,10256,47.870
1021,7560,8.992
7560,1021,8.992
7560,7559,8.619
7559,7560,8.619
7559,1020,9.209
1020,7559,9.209
1020,1019,28.756
1019,1020,28.756
1019,12178,3.275
12178,1019,3.275
1010,2933,15.330
2933,1010,15.330
2933,1011,17.223
1011,2933,17.223
4849,996,24.730
996,4849,24.730
4310,2945,29.138
2945,4310,29.138
2945,4309,5.722
4309,2945,5.722
4309,4308,5.942
4308,4309,5.942
4308,4306,5.716
4306,4308,5.716
4306,4305,6.222
4305,4306,6.222
4305,4304,10.792
4304,4305,10.792
4304,4303,11.605
4303,4304,11.605
4303,469,55.384
469,4303,55.384
469,10992,63.571
10992,469,63.571
10992,562,4.928
562,10992,4.928
11586,3609,2.266
3609,11586,2.266
3609,1666,9.777
1666,3609,9.777
1666,3610,6.797
3610,1666,6.797
3610,11901,57.994
11901,3610,57.994
1702,4894,10.465
4894,1702,10.465
4894,10867,6.296
10867,4894,6.296
10867,211,4.873
211,10867,4.873
5204,9783,10.502
9783,5204,10.502
9783,10412,24.877
10412,9783,24.877
10412,1470,42.399
1470,10412,42.399
1470,237,27.134
237,1470,27.134
237,238,78.266
238,237,78.266
6676,5113,20.102
5113,6676,20.102
5113,5205,3.924
5205,5113,3.924
5205,2673,11.097
2673,5205,11.097
708,1822,4.468
1822,708,4.468
1822,1823,2.297
1823,1822,2.297
1823,625,5.537
625,1823,5.537
709,7276,7.180
7276,709,7.180
7276,2904,9.046
2904,7276,9.046
2904,2306,8.055
2306,2904,8.055
2306,2307,26.407
2307,2306,26.407
2307,4689,5.715
4689,2307,5.715
2019,11872,21.767
11872,2019,21.767
11872,2024,113.026
2024,11872,113.026
2019,3577,9.966
3577,2019,9.966
5208,4202,15.389
4202,5208,15.389
4202,4206,25.165
4206,4202,25.165
5207,4805,4.775
4805,5207,4.775
4805,4204,11.088
4204,4805,11.088
4181,7061,22.635
7061,4181,22.635
7061,7430,8.850
7430,7061,8.850
7430,4445,3.301
4445,7430,3.301
5215,5214,28.574
5214,5215,28.574
5214,9024,24.308
9024,5214,24.308
9024,902,6.700
902,9024,6.700
5220,7821,43.584
7821,5220,43.584
7821,5221,6.259
5221,7821,6.259
4779,6330,6.536
6330,4779,6.536
6330,5154,4.686
5154,6330,4.686
5154,5153,2.805
5153,5154,2.805
5227,10608,6.650
10608,5227,6.650
10608,5226,3.939
5226,10608,3.939
5226,10607,2.809
10607,5226,2.809
10607,6679,2.515
6679,10607,2.515
6679,10606,2.284
10606,6679,2.284
10606,5225,2.405
5225,10606,2.405
5225,5224,4.119
5224,5225,4.119
5224,3028,13.942
3028,5224,13.942
5230,2111,7.571
2111,5230,7.571
6640,6321,14.439
6321,6640,14.439
6321,1869,11.581
1869,6321,11.581
1869,1870,70.893
1870,1869,70.893
5233,5237,13.008
5237,5233,13.008
5231,7036,21.107
7036,5231,21.107
7036,10467,8.493
10467,7036,8.493
10467,2975,8.739
2975,10467,8.739
2975,2295,44.595
2295,2975,44.595
2295,6154,14.018
6154,2295,14.018
6154,5232,9.411
5232,6154,9.411
5232,2301,9.257
2301,5232,9.257
4417,37,18.223
37,4417,18.223
2293,2304,6.156
2304,2293,6.156
2304,11666,20.590
11666,2304,20.590
11666,1424,8.973
1424,11666,8.973
661,2134,13.467
2134,661,13.467
2134,1052,96.258
1052,2134,96.258
2301,6155,7.075
6155,2301,7.075
6155,7043,6.641
7043,6155,6.641
7043,2189,11.297
2189,7043,11.297
5240,12988,4.873
12988,5240,4.873
12988,5241,7.437
5241,12988,7.437
5243,12469,12.516
12469,5243,12.516
12469,9770,1.694
9770,12469,1.694
9770,5242,7.836
5242,9770,7.836
5248,9072,1.073
9072,5248,1.073
9072,9078,4.439
9078,9072,4.439
5246,9765,4.874
9765,5246,4.874
9765,8059,2.063
8059,9765,2.063
5251,5250,29.634
5250,5251,29.634
3018,5263,15.374
5263,3018,15.374
5255,2854,2.113
2854,5255,2.113
2854,7667,6.223
7667,2854,6.223
5262,3018,22.391
3018,5262,22.391
5256,5255,14.519
5255,5256,14.519
5263,9748,3.524
9748,5263,3.524
9748,5264,5.146
5264,9748,5.146
2610,7674,83.093
7674,2610,83.093
7674,5256,13.347
5256,7674,13.347
5257,5259,45.974
5259,5257,45.974
5259,8065,4.855
8065,5259,4.855
8065,5258,6.627
5258,8065,6.627
5277,5278,16.130
5278,5277,16.130
5271,5273,5.927
5273,5271,5.927
5273,5275,2.235
5275,5273,2.235
741,6163,65.456
6163,741,65.456
6163,7677,54.978
7677,6163,54.978
7677,6162,9.841
6162,7677,9.841
6162,269,62.123
269,6162,62.123
5280,5283,65.247
5283,5280,65.247
5283,5281,71.318
5281,5283,71.318
10097,5285,17.073
5285,10097,17.073
5285,5288,24.442
5288,5285,24.442
5288,8238,9.927
8238,5288,9.927
5289,5290,49.394
5290,5289,49.394
5290,7583,9.310
7583,5290,9.310
5292,8437,43.452
8437,5292,43.452
8437,8756,3.517
8756,8437,3.517
8756,5295,6.199
5295,8756,6.199
5294,5293,4.422
5293,5294,4.422
5293,8757,19.314
8757,5293,19.314
8757,5291,6.199
5291,8757,6.199
5296,5297,22.763
5297,5296,22.763
5303,8948,32.199
8948,5303,32.199
8948,8497,5.200
8497,8948,5.200
5298,5302,57.875
5302,5298,57.875
5302,5299,8.364
5299,5302,8.364
5299,5300,12.872
5300,5299,12.872
5300,5305,35.317
5305,5300,35.317
5308,5310,22.586
5310,5308,22.586
5310,5306,11.850
5306,5310,11.850
5312,5309,30.922
5309,5312,30.922
5309,5311,10.292
5311,5309,10.292
5311,8558,12.691
8558,5311,12.691
5313,10160,8.221
10160,5313,8.221
10160,5317,4.229
5317,10160,4.229
5317,5314,26.084
5314,5317,26.084
5314,5318,8.314
5318,5314,8.314
5318,5316,8.410
5316,5318,8.410
5327,5324,5.555
5324,5327,5.555
5324,8241,10.475
8241,5324,10.475
8227,5329,6.680
5329,8227,6.680
5329,5327,7.048
5327,5329,7.048
5327,5331,8.927
5331,5327,8.927
5331,5325,5.238
5325,5331,5.238
5335,5336,6.069
5336,5335,6.069
5336,5334,33.660
5334,5336,33.660
5337,5333,35.339
5333,5337,35.339
5338,8232,34.642
8232,5338,34.642
8232,5339,7.544
5339,8232,7.544
8513,5341,17.654
5341,8513,17.654
5341,8504,7.688
8504,5341,7.688
5342,5344,28.375
5344,5342,28.375
5344,5345,4.862
5345,5344,4.862
5345,8511,25.420
8511,5345,25.420
8511,5343,12.603
5343,8511,12.603
8231,5347,14.900
5347,8231,14.900
5347,7580,9.255
7580,5347,9.255
5354,5353,11.970
5353,5354,11.970
5353,8471,10.998
8471,5353,10.998
8471,7600,2.252
7600,8471,2.252
7600,8475,10.763
8475,7600,10.763
8475,8474,3.648
8474,8475,3.648
8474,5352,8.778
5352,8474,8.778
5352,8473,3.721
8473,5352,3.721
8473,7599,3.556
7599,8473,3.556
5355,8772,1.665
8772,5355,1.665
8772,9865,5.795
9865,8772,5.795
9865,5354,2.247
5354,9865,2.247
5359,7169,5.552
7169,5359,5.552
5383,5376,6.138
5376,5383,6.138
5376,7585,5.506
7585,5376,5.506
7692,7693,10.497
7693,7692,10.497
5378,5384,36.322
5384,5378,36.322
5384,5382,5.874
5382,5384,5.874
5382,5374,5.170
5374,5382,5.170
5374,5370,14.228
5370,5374,14.228
5370,5369,7.201
5369,5370,7.201
5369,5383,5.331
5383,5369,5.331
5383,5380,8.971
5380,5383,8.971
5380,5371,7.361
5371,5380,7.361
5371,5379,9.560
5379,5371,9.560
5379,5368,19.034
5368,5379,19.034
8029,8028,10.244
8028,8029,10.244
8028,8031,3.451
8031,8028,3.451
8031,5394,10.490
5394,8031,10.490
5394,8030,6.477
8030,5394,6.477
8030,5386,8.822
5386,8030,8.822
5398,5385,27.340
5385,5398,27.340
5385,5392,19.802
5392,5385,19.802
5392,5389,22.745
5389,5392,22.745
5389,5396,13.185
5396,5389,13.185
5396,5393,4.290
5393,5396,4.290
5393,5399,21.574
5399,5393,21.574
5399,6360,30.150
6360,5399,30.150
6360,5400,10.273
5400,6360,10.273
5400,5391,10.970
5391,5400,10.970
5390,5395,28.015
5395,5390,28.015
5395,5388,6.266
5388,5395,6.266
5388,8032,5.510
8032,5388,5.510
8032,5386,5.176
5386,8032,5.176
5386,5387,4.617
5387,5386,4.617
5387,8026,2.424
8026,5387,2.424
8026,8027,4.204
8027,8026,4.204
8027,5397,15.647
5397,8027,15.647
5401,7587,9.936
7587,5401,9.936
5411,5410,14.206
5410,5411,14.206
5413,436,67.967
436,5413,67.967
5416,5415,31.281
5415,5416,31.281
5415,5430,17.122
5430,5415,17.122
5432,5419,26.625
5419,5432,26.625
5419,8502,8.471
8502,5419,8.471
5431,11006,1.591
11006,5431,1.591
11006,11161,6.091
11161,11006,6.091
11161,7145,1.087
7145,11161,1.087
5422,6394,33.075
6394,5422,33.075
6394,5433,7.373
5433,6394,7.373
7833,5424,13.644
5424,7833,13.644
5424,7831,8.103
7831,5424,8.103
7831,7830,4.188
7830,7831,4.188
5434,6383,7.092
6383,5434,7.092
7581,5442,7.348
5442,7581,7.348
5442,5435,3.848
5435,5442,3.848
5435,5440,14.968
5440,5435,14.968
4812,5452,3.991
5452,4812,3.991
5452,5453,15.972
5453,5452,15.972
5453,5446,36.269
5446,5453,36.269
5446,5455,19.707
5455,5446,19.707
5455,5448,22.189
5448,5455,22.189
5448,5451,24.123
5451,5448,24.123
5451,5445,22.384
5445,5451,22.384
5445,5447,19.677
5447,5445,19.677
5447,5450,9.331
5450,5447,9.331
5450,5449,6.189
5449,5450,6.189
5456,5457,6.352
5457,5456,6.352
5457,5454,24.933
5454,5457,24.933
5460,5458,22.123
5458,5460,22.123
5458,5462,5.585
5462,5458,5.585
5462,5461,22.850
5461,5462,22.850
5461,5459,9.827
5459,5461,9.827
5466,6946,12.599
6946,5466,12.599
6946,6943,5.915
6943,6946,5.915
6943,9474,14.945
9474,6943,14.945
1088,3887,1.801
3887,1088,1.801
3887,2853,3.766
2853,3887,3.766
2853,3888,9.452
3888,2853,9.452
3888,5495,11.647
5495,3888,11.647
5495,3889,20.312
3889,5495,20.312
3889,160,10.762
160,3889,10.762
5501,3217,108.646
3217,5501,108.646
3217,12832,80.298
12832,3217,80.298
5521,4116,42.842
4116,5521,42.842
4116,8717,7.711
8717,4116,7.711
8717,1454,7.979
1454,8717,7.979
213,6277,11.794
6277,213,11.794
6277,5526,9.718
5526,6277,9.718
5526,5524,6.799
5524,5526,6.799
5506,2777,17.747
2777,5506,17.747
2777,5505,7.639
5505,2777,7.639
5507,5506,6.983
5506,5507,6.983
1488,10393,16.042
10393,1488,16.042
10393,640,27.835
640,10393,27.835
5551,643,22.883
643,5551,22.883
11832,2578,6.370
2578,11832,6.370
2578,2589,9.582
2589,2578,9.582
2589,11031,15.629
11031,2589,15.629
11031,2584,20.314
2584,11031,20.314
2584,636,22.571
636,2584,22.571
5556,5557,14.056
5557,5556,14.056
4920,5560,12.684
5560,4920,12.684
5029,5566,18.476
5566,5029,18.476
5569,5570,44.404
5570,5569,44.404
5570,2697,5.219
2697,5570,5.219
2697,89,13.698
89,2697,13.698
1414,5977,23.298
5977,1414,23.298
5977,2700,14.783
2700,5977,14.783
2700,99,10.588
99,2700,10.588
5577,8754,10.710
8754,5577,10.710
8754,12506,13.202
12506,8754,13.202
12506,5575,43.435
5575,12506,43.435
5576,8753,10.940
8753,5576,10.940
8753,8394,5.070
8394,8753,5.070
8394,5574,25.797
5574,8394,25.797
5574,5573,36.324
5573,5574,36.324
5590,10446,1.969
10446,5590,1.969
10446,5591,3.391
5591,10446,3.391
1763,10447,14.347
10447,1763,14.347
10447,786,4.777
786,10447,4.777
5585,5584,12.116
5584,5585,12.116
5586,5585,16.331
5585,5586,16.331
3923,5586,8.343
5586,3923,8.343
5592,5593,10.049
5593,5592,10.049
5594,5595,8.992
5595,5594,8.992
5595,5596,9.652
5596,5595,9.652
5602,5603,13.779
5603,5602,13.779
7401,5048,38.689
5048,7401,38.689
5048,423,14.363
423,5048,14.363
423,5604,13.023
5604,423,13.023
5604,12210,26.854
12210,5604,26.854
1742,5606,16.236
5606,1742,16.236
5606,1741,21.334
1741,5606,21.334
5614,7256,6.033
7256,5614,6.033
7256,5613,5.287
5613,7256,5.287
5611,5610,52.311
5610,5611,52.311
5613,5612,10.424
5612,5613,10.424
5612,5611,15.731
5611,5612,15.731
5624,9834,7.040
9834,5624,7.040
3457,5621,26.943
5621,3457,26.943
5621,5622,11.407
5622,5621,11.407
5622,5624,27.650
5624,5622,27.650
5637,9746,5.090
9746,5637,5.090
9746,9438,1.866
9438,9746,1.866
5641,12817,4.060
12817,5641,4.060
12817,6047,25.779
6047,12817,25.779
2720,5745,17.825
5745,2720,17.825
5745,938,3.625
938,5745,3.625
5662,5660,3.493
5660,5662,3.493
5655,5654,11.806
5654,5655,11.806
5646,5645,23.339
5645,5646,23.339
3517,5644,8.282
5644,3517,8.282
5644,6644,7.638
6644,5644,7.638
5658,5655,23.855
5655,5658,23.855
5649,3319,4.903
3319,5649,4.903
5666,2720,9.129
2720,5666,9.129
5643,3320,42.382
3320,5643,42.382
5663,5659,9.799
5659,5663,9.799
5659,5658,4.739
5658,5659,4.739
5652,5649,21.312
5649,5652,21.312
5649,5646,48.751
5646,5649,48.751
5660,5661,2.949
5661,5660,2.949
5661,5664,32.204
5664,5661,32.204
5664,5665,2.676
5665,5664,2.676
3518,5648,7.842
5648,3518,7.842
5648,5647,3.198
5647,5648,3.198
5647,5642,42.850
5642,5647,42.850
5650,5653,10.736
5653,5650,10.736
5653,5656,9.304
5656,5653,9.304
5656,5657,9.039
5657,5656,9.039
4224,5668,11.599
5668,4224,11.599
5674,9741,4.414
9741,5674,4.414
9741,5673,1.244
5673,9741,1.244
5672,5671,15.373
5671,5672,15.373
5673,5672,13.009
5672,5673,13.009
53,12390,3.112
12390,53,3.112
12390,12394,2.367
12394,12390,2.367
12394,5676,1.603
5676,12394,1.603
5676,12396,1.579
12396,5676,1.579
12396,12391,3.170
12391,12396,3.170
12391,12392,4.453
12392,12391,4.453
12392,4520,2.771
4520,12392,2.771
4520,4521,6.663
4521,4520,6.663
5685,5684,2.848
5684,5685,2.848
1260,5685,11.402
5685,1260,11.402
4959,5682,3.922
5682,4959,3.922
5682,6981,4.377
6981,5682,4.377
6981,1175,5.267
1175,6981,5.267
1175,1174,41.944
1174,1175,41.944
1174,1422,6.826
1422,1174,6.826
5578,5686,1.086
5686,5578,1.086
5686,5579,10.644
5579,5686,10.644
5691,6677,4.604
6677,5691,4.604
6677,7259,15.036
7259,6677,15.036
7259,7258,1.156
7258,7259,1.156
7258,5690,1.597
5690,7258,1.597
5690,5689,2.551
5689,5690,2.551
5689,7257,2.895
7257,5689,2.895
7257,5688,4.306
5688,7257,4.306
5688,5687,38.056
5687,5688,38.056
5699,9704,5.570
9704,5699,5.570
9704,5700,42.168
5700,9704,42.168
4229,7228,6.351
7228,4229,6.351
7228,11842,3.886
11842,7228,3.886
11842,7227,7.725
7227,11842,7.725
7227,4228,12.112
4228,7227,12.112
4228,5710,5.880
5710,4228,5.880
5710,2762,1.614
2762,5710,1.614
2762,7222,3.312
7222,2762,3.312
7222,4227,3.957
4227,7222,3.957
3329,3328,3.261
3328,3329,3.261
3328,5722,4.380
5722,3328,4.380
3330,5701,15.078
5701,3330,15.078
5701,10504,8.393
10504,5701,8.393
10504,5723,5.365
5723,10504,5.365
5723,5724,6.835
5724,5723,6.835
5724,10505,16.441
10505,5724,16.441
10505,5725,7.057
5725,10505,7.057
5725,5726,6.747
5726,5725,6.747
5738,5739,10.552
5739,5738,10.552
5739,5740,39.891
5740,5739,39.891
5736,5737,1.498
5737,5736,1.498
5737,9810,6.470
9810,5737,6.470
9810,5738,6.543
5738,9810,6.543
5729,5730,1.623
5730,5729,1.623
5730,7156,3.334
7156,5730,3.334
7156,5731,3.037
5731,7156,3.037
5731,5733,13.660
5733,5731,13.660
5743,5744,9.564
5744,5743,9.564
5741,5742,1.474
5742,5741,1.474
5742,9809,4.417
9809,5742,4.417
9809,5743,7.300
5743,9809,7.300
524,9802,7.282
9802,524,7.282
9802,12557,68.899
12557,9802,68.899
5665,5666,4.126
5666,5665,4.126
5668,5667,6.862
5667,5668,6.862
5667,5665,35.432
5665,5667,35.432
5748,5749,13.257
5749,5748,13.257
5746,5747,8.200
5747,5746,8.200
5747,5748,3.291
5748,5747,3.291
5755,5754,12.420
5754,5755,12.420
5754,5752,6.063
5752,5754,6.063
5752,5753,10.420
5753,5752,10.420
5756,1599,76.717
1599,5756,76.717
1599,1600,37.309
1600,1599,37.309
1600,1601,18.119
1601,1600,18.119
1601,1602,45.201
1602,1601,45.201
4921,4919,2.281
4919,4921,2.281
4919,4916,7.337
4916,4919,7.337
4916,4924,13.559
4924,4916,13.559
4922,4923,2.071
4923,4922,2.071
4923,4927,7.762
4927,4923,7.762
4927,4917,25.831
4917,4927,25.831
2864,5767,7.007
5767,2864,7.007
5767,7797,5.420
7797,5767,5.420
7797,5766,10.181
5766,7797,10.181
131,5769,6.491
5769,131,6.491
5768,5769,3.609
5769,5768,3.609
5775,5776,4.112
5776,5775,4.112
5776,12149,11.354
12149,5776,11.354
12149,12148,62.616
12148,12149,62.616
5787,1159,17.661
1159,5787,17.661
5779,1151,7.559
1151,5779,7.559
1153,8103,3.959
8103,1153,3.959
8103,5782,7.826
5782,8103,7.826
5782,8104,5.856
8104,5782,5.856
8104,5783,19.474
5783,8104,19.474
5783,1152,8.338
1152,5783,8.338
1152,5784,6.439
5784,1152,6.439
5784,5785,4.654
5785,5784,4.654
5785,5786,4.526
5786,5785,4.526
5786,1154,6.853
1154,5786,6.853
8411,5788,9.056
5788,8411,9.056
5788,5789,19.754
5789,5788,19.754
4117,5900,5.460
5900,4117,5.460
5900,5807,12.201
5807,5900,12.201
5807,11958,9.864
11958,5807,9.864
11958,11957,10.171
11957,11958,10.171
11957,9426,10.247
9426,11957,10.247
8244,3393,5.093
3393,8244,5.093
3393,3391,35.130
3391,3393,35.130
18,3153,8.913
3153,18,8.913
3153,5199,5.041
5199,3153,5.041
5199,10882,5.007
10882,5199,5.007
10882,10872,4.279
10872,10882,4.279
10872,10873,4.691
10873,10872,4.691
10873,10883,7.645
10883,10873,7.645
10883,19,10.964
19,10883,10.964
5814,5813,11.142
5813,5814,11.142
5812,5811,10.388
5811,5812,10.388
5811,5810,8.454
5810,5811,8.454
5815,5814,3.086
5814,5815,3.086
5813,5812,8.743
5812,5813,8.743
5817,7357,4.995
7357,5817,4.995
7357,5818,13.590
5818,7357,13.590
5818,8865,7.684
8865,5818,7.684
8865,7326,17.674
7326,8865,17.674
7326,2236,7.104
2236,7326,7.104
2236,5819,24.696
5819,2236,24.696
5819,7826,5.849
7826,5819,5.849
5827,9851,6.498
9851,5827,6.498
9851,5841,2.748
5841,9851,2.748
5841,5828,13.524
5828,5841,13.524
5828,5829,11.160
5829,5828,11.160
5829,5840,19.597
5840,5829,19.597
5840,5830,5.327
5830,5840,5.327
2492,5847,0.924
5847,2492,0.924
5847,5848,13.873
5848,5847,13.873
5848,5849,12.105
5849,5848,12.105
5849,5831,9.452
5831,5849,9.452
5832,5833,7.924
5833,5832,7.924
5842,5177,1.624
5177,5842,1.624
5830,5834,69.692
5834,5830,69.692
5834,5839,3.619
5839,5834,3.619
5839,5842,4.794
5842,5839,4.794
5844,5845,8.860
5845,5844,8.860
5845,5843,4.212
5843,5845,4.212
5843,5846,12.130
5846,5843,12.130
11592,11593,14.031
11593,11592,14.031
11593,11269,2.032
11269,11593,2.032
11269,458,10.216
458,11269,10.216
9446,5851,30.706
5851,9446,30.706
5851,12146,28.072
12146,5851,28.072
12146,12147,6.788
12147,12146,6.788
12147,5852,18.647
5852,12147,18.647
4094,5878,21.830
5878,4094,21.830
5878,4090,30.699
4090,5878,30.699
289,11242,4.597
11242,289,4.597
11242,9830,5.070
9830,11242,5.070
9830,2577,3.438
2577,9830,3.438
2577,11244,2.532
11244,2577,2.532
11244,11243,2.821
11243,11244,2.821
11243,11247,21.199
11247,11243,21.199
11247,11246,4.113
11246,11247,4.113
11246,11248,3.918
11248,11246,3.918
11248,1209,4.699
1209,11248,4.699
1209,11245,6.321
11245,1209,6.321
11245,1457,24.444
1457,11245,24.444
1457,72,5.835
72,1457,5.835
338,565,28.854
565,338,28.854
565,571,8.304
571,565,8.304
571,786,10.577
786,571,10.577
786,572,12.815
572,786,12.815
572,5120,14.114
5120,572,14.114
5120,5580,9.750
5580,5120,9.750
5580,512,65.318
512,5580,65.318
246,2934,16.239
2934,246,16.239
2934,2752,11.289
2752,2934,11.289
5883,5884,12.077
5884,5883,12.077
5884,5885,5.516
5885,5884,5.516
5885,11473,23.675
11473,5885,23.675
622,6565,5.636
6565,622,5.636
5072,12298,2.799
12298,5072,2.799
12298,12297,62.481
12297,12298,62.481
12297,719,7.132
719,12297,7.132
44,1318,7.205
1318,44,7.205
5918,5927,1.460
5927,5918,1.460
5927,9861,5.604
9861,5927,5.604
9861,5926,2.390
5926,9861,2.390
5923,5922,5.121
5922,5923,5.121
5922,5921,9.389
5921,5922,9.389
5924,5923,13.835
5923,5924,13.835
5925,5919,11.091
5919,5925,11.091
5919,5920,46.757
5920,5919,46.757
5920,5924,6.538
5924,5920,6.538
5926,5925,14.804
5925,5926,14.804
5929,2219,4.953
2219,5929,4.953
2219,2218,13.538
2218,2219,13.538
2218,2217,14.029
2217,2218,14.029
5928,2220,13.339
2220,5928,13.339
5932,5948,6.530
5948,5932,6.530
5948,5933,15.195
5933,5948,15.195
5933,5934,18.823
5934,5933,18.823
5934,5935,42.984
5935,5934,42.984
5935,5936,25.714
5936,5935,25.714
5936,5937,22.521
5937,5936,22.521
5937,5938,5.012
5938,5937,5.012
5938,5939,14.293
5939,5938,14.293
5939,5940,12.244
5940,5939,12.244
5940,5941,4.224
5941,5940,4.224
5941,5947,12.592
5947,5941,12.592
5947,5942,11.362
5942,5947,11.362
5942,5943,22.002
5943,5942,22.002
5943,5944,10.181
5944,5943,10.181
5944,5945,9.681
5945,5944,9.681
5945,5946,12.098
5946,5945,12.098
5946,5938,5.618
5938,5946,5.618
5956,5964,10.540
5964,5956,10.540
5964,5957,7.004
5957,5964,7.004
5957,5960,28.104
5960,5957,28.104
5963,7678,9.670
7678,5963,9.670
7678,6310,43.409
6310,7678,43.409
7944,7943,4.273
7943,7944,4.273
7943,5958,26.971
5958,7943,26.971
5975,5971,47.090
5971,5975,47.090
5971,8454,1.852
8454,5971,1.852
5973,5969,39.801
5969,5973,39.801
5969,8456,2.549
8456,5969,2.549
2679,7950,4.012
7950,2679,4.012
7950,7664,7.612
7664,7950,7.612
7664,7231,20.447
7231,7664,20.447
7231,2401,5.108
2401,7231,5.108
2674,609,28.332
609,2674,28.332
5982,5983,29.028
5983,5982,29.028
5983,10204,9.472
10204,5983,9.472
10204,5984,6.109
5984,10204,6.109
5984,5985,51.645
5985,5984,51.645
5985,5986,27.338
5986,5985,27.338
5986,5987,29.778
5987,5986,29.778
5987,5988,21.430
5988,5987,21.430
5988,11789,66.458
11789,5988,66.458
11789,11788,2.509
11788,11789,2.509
11788,11787,2.699
11787,11788,2.699
11787,5991,4.763
5991,11787,4.763
5991,11793,2.049
11793,5991,2.049
11793,11792,1.771
11792,11793,1.771
11792,11791,1.740
11791,11792,1.740
11791,11790,1.911
11790,11791,1.911
5994,5993,14.165
5993,5994,14.165
5988,1931,4.789
1931,5988,4.789
5995,5994,2.385
5994,5995,2.385
5996,5995,10.324
5995,5996,10.324
5997,5996,30.081
5996,5997,30.081
5990,11802,4.140
11802,5990,4.140
11802,11799,0.517
11799,11802,0.517
11799,5989,0.450
5989,11799,0.450
5989,11801,0.475
11801,5989,0.475
11801,11798,0.502
11798,11801,0.502
11798,11800,0.751
11800,11798,0.751
11800,11803,1.523
11803,11800,1.523
11803,11797,23.000
11797,11803,23.000
11797,11804,0.988
11804,11797,0.988
11804,11794,0.823
11794,11804,0.823
11794,11795,4.342
11795,11794,4.342
11795,5992,1.180
5992,11795,1.180
5992,11796,1.032
11796,5992,1.032
11796,11790,32.350
11790,11796,32.350
11790,2376,4.589
2376,11790,4.589
2394,2393,5.055
2393,2394,5.055
2393,2382,6.630
2382,2393,6.630
6024,8243,44.797
8243,6024,44.797
9942,6029,17.188
6029,9942,17.188
6029,6028,26.220
6028,6029,26.220
6028,6027,11.191
6027,6028,11.191
6027,6025,5.262
6025,6027,5.262
6025,6031,15.356
6031,6025,15.356
3494,9412,23.826
9412,3494,23.826
6026,6032,58.530
6032,6026,58.530
6032,6034,8.270
6034,6032,8.270
6036,7300,42.996
7300,6036,42.996
7300,9444,1.078
9444,7300,1.078
8083,1878,9.713
1878,8083,9.713
6043,9855,7.374
9855,6043,7.374
9855,9854,14.423
9854,9855,14.423
9854,9856,6.825
9856,9854,6.825
2337,705,22.869
705,2337,22.869
2343,3586,1.336
3586,2343,1.336
3586,6261,21.218
6261,3586,21.218
6261,4193,12.542
4193,6261,12.542
6055,6054,16.330
6054,6055,16.330
6054,3876,15.171
3876,6054,15.171
6056,6061,22.518
6061,6056,22.518
8116,6056,5.201
6056,8116,5.201
6056,8114,6.297
8114,6056,6.297
6065,6066,14.889
6066,6065,14.889
6066,7171,3.954
7171,6066,3.954
6067,7149,4.949
7149,6067,4.949
6076,7804,6.546
7804,6076,6.546
7804,6071,34.368
6071,7804,34.368
6071,6078,6.693
6078,6071,6.693
6081,9671,52.040
9671,6081,52.040
9671,9291,5.682
9291,9671,5.682
9291,6080,1.383
6080,9291,1.383
6083,6074,47.907
6074,6083,47.907
6074,6075,5.649
6075,6074,5.649
6076,11463,45.028
11463,6076,45.028
11463,11464,2.091
11464,11463,2.091
11464,11460,14.729
11460,11464,14.729
11460,11461,2.012
11461,11460,2.012
11461,11462,9.914
11462,11461,9.914
6081,6072,19.432
6072,6081,19.432
6072,6073,54.475
6073,6072,54.475
7804,7805,6.809
7805,7804,6.809
7805,6084,6.025
6084,7805,6.025
6084,6082,25.735
6082,6084,25.735
6085,6630,76.951
6630,6085,76.951
6087,6090,17.822
6090,6087,17.822
6090,6089,56.196
6089,6090,56.196
6089,6088,8.071
6088,6089,8.071
8614,6095,1.915
6095,8614,1.915
6095,6094,9.973
6094,6095,9.973
6097,9734,31.947
9734,6097,31.947
9734,6096,6.968
6096,9734,6.968
6100,6099,23.478
6099,6100,23.478
6099,10461,10.048
10461,6099,10.048
10461,6111,1.901
6111,10461,1.901
6104,7148,8.972
7148,6104,8.972
6109,6098,34.794
6098,6109,34.794
6113,6112,25.503
6112,6113,25.503
6112,9743,14.413
9743,6112,14.413
9743,6102,6.035
6102,9743,6.035
9913,6109,6.901
6109,9913,6.901
6109,9436,2.875
9436,6109,2.875
6110,12470,30.350
12470,6110,30.350
12470,12471,6.629
12471,12470,6.629
12471,2675,18.259
2675,12471,18.259
2675,10462,10.257
10462,2675,10.257
10462,6101,1.843
6101,10462,1.843
6114,11871,19.451
11871,6114,19.451
11871,6091,10.091
6091,11871,10.091
6091,7544,3.452
7544,6091,3.452
6124,7188,4.545
7188,6124,4.545
6123,6122,22.988
6122,6123,22.988
6122,6119,4.853
6119,6122,4.853
6125,12974,8.924
12974,6125,8.924
12974,6126,5.692
6126,12974,5.692
6128,6342,8.176
6342,6128,8.176
6131,6341,17.360
6341,6131,17.360
6133,7810,7.485
7810,6133,7.485
6144,6145,44.379
6145,6144,44.379
6145,8431,3.522
8431,6145,3.522
6902,6901,4.710
6901,6902,4.710
6901,6140,5.952
6140,6901,5.952
6140,6147,7.937
6147,6140,7.937
6147,6897,4.259
6897,6147,4.259
6897,6894,2.348
6894,6897,2.348
6146,7809,7.404
7809,6146,7.404
6142,6141,44.616
6141,6142,44.616
6141,9075,3.183
9075,6141,3.183
6143,9771,14.643
9771,6143,14.643
9771,6136,5.037
6136,9771,5.037
6151,7808,4.277
7808,6151,4.277
382,6612,4.375
6612,382,4.375
6612,3641,3.211
3641,6612,3.211
3641,4295,1.433
4295,3641,1.433
8212,6158,6.211
6158,8212,6.211
6158,6166,18.331
6166,6158,18.331
6166,6156,19.874
6156,6166,19.874
6156,7782,11.976
7782,6156,11.976
7782,6159,5.578
6159,7782,5.578
6159,6167,14.278
6167,6159,14.278
6167,7771,12.131
7771,6167,12.131
7771,8211,7.387
8211,7771,7.387
6164,6168,32.270
6168,6164,32.270
6175,6174,12.202
6174,6175,12.202
6174,6172,18.635
6172,6174,18.635
6172,6176,19.679
6176,6172,19.679
6176,6169,14.866
6169,6176,14.866
6173,8362,45.570
8362,6173,45.570
6179,6177,13.933
6177,6179,13.933
6177,6180,5.846
6180,6177,5.846
6184,7676,8.138
7676,6184,8.138
7816,6186,5.648
6186,7816,5.648
6186,6185,8.270
6185,6186,8.270
6189,4474,1.292
4474,6189,1.292
4474,4243,3.504
4243,4474,3.504
9928,10846,3.834
10846,9928,3.834
10846,10847,2.485
10847,10846,2.485
10847,10848,2.764
10848,10847,2.764
10848,10849,1.989
10849,10848,1.989
10849,10850,2.615
10850,10849,2.615
10850,10851,1.021
10851,10850,1.021
10851,10853,1.281
10853,10851,1.281
10853,10854,1.664
10854,10853,1.664
10854,6188,1.716
6188,10854,1.716
6188,6189,2.218
6189,6188,2.218
6197,6198,24.004
6198,6197,24.004
6198,6195,26.382
6195,6198,26.382
6195,6196,13.170
6196,6195,13.170
6201,7350,11.265
7350,6201,11.265
7350,2880,11.153
2880,7350,11.153
6210,6226,9.672
6226,6210,9.672
6206,6209,6.591
6209,6206,6.591
6209,6225,1.588
6225,6209,1.588
6212,6213,19.509
6213,6212,19.509
6213,6211,34.399
6211,6213,34.399
10451,12629,7.866
12629,10451,7.866
5555,12982,7.113
12982,5555,7.113
12982,5556,2.005
5556,12982,2.005
6223,9849,1.720
9849,6223,1.720
9849,6222,6.266
6222,9849,6.266
6224,6223,13.937
6223,6224,13.937
11491,11492,3.366
11492,11491,3.366
11492,6224,14.336
6224,11492,14.336
6205,6208,9.615
6208,6205,9.615
6225,6205,13.820
6205,6225,13.820
6226,6207,1.602
6207,6226,1.602
3841,6228,8.651
6228,3841,8.651
6228,3840,2.434
3840,6228,2.434
3850,3848,3.667
3848,3850,3.667
3848,3838,4.534
3838,3848,4.534
6237,6238,81.296
6238,6237,81.296
6238,8071,18.567
8071,6238,18.567
8071,6244,28.485
6244,8071,28.485
6244,9965,11.206
9965,6244,11.206
9965,9968,33.287
9968,9965,33.287
9968,6239,27.161
6239,9968,27.161
6240,6241,82.789
6241,6240,82.789
6241,6242,25.242
6242,6241,25.242
6242,6583,4.987
6583,6242,4.987
6245,11697,1.557
11697,6245,1.557
11697,6343,2.612
6343,11697,2.612
6343,9675,2.651
9675,6343,2.651
9675,7807,11.222
7807,9675,11.222
7807,6246,10.085
6246,7807,10.085
6247,11698,1.717
11698,6247,1.717
11698,6333,0.883
6333,11698,0.883
6333,9683,3.966
9683,6333,3.966
9683,8147,11.734
8147,9683,11.734
8147,6248,1.335
6248,8147,1.335
6249,9763,1.811
9763,6249,1.811
9763,11695,2.056
11695,9763,2.056
11695,718,3.840
718,11695,3.840
6250,6249,12.865
6249,6250,12.865
6252,1868,7.903
1868,6252,7.903
1868,6904,16.155
6904,1868,16.155
6904,6621,4.787
6621,6904,4.787
6621,2239,17.132
2239,6621,17.132
2239,1870,34.144
1870,2239,34.144
1870,6250,11.801
6250,1870,11.801
6251,6252,12.279
6252,6251,12.279
1442,925,15.005
925,1442,15.005
1875,925,16.800
925,1875,16.800
2432,4171,7.617
4171,2432,7.617
4171,3608,7.139
3608,4171,7.139
3608,10221,6.885
10221,3608,6.885
423,940,10.815
940,423,10.815
3292,1118,7.107
1118,3292,7.107
1118,3291,3.164
3291,1118,3.164
3291,8370,5.024
8370,3291,5.024
8370,8371,5.810
8371,8370,5.810
8371,329,3.266
329,8371,3.266
329,3295,4.934
3295,329,4.934
676,677,13.628
677,676,13.628
623,22,13.446
22,623,13.446
677,2669,10.933
2669,677,10.933
2669,8256,25.157
8256,2669,25.157
8256,714,45.601
714,8256,45.601
1,2174,4.876
2174,1,4.876
2174,15,6.271
15,2174,6.271
677,623,13.296
623,677,13.296
623,2549,14.112
2549,623,14.112
2549,624,82.804
624,2549,82.804
676,2671,13.216
2671,676,13.216
2671,7675,62.830
7675,2671,62.830
7675,7681,37.994
7681,7675,37.994
1972,818,10.637
818,1972,10.637
2611,6785,11.799
6785,2611,11.799
6785,6784,4.863
6784,6785,4.863
6784,11735,3.660
11735,6784,3.660
11735,1419,3.171
1419,11735,3.171
2792,2802,1.157
2802,2792,1.157
2802,2800,2.991
2800,2802,2.991
2800,2791,1.279
2791,2800,1.279
3869,200,25.656
200,3869,25.656
3135,10944,5.098
10944,3135,5.098
10944,10943,1.425
10943,10944,1.425
10943,3143,1.747
3143,10943,1.747
3143,10942,2.494
10942,3143,2.494
10942,3147,2.218
3147,10942,2.218
3147,10941,1.353
10941,3147,1.353
10941,2113,2.712
2113,10941,2.712
2792,6788,10.639
6788,2792,10.639
6788,6787,1.288
6787,6788,1.288
6787,2373,16.488
2373,6787,16.488
2791,2795,7.089
2795,2791,7.089
2795,11741,19.195
11741,2795,19.195
11741,11734,20.618
11734,11741,20.618
11734,11733,11.874
11733,11734,11.874
11733,2790,6.664
2790,11733,6.664
2790,761,9.769
761,2790,9.769
761,1127,73.114
1127,761,73.114
219,5525,16.684
5525,219,16.684
5525,11214,15.297
11214,5525,15.297
11214,1675,8.189
1675,11214,8.189
1675,4148,17.533
4148,1675,17.533
4148,1968,19.028
1968,4148,19.028
4902,5522,17.019
5522,4902,17.019
5522,1454,18.225
1454,5522,18.225
606,10898,0.981
10898,606,0.981
10898,10897,1.118
10897,10898,1.118
10897,4879,1.035
4879,10897,1.035
4879,4880,0.872
4880,4879,0.872
4880,10896,1.148
10896,4880,1.148
10896,3174,1.100
3174,10896,1.100
3174,10895,1.317
10895,3174,1.317
10895,10894,1.221
10894,10895,1.221
10894,4882,1.825
4882,10894,1.825
4882,4883,1.308
4883,4882,1.308
4883,2989,2.252
2989,4883,2.252
2989,10150,1.897
10150,2989,1.897
10150,4886,4.481
4886,10150,4.481
4886,10900,1.642
10900,4886,1.642
10900,7247,2.265
7247,10900,2.265
7247,2988,2.723
2988,7247,2.723
606,9595,0.490
9595,606,0.490
9595,4873,0.568
4873,9595,0.568
4873,4871,3.064
4871,4873,3.064
4871,4868,6.161
4868,4871,6.161
4868,4867,1.747
4867,4868,1.747
4867,5070,4.581
5070,4867,4.581
5070,2281,4.121
2281,5070,4.121
678,679,11.388
679,678,11.388
627,20,10.866
20,627,10.866
679,5139,8.575
5139,679,8.575
5139,675,16.554
675,5139,16.554
20,5143,7.959
5143,20,7.959
5143,6498,23.535
6498,5143,23.535
20,678,11.083
678,20,11.083
679,627,10.843
627,679,10.843
678,5138,12.477
5138,678,12.477
5138,78,15.748
78,5138,15.748
78,12468,34.760
12468,78,34.760
12468,10146,6.022
10146,12468,6.022
10146,2750,6.107
2750,10146,6.107
2750,2870,3.249
2870,2750,3.249
2430,171,8.753
171,2430,8.753
4010,6280,159.809
6280,4010,159.809
4008,589,124.282
589,4008,124.282
6279,4009,159.943
4009,6279,159.943
4009,4008,169.718
4008,4009,169.718
6280,4012,91.440
4012,6280,91.440
4012,6285,19.851
6285,4012,19.851
6285,11284,11.675
11284,6285,11.675
11284,6286,9.132
6286,11284,9.132
6286,11283,8.004
11283,6286,8.004
11283,594,14.102
594,11283,14.102
5542,5543,7.507
5543,5542,7.507
5543,5544,4.736
5544,5543,4.736
5544,632,7.336
632,5544,7.336
4192,2709,15.833
2709,4192,15.833
2709,11314,26.025
11314,2709,26.025
632,5546,16.025
5546,632,16.025
5546,2157,10.041
2157,5546,10.041
1672,4117,40.580
4117,1672,40.580
4117,1412,84.992
1412,4117,84.992
1412,7016,33.021
7016,1412,33.021
7016,12928,21.555
12928,7016,21.555
12928,2546,3.373
2546,12928,3.373
2546,12929,10.943
12929,2546,10.943
12929,2544,5.514
2544,12929,5.514
10410,6171,14.164
6171,10410,14.164
6171,6175,36.295
6175,6171,36.295
6175,3509,43.057
3509,6175,43.057
3509,4852,8.742
4852,3509,8.742
1645,7434,3.850
7434,1645,3.850
7434,1640,3.192
1640,7434,3.192
1640,7157,7.166
7157,1640,7.166
7157,1642,7.166
1642,7157,7.166
1642,7433,1.966
7433,1642,1.966
7433,298,3.617
298,7433,3.617
1351,1659,9.141
1659,1351,9.141
1659,92,7.659
92,1659,7.659
92,1653,6.402
1653,92,6.402
1653,3206,5.077
3206,1653,5.077
297,221,7.984
221,297,7.984
221,2537,7.589
2537,221,7.589
2537,1656,7.603
1656,2537,7.603
1656,1648,4.271
1648,1656,4.271
93,12417,7.996
12417,93,7.996
12417,603,6.740
603,12417,6.740
603,8291,5.901
8291,603,5.901
8291,1610,4.758
1610,8291,4.758
1610,8292,3.917
8292,1610,3.917
8292,596,4.059
596,8292,4.059
596,8294,4.413
8294,596,4.413
8294,1607,5.064
1607,8294,5.064
1607,8293,3.981
8293,1607,3.981
8293,597,4.309
597,8293,4.309
597,1608,10.124
1608,597,10.124
1608,11569,4.131
11569,1608,4.131
11569,8290,2.494
8290,11569,2.494
8290,1611,4.308
1611,8290,4.308
1611,5564,3.042
5564,1611,3.042
5564,10112,3.742
10112,5564,3.742
10112,2102,6.560
2102,10112,6.560
6308,6306,10.991
6306,6308,10.991
6306,6305,7.513
6305,6306,7.513
6305,6304,9.503
6304,6305,9.503
6304,6303,8.403
6303,6304,8.403
6303,6300,18.817
6300,6303,18.817
6300,6299,6.767
6299,6300,6.767
6299,6301,26.117
6301,6299,26.117
6301,6302,7.803
6302,6301,7.803
6302,6307,21.692
6307,6302,21.692
6307,6308,6.440
6308,6307,6.440
6308,6309,62.449
6309,6308,62.449
6309,5956,11.514
5956,6309,11.514
6310,6313,13.386
6313,6310,13.386
6312,6316,10.715
6316,6312,10.715
6316,6317,2.392
6317,6316,2.392
6314,6311,26.882
6311,6314,26.882
6311,6312,5.359
6312,6311,5.359
6317,6318,2.542
6318,6317,2.542
6318,6319,13.356
6319,6318,13.356
6319,6320,11.145
6320,6319,11.145
6313,6315,2.521
6315,6313,2.521
6315,9922,11.365
9922,6315,11.365
9922,5962,1.929
5962,9922,1.929
5962,5959,11.091
5959,5962,11.091
8214,6325,9.921
6325,8214,9.921
6325,12709,38.142
12709,6325,38.142
12709,11130,67.185
11130,12709,67.185
11130,6326,5.666
6326,11130,5.666
6326,12710,41.277
12710,6326,41.277
3370,7038,16.470
7038,3370,16.470
7038,1038,16.294
1038,7038,16.294
1038,7040,17.001
7040,1038,17.001
7040,2300,6.105
2300,7040,6.105
2300,8434,5.088
8434,2300,5.088
8434,2298,2.721
2298,8434,2.721
1499,1036,31.877
1036,1499,31.877
1036,277,15.506
277,1036,15.506
6340,6338,14.917
6338,6340,14.917
6339,6337,11.492
6337,6339,11.492
6342,6340,13.355
6340,6342,13.355
6341,6339,13.399
6339,6341,13.399
6338,6336,11.576
6336,6338,11.576
6337,6335,15.066
6335,6337,15.066
6336,6129,1.672
6129,6336,1.672
6129,6132,6.182
6132,6129,6.182
6335,6334,1.614
6334,6335,1.614
6334,6130,6.172
6130,6334,6.172
5410,6344,16.383
6344,5410,16.383
747,2626,26.506
2626,747,26.506
6345,12782,6.987
12782,6345,6.987
12782,1664,17.314
1664,12782,17.314
18,673,14.963
673,18,14.963
7319,1064,9.754
1064,7319,9.754
6349,11163,8.495
11163,6349,8.495
11163,7287,1.072
7287,11163,1.072
7287,6348,0.712
6348,7287,0.712
6356,6355,21.971
6355,6356,21.971
6355,6354,33.275
6354,6355,33.275
6354,6358,17.470
6358,6354,17.470
6358,6357,12.790
6357,6358,12.790
6357,5389,11.628
5389,6357,11.628
6360,6361,7.877
6361,6360,7.877
6361,6362,33.351
6362,6361,33.351
6362,6363,12.050
6363,6362,12.050
6363,6364,30.489
6364,6363,30.489
6366,8777,11.736
8777,6366,11.736
8777,6365,7.208
6365,8777,7.208
6365,7267,8.608
7267,6365,8.608
7267,6468,8.815
6468,7267,8.815
6468,626,9.149
626,6468,9.149
6369,6791,4.038
6791,6369,4.038
6791,6790,2.892
6790,6791,2.892
6790,626,1.335
626,6790,1.335
7420,2688,5.463
2688,7420,5.463
6378,6377,7.334
6377,6378,7.334
6377,11825,12.322
11825,6377,12.322
11825,6374,10.100
6374,11825,10.100
6374,6373,8.848
6373,6374,8.848
6373,11826,17.977
11826,6373,17.977
11826,6375,4.095
6375,11826,4.095
6375,6376,7.220
6376,6375,7.220
2961,7069,7.508
7069,2961,7.508
9926,10842,1.962
10842,9926,1.962
10842,10841,1.494
10841,10842,1.494
10841,10142,2.457
10142,10841,2.457
10142,10782,5.062
10782,10142,5.062
10782,10783,4.467
10783,10782,4.467
10783,10786,3.103
10786,10783,3.103
10786,10773,1.955
10773,10786,1.955
10773,10787,3.294
10787,10773,3.294
10787,10788,1.943
10788,10787,1.943
10788,10794,1.684
10794,10788,1.684
10794,9939,0.789
9939,10794,0.789
9939,10793,1.001
10793,9939,1.001
10793,10792,1.385
10792,10793,1.385
10792,10795,1.083
10795,10792,1.083
10795,10790,0.840
10790,10795,0.840
10790,10791,0.858
10791,10790,0.858
10791,10796,0.985
10796,10791,0.985
10796,10797,0.772
10797,10796,0.772
10797,9925,0.814
9925,10797,0.814
124,3730,13.280
3730,124,13.280
3730,4100,20.832
4100,3730,20.832
4100,4101,17.908
4101,4100,17.908
4101,4102,14.153
4102,4101,14.153
4102,7229,3.334
7229,4102,3.334
7229,4230,3.419
4230,7229,3.419
4230,4103,10.587
4103,4230,10.587
4103,7341,9.863
7341,4103,9.863
7341,4106,23.023
4106,7341,23.023
4106,7340,7.961
7340,4106,7.961
7340,4108,8.896
4108,7340,8.896
4108,7342,8.182
7342,4108,8.182
7342,4109,8.038
4109,7342,8.038
4109,7343,7.781
7343,4109,7.781
7343,4111,7.370
4111,7343,7.370
4111,5716,8.752
5716,4111,8.752
5716,4113,10.533
4113,5716,10.533
4113,5718,9.869
5718,4113,9.869
5718,4115,10.232
4115,5718,10.232
4115,5719,11.605
5719,4115,11.605
5719,4114,12.140
4114,5719,12.140
4114,5717,8.594
5717,4114,8.594
5717,4112,8.910
4112,5717,8.910
4112,5715,9.787
5715,4112,9.787
5715,4110,8.723
4110,5715,8.723
4110,4107,23.153
4107,4110,23.153
4107,12804,10.630
12804,4107,10.630
12804,4105,3.531
4105,12804,3.531
4105,5714,7.666
5714,4105,7.666
5714,4104,5.572
4104,5714,5.572
4104,6683,6.953
6683,4104,6.953
6683,3097,8.475
3097,6683,8.475
6382,6381,14.655
6381,6382,14.655
6381,12728,1.488
12728,6381,1.488
12728,5443,9.087
5443,12728,9.087
6384,5437,7.207
5437,6384,7.207
5437,5436,5.988
5436,5437,5.988
5436,5444,4.888
5444,5436,4.888
5444,5438,17.562
5438,5444,17.562
5438,6382,3.729
6382,5438,3.729
6383,6384,14.529
6384,6383,14.529
6387,733,11.646
733,6387,11.646
6386,3389,33.508
3389,6386,33.508
6388,6200,4.415
6200,6388,4.415
2880,6388,7.235
6388,2880,7.235
6392,6393,29.852
6393,6392,29.852
6393,6391,41.804
6391,6393,41.804
6391,6390,29.526
6390,6391,29.526
6395,2292,29.069
2292,6395,29.069
6397,12747,5.484
12747,6397,5.484
12747,6396,1.996
6396,12747,1.996
6396,6398,15.775
6398,6396,15.775
6398,6400,2.821
6400,6398,2.821
6400,6399,7.087
6399,6400,7.087
6399,6401,13.993
6401,6399,13.993
6401,6403,38.349
6403,6401,38.349
6403,6402,16.054
6402,6403,16.054
6402,6399,38.442
6399,6402,38.442
6421,6419,7.696
6419,6421,7.696
6419,6418,6.977
6418,6419,6.977
6418,6416,7.796
6416,6418,7.796
6416,7466,10.850
7466,6416,10.850
7466,6414,7.006
6414,7466,7.006
6414,6491,7.517
6491,6414,7.517
6491,6415,8.351
6415,6491,8.351
6415,6417,7.840
6417,6415,7.840
6417,6420,6.075
6420,6417,6.075
6420,6631,2.696
6631,6420,2.696
6631,6423,5.326
6423,6631,5.326
6423,8088,1.826
8088,6423,1.826
8088,2857,1.503
2857,8088,1.503
4078,8094,4.082
8094,4078,4.082
8094,8091,0.737
8091,8094,0.737
8091,8090,3.310
8090,8091,3.310
8090,8095,1.524
8095,8090,1.524
8095,6431,2.706
6431,8095,2.706
6431,6429,4.230
6429,6431,4.230
6429,6428,3.160
6428,6429,3.160
6428,6426,6.285
6426,6428,6.285
6426,6425,9.170
6425,6426,9.170
6425,6424,5.559
6424,6425,5.559
6424,6422,6.249
6422,6424,6.249
6422,6421,2.835
6421,6422,2.835
6448,5476,4.660
5476,6448,4.660
5476,6443,4.849
6443,5476,4.849
6443,6442,6.329
6442,6443,6.329
6442,6439,5.829
6439,6442,5.829
6439,6438,4.321
6438,6439,4.321
6438,6436,3.068
6436,6438,3.068
6436,6492,3.066
6492,6436,3.066
6492,6434,3.568
6434,6492,3.568
6434,8093,1.585
8093,6434,1.585
8093,4078,2.514
4078,8093,2.514
2857,8097,3.271
8097,2857,3.271
8097,8086,1.088
8086,8097,1.088
8086,8085,3.477
8085,8086,3.477
8085,8098,1.658
8098,8085,1.658
8098,2859,3.588
2859,8098,3.588
2859,6427,3.701
6427,2859,3.701
6427,6430,7.219
6430,6427,7.219
6430,6432,5.688
6432,6430,5.688
6432,7475,4.498
7475,6432,4.498
7475,6433,6.533
6433,7475,6.533
6433,6435,4.822
6435,6433,4.822
6435,6437,5.886
6437,6435,5.886
6437,6440,8.443
6440,6437,8.443
6440,6441,2.494
6441,6440,2.494
6441,10185,2.722
10185,6441,2.722
10185,6444,6.501
6444,10185,6.501
6444,10184,6.254
10184,6444,6.254
10184,6445,1.581
6445,10184,1.581
6445,6446,3.292
6446,6445,3.292
6446,6447,2.856
6447,6446,2.856
6447,6448,3.589
6448,6447,3.589
6460,6455,20.330
6455,6460,20.330
6455,6459,4.859
6459,6455,4.859
6459,6456,7.948
6456,6459,7.948
6456,9414,4.398
9414,6456,4.398
6465,6101,22.921
6101,6465,22.921
6101,6111,5.009
6111,6101,5.009
6111,3510,64.223
3510,6111,64.223
6466,2673,5.605
2673,6466,5.605
2673,7935,8.191
7935,2673,8.191
7935,7937,5.794
7937,7935,5.794
7937,6467,55.601
6467,7937,55.601
6467,9567,50.881
9567,6467,50.881
9567,7725,6.914
7725,9567,6.914
7725,235,12.746
235,7725,12.746
11888,6320,20.173
6320,11888,20.173
6464,8823,72.045
8823,6464,72.045
8823,2548,4.871
2548,8823,4.871
2548,620,11.326
620,2548,11.326
9615,8405,25.639
8405,9615,25.639
8405,9563,77.229
9563,8405,77.229
9563,2550,3.973
2550,9563,3.973
2550,677,12.384
677,2550,12.384
24,8852,49.267
8852,24,49.267
8852,2684,7.440
2684,8852,7.440
2684,7499,9.571
7499,2684,9.571
7499,23,7.468
23,7499,7.468
1128,2611,110.067
2611,1128,110.067
2588,10413,18.784
10413,2588,18.784
10413,76,6.612
76,10413,6.612
76,11017,2.384
11017,76,2.384
11017,11029,4.614
11029,11017,4.614
11029,11030,5.592
11030,11029,5.592
11030,1738,4.987
1738,11030,4.987
6474,11773,29.336
11773,6474,29.336
11773,11771,3.591
11771,11773,3.591
11771,11769,1.679
11769,11771,1.679
11769,6473,1.572
6473,11769,1.572
6473,11770,2.390
11770,6473,2.390
11770,11772,2.620
11772,11770,2.620
11772,6967,38.033
6967,11772,38.033
6967,6968,10.998
6968,6967,10.998
4260,1381,8.339
1381,4260,8.339
1381,7611,39.307
7611,1381,39.307
7611,7614,16.317
7614,7611,16.317
7614,7616,5.891
7616,7614,5.891
6476,6477,11.799
6477,6476,11.799
2663,614,9.892
614,2663,9.892
6496,9739,18.996
9739,6496,18.996
9739,11704,6.993
11704,9739,6.993
11704,271,0.939
271,11704,0.939
6094,9738,42.949
9738,6094,42.949
9738,271,6.367
271,9738,6.367
6094,9604,10.571
9604,6094,10.571
9604,717,54.766
717,9604,54.766
717,3462,54.093
3462,717,54.093
3462,5125,73.038
5125,3462,73.038
5125,8404,10.600
8404,5125,10.600
4778,7230,19.204
7230,4778,19.204
7230,2683,5.980
2683,7230,5.980
2683,10540,6.644
10540,2683,6.644
10540,32,7.636
32,10540,7.636
6499,6497,30.559
6497,6499,30.559
6498,6500,24.731
6500,6498,24.731
6500,7270,36.490
7270,6500,36.490
7270,3190,10.368
3190,7270,10.368
3190,21,2.028
21,3190,2.028
6497,5141,18.946
5141,6497,18.946
5141,678,8.996
678,5141,8.996
6501,6582,27.818
6582,6501,27.818
6582,12385,30.682
12385,6582,30.682
12385,2714,36.422
2714,12385,36.422
6503,43,5.406
43,6503,5.406
6502,7644,22.772
7644,6502,22.772
7644,6503,4.947
6503,7644,4.947
6501,268,16.300
268,6501,16.300
6504,9566,21.418
9566,6504,21.418
9566,2665,3.995
2665,9566,3.995
2665,623,11.594
623,2665,11.594
1828,9614,90.823
9614,1828,90.823
4689,3541,24.710
3541,4689,24.710
11866,6507,4.482
6507,11866,4.482
6507,7041,10.717
7041,6507,10.717
7041,3542,9.269
3542,7041,9.269
3542,2293,7.505
2293,3542,7.505
6512,6513,10.649
6513,6512,10.649
6513,6514,3.438
6514,6513,3.438
6514,6515,6.818
6515,6514,6.818
6515,6516,18.106
6516,6515,18.106
6516,6517,7.256
6517,6516,7.256
6516,6518,13.453
6518,6516,13.453
6518,6519,8.934
6519,6518,8.934
6522,5321,19.553
5321,6522,19.553
5321,5315,31.626
5315,5321,31.626
5316,6522,14.554
6522,5316,14.554
5315,5320,13.428
5320,5315,13.428
5320,10161,2.538
10161,5320,2.538
10161,5322,5.800
5322,10161,5.800
6291,6540,19.065
6540,6291,19.065
5033,6541,19.485
6541,5033,19.485
6293,6543,19.337
6543,6293,19.337
6292,6531,19.196
6531,6292,19.196
6294,6532,19.616
6532,6294,19.616
6296,6545,19.903
6545,6296,19.903
5032,6530,19.761
6530,5032,19.761
5031,6537,20.038
6537,5031,20.038
6289,6535,17.934
6535,6289,17.934
6288,6529,17.563
6529,6288,17.563
5030,6542,20.325
6542,5030,20.325
6297,6544,20.183
6544,6297,20.183
6290,6538,18.175
6538,6290,18.175
8438,6740,10.160
6740,8438,10.160
6740,6379,6.183
6379,6740,6.183
6379,183,7.940
183,6379,7.940
246,10655,7.271
10655,246,7.271
10655,3360,12.658
3360,10655,12.658
3360,2737,98.497
2737,3360,98.497
2737,6568,121.759
6568,2737,121.759
6568,6567,15.723
6567,6568,15.723
2727,8639,18.036
8639,2727,18.036
6549,918,52.163
918,6549,52.163
9304,9308,18.301
9308,9304,18.301
9308,9427,31.997
9427,9308,31.997
9427,440,23.945
440,9427,23.945
2725,6738,57.701
6738,2725,57.701
6738,5872,4.003
5872,6738,4.003
5872,196,17.218
196,5872,17.218
454,10571,25.156
10571,454,25.156
10571,8326,15.450
8326,10571,15.450
8326,10680,11.592
10680,8326,11.592
10680,8941,12.896
8941,10680,12.896
3051,10976,4.826
10976,3051,4.826
10976,10975,6.243
10975,10976,6.243
10975,10977,7.520
10977,10975,7.520
10977,3179,7.971
3179,10977,7.971
3179,6709,4.725
6709,3179,4.725
6709,3182,4.238
3182,6709,4.238
3182,3185,1.408
3185,3182,1.408
3185,3181,2.864
3181,3185,2.864
3181,1735,3.954
1735,3181,3.954
1735,3038,2.590
3038,1735,2.590
3038,11090,8.212
11090,3038,8.212
6551,1780,13.449
1780,6551,13.449
1981,11485,8.520
11485,1981,8.520
11485,1985,8.571
1985,11485,8.571
3981,668,11.223
668,3981,11.223
668,7754,20.436
7754,668,20.436
7754,2466,10.536
2466,7754,10.536
2836,3720,3.008
3720,2836,3.008
3720,3119,8.374
3119,3720,8.374
3119,42,3.439
42,3119,3.439
669,10556,43.331
10556,669,43.331
10556,10557,24.202
10557,10556,24.202
10557,10563,6.644
10563,10557,6.644
1111,4133,10.214
4133,1111,10.214
4133,10581,16.985
10581,4133,16.985
10581,3133,14.918
3133,10581,14.918
3133,1722,18.531
1722,3133,18.531
1722,10580,9.114
10580,1722,9.114
10580,5200,11.350
5200,10580,11.350
5200,17,14.910
17,5200,14.910
6554,8881,49.610
8881,6554,49.610
8881,5095,9.774
5095,8881,9.774
6553,1548,99.874
1548,6553,99.874
2581,1682,20.467
1682,2581,20.467
6552,7837,15.368
7837,6552,15.368
7837,7838,11.451
7838,7837,11.451
7838,3020,14.849
3020,7838,14.849
3020,1964,59.060
1964,3020,59.060
1964,5,108.494
5,1964,108.494
5,502,73.663
502,5,73.663
502,4,103.583
4,502,103.583
26,7498,78.729
7498,26,78.729
31,3039,6.429
3039,31,6.429
3039,4169,12.533
4169,3039,12.533
3178,4021,9.683
4021,3178,9.683
4021,4020,11.632
4020,4021,11.632
4020,11096,26.132
11096,4020,26.132
11096,6701,28.517
6701,11096,28.517
6701,1554,10.106
1554,6701,10.106
1554,198,4.829
198,1554,4.829
968,1982,33.337
1982,968,33.337
1982,9611,17.146
9611,1982,17.146
9611,5598,10.513
5598,9611,10.513
5598,44,2.707
44,5598,2.707
6406,8883,42.584
8883,6406,42.584
8883,3942,4.826
3942,8883,4.826
3942,697,15.608
697,3942,15.608
165,11361,31.848
11361,165,31.848
1100,1099,14.430
1099,1100,14.430
1099,6004,4.823
6004,1099,4.823
6004,6697,16.107
6697,6004,16.107
6697,7407,4.149
7407,6697,4.149
7407,165,13.466
165,7407,13.466
11807,7501,20.128
7501,11807,20.128
2327,2855,25.656
2855,2327,25.656
1799,12447,11.998
12447,1799,11.998
12447,12426,3.777
12426,12447,3.777
12426,12427,5.894
12427,12426,5.894
12427,12448,5.204
12448,12427,5.204
12448,2806,22.997
2806,12448,22.997
6557,6845,24.781
6845,6557,24.781
1924,2352,26.384
2352,1924,26.384
8887,12894,38.835
12894,8887,38.835
12894,7277,6.388
7277,12894,6.388
7277,708,9.781
708,7277,9.781
2481,82,7.406
82,2481,7.406
6009,2630,36.051
2630,6009,36.051
2630,7243,4.839
7243,2630,4.839
7243,144,12.235
144,7243,12.235
1122,5762,27.509
5762,1122,27.509
5762,1907,6.516
1907,5762,6.516
1907,1905,2.065
1905,1907,2.065
1905,5764,6.343
5764,1905,6.343
5764,5763,20.580
5763,5764,20.580
5763,1305,5.635
1305,5763,5.635
6573,9747,1.887
9747,6573,1.887
9747,6149,6.573
6149,9747,6.573
6572,6573,11.699
6573,6572,11.699
8078,6578,37.260
6578,8078,37.260
6578,12366,11.602
12366,6578,11.602
12366,12368,46.962
12368,12366,46.962
12368,12364,8.691
12364,12368,8.691
12364,7952,26.331
7952,12364,26.331
7952,6576,3.589
6576,7952,3.589
6576,11122,32.306
11122,6576,32.306
11122,6579,22.589
6579,11122,22.589
6579,8072,11.802
8072,6579,11.802
8072,6577,6.546
6577,8072,6.546
10509,6237,11.329
6237,10509,11.329
6580,6581,9.493
6581,6580,9.493
6593,11716,19.183
11716,6593,19.183
11716,6592,32.175
6592,11716,32.175
6592,6590,18.455
6590,6592,18.455
6590,6593,32.283
6593,6590,32.283
6593,10156,48.453
10156,6593,48.453
10156,6591,9.885
6591,10156,9.885
6601,11172,5.805
11172,6601,5.805
11172,6600,2.636
6600,11172,2.636
1308,6597,6.879
6597,1308,6.879
6597,6594,23.465
6594,6597,23.465
6594,6595,19.460
6595,6594,19.460
6595,6596,16.793
6596,6595,16.793
6596,6598,10.812
6598,6596,10.812
6598,6599,14.202
6599,6598,14.202
6599,6600,8.870
6600,6599,8.870
9448,6604,18.407
6604,9448,18.407
6604,6602,46.572
6602,6604,46.572
6602,9449,16.280
9449,6602,16.280
5876,6606,28.235
6606,5876,28.235
6606,12740,1.225
12740,6606,1.225
12740,472,5.546
472,12740,5.546
6615,5602,4.405
5602,6615,4.405
234,6807,1.557
6807,234,1.557
6807,2417,5.205
2417,6807,5.205
2417,9573,6.084
9573,2417,6.084
9573,12814,53.510
12814,9573,53.510
12814,12813,27.484
12813,12814,27.484
12813,2,72.608
2,12813,72.608
6619,6618,9.728
6618,6619,9.728
6618,6617,7.151
6617,6618,7.151
6617,5597,18.155
5597,6617,18.155
6620,1572,48.369
1572,6620,48.369
6623,6624,8.764
6624,6623,8.764
6624,6625,8.363
6625,6624,8.363
6625,6626,11.023
6626,6625,11.023
724,2951,114.490
2951,724,114.490
2951,723,8.224
723,2951,8.224
2858,8099,14.477
8099,2858,14.477
8099,1946,6.842
1946,8099,6.842
1492,845,4.024
845,1492,4.024
145,1714,15.062
1714,145,15.062
1714,280,6.035
280,1714,6.035
280,3954,87.185
3954,280,87.185
3954,3953,30.404
3953,3954,30.404
3953,81,17.180
81,3953,17.180
6638,11171,1.504
11171,6638,1.504
11171,6637,8.357
6637,11171,8.357
6637,6635,15.624
6635,6637,15.624
6635,6634,8.893
6634,6635,8.893
6634,6633,51.966
6633,6634,51.966
6644,3518,2.169
3518,6644,2.169
1480,1455,4.744
1455,1480,4.744
6646,1963,6.750
1963,6646,6.750
6647,6646,15.680
6646,6647,15.680
6651,6650,13.988
6650,6651,13.988
7834,6649,7.508
6649,7834,7.508
6649,6648,12.464
6648,6649,12.464
6648,6647,9.597
6647,6648,9.597
6661,6665,4.039
6665,6661,4.039
6665,6662,11.537
6662,6665,11.537
6670,6668,4.117
6668,6670,4.117
6668,6669,11.766
6669,6668,11.766
6667,6672,21.739
6672,6667,21.739
6672,6674,20.323
6674,6672,20.323
6674,6664,68.658
6664,6674,68.658
6664,6661,22.455
6661,6664,22.455
6669,6671,13.824
6671,6669,13.824
6671,6673,17.813
6673,6671,17.813
6673,6666,65.363
6666,6673,65.363
6666,6663,19.164
6663,6666,19.164
6663,6667,45.298
6667,6663,45.298
3097,1176,4.757
1176,3097,4.757
3092,7344,9.388
7344,3092,9.388
7344,1910,9.596
1910,7344,9.596
1910,5713,3.748
5713,1910,3.748
5713,311,5.393
311,5713,5.393
311,2755,6.023
2755,311,6.023
2755,1182,10.888
1182,2755,10.888
1182,7345,7.588
7345,1182,7.588
7345,5693,7.616
5693,7345,7.616
5693,5711,8.786
5711,5693,8.786
5711,317,8.433
317,5711,8.433
317,1185,12.814
1185,317,12.814
1185,7346,6.811
7346,1185,6.811
7346,1181,6.879
1181,7346,6.879
1181,5708,10.222
5708,1181,10.222
5708,319,10.366
319,5708,10.366
319,5707,10.270
5707,319,10.270
5707,1180,10.768
1180,5707,10.768
1180,5705,10.098
5705,1180,10.098
5705,312,9.666
312,5705,9.666
312,5704,9.670
5704,312,9.670
5704,1179,9.621
1179,5704,9.621
1179,5706,8.244
5706,1179,8.244
5706,318,8.010
318,5706,8.010
318,1172,15.705
1172,318,15.705
1172,1178,15.333
1178,1172,15.333
1178,9835,5.617
9835,1178,5.617
2757,2763,6.201
2763,2757,6.201
2763,12973,3.003
12973,2763,3.003
12973,2758,3.862
2758,12973,3.862
2758,2767,9.931
2767,2758,9.931
3691,3692,4.292
3692,3691,4.292
3692,3693,5.733
3693,3692,5.733
3693,3694,10.897
3694,3693,10.897
3694,3695,15.994
3695,3694,15.994
3212,4137,2.738
4137,3212,2.738
4137,3213,1.354
3213,4137,1.354
3213,3211,3.544
3211,3213,3.544
3211,3164,4.206
3164,3211,4.206
1524,6809,12.884
6809,1524,12.884
6809,6813,17.113
6813,6809,17.113
6813,6814,12.194
6814,6813,12.194
6814,6867,17.791
6867,6814,17.791
6867,3210,6.752
3210,6867,6.752
3210,214,1.605
214,3210,1.605
3171,6708,20.811
6708,3171,20.811
6708,3155,5.115
3155,6708,5.115
3155,3157,3.503
3157,3155,3.503
3157,10881,9.082
10881,3157,9.082
10881,18,9.335
18,10881,9.335
3046,18,4.804
18,3046,4.804
3044,28,6.624
28,3044,6.624
28,566,44.732
566,28,44.732
566,6196,3.354
6196,566,3.354
6196,2840,13.514
2840,6196,13.514
2840,6000,9.796
6000,2840,9.796
6000,29,11.152
29,6000,11.152
3979,27,8.315
27,3979,8.315
1716,9572,31.352
9572,1716,31.352
9572,6969,4.792
6969,9572,4.792
6969,234,10.736
234,6969,10.736
6722,6723,7.104
6723,6722,7.104
6723,6725,43.398
6725,6723,43.398
6725,6724,10.422
6724,6725,10.422
6724,6719,32.928
6719,6724,32.928
6719,6718,4.725
6718,6719,4.725
6718,6717,12.349
6717,6718,12.349
6717,6721,25.696
6721,6717,25.696
6721,6724,18.716
6724,6721,18.716
6723,6726,29.343
6726,6723,29.343
2894,10139,15.149
10139,2894,15.149
10139,686,14.368
686,10139,14.368
6797,6798,2.938
6798,6797,2.938
6804,10688,2.346
10688,6804,2.346
10688,10378,4.574
10378,10688,4.574
10378,6803,6.262
6803,10378,6.262
6803,6802,5.885
6802,6803,5.885
6802,6801,4.979
6801,6802,4.979
6801,6800,5.349
6800,6801,5.349
6800,6799,6.942
6799,6800,6.942
6799,6797,6.522
6797,6799,6.522
6797,6796,19.391
6796,6797,19.391
6806,5001,53.616
5001,6806,53.616
5001,7440,22.615
7440,5001,22.615
7440,1073,6.784
1073,7440,6.784
325,5515,7.525
5515,325,7.525
5515,4142,2.981
4142,5515,2.981
4142,2259,43.072
2259,4142,43.072
2259,5514,3.732
5514,2259,3.732
5514,324,7.343
324,5514,7.343
12682,1704,3.168
1704,12682,3.168
1704,12683,3.435
12683,1704,3.435
6808,6810,3.671
6810,6808,3.671
6810,6813,6.599
6813,6810,6.599
6814,6812,6.475
6812,6814,6.475
6812,6811,3.769
6811,6812,3.769
5799,12823,1.295
12823,5799,1.295
12823,1458,3.377
1458,12823,3.377
6815,6816,23.859
6816,6815,23.859
6816,5799,15.555
5799,6816,15.555
2640,6818,16.424
6818,2640,16.424
6818,161,29.294
161,6818,29.294
161,5692,59.022
5692,161,59.022
5692,6006,50.710
6006,5692,50.710
6006,5472,5.702
5472,6006,5.702
5472,155,8.576
155,5472,8.576
1311,7015,9.098
7015,1311,9.098
7015,7014,9.154
7014,7015,9.154
7014,7011,8.082
7011,7014,8.082
7011,11868,5.484
11868,7011,5.484
11868,1313,9.669
1313,11868,9.669
1985,6831,11.436
6831,1985,11.436
6831,1309,11.019
1309,6831,11.019
1309,9613,10.334
9613,1309,10.334
9613,1533,10.795
1533,9613,10.795
1533,700,9.833
700,1533,9.833
1984,3011,29.765
3011,1984,29.765
11605,6821,2.792
6821,11605,2.792
6821,691,38.814
691,6821,38.814
6836,6835,17.937
6835,6836,17.937
6834,6835,11.468
6835,6834,11.468
4981,11067,2.291
11067,4981,2.291
11067,11071,2.268
11071,11067,2.268
11071,4985,1.902
4985,11071,1.902
4985,11066,2.272
11066,4985,2.272
11066,11065,3.139
11065,11066,3.139
11065,4979,3.897
4979,11065,3.897
4979,11064,3.419
11064,4979,3.419
11064,11063,4.025
11063,11064,4.025
11063,4984,3.726
4984,11063,3.726
4984,11062,3.352
11062,4984,3.352
11062,6883,4.665
6883,11062,4.665
6883,4983,4.965
4983,6883,4.965
6837,6838,25.115
6838,6837,25.115
6841,6842,11.118
6842,6841,11.118
6842,6843,9.287
6843,6842,9.287
6843,6844,9.668
6844,6843,9.668
6844,6845,14.935
6845,6844,14.935
6848,6850,33.198
6850,6848,33.198
6980,6849,1.837
6849,6980,1.837
6849,8775,5.839
8775,6849,5.839
8775,6852,1.638
6852,8775,1.638
6847,6851,46.588
6851,6847,46.588
6851,6848,13.539
6848,6851,13.539
6848,6980,8.989
6980,6848,8.989
160,3890,16.384
3890,160,16.384
3890,4480,40.909
4480,3890,40.909
4480,5614,29.539
5614,4480,29.539
5614,4481,1.663
4481,5614,1.663
4481,12243,36.492
12243,4481,36.492
6893,7487,4.395
7487,6893,4.395
7487,6895,2.024
6895,7487,2.024
6891,7485,1.631
7485,6891,1.631
7485,6135,4.682
6135,7485,4.682
6895,6896,1.173
6896,6895,1.173
6896,6898,11.838
6898,6896,11.838
6894,6892,13.011
6892,6894,13.011
6892,6891,0.219
6891,6892,0.219
6898,6899,1.992
6899,6898,1.992
6899,6900,5.200
6900,6899,5.200
6900,6903,9.955
6903,6900,9.955
6908,6911,7.758
6911,6908,7.758
6911,9753,16.160
9753,6911,16.160
9753,6906,8.822
6906,9753,8.822
6907,6912,5.974
6912,6907,5.974
6912,6909,6.548
6909,6912,6.548
6909,9754,17.803
9754,6909,17.803
9754,6910,8.004
6910,9754,8.004
6914,2504,13.400
2504,6914,13.400
2504,6913,5.543
6913,2504,5.543
6916,6917,19.563
6917,6916,19.563
6917,6915,17.744
6915,6917,17.744
6915,6914,2.503
6914,6915,2.503
6918,362,4.579
362,6918,4.579
5498,4290,7.345
4290,5498,7.345
4292,4290,12.237
4290,4292,12.237
4288,4185,12.618
4185,4288,12.618
6257,10480,69.104
10480,6257,69.104
10480,6201,24.692
6201,10480,24.692
6201,6471,11.124
6471,6201,11.124
6471,7123,11.467
7123,6471,11.467
7123,6472,1.668
6472,7123,1.668
6472,1724,5.707
1724,6472,5.707
1724,6789,3.748
6789,1724,3.748
6789,2411,7.807
2411,6789,7.807
2411,626,4.961
626,2411,4.961
8426,7121,17.057
7121,8426,17.057
7121,6774,10.251
6774,7121,10.251
6774,3,15.536
3,6774,15.536
6922,6921,7.917
6921,6922,7.917
2289,2288,16.288
2288,2289,16.288
6928,6930,32.513
6930,6928,32.513
6929,6931,5.797
6931,6929,5.797
6931,6927,24.126
6927,6931,24.126
6933,6932,12.838
6932,6933,12.838
6934,7135,5.610
7135,6934,5.610
6938,9816,30.892
9816,6938,30.892
9816,6937,5.418
6937,9816,5.418
6940,9819,12.246
9819,6940,12.246
9819,6939,3.883
6939,9819,3.883
7731,2068,20.007
2068,7731,20.007
2068,7881,12.444
7881,2068,12.444
7881,2062,29.186
2062,7881,29.186
2062,2061,35.227
2061,2062,35.227
2061,7902,16.947
7902,2061,16.947
7902,7903,23.689
7903,7902,23.689
7903,2784,13.859
2784,7903,13.859
2784,2060,28.549
2060,2784,28.549
2060,2059,27.293
2059,2060,27.293
6944,6941,2.742
6941,6944,2.742
6941,6945,2.676
6945,6941,2.676
6945,6942,5.989
6942,6945,5.989
6942,6943,13.664
6943,6942,13.664
1073,2523,6.810
2523,1073,6.810
2523,7441,4.602
7441,2523,4.602
7441,12614,175.689
12614,7441,175.689
12614,9690,10.293
9690,12614,10.293
9690,3916,7.904
3916,9690,7.904
3916,1075,1.616
1075,3916,1.616
6953,6956,11.324
6956,6953,11.324
6956,6958,18.118
6958,6956,18.118
6954,6951,3.909
6951,6954,3.909
6955,6950,12.949
6950,6955,12.949
6950,6954,37.058
6954,6950,37.058
6952,6957,4.348
6957,6952,4.348
6957,6956,28.016
6956,6957,28.016
7536,7537,9.473
7537,7536,9.473
7537,6959,15.451
6959,7537,15.451
6959,7538,4.420
7538,6959,4.420
7535,12062,3.115
12062,7535,3.115
12062,6961,5.951
6961,12062,5.951
6962,6966,7.016
6966,6962,7.016
6964,6963,12.885
6963,6964,12.885
6963,6965,7.494
6965,6963,7.494
1389,3755,7.471
3755,1389,7.471
3755,34,5.239
34,3755,5.239
2026,4564,6.113
4564,2026,6.113
4564,4563,5.244
4563,4564,5.244
4563,10190,1.137
10190,4563,1.137
10190,6008,7.212
6008,10190,7.212
6008,5159,10.776
5159,6008,10.776
5159,2025,8.013
2025,5159,8.013
2025,9887,2.965
9887,2025,2.965
9887,952,3.787
952,9887,3.787
6982,10293,1.827
10293,6982,1.827
10293,6983,6.435
6983,10293,6.435
6986,1802,25.968
1802,6986,25.968
210,250,34.171
250,210,34.171
6999,7375,98.024
7375,6999,98.024
7375,9941,66.277
9941,7375,66.277
6997,6876,25.496
6876,6997,25.496
6876,11372,11.115
11372,6876,11.115
11372,6873,9.492
6873,11372,9.492
6873,7086,4.689
7086,6873,4.689
7086,6872,7.085
6872,7086,7.085
510,9974,11.447
9974,510,11.447
9974,9977,3.556
9977,9974,3.556
9977,1143,19.918
1143,9977,19.918
3011,1311,25.808
1311,3011,25.808
1791,7010,10.247
7010,1791,10.247
7010,9975,4.052
9975,7010,4.052
9975,510,10.310
510,9975,10.310
1316,6601,38.112
6601,1316,38.112
6601,1981,31.625
1981,6601,31.625
7018,9718,49.181
9718,7018,49.181
9718,7019,5.471
7019,9718,5.471
2459,284,8.963
284,2459,8.963
284,9372,9.137
9372,284,9.137
9372,282,11.079
282,9372,11.079
220,1109,18.601
1109,220,18.601
1109,5538,12.889
5538,1109,12.889
5538,2046,15.976
2046,5538,15.976
2046,222,3.724
222,2046,3.724
706,288,50.480
288,706,50.480
7087,7530,23.297
7530,7087,23.297
507,9419,23.377
9419,507,23.377
9419,4996,2.551
4996,9419,2.551
4996,6890,7.992
6890,4996,7.992
6608,10401,12.198
10401,6608,12.198
10401,9960,8.625
9960,10401,8.625
9960,9574,14.428
9574,9960,14.428
9574,9959,5.210
9959,9574,5.210
9959,6880,9.810
6880,9959,9.810
6880,6997,52.504
6997,6880,52.504
1032,7756,5.871
7756,1032,5.871
7756,3744,6.978
3744,7756,6.978
3744,12254,7.548
12254,3744,7.548
4272,5822,29.563
5822,4272,29.563
5822,8965,26.125
8965,5822,26.125
8965,4857,15.199
4857,8965,15.199
4857,7028,5.252
7028,4857,5.252
7028,4444,14.610
4444,7028,14.610
4444,2273,7.862
2273,4444,7.862
2273,7029,4.540
7029,2273,4.540
7029,4858,10.854
4858,7029,10.854
4858,5823,18.720
5823,4858,18.720
5823,4273,13.134
4273,5823,13.134
4273,5824,14.742
5824,4273,14.742
5824,4274,14.802
4274,5824,14.802
4274,5825,13.726
5825,4274,13.726
5825,277,11.430
277,5825,11.430
660,7025,14.186
7025,660,14.186
7025,8356,3.709
8356,7025,3.709
8356,4272,7.488
4272,8356,7.488
3543,7624,12.544
7624,3543,12.544
7624,4177,9.110
4177,7624,9.110
4177,12160,20.352
12160,4177,20.352
1424,4862,26.022
4862,1424,26.022
4862,4710,0.218
4710,4862,0.218
7085,4938,44.206
4938,7085,44.206
4293,385,33.781
385,4293,33.781
7076,3220,37.615
3220,7076,37.615
1727,334,12.920
334,1727,12.920
5608,1696,12.092
1696,5608,12.092
1696,4517,20.014
4517,1696,20.014
7058,7056,12.182
7056,7058,12.182
7056,1085,7.602
1085,7056,7.602
5232,2294,8.448
2294,5232,8.448
2294,7042,8.187
7042,2294,8.187
7042,5233,6.465
5233,7042,6.465
7055,7060,42.003
7060,7055,42.003
7060,2132,9.019
2132,7060,9.019
2132,322,15.471
322,2132,15.471
7091,7088,18.345
7088,7091,18.345
7088,208,9.573
208,7088,9.573
2189,7047,24.433
7047,2189,24.433
2293,2298,10.174
2298,2293,10.174
11656,2303,11.918
2303,11656,11.918
2303,4419,19.022
4419,2303,19.022
4419,4421,8.590
4421,4419,8.590
4421,399,3.401
399,4421,3.401
2297,9580,4.238
9580,2297,4.238
9580,4415,12.545
4415,9580,12.545
4415,7031,8.345
7031,4415,8.345
7031,4413,11.375
4413,7031,11.375
4413,4408,12.635
4408,4413,12.635
4408,7030,6.405
7030,4408,6.405
7030,4405,6.582
4405,7030,6.582
7067,4183,9.672
4183,7067,9.672
7073,4186,50.080
4186,7073,50.080
7071,7067,40.706
7067,7071,40.706
6882,6884,3.942
6884,6882,3.942
6884,10403,5.086
10403,6884,5.086
10403,10409,4.670
10409,10403,4.670
10409,6887,4.306
6887,10409,4.306
7069,7068,6.145
7068,7069,6.145
7068,4856,4.160
4856,7068,4.160
4856,2959,27.616
2959,4856,27.616
2959,7066,9.171
7066,2959,9.171
7066,7065,3.169
7065,7066,3.169
7065,322,19.868
322,7065,19.868
7115,7114,13.769
7114,7115,13.769
8802,7116,1.559
7116,8802,1.559
7116,8693,5.100
8693,7116,5.100
8693,7115,2.863
7115,8693,2.863
7114,7113,7.452
7113,7114,7.452
7119,7120,15.861
7120,7119,15.861
7120,5931,2.616
5931,7120,2.616
5931,5903,4.726
5903,5931,4.726
5903,5358,1.613
5358,5903,1.613
7129,7127,23.661
7127,7129,23.661
7126,7128,23.540
7128,7126,23.540
12685,3711,8.521
3711,12685,8.521
3711,1524,4.286
1524,3711,4.286
7136,6935,8.499
6935,7136,8.499
7138,5373,10.938
5373,7138,10.938
7135,7136,16.271
7136,7135,16.271
7137,7138,13.892
7138,7137,13.892
7144,7143,14.035
7143,7144,14.035
7143,7142,1.351
7142,7143,1.351
7142,7141,11.350
7141,7142,11.350
7141,3027,18.737
3027,7141,18.737
7148,7147,8.213
7147,7148,8.213
7150,9711,2.301
9711,7150,2.301
9711,7453,4.314
7453,9711,4.314
7453,6062,1.345
6062,7453,1.345
7145,7146,15.228
7146,7145,15.228
7149,7150,14.785
7150,7149,14.785
7147,3233,8.066
3233,7147,8.066
3233,6103,3.706
6103,3233,3.706
7146,5430,7.708
5430,7146,7.708
5430,5428,4.228
5428,5430,4.228
5428,5417,36.124
5417,5428,36.124
5417,5427,6.868
5427,5417,6.868
5427,5429,4.545
5429,5427,4.545
2497,7152,14.180
7152,2497,14.180
7152,884,14.959
884,7152,14.959
884,885,22.668
885,884,22.668
885,5418,10.583
5418,885,10.583
5418,886,13.839
886,5418,13.839
886,9838,15.039
9838,886,15.039
9838,2496,13.840
2496,9838,13.840
2496,9839,16.239
9839,2496,16.239
9839,896,22.546
896,9839,22.546
896,12478,12.352
12478,896,12.352
12478,4813,10.795
4813,12478,10.795
4813,12692,12.326
12692,4813,12.326
12692,249,13.136
249,12692,13.136
12779,11588,13.921
11588,12779,13.921
155,3493,12.179
3493,155,12.179
3493,6005,27.265
6005,3493,27.265
6005,3492,8.553
3492,6005,8.553
3492,3490,15.431
3490,3492,15.431
3490,5579,26.931
5579,3490,26.931
5579,12833,26.832
12833,5579,26.832
7167,7166,14.911
7166,7167,14.911
7172,7483,1.802
7483,7172,1.802
7483,7432,5.605
7432,7483,5.605
7432,6069,1.591
6069,7432,1.591
7170,7119,10.180
7119,7170,10.180
7169,7170,24.543
7170,7169,24.543
7171,6063,3.427
6063,7171,3.427
6063,7172,54.254
7172,6063,54.254
6180,7173,11.212
7173,6180,11.212
7173,6178,7.866
6178,7173,7.866
7176,7178,14.196
7178,7176,14.196
7177,7175,14.166
7175,7177,14.166
7175,9353,1.884
9353,7175,1.884
9353,7174,5.372
7174,9353,5.372
5547,5549,5.898
5549,5547,5.898
5549,632,11.629
632,5549,11.629
7188,7189,15.212
7189,7188,15.212
7189,6121,2.917
6121,7189,2.917
6565,1799,18.906
1799,6565,18.906
7216,7215,19.795
7215,7216,19.795
7215,12137,2.183
12137,7215,2.183
12137,7213,2.267
7213,12137,2.267
7213,12136,2.287
12136,7213,2.287
12136,440,9.574
440,12136,9.574
7218,7214,29.777
7214,7218,29.777
7214,12139,4.022
12139,7214,4.022
12139,12140,4.280
12140,12139,4.280
12140,7217,36.535
7217,12140,36.535
7217,7216,11.121
7216,7217,11.121
7218,7858,31.391
7858,7218,31.391
7858,9351,52.904
9351,7858,52.904
9351,2071,12.789
2071,9351,12.789
2071,7867,32.841
7867,2071,32.841
7867,7315,71.844
7315,7867,71.844
7209,6735,66.476
6735,7209,66.476
6735,7212,2.446
7212,6735,2.446
7212,829,11.975
829,7212,11.975
7216,6351,10.998
6351,7216,10.998
6351,185,47.083
185,6351,47.083
185,8634,83.754
8634,185,83.754
8634,8636,6.196
8636,8634,6.196
8636,6741,25.626
6741,8636,25.626
6741,9513,5.214
9513,6741,5.214
9513,183,7.972
183,9513,7.972
3314,3311,36.406
3311,3314,36.406
3311,3312,23.550
3312,3311,23.550
3312,3313,17.904
3313,3312,17.904
3313,3317,12.200
3317,3313,12.200
3317,3316,10.845
3316,3317,10.845
1074,3917,1.824
3917,1074,1.824
3917,6863,8.893
6863,3917,8.893
6863,2338,38.248
2338,6863,38.248
2338,2096,40.259
2096,2338,40.259
2096,6461,5.946
6461,2096,5.946
6461,2095,26.564
2095,6461,26.564
2095,9680,69.729
9680,2095,69.729
9680,9679,5.844
9679,9680,5.844
9679,2521,10.929
2521,9679,10.929
3322,6862,47.853
6862,3322,47.853
6862,4428,4.405
4428,6862,4.405
4428,1074,1.828
1074,4428,1.828
6130,6132,28.683
6132,6130,28.683
2464,9694,21.701
9694,2464,21.701
9694,9693,21.273
9693,9694,21.273
9693,6130,1.711
6130,9693,1.711
6132,9692,2.156
9692,6132,2.156
9692,1934,40.655
1934,9692,40.655
1934,3322,11.695
3322,1934,11.695
6036,7299,19.994
7299,6036,19.994
7305,7304,10.928
7304,7305,10.928
7306,7305,8.419
7305,7306,8.419
7307,7306,2.902
7306,7307,2.902
7315,442,7.685
442,7315,7.685
9496,441,8.406
441,9496,8.406
441,6753,2.570
6753,441,2.570
6753,7789,49.348
7789,6753,49.348
7789,8934,49.426
8934,7789,49.426
8934,6755,40.760
6755,8934,40.760
6755,9478,5.729
9478,6755,5.729
9478,8,5.963
8,9478,5.963
189,9483,18.583
9483,189,18.583
9483,6752,3.040
6752,9483,3.040
6752,9496,5.738
9496,6752,5.738
8,9486,10.943
9486,8,10.943
9486,6759,3.981
6759,9486,3.981
6759,8034,50.046
8034,6759,50.046
8034,8037,45.575
8037,8034,45.575
8037,7694,24.713
7694,8037,24.713
7694,9605,3.260
9605,7694,3.260
9605,9585,23.299
9585,9605,23.299
9585,10668,12.690
10668,9585,12.690
10668,204,29.161
204,10668,29.161
204,4,121.635
4,204,121.635
7320,7321,24.453
7321,7320,24.453
1453,8069,30.036
8069,1453,30.036
8069,7323,33.316
7323,8069,33.316
2123,7324,6.030
7324,2123,6.030
7324,7325,3.071
7325,7324,3.071
7325,7353,2.868
7353,7325,2.868
7353,7326,2.960
7326,7353,2.960
10324,2818,5.155
2818,10324,5.155
2803,10933,9.996
10933,2803,9.996
10933,2811,9.535
2811,10933,9.535
2811,2820,24.680
2820,2811,24.680
2820,11918,54.482
11918,2820,54.482
2974,8659,9.438
8659,2974,9.438
8659,6499,5.563
6499,8659,5.563
7329,8153,9.410
8153,7329,9.410
8153,7328,4.126
7328,8153,4.126
7328,7327,9.217
7327,7328,9.217
7330,7329,11.213
7329,7330,11.213
7333,7331,9.339
7331,7333,9.339
7334,7335,25.754
7335,7334,25.754
7335,3335,21.390
3335,7335,21.390
3335,3334,53.596
3334,3335,53.596
3334,3337,31.807
3337,3334,31.807
3337,8390,9.448
8390,3337,9.448
8390,2490,25.175
2490,8390,25.175
2490,4067,14.284
4067,2490,14.284
4067,4068,6.181
4068,4067,6.181
4068,4070,33.360
4070,4068,33.360
4070,4072,81.188
4072,4070,81.188
4072,4073,71.372
4073,4072,71.372
4073,4075,5.618
4075,4073,5.618
4075,4076,34.218
4076,4075,34.218
4076,11864,15.898
11864,4076,15.898
11864,11862,7.663
11862,11864,7.663
11862,4074,35.090
4074,11862,35.090
4074,11863,9.305
11863,4074,9.305
11863,11860,25.569
11860,11863,25.569
11860,11861,35.043
11861,11860,35.043
11861,11862,20.148
11862,11861,20.148
2491,4695,8.076
4695,2491,8.076
4695,3390,29.911
3390,4695,29.911
3390,798,6.217
798,3390,6.217
175,10218,14.527
10218,175,14.527
10218,177,14.632
177,10218,14.632
996,12165,17.502
12165,996,17.502
166,5857,30.918
5857,166,30.918
5857,5856,44.295
5856,5857,44.295
682,11364,16.723
11364,682,16.723
11364,2214,11.274
2214,11364,11.274
2214,991,29.442
991,2214,29.442
991,11365,13.154
11365,991,13.154
6778,7122,6.106
7122,6778,6.106
7122,6257,24.125
6257,7122,24.125
7357,7352,9.929
7352,7357,9.929
7352,7358,4.786
7358,7352,4.786
7358,7355,4.820
7355,7358,4.820
7355,7362,5.878
7362,7355,5.878
7362,7361,5.366
7361,7362,5.366
7361,7360,3.410
7360,7361,3.410
7360,7354,2.504
7354,7360,2.504
7354,7359,1.424
7359,7354,1.424
7359,7351,1.446
7351,7359,1.446
7351,7326,2.703
7326,7351,2.703
3955,7363,10.567
7363,3955,10.567
7363,7364,11.777
7364,7363,11.777
7364,7365,7.802
7365,7364,7.802
7365,1290,14.243
1290,7365,14.243
2272,8359,8.137
8359,2272,8.137
8359,7372,1.865
7372,8359,1.865
7371,8360,1.829
8360,7371,1.829
8360,2271,7.622
2271,8360,7.622
7295,7376,18.736
7376,7295,18.736
1302,7292,2.574
7292,1302,2.574
7292,7295,9.137
7295,7292,9.137
1302,7288,14.038
7288,1302,14.038
3725,7195,2.514
7195,3725,2.514
7195,41,14.221
41,7195,14.221
1305,6475,6.773
6475,1305,6.773
6475,239,7.971
239,6475,7.971
7400,10076,8.020
10076,7400,8.020
10076,1560,10.414
1560,10076,10.414
1173,4522,17.483
4522,1173,17.483
1743,1742,7.159
1742,1743,7.159
7406,7404,14.316
7404,7406,14.316
7404,7405,2.651
7405,7404,2.651
2808,7312,68.321
7312,2808,68.321
7312,3332,2.613
3332,7312,2.613
2119,6068,45.434
6068,2119,45.434
98,868,53.490
868,98,53.490
10513,7648,6.356
7648,10513,6.356
7648,6857,37.779
6857,7648,37.779
6857,2098,7.519
2098,6857,7.519
1075,9696,10.088
9696,1075,10.088
9696,2092,7.919
2092,9696,7.919
2092,9592,95.074
9592,2092,95.074
9592,4742,5.784
4742,9592,5.784
4742,2093,6.936
2093,4742,6.936
2098,3918,1.244
3918,2098,1.244
3918,6795,3.943
6795,3918,3.943
6795,6858,2.531
6858,6795,2.531
6858,7190,7.281
7190,6858,7.281
7282,10095,0.990
10095,7282,0.990
10095,10092,2.696
10092,10095,2.696
10092,101,8.749
101,10092,8.749
7190,793,92.474
793,7190,92.474
793,1229,76.657
1229,793,76.657
1229,610,5.881
610,1229,5.881
610,7284,8.484
7284,610,8.484
7284,2485,2.113
2485,7284,2.113
2485,12864,7.558
12864,2485,7.558
7422,101,7.446
101,7422,7.446
7424,12860,8.584
12860,7424,8.584
4443,9658,27.015
9658,4443,27.015
12860,2193,9.735
2193,12860,9.735
1230,10651,8.006
10651,1230,8.006
10651,8745,6.130
8745,10651,6.130
8745,5247,15.267
5247,8745,15.267
5247,10644,63.824
10644,5247,63.824
10644,10638,3.593
10638,10644,3.593
10638,5245,10.310
5245,10638,10.310
5245,10632,25.768
10632,5245,25.768
10632,1231,6.664
1231,10632,6.664
1231,7280,15.660
7280,1231,15.660
7280,264,2.444
264,7280,2.444
264,3498,5.603
3498,264,5.603
3498,12856,7.263
12856,3498,7.263
10058,265,8.622
265,10058,8.622
265,9769,8.780
9769,265,8.780
9769,12860,6.629
12860,9769,6.629
12860,7425,7.745
7425,12860,7.745
7425,12861,5.054
12861,7425,5.054
12861,7281,6.317
7281,12861,6.317
7281,1230,15.757
1230,7281,15.757
281,10290,7.934
10290,281,7.934
10290,2345,19.398
2345,10290,19.398
2345,2320,32.079
2320,2345,32.079
2320,7445,101.213
7445,2320,101.213
7445,91,8.382
91,7445,8.382
5127,6149,58.822
6149,5127,58.822
6149,9597,17.656
9597,6149,17.656
9597,9598,35.746
9598,9597,35.746
9598,8406,10.400
8406,9598,10.400
8406,5264,43.203
5264,8406,43.203
5264,6148,20.124
6148,5264,20.124
6148,7650,15.966
7650,6148,15.966
7650,6870,71.469
6870,7650,71.469
6870,11843,0.828
11843,6870,0.828
5052,1950,3.532
1950,5052,3.532
7473,7474,6.924
7474,7473,6.924
7474,7478,5.090
7478,7474,5.090
7478,7480,10.405
7480,7478,10.405
5052,7467,7.753
7467,5052,7.753
7467,7469,7.127
7469,7467,7.127
7469,7470,5.738
7470,7469,5.738
7480,7479,8.363
7479,7480,8.363
7479,10183,3.631
10183,7479,3.631
10183,7477,2.372
7477,10183,2.372
7477,7476,5.359
7476,7477,5.359
2636,3240,2.063
3240,2636,2.063
3240,7108,1.773
7108,3240,1.773
7108,3253,3.164
3253,7108,3.164
3253,11598,7.936
11598,3253,7.936
11598,2641,1.168
2641,11598,1.168
2641,759,5.630
759,2641,5.630
2027,6978,99.595
6978,2027,99.595
6978,10189,12.353
10189,6978,12.353
10189,2026,9.598
2026,10189,9.598
1575,12123,5.728
12123,1575,5.728
12123,12971,41.508
12971,12123,41.508
12971,12116,5.203
12116,12971,5.203
12116,12122,39.823
12122,12116,39.823
12122,770,9.814
770,12122,9.814
1575,12115,1.049
12115,1575,1.049
12115,12119,5.865
12119,12115,5.865
12119,1496,28.800
1496,12119,28.800
1944,3950,18.205
3950,1944,18.205
7493,8874,2.353
8874,7493,2.353
8874,12489,77.187
12489,8874,77.187
7501,7502,5.692
7502,7501,5.692
7502,7503,1.810
7503,7502,1.810
7503,7504,2.799
7504,7503,2.799
7504,7505,3.750
7505,7504,3.750
7505,7506,3.312
7506,7505,3.312
7506,7507,3.327
7507,7506,3.327
7507,7508,14.341
7508,7507,14.341
7508,7509,6.180
7509,7508,6.180
7509,7510,3.252
7510,7509,3.252
7510,7511,2.857
7511,7510,2.857
7511,7512,3.415
7512,7511,3.415
7512,7513,26.688
7513,7512,26.688
7513,7514,2.691
7514,7513,2.691
7514,7515,4.237
7515,7514,4.237
7515,7516,4.031
7516,7515,4.031
7516,7517,2.375
7517,7516,2.375
7517,7518,4.483
7518,7517,4.483
7518,7519,2.593
7519,7518,2.593
7519,6533,3.880
6533,7519,3.880
6533,6546,5.762
6546,6533,5.762
6546,2016,4.670
2016,6546,4.670
2016,2017,5.026
2017,2016,5.026
7530,507,15.255
507,7530,15.255
11638,11639,16.570
11639,11638,16.570
7545,7546,17.110
7546,7545,17.110
6959,7539,9.965
7539,6959,9.965
7538,7540,19.096
7540,7538,19.096
7546,7547,14.896
7547,7546,14.896
7544,7545,14.177
7545,7544,14.177
7540,12046,2.999
12046,7540,2.999
12046,6960,5.483
6960,12046,5.483
7547,9740,4.661
9740,7547,4.661
9740,6115,7.579
6115,9740,7.579
7541,7542,47.150
7542,7541,47.150
7550,7549,23.994
7549,7550,23.994
7820,9850,1.582
9850,7820,1.582
9850,7548,6.946
7548,9850,6.946
2283,7552,5.602
7552,2283,5.602
7552,7551,14.158
7551,7552,14.158
4232,12015,4.442
12015,4232,4.442
12015,12941,19.874
12941,12015,19.874
7557,1440,37.261
1440,7557,37.261
1440,69,11.048
69,1440,11.048
1049,7576,6.548
7576,1049,6.548
7576,7575,4.569
7575,7576,4.569
7575,7573,7.837
7573,7575,7.837
7573,7574,9.574
7574,7573,9.574
5439,12736,5.015
12736,5439,5.015
12736,7582,0.936
7582,12736,0.936
7583,7584,16.068
7584,7583,16.068
7587,7588,13.499
7588,7587,13.499
7579,5346,7.890
5346,7579,7.890
7588,7692,7.369
7692,7588,7.369
7580,7579,14.095
7579,7580,14.095
7585,7586,12.643
7586,7585,12.643
7586,5381,3.803
5381,7586,3.803
5381,5375,28.705
5375,5381,28.705
7584,1559,2.532
1559,7584,2.532
1559,5287,12.216
5287,1559,12.216
7582,5441,8.420
5441,7582,8.420
5441,7581,8.396
7581,5441,8.396
7589,1005,124.617
1005,7589,124.617
1171,1163,4.971
1163,1171,4.971
1163,1149,6.873
1149,1163,6.873
1149,1148,10.828
1148,1149,10.828
1148,1147,11.923
1147,1148,11.923
1147,1146,9.037
1146,1147,9.037
1146,1166,4.988
1166,1146,4.988
1166,1145,10.434
1145,1166,10.434
1145,1144,10.220
1144,1145,10.220
1144,7591,8.916
7591,1144,8.916
7591,7925,24.947
7925,7591,24.947
7925,7592,5.932
7592,7925,5.932
7592,9842,1.155
9842,7592,1.155
9842,1120,6.554
1120,9842,6.554
7599,7601,2.670
7601,7599,2.670
7616,10555,3.210
10555,7616,3.210
10555,10554,17.656
10554,10555,17.656
10554,1400,10.778
1400,10554,10.778
7613,7608,38.545
7608,7613,38.545
7604,7603,17.311
7603,7604,17.311
7614,7612,4.975
7612,7614,4.975
7612,10726,1.429
10726,7612,1.429
10538,7606,3.531
7606,10538,3.531
7606,7604,2.480
7604,7606,2.480
7604,7602,17.579
7602,7604,17.579
7622,7621,33.119
7621,7622,33.119
7621,7620,17.128
7620,7621,17.128
7625,10654,12.686
10654,7625,12.686
10654,1300,16.192
1300,10654,16.192
7627,7626,10.291
7626,7627,10.291
7631,7630,10.426
7630,7631,10.426
7630,7629,6.370
7629,7630,6.370
7629,7628,16.677
7628,7629,16.677
7634,7633,26.326
7633,7634,26.326
7633,7632,8.141
7632,7633,8.141
7635,7636,12.434
7636,7635,12.434
7637,7638,3.615
7638,7637,3.615
7638,7639,1.578
7639,7638,1.578
7641,7640,10.714
7640,7641,10.714
7650,9749,6.760
9749,7650,6.760
9749,7649,10.106
7649,9749,10.106
7644,7643,9.765
7643,7644,9.765
7643,7642,9.821
7642,7643,9.821
7645,7646,0.923
7646,7645,0.923
7646,7647,5.843
7647,7646,5.843
7647,7648,1.342
7648,7647,1.342
7651,7653,54.579
7653,7651,54.579
7653,7655,13.982
7655,7653,13.982
7652,7658,78.371
7658,7652,78.371
7658,7656,20.965
7656,7658,20.965
7657,7654,14.859
7654,7657,14.859
7658,7659,11.326
7659,7658,11.326
7664,2693,8.908
2693,7664,8.908
2693,7660,2.451
7660,2693,2.451
7662,7663,12.838
7663,7662,12.838
7663,5222,6.367
5222,7663,6.367
7660,7661,13.686
7661,7660,13.686
7661,8249,4.134
8249,7661,4.134
8249,8248,26.273
8248,8249,26.273
8248,8247,3.811
8247,8248,3.811
5113,6675,5.091
6675,5113,5.091
6675,8274,3.378
8274,6675,3.378
7673,7671,12.832
7671,7673,12.832
7666,7670,6.749
7670,7666,6.749
7670,7668,1.576
7668,7670,1.576
7668,7673,14.862
7673,7668,14.862
7679,6181,9.824
6181,7679,9.824
6181,6182,15.036
6182,6181,15.036
7676,7679,17.550
7679,7676,17.550
7687,8768,8.292
8768,7687,8.292
8768,7688,10.819
7688,8768,10.819
7683,8064,8.077
8064,7683,8.077
5372,5366,13.146
5366,5372,13.146
5366,7137,7.606
7137,5366,7.606
7693,5372,14.268
5372,7693,14.268
7707,7699,19.689
7699,7707,19.689
7705,7697,16.444
7697,7705,16.444
7697,7703,6.714
7703,7697,6.714
7710,7695,6.974
7695,7710,6.974
7711,7707,6.878
7707,7711,6.878
7699,7705,10.859
7705,7699,10.859
2244,7715,5.515
7715,2244,5.515
7714,7719,7.072
7719,7714,7.072
7723,10591,1.492
10591,7723,1.492
10591,7722,15.981
7722,10591,15.981
7729,7728,10.216
7728,7729,10.216
7726,11157,4.999
11157,7726,4.999
11157,7727,1.909
7727,11157,1.909
7727,7728,15.354
7728,7727,15.354
7738,7737,5.293
7737,7738,5.293
7737,7736,7.074
7736,7737,7.074
7736,7735,42.195
7735,7736,42.195
7735,7734,30.822
7734,7735,30.822
7734,7739,53.158
7739,7734,53.158
492,2244,51.947
2244,492,51.947
2244,704,21.854
704,2244,21.854
7227,7744,14.426
7744,7227,14.426
7744,7745,23.947
7745,7744,23.947
7742,7741,9.600
7741,7742,9.600
7741,7743,13.022
7743,7741,13.022
7743,7745,12.773
7745,7743,12.773
7745,7746,13.540
7746,7745,13.540
7746,7747,14.970
7747,7746,14.970
7747,7748,11.111
7748,7747,11.111
4105,3628,6.153
3628,4105,6.153
3628,7750,8.745
7750,3628,8.745
7750,10771,7.262
10771,7750,7.262
10771,311,7.284
311,10771,7.284
7751,12398,7.501
12398,7751,7.501
12398,12399,6.522
12399,12398,6.522
12399,12400,6.490
12400,12399,6.490
12400,12401,13.329
12401,12400,13.329
12401,12402,11.422
12402,12401,11.422
12402,12403,9.542
12403,12402,9.542
12403,12404,11.322
12404,12403,11.322
12404,12405,5.170
12405,12404,5.170
12405,12406,3.093
12406,12405,3.093
12406,12407,2.998
12407,12406,2.998
12407,12408,4.756
12408,12407,4.756
12408,12409,114.465
12409,12408,114.465
12409,12410,4.060
12410,12409,4.060
12410,12411,4.094
12411,12410,4.094
12411,12412,3.834
12412,12411,3.834
12412,12413,8.784
12413,12412,8.784
12413,12414,14.850
12414,12413,14.850
12414,12415,17.037
12415,12414,17.037
12415,12416,16.338
12416,12415,16.338
12416,7749,12.115
7749,12416,12.115
7749,2848,9.606
2848,7749,9.606
2848,7751,7.818
7751,2848,7.818
7762,7781,2.576
7781,7762,2.576
7781,7759,7.819
7759,7781,7.819
7760,7774,5.640
7774,7760,5.640
7774,7768,10.790
7768,7774,10.790
7780,7769,12.843
7769,7780,12.843
7769,7680,7.992
7680,7769,7.992
7680,7760,13.247
7760,7680,13.247
7776,7779,6.637
7779,7776,6.637
7779,12884,2.369
12884,7779,2.369
12884,7775,2.918
7775,12884,2.918
7775,12883,2.458
12883,7775,2.458
12883,7778,2.557
7778,12883,2.557
7778,12885,2.168
12885,7778,2.168
12885,7772,2.450
7772,12885,2.450
7772,12882,2.541
12882,7772,2.541
12882,7765,3.671
7765,12882,3.671
7765,7770,4.348
7770,7765,4.348
7770,12886,3.154
12886,7770,3.154
12886,7761,2.595
7761,12886,2.595
7761,12887,4.195
12887,7761,4.195
12887,7766,5.148
7766,12887,5.148
5976,5970,6.728
5970,5976,6.728
5970,7780,29.747
7780,5970,29.747
7768,7763,2.643
7763,7768,2.643
7763,5966,11.307
5966,7763,11.307
7767,7777,11.332
7777,7767,11.332
7777,7762,2.706
7762,7777,2.706
7783,7784,18.021
7784,7783,18.021
7784,7785,5.521
7785,7784,5.521
7785,7786,3.969
7786,7785,3.969
7786,7787,17.587
7787,7786,17.587
7787,8021,6.715
8021,7787,6.715
8021,8019,19.610
8019,8021,19.610
3894,7752,4.555
7752,3894,4.555
7752,4064,4.481
4064,7752,4.481
1051,3943,5.514
3943,1051,5.514
349,1979,9.140
1979,349,9.140
1979,9610,6.992
9610,1979,6.992
9610,3515,6.024
3515,9610,6.024
7799,12367,12.422
12367,7799,12.422
12367,12365,46.947
12365,12367,46.947
12365,12363,10.223
12363,12365,10.223
12363,7800,1.355
7800,12363,1.355
7800,7801,9.096
7801,7800,9.096
7801,12375,10.510
12375,7801,10.510
12375,11123,14.233
11123,12375,14.233
11123,12371,4.082
12371,11123,4.082
12371,9665,1.502
9665,12371,1.502
9665,7802,7.183
7802,9665,7.183
3199,3191,7.009
3191,3199,7.009
3191,24,4.875
24,3191,4.875
7449,9727,2.394
9727,7449,2.394
9727,6152,6.408
6152,9727,6.408
7808,7449,13.154
7449,7808,13.154
7450,9728,2.420
9728,7450,2.420
9728,6139,6.494
6139,9728,6.494
7809,7450,13.001
7450,7809,13.001
7451,9729,2.889
9729,7451,2.889
9729,6134,6.253
6134,9729,6.253
7810,7451,15.408
7451,7810,15.408
7811,7812,11.951
7812,7811,11.951
4221,9762,6.437
9762,4221,6.437
9762,7811,1.722
7811,9762,1.722
7815,7816,13.798
7816,7815,13.798
6187,7815,15.150
7815,6187,15.150
7549,7820,20.629
7820,7549,20.629
7822,925,15.345
925,7822,15.345
7823,7822,16.880
7822,7823,16.880
7826,49,23.354
49,7826,23.354
49,8869,8.297
8869,49,8.297
8869,2761,7.786
2761,8869,7.786
2761,6611,9.775
6611,2761,9.775
6611,4477,4.045
4477,6611,4.045
4477,4448,1.314
4448,4477,1.314
4449,6484,1.264
6484,4449,1.264
6484,9240,17.535
9240,6484,17.535
9240,4450,3.622
4450,9240,3.622
4450,1920,13.963
1920,4450,13.963
314,7491,9.445
7491,314,9.445
7491,12493,21.095
12493,7491,21.095
1268,937,32.665
937,1268,32.665
7830,7828,12.082
7828,7830,12.082
7828,10223,1.437
10223,7828,1.437
10223,5426,14.854
5426,10223,14.854
7829,7831,14.099
7831,7829,14.099
7831,7832,25.483
7832,7831,25.483
7835,12702,4.371
12702,7835,4.371
12702,7834,16.939
7834,12702,16.939
7840,7839,14.089
7839,7840,14.089
6650,7835,23.101
7835,6650,23.101
7839,7838,11.387
7838,7839,11.387
7841,7842,14.655
7842,7841,14.655
7842,7845,3.591
7845,7842,3.591
7845,7847,2.902
7847,7845,2.902
7847,7848,3.275
7848,7847,3.275
7848,7846,3.673
7846,7848,3.673
7846,7844,2.310
7844,7846,2.310
7844,7843,1.943
7843,7844,1.943
7843,7840,10.730
7840,7843,10.730
4194,1453,5.214
1453,4194,5.214
2055,2058,26.384
2058,2055,26.384
7850,7851,16.388
7851,7850,16.388
7851,7896,3.465
7896,7851,3.465
7896,7893,2.386
7893,7896,2.386
7893,7852,10.787
7852,7893,10.787
2064,7922,24.188
7922,2064,24.188
7922,7924,8.333
7924,7922,8.333
7924,7917,7.396
7917,7924,7.396
7917,7913,15.307
7913,7917,15.307
7913,7882,11.047
7882,7913,11.047
7882,2063,9.121
2063,7882,9.121
7855,2064,10.631
2064,7855,10.631
7856,7857,11.370
7857,7856,11.370
7857,9501,1.291
9501,7857,1.291
9501,7858,8.854
7858,9501,8.854
7860,7861,27.543
7861,7860,27.543
7867,9500,10.004
9500,7867,10.004
9500,7889,59.832
7889,9500,59.832
7889,7866,26.576
7866,7889,26.576
7866,7865,29.411
7865,7866,29.411
7865,7861,10.212
7861,7865,10.212
7861,7862,1.554
7862,7861,1.554
7862,7868,2.316
7868,7862,2.316
7868,7863,16.724
7863,7868,16.724
7863,9506,24.274
9506,7863,24.274
9506,7864,9.174
7864,9506,9.174
7869,7911,5.273
7911,7869,5.273
7911,7870,51.556
7870,7911,51.556
7870,7871,6.137
7871,7870,6.137
7871,7872,8.636
7872,7871,8.636
7872,7873,8.563
7873,7872,8.563
7873,7874,5.382
7874,7873,5.382
7874,7875,4.090
7875,7874,4.090
7875,7876,4.041
7876,7875,4.041
7876,7877,4.470
7877,7876,4.470
7877,7878,7.138
7878,7877,7.138
7878,7879,14.289
7879,7878,14.289
7879,7910,46.635
7910,7879,46.635
7910,7880,5.653
7880,7910,5.653
7859,7885,29.852
7885,7859,29.852
7885,7886,4.235
7886,7885,4.235
7886,7887,5.392
7887,7886,5.392
7887,7890,5.782
7890,7887,5.782
7890,7888,19.159
7888,7890,19.159
7888,7866,9.860
7866,7888,9.860
7894,7895,10.369
7895,7894,10.369
7895,7896,12.251
7896,7895,12.251
7851,7897,9.117
7897,7851,9.117
7897,7912,2.299
7912,7897,2.299
7912,7898,7.118
7898,7912,7.118
7898,7899,8.729
7899,7898,8.729
7899,7900,42.866
7900,7899,42.866
7900,7901,36.155
7901,7900,36.155
7903,7906,10.631
7906,7903,10.631
7906,7904,6.872
7904,7906,6.872
7904,7905,8.453
7905,7904,8.453
7913,7914,10.571
7914,7913,10.571
7914,7915,7.605
7915,7914,7.605
7915,7916,13.729
7916,7915,13.729
7917,7918,5.854
7918,7917,5.854
7918,7919,4.940
7919,7918,4.940
7919,7923,1.964
7923,7919,1.964
7923,7920,4.076
7920,7923,4.076
7920,7921,4.073
7921,7920,4.073
7921,7922,6.767
7922,7921,6.767
6309,7926,79.373
7926,6309,79.373
7926,7927,8.421
7927,7926,8.421
7927,7928,5.909
7928,7927,5.909
7928,7929,4.200
7929,7928,4.200
7929,7930,4.196
7930,7929,4.196
7930,7931,5.756
7931,7930,5.756
7931,7932,11.845
7932,7931,11.845
7933,7934,3.432
7934,7933,3.432
7934,7935,11.995
7935,7934,11.995
7936,6643,3.231
6643,7936,3.231
6643,7937,12.035
7937,6643,12.035
7938,7941,26.632
7941,7938,26.632
7941,7939,1.313
7939,7941,1.313
7939,7940,12.085
7940,7939,12.085
5955,7944,9.651
7944,5955,9.651
7945,7946,3.575
7946,7945,3.575
7946,7947,16.113
7947,7946,16.113
7947,7948,4.443
7948,7947,4.443
7948,7949,7.251
7949,7948,7.251
5269,5268,11.341
5268,5269,11.341
5268,5267,2.466
5267,5268,2.466
5267,5266,2.154
5266,5267,2.154
5266,5265,6.592
5265,5266,6.592
5272,5270,11.641
5270,5272,11.641
5270,5269,16.170
5269,5270,16.170
5274,5272,4.984
5272,5274,4.984
5278,5279,11.637
5279,5278,11.637
5275,5276,1.281
5276,5275,1.281
5276,5277,12.529
5277,5276,12.529
55,7961,6.639
7961,55,6.639
7961,2127,2.425
2127,7961,2.425
2127,7960,4.155
7960,2127,4.155
7960,11389,4.324
11389,7960,4.324
11389,7959,3.622
7959,11389,3.622
7959,7958,9.574
7958,7959,9.574
7958,7957,10.259
7957,7958,10.259
7957,7953,6.530
7953,7957,6.530
7953,7954,12.847
7954,7953,12.847
7954,7955,3.945
7955,7954,3.945
7955,7956,3.114
7956,7955,3.114
7956,54,6.132
54,7956,6.132
7962,7964,9.412
7964,7962,9.412
7963,7965,6.036
7965,7963,6.036
7989,7977,11.605
7977,7989,11.605
7971,7986,7.127
7986,7971,7.127
7986,8004,4.431
8004,7986,4.431
8004,7967,6.104
7967,8004,6.104
7967,7990,27.997
7990,7967,27.997
7990,7981,4.790
7981,7990,4.790
7981,7969,3.822
7969,7981,3.822
7969,7984,2.595
7984,7969,2.595
7984,7970,3.008
7970,7984,3.008
7970,7982,17.127
7982,7970,17.127
7982,7997,9.731
7997,7982,9.731
7997,7985,7.594
7985,7997,7.594
7985,8000,5.569
8000,7985,5.569
8000,7987,10.394
7987,8000,10.394
7987,8005,11.766
8005,7987,11.766
8005,7979,9.928
7979,8005,9.928
7979,7995,6.970
7995,7979,6.970
7995,8007,10.983
8007,7995,10.983
7999,7978,18.364
7978,7999,18.364
7978,8006,14.931
8006,7978,14.931
8006,7968,17.094
7968,8006,17.094
7968,7983,1.271
7983,7968,1.271
7983,7999,14.931
7999,7983,14.931
7973,7994,7.384
7994,7973,7.384
7994,7989,1.926
7989,7994,1.926
8003,7993,30.765
7993,8003,30.765
7998,7972,5.523
7972,7998,5.523
7972,8001,2.202
8001,7972,2.202
8001,7980,3.741
7980,8001,3.741
7980,7976,25.894
7976,7980,25.894
7999,8002,2.900
8002,7999,2.900
8002,8752,21.983
8752,8002,21.983
8752,7974,5.327
7974,8752,5.327
7996,8003,41.582
8003,7996,41.582
7977,7992,5.995
7992,7977,5.995
7992,7975,8.026
7975,7992,8.026
7975,7971,7.928
7971,7975,7.928
7971,7988,12.771
7988,7971,12.771
7988,7991,20.611
7991,7988,20.611
8009,8008,74.242
8008,8009,74.242
8011,8010,36.125
8010,8011,36.125
8424,11933,8.208
11933,8424,8.208
11933,11934,24.975
11934,11933,24.975
11934,8017,8.125
8017,11934,8.125
8017,8018,9.450
8018,8017,9.450
8021,8022,39.417
8022,8021,39.417
8022,8020,11.243
8020,8022,11.243
8023,8025,32.394
8025,8023,32.394
8025,8024,7.636
8024,8025,7.636
8035,8033,10.822
8033,8035,10.822
8033,8034,23.415
8034,8033,23.415
8036,8035,8.506
8035,8036,8.506
8037,5377,8.119
5377,8037,8.119
8053,8045,4.260
8045,8053,4.260
8045,8040,11.672
8040,8045,11.672
8051,8050,9.798
8050,8051,9.798
8047,8044,10.880
8044,8047,10.880
8044,8049,16.327
8049,8044,16.327
8038,8042,4.400
8042,8038,4.400
8042,8041,13.021
8041,8042,13.021
8040,8039,16.597
8039,8040,16.597
8049,9724,1.666
9724,8049,1.666
9724,8048,6.362
8048,9724,6.362
8039,8038,13.266
8038,8039,13.266
8043,9726,6.684
9726,8043,6.684
9726,8046,1.465
8046,9726,1.465
8046,8051,15.828
8051,8046,15.828
8052,9725,6.684
9725,8052,6.684
9725,8053,1.437
8053,9725,1.437
8054,9768,1.615
9768,8054,1.615
9768,5245,6.562
5245,9768,6.562
8055,8054,12.487
8054,8055,12.487
8056,9176,17.650
9176,8056,17.650
8057,8056,12.138
8056,8057,12.138
8059,8058,11.296
8058,8059,11.296
8058,8057,19.302
8057,8058,19.302
5258,5260,13.519
5260,5258,13.519
5260,9744,2.038
9744,5260,2.038
9744,5261,4.490
5261,9744,4.490
8067,8061,24.089
8061,8067,24.089
8061,8065,17.660
8065,8061,17.660
8066,8063,38.200
8063,8066,38.200
8063,8064,7.953
8064,8063,7.953
4516,10840,1.735
10840,4516,1.735
10840,9929,1.130
9929,10840,1.130
9929,10839,0.797
10839,9929,0.797
10839,9930,0.989
9930,10839,0.989
9930,5129,1.336
5129,9930,1.336
5129,9931,1.957
9931,5129,1.957
9931,9932,1.591
9932,9931,1.591
9932,11637,1.481
11637,9932,1.481
11637,9933,1.499
9933,11637,1.499
9933,9938,1.232
9938,9933,1.232
9938,9934,1.180
9934,9938,1.180
9934,9935,1.130
9935,9934,1.130
9935,9936,1.215
9936,9935,1.215
9936,9937,1.163
9937,9936,1.163
9937,10594,1.432
10594,9937,1.432
10594,9928,2.023
9928,10594,2.023
9928,10300,2.512
10300,9928,2.512
8070,6925,2.147
6925,8070,2.147
6925,11138,14.713
11138,6925,14.713
11138,6926,4.801
6926,11138,4.801
6452,8817,7.177
8817,6452,7.177
8817,6327,18.272
6327,8817,18.272
6327,6451,37.841
6451,6327,37.841
6451,8773,15.756
8773,6451,15.756
8773,3194,2.537
3194,8773,2.537
302,3197,1.415
3197,302,1.415
3197,6793,9.880
6793,3197,9.880
6793,8818,28.876
8818,6793,28.876
8818,6107,7.841
6107,8818,7.841
6107,218,4.072
218,6107,4.072
218,6452,2.384
6452,218,2.384
8073,8074,1.721
8074,8073,1.721
8074,9689,5.043
9689,8074,5.043
9689,12370,19.450
12370,9689,19.450
12370,8075,5.145
8075,12370,5.145
8075,8076,15.721
8076,8075,15.721
8076,10492,3.453
10492,8076,3.453
8499,8500,12.206
8500,8499,12.206
8500,6042,9.478
6042,8500,9.478
6042,8082,2.141
8082,6042,2.141
8082,8083,14.081
8083,8082,14.081
1134,12073,53.519
12073,1134,53.519
12073,5188,36.932
5188,12073,36.932
5188,462,9.176
462,5188,9.176
503,12072,10.372
12072,503,10.372
12072,5670,15.054
5670,12072,15.054
5670,1134,12.324
1134,5670,12.324
8102,8770,1.623
8770,8102,1.623
8770,8100,6.884
8100,8770,6.884
1168,8105,18.389
8105,1168,18.389
8106,1158,9.229
1158,8106,9.229
1158,1151,7.759
1151,1158,7.759
1151,1150,17.826
1150,1151,17.826
8110,8109,19.156
8109,8110,19.156
8109,8112,5.338
8112,8109,5.338
8112,8108,3.262
8108,8112,3.262
8108,8111,50.404
8111,8108,50.404
8111,8117,6.021
8117,8111,6.021
8117,8709,35.642
8709,8117,35.642
8709,8118,14.795
8118,8709,14.795
8113,6060,5.283
6060,8113,5.283
8114,8113,13.667
8113,8114,13.667
8115,8116,11.732
8116,8115,11.732
6059,8115,6.501
8115,6059,6.501
9178,1859,8.898
1859,9178,8.898
1859,2869,14.231
2869,1859,14.231
2869,8411,34.577
8411,2869,34.577
8411,5790,28.533
5790,8411,28.533
5790,1427,14.027
1427,5790,14.027
1427,5791,2.172
5791,1427,2.172
5791,5775,9.947
5775,5791,9.947
5775,8410,6.828
8410,5775,6.828
8119,5789,29.152
5789,8119,29.152
10258,8330,9.393
8330,10258,9.393
8330,7234,39.964
7234,8330,39.964
7234,2398,6.664
2398,7234,6.664
2398,33,7.586
33,2398,7.586
6370,2688,4.961
2688,6370,4.961
2688,8345,5.566
8345,2688,5.566
3662,3664,2.860
3664,3662,2.860
3664,3665,3.166
3665,3664,3.166
8124,8123,22.800
8123,8124,22.800
8123,8122,28.385
8122,8123,28.385
8122,8121,4.735
8121,8122,4.735
3665,3666,5.327
3666,3665,5.327
3666,3668,3.415
3668,3666,3.415
3668,3670,4.432
3670,3668,4.432
3670,3672,2.777
3672,3670,2.777
3672,3673,8.110
3673,3672,8.110
2247,11828,8.796
11828,2247,8.796
11828,74,3.726
74,11828,3.726
2397,12656,10.759
12656,2397,10.759
12656,2659,9.824
2659,12656,9.824
1844,811,10.389
811,1844,10.389
2401,615,9.116
615,2401,9.116
7795,1239,11.320
1239,7795,11.320
810,1863,9.968
1863,810,9.968
795,8463,8.014
8463,795,8.014
8463,3616,2.440
3616,8463,2.440
3616,1198,10.465
1198,3616,10.465
1198,3618,10.460
3618,1198,10.460
3618,1161,10.459
1161,3618,10.459
1161,1199,10.456
1199,1161,10.456
1199,5209,10.464
5209,1199,10.464
5209,1861,11.690
1861,5209,11.690
1861,9383,7.948
9383,1861,7.948
847,1467,22.414
1467,847,22.414
2400,12654,8.455
12654,2400,8.455
12654,12655,8.663
12655,12654,8.663
12655,608,33.423
608,12655,33.423
608,2674,8.761
2674,608,8.761
2404,235,10.481
235,2404,10.481
99,1848,12.597
1848,99,12.597
1848,7298,5.788
7298,1848,5.788
7794,227,10.515
227,7794,10.515
11843,11854,1.284
11854,11843,1.284
11854,11844,1.782
11844,11854,1.782
11844,11855,1.303
11855,11844,1.303
11855,11853,1.219
11853,11855,1.219
11853,11845,1.118
11845,11853,1.118
11845,227,1.455
227,11845,1.455
89,1849,12.693
1849,89,12.693
8129,8126,12.430
8126,8129,12.430
8132,8130,4.737
8130,8132,4.737
8131,9844,8.216
9844,8131,8.216
9844,8129,1.987
8129,9844,1.987
8130,8127,11.536
8127,8130,11.536
8127,9843,1.544
9843,8127,1.544
9843,8128,8.248
8128,9843,8.248
8139,9700,6.366
9700,8139,6.366
9700,8140,1.775
8140,9700,1.775
8144,8142,15.650
8142,8144,15.650
8142,8138,27.822
8138,8142,27.822
8135,9698,2.786
9698,8135,2.786
9698,8134,6.205
8134,9698,6.205
8140,8136,4.911
8136,8140,4.911
8136,8141,12.620
8141,8136,12.620
8137,8135,17.430
8135,8137,17.430
8141,8144,96.352
8144,8141,96.352
8144,8143,26.180
8143,8144,26.180
8143,8138,15.090
8138,8143,15.090
8138,8137,3.336
8137,8138,3.336
8148,8149,4.349
8149,8148,4.349
8154,8150,0.801
8150,8154,0.801
8150,8151,13.378
8151,8150,13.378
8155,8154,6.962
8154,8155,6.962
190,12721,123.836
12721,190,123.836
12721,503,72.556
503,12721,72.556
8151,8149,6.706
8149,8151,6.706
8156,11292,21.256
11292,8156,21.256
11292,8157,11.693
8157,11292,11.693
8157,8158,3.733
8158,8157,3.733
8158,8159,2.906
8159,8158,2.906
8159,8160,2.656
8160,8159,2.656
8169,8168,2.233
8168,8169,2.233
8168,8167,2.135
8167,8168,2.135
8167,8166,2.204
8166,8167,2.204
8166,8165,2.048
8165,8166,2.048
8165,8164,3.072
8164,8165,3.072
8164,8163,3.260
8163,8164,3.260
8163,8157,7.026
8157,8163,7.026
8160,8161,2.429
8161,8160,2.429
8161,8162,2.108
8162,8161,2.108
8162,8173,2.250
8173,8162,2.250
8173,8172,2.372
8172,8173,2.372
8172,8171,2.055
8171,8172,2.055
8171,8170,2.233
8170,8171,2.233
8170,8169,2.391
8169,8170,2.391
9925,10798,0.995
10798,9925,0.995
10798,10789,1.148
10789,10798,1.148
10789,10143,1.623
10143,10789,1.623
10143,8175,1.950
8175,10143,1.950
8175,11439,1.282
11439,8175,1.282
11439,9539,0.370
9539,11439,0.370
9539,10803,0.521
10803,9539,0.521
10803,10785,0.583
10785,10803,0.583
10785,10802,0.798
10802,10785,0.798
10802,10801,0.786
10801,10802,0.786
10801,9540,1.008
9540,10801,1.008
9540,10800,0.961
10800,9540,0.961
10800,10799,0.599
10799,10800,0.599
10799,10784,1.069
10784,10799,1.069
10784,8176,3.070
8176,10784,3.070
8176,10595,78.819
10595,8176,78.819
10595,2153,6.450
2153,10595,6.450
2153,2123,7.325
2123,2153,7.325
2123,2702,5.522
2702,2123,5.522
2702,8179,15.733
8179,2702,15.733
8179,4716,8.802
4716,8179,8.802
4716,5816,3.844
5816,4716,3.844
5816,5809,30.652
5809,5816,30.652
8182,8180,5.753
8180,8182,5.753
8180,2284,12.666
2284,8180,12.666
2284,7551,12.740
7551,2284,12.740
2284,7132,5.061
7132,2284,5.061
7132,2285,3.668
2285,7132,3.668
2285,2286,18.096
2286,2285,18.096
8181,8182,12.641
8182,8181,12.641
2277,7130,13.487
7130,2277,13.487
7130,7131,19.752
7131,7130,19.752
8587,8186,25.434
8186,8587,25.434
8184,8185,11.558
8185,8184,11.558
8185,8187,18.591
8187,8185,18.591
8187,8183,30.168
8183,8187,30.168
10048,9784,4.093
9784,10048,4.093
9784,9789,6.607
9789,9784,6.607
9789,8188,1.510
8188,9789,1.510
8193,2465,26.649
2465,8193,26.649
2465,8190,54.562
8190,2465,54.562
8190,8191,6.985
8191,8190,6.985
8191,8192,19.836
8192,8191,19.836
8198,8197,16.317
8197,8198,16.317
8197,8196,25.185
8196,8197,25.185
8196,8195,18.729
8195,8196,18.729
8195,8194,13.906
8194,8195,13.906
8199,8200,19.778
8200,8199,19.778
8200,8201,32.571
8201,8200,32.571
8202,8203,8.058
8203,8202,8.058
8203,8204,28.904
8204,8203,28.904
8204,8205,38.112
8205,8204,38.112
8206,8207,13.846
8207,8206,13.846
8207,8208,38.714
8208,8207,38.714
8215,10246,5.940
10246,8215,5.940
10246,8216,2.189
8216,10246,2.189
8216,8217,12.524
8217,8216,12.524
8218,8217,36.890
8217,8218,36.890
8222,8221,40.749
8221,8222,40.749
8221,8220,16.450
8220,8221,16.450
8228,8227,16.071
8227,8228,16.071
5326,5330,12.412
5330,5326,12.412
5330,8228,2.712
8228,5330,2.712
8233,9473,7.836
9473,8233,7.836
9473,8234,28.161
8234,9473,28.161
8234,8230,10.931
8230,8234,10.931
8230,8229,8.866
8229,8230,8.866
8235,8234,17.561
8234,8235,17.561
5288,8237,37.132
8237,5288,37.132
8237,8236,23.458
8236,8237,23.458
8239,5286,2.801
5286,8239,2.801
5286,5284,11.669
5284,5286,11.669
8238,10103,10.200
10103,8238,10.200
10103,8239,6.619
8239,10103,6.619
5323,8240,9.284
8240,5323,9.284
8240,5328,12.843
5328,8240,12.843
8241,5323,14.783
5323,8241,14.783
8242,6023,7.846
6023,8242,7.846
8243,8242,10.933
8242,8243,10.933
5809,8177,15.335
8177,5809,15.335
8177,4717,7.084
4717,8177,7.084
4717,9204,14.877
9204,4717,14.877
9204,8244,6.946
8244,9204,6.946
576,11747,9.649
11747,576,9.649
11747,6264,8.551
6264,11747,8.551
6264,11763,10.855
11763,6264,10.855
11763,11762,11.413
11762,11763,11.413
8247,7662,4.553
7662,8247,4.553
8264,8254,8.198
8254,8264,8.198
8265,8259,10.747
8259,8265,10.747
8258,2365,18.289
2365,8258,18.289
2365,8260,1.609
8260,2365,1.609
8260,8256,6.841
8256,8260,6.841
8253,8252,9.903
8252,8253,9.903
8252,8265,6.809
8265,8252,6.809
8254,8262,9.146
8262,8254,9.146
8262,8250,4.482
8250,8262,4.482
8257,8251,7.716
8251,8257,7.716
8251,8255,5.482
8255,8251,5.482
8255,8263,5.143
8263,8255,5.143
8263,8253,6.637
8253,8263,6.637
8250,8261,10.175
8261,8250,10.175
8269,8271,11.020
8271,8269,11.020
8270,8267,16.141
8267,8270,16.141
8272,8268,11.104
8268,8272,11.104
8266,8272,3.845
8272,8266,3.845
8271,8270,11.117
8270,8271,11.117
8274,8273,41.856
8273,8274,41.856
8278,8277,17.641
8277,8278,17.641
8277,8276,9.362
8276,8277,9.362
8276,8275,17.806
8275,8276,17.806
8275,6521,9.870
6521,8275,9.870
8280,8952,1.100
8952,8280,1.100
8952,10333,4.232
10333,8952,4.232
10333,9881,19.110
9881,10333,19.110
9881,9885,0.427
9885,9881,0.427
9885,8281,0.364
8281,9885,0.364
8281,9884,0.456
9884,8281,0.456
9884,9880,0.407
9880,9884,0.407
9880,9879,6.398
9879,9880,6.398
9879,9882,0.667
9882,9879,0.667
9882,8282,0.489
8282,9882,0.489
8282,9883,0.506
9883,8282,0.506
9883,9878,0.590
9878,9883,0.590
9878,8283,17.334
8283,9878,17.334
4976,8287,23.302
8287,4976,23.302
3306,8846,7.726
8846,3306,7.726
8846,9354,1.516
9354,8846,1.516
9354,8407,6.819
8407,9354,6.819
8407,8286,10.477
8286,8407,10.477
8286,1778,10.910
1778,8286,10.910
563,1771,3.763
1771,563,3.763
8296,8295,11.472
8295,8296,11.472
8297,8296,11.470
8296,8297,11.470
8295,9699,1.972
9699,8295,1.972
9699,8298,6.386
8298,9699,6.386
6608,10400,5.812
10400,6608,5.812
10400,10398,4.875
10398,10400,4.875
10398,10406,3.596
10406,10398,3.596
10406,8301,3.200
8301,10406,3.200
8308,12768,47.023
12768,8308,47.023
12768,811,8.729
811,12768,8.729
8305,8304,16.529
8304,8305,16.529
8304,8303,30.369
8303,8304,30.369
8303,8302,4.494
8302,8303,4.494
8302,9435,35.843
9435,8302,35.843
8308,8307,10.337
8307,8308,10.337
8307,8306,6.494
8306,8307,6.494
8306,9435,5.996
9435,8306,5.996
9369,9401,10.144
9401,9369,10.144
9401,5084,10.855
5084,9401,10.855
5084,8311,64.574
8311,5084,64.574
8311,8310,31.173
8310,8311,31.173
8310,8309,15.581
8309,8310,15.581
11891,8313,20.573
8313,11891,20.573
8313,8316,21.030
8316,8313,21.030
8316,8315,29.207
8315,8316,29.207
8315,8314,21.030
8314,8315,21.030
8314,8313,29.207
8313,8314,29.207
8321,8320,27.189
8320,8321,27.189
8320,8319,4.403
8319,8320,4.403
8319,8318,33.412
8318,8319,33.412
291,3104,1.690
3104,291,1.690
3104,5053,5.134
5053,3104,5.134
5053,7481,1.296
7481,5053,1.296
7481,5361,14.805
5361,7481,14.805
5361,5362,15.951
5362,5361,15.951
5362,5173,13.962
5173,5362,13.962
5173,12806,10.935
12806,5173,10.935
12806,5363,10.100
5363,12806,10.100
5363,136,11.357
136,5363,11.357
136,5364,13.065
5364,136,13.065
5364,5365,12.287
5365,5364,12.287
5365,10060,14.359
10060,5365,14.359
10060,1819,31.534
1819,10060,31.534
8322,4951,8.807
4951,8322,8.807
4951,1818,63.907
1818,4951,63.907
1818,692,10.079
692,1818,10.079
1428,8380,3.880
8380,1428,3.880
8380,5777,6.166
5777,8380,6.166
5777,5793,3.807
5793,5777,3.807
5793,8323,4.344
8323,5793,4.344
8323,5795,5.296
5795,8323,5.296
5795,5796,7.441
5796,5795,7.441
5796,5797,6.278
5797,5796,6.278
5797,5798,7.718
5798,5797,7.718
5798,1463,46.636
1463,5798,46.636
798,4696,4.913
4696,798,4.913
4696,4258,10.136
4258,4696,10.136
4258,809,41.879
809,4258,41.879
809,8412,4.996
8412,809,4.996
8412,808,35.102
808,8412,35.102
457,11274,1.636
11274,457,1.636
11274,11087,1.585
11087,11274,1.585
11087,11086,2.787
11086,11087,2.787
11086,11265,13.240
11265,11086,13.240
11265,458,2.657
458,11265,2.657
1780,10981,3.991
10981,1780,3.991
10981,6711,3.250
6711,10981,3.250
6711,10678,2.342
10678,6711,2.342
10678,4022,7.893
4022,10678,7.893
4022,6710,4.946
6710,4022,4.946
6710,3186,5.425
3186,6710,5.425
3186,1781,6.357
1781,3186,6.357
1781,3180,5.709
3180,1781,5.709
3180,3178,5.225
3178,3180,5.225
8334,8333,1.084
8333,8334,1.084
8333,8784,17.831
8784,8333,17.831
8338,10625,4.339
10625,8338,4.339
10625,10624,2.741
10624,10625,2.741
10624,10623,4.157
10623,10624,4.157
10623,10622,3.205
10622,10623,3.205
10622,8339,4.554
8339,10622,4.554
8341,10315,41.173
10315,8341,41.173
10315,6550,36.830
6550,10315,36.830
7501,2436,10.796
2436,7501,10.796
11890,541,4.528
541,11890,4.528
8348,11890,8.839
11890,8348,8.839
8352,9080,6.872
9080,8352,6.872
8358,1967,18.399
1967,8358,18.399
1967,1907,3.646
1907,1967,3.646
1905,1966,3.554
1966,1905,3.554
1966,8357,18.539
8357,1966,18.539
8361,6170,3.854
6170,8361,3.854
6170,6171,12.352
6171,6170,12.352
8362,8361,15.715
8361,8362,15.715
11966,11961,15.241
11961,11966,15.241
11961,11963,20.156
11963,11961,20.156
11963,11965,20.594
11965,11963,20.594
11965,8385,13.718
8385,11965,13.718
8385,8382,44.798
8382,8385,44.798
8384,8380,67.965
8380,8384,67.965
7733,7732,13.584
7732,7733,13.584
7732,8382,4.643
8382,7732,4.643
8382,11959,15.632
11959,8382,15.632
11959,8383,5.157
8383,11959,5.157
8383,8381,40.418
8381,8383,40.418
8381,1465,6.128
1465,8381,6.128
1465,1462,16.183
1462,1465,16.183
1462,1464,7.841
1464,1462,7.841
1464,5778,8.287
5778,1464,8.287
5778,1463,7.910
1463,5778,7.910
1463,3588,16.357
3588,1463,16.357
3588,2518,9.084
2518,3588,9.084
2490,8389,10.630
8389,2490,10.630
8389,8388,18.542
8388,8389,18.542
8392,9713,113.957
9713,8392,113.957
9713,730,4.137
730,9713,4.137
1253,1252,8.110
1252,1253,8.110
1252,1251,7.956
1251,1252,7.956
1251,1250,11.438
1250,1251,11.438
1250,1249,6.553
1249,1250,6.553
1249,1248,9.293
1248,1249,9.293
1248,1247,8.985
1247,1248,8.985
1247,5694,19.449
5694,1247,19.449
3652,8393,13.440
8393,3652,13.440
8393,5574,2.666
5574,8393,2.666
8397,8396,25.094
8396,8397,25.094
8396,8758,18.629
8758,8396,18.629
8758,2323,6.882
2323,8758,6.882
8398,8755,6.921
8755,8398,6.921
8755,8496,1.177
8496,8755,1.177
2322,5577,25.702
5577,2322,25.702
5577,5291,10.403
5291,5577,10.403
5291,5576,1.344
5576,5291,1.344
5576,5295,2.341
5295,5576,2.341
5295,8401,10.363
8401,5295,10.363
2917,172,84.155
172,2917,84.155
1560,2151,3.306
2151,1560,3.306
4087,3263,5.721
3263,4087,5.721
3263,3277,3.569
3277,3263,3.569
3277,4084,1.798
4084,3277,1.798
6841,4987,9.044
4987,6841,9.044
4987,5137,13.606
5137,4987,13.606
5137,679,10.824
679,5137,10.824
8409,8828,21.903
8828,8409,21.903
8828,926,7.370
926,8828,7.370
8419,8416,6.612
8416,8419,6.612
8416,8414,21.299
8414,8416,21.299
8412,11942,6.564
11942,8412,6.564
11942,8420,4.544
8420,11942,4.544
8420,8418,17.790
8418,8420,17.790
8418,8417,15.986
8417,8418,15.986
8417,8415,13.883
8415,8417,13.883
8415,8413,23.670
8413,8415,23.670
575,9015,11.928
9015,575,11.928
9015,8422,11.210
8422,9015,11.210
8422,11236,14.835
11236,8422,14.835
11236,3308,15.609
3308,11236,15.609
3308,11427,1.648
11427,3308,1.648
11427,9358,2.427
9358,11427,2.427
9358,3304,7.829
3304,9358,7.829
3304,3307,4.604
3307,3304,4.604
8423,8424,9.315
8424,8423,9.315
1538,1447,42.604
1447,1538,42.604
8427,6777,9.551
6777,8427,9.551
2,8427,39.345
8427,2,39.345
6777,12812,35.635
12812,6777,35.635
12812,6776,33.387
6776,12812,33.387
6776,2407,8.311
2407,6776,8.311
2407,1,7.636
1,2407,7.636
3389,6387,11.487
6387,3389,11.487
8428,8429,29.380
8429,8428,29.380
8430,9766,1.977
9766,8430,1.977
9766,6137,4.848
6137,9766,4.848
8431,8430,12.246
8430,8431,12.246
8210,8433,3.063
8433,8210,3.063
8433,6256,3.533
6256,8433,3.533
6256,12901,1.383
12901,6256,1.383
12901,6157,1.438
6157,12901,1.438
8211,8210,16.164
8210,8211,16.164
32,2397,8.351
2397,32,8.351
8439,11097,90.551
11097,8439,90.551
11097,8478,1.957
8478,11097,1.957
8478,330,22.518
330,8478,22.518
3353,3356,13.293
3356,3353,13.293
3356,8438,104.761
8438,3356,104.761
725,3294,74.489
3294,725,74.489
3294,8374,6.674
8374,3294,6.674
8374,605,6.050
605,8374,6.050
605,330,37.542
330,605,37.542
3295,8369,4.501
8369,3295,4.501
8369,6745,3.815
6745,8369,3.815
6745,8368,4.176
8368,6745,4.176
8368,182,4.516
182,8368,4.516
182,9519,3.956
9519,182,3.956
9519,725,5.104
725,9519,5.104
2779,8440,15.212
8440,2779,15.212
8448,8450,7.578
8450,8448,7.578
8449,8448,13.425
8448,8449,13.425
8451,10593,1.439
10593,8451,1.439
10593,8447,4.777
8447,10593,4.777
8447,8446,1.340
8446,8447,1.340
8446,8449,0.324
8449,8446,0.324
2311,2316,0.641
2316,2311,0.641
2316,7681,7.662
7681,2316,7.662
7675,2315,6.587
2315,7675,6.587
2315,2313,1.778
2313,2315,1.778
8213,7773,5.141
7773,8213,5.141
7773,8212,2.019
8212,7773,2.019
6165,6161,8.205
6161,6165,8.205
6161,8213,7.938
8213,6161,7.938
8453,9864,2.893
9864,8453,2.893
9864,8771,5.311
8771,9864,5.311
8771,5967,1.492
5967,8771,1.492
8454,8453,14.265
8453,8454,14.265
8455,9863,2.021
9863,8455,2.021
9863,8769,5.680
8769,9863,5.680
8769,5968,1.465
5968,8769,1.465
8456,8455,14.961
8455,8456,14.961
2220,5929,5.596
5929,2220,5.596
481,11545,13.845
11545,481,13.845
11545,2940,43.713
2940,11545,43.713
2940,482,30.612
482,2940,30.612
482,5117,77.358
5117,482,77.358
5117,7421,8.298
7421,5117,8.298
7421,4296,2.169
4296,7421,2.169
6845,675,6.522
675,6845,6.522
8464,8465,9.770
8465,8464,9.770
8466,9494,5.869
9494,8466,5.869
9494,923,4.721
923,9494,4.721
923,9490,4.492
9490,923,4.492
9490,6760,3.725
6760,9490,3.725
6760,4842,5.493
4842,6760,5.493
8467,1758,15.264
1758,8467,15.264
8469,1758,15.247
1758,8469,15.247
1758,1759,23.876
1759,1758,23.876
1759,11537,4.998
11537,1759,4.998
11537,11538,6.119
11538,11537,6.119
11538,11539,4.197
11539,11538,4.197
11539,11536,4.208
11536,11539,4.208
11536,11535,4.489
11535,11536,4.489
11535,1760,11.601
1760,11535,11.601
1760,11540,6.800
11540,1760,6.800
8478,9509,8.097
9509,8478,8.097
9509,8477,13.225
8477,9509,13.225
8480,8481,4.226
8481,8480,4.226
8482,8480,4.433
8480,8482,4.433
8483,8484,4.488
8484,8483,4.488
8485,8483,5.799
8483,8485,5.799
8489,8488,13.239
8488,8489,13.239
8490,8489,7.176
8489,8490,7.176
8488,8487,7.996
8487,8488,7.996
8487,8486,9.402
8486,8487,9.402
2724,3597,24.653
3597,2724,24.653
2014,11241,2.849
11241,2014,2.849
11241,7520,6.995
7520,11241,6.995
7520,7521,1.907
7521,7520,1.907
7521,7522,0.927
7522,7521,0.927
7522,7518,1.513
7518,7522,1.513
7518,7523,1.223
7523,7518,1.223
7523,7524,1.013
7524,7523,1.013
7524,2015,1.236
2015,7524,1.236
5114,5342,11.390
5342,5114,11.390
8496,8399,28.105
8399,8496,28.105
8498,5304,7.602
5304,8498,7.602
8497,8498,20.388
8498,8497,20.388
3943,7793,5.356
7793,3943,5.356
6966,6964,0.623
6964,6966,0.623
8502,5420,17.296
5420,8502,17.296
5420,5423,1.908
5423,5420,1.908
5423,5418,14.119
5418,5423,14.119
5449,9025,1.959
9025,5449,1.959
9025,2928,5.406
2928,9025,5.406
8510,8509,15.671
8509,8510,15.671
8509,8508,31.814
8508,8509,31.814
8503,5340,2.432
5340,8503,2.432
5340,9308,11.965
9308,5340,11.965
8504,8503,9.131
8503,8504,9.131
5301,10159,10.451
10159,5301,10.451
10159,5298,3.363
5298,10159,3.363
6720,12753,7.183
12753,6720,7.183
12753,6722,3.995
6722,12753,3.995
8517,8516,35.583
8516,8517,35.583
8523,8522,14.790
8522,8523,14.790
8522,8521,9.714
8521,8522,9.714
8521,8520,26.197
8520,8521,26.197
8526,8525,40.093
8525,8526,40.093
8525,8524,4.576
8524,8525,4.576
8531,8530,29.921
8530,8531,29.921
8530,8529,8.627
8529,8530,8.627
8529,8528,2.658
8528,8529,2.658
8528,8527,27.069
8527,8528,27.069
8534,8533,38.636
8533,8534,38.636
8533,8532,12.275
8532,8533,12.275
8536,8535,15.161
8535,8536,15.161
8538,8535,40.083
8535,8538,40.083
8535,8537,23.639
8537,8535,23.639
8540,12754,1.241
12754,8540,1.241
12754,8539,4.384
8539,12754,4.384
8541,8540,10.027
8540,8541,10.027
8542,8541,19.276
8541,8542,19.276
8550,8549,5.114
8549,8550,5.114
8549,8547,12.193
8547,8549,12.193
8547,12852,20.649
12852,8547,20.649
5629,8551,1.460
8551,5629,1.460
8552,5629,8.800
5629,8552,8.800
2907,2908,21.688
2908,2907,21.688
2909,2907,26.616
2907,2909,26.616
2908,842,17.768
842,2908,17.768
2906,9994,26.567
9994,2906,26.567
10686,8554,32.696
8554,10686,32.696
8557,8556,72.651
8556,8557,72.651
8556,8555,14.155
8555,8556,14.155
8555,829,9.639
829,8555,9.639
843,8557,16.935
8557,843,16.935
8557,7209,17.451
7209,8557,17.451
8558,5307,3.404
5307,8558,3.404
5307,10222,7.209
10222,5307,7.209
10222,2727,4.490
2727,10222,4.490
8565,2727,33.695
2727,8565,33.695
8561,2726,2.512
2726,8561,2.512
8564,8563,45.051
8563,8564,45.051
8563,8560,22.100
8560,8563,22.100
8560,8562,10.769
8562,8560,10.769
8562,8561,45.108
8561,8562,45.108
8565,8559,12.391
8559,8565,12.391
8559,8564,2.586
8564,8559,2.586
8571,8570,7.725
8570,8571,7.725
8567,8566,7.708
8566,8567,7.708
8569,8568,12.549
8568,8569,12.549
8568,8567,17.411
8567,8568,17.411
8573,8572,15.815
8572,8573,15.815
8572,8571,16.920
8571,8572,16.920
8577,8576,8.076
8576,8577,8.076
8576,8575,16.400
8575,8576,16.400
8575,8574,9.947
8574,8575,9.947
8582,8581,8.140
8581,8582,8.140
8578,8579,8.402
8579,8578,8.402
8579,8580,3.560
8580,8579,3.560
8580,8582,13.556
8582,8580,13.556
8586,2910,31.772
2910,8586,31.772
2910,9650,6.947
9650,2910,6.947
9650,11623,2.178
11623,9650,2.178
11623,11629,2.056
11629,11623,2.056
11629,11627,3.218
11627,11629,3.218
11627,11628,3.622
11628,11627,3.622
11628,830,6.602
830,11628,6.602
6567,7416,18.831
7416,6567,18.831
7416,2324,6.523
2324,7416,6.523
975,7415,12.821
7415,975,12.821
7415,2324,6.188
2324,7415,6.188
6542,6547,6.888
6547,6542,6.888
6544,6542,6.895
6542,6544,6.895
6537,6544,6.895
6544,6537,6.895
6545,6537,6.888
6537,6545,6.888
6530,6545,6.895
6545,6530,6.895
6532,6530,6.888
6530,6532,6.888
6541,6532,6.895
6532,6541,6.895
6543,6541,6.888
6541,6543,6.888
6531,6543,6.895
6543,6531,6.895
6540,6531,6.895
6531,6540,6.895
5566,6540,6.888
6540,5566,6.888
6538,5566,6.895
5566,6538,6.895
6535,6538,6.888
6538,6535,6.888
6529,6539,3.725
6539,6529,3.725
6539,6535,2.968
6535,6539,2.968
8493,8491,13.826
8491,8493,13.826
8492,6298,12.879
6298,8492,12.879
6298,8493,6.652
8493,6298,6.652
180,4910,36.641
4910,180,36.641
4910,728,61.209
728,4910,61.209
728,9430,92.061
9430,728,92.061
9430,179,14.581
179,9430,14.581
8599,8598,12.942
8598,8599,12.942
8600,8595,4.253
8595,8600,4.253
8595,8599,2.817
8599,8595,2.817
8598,8597,5.280
8597,8598,5.280
8597,8596,20.339
8596,8597,20.339
11106,8604,32.536
8604,11106,32.536
8491,6534,19.777
6534,8491,19.777
6534,2014,16.465
2014,6534,16.465
2452,1847,10.023
1847,2452,10.023
1846,2453,11.232
2453,1846,11.232
2148,9780,2.191
9780,2148,2.191
9780,2146,5.602
2146,9780,5.602
8610,8613,13.489
8613,8610,13.489
8611,8610,14.716
8610,8611,14.716
8612,9800,1.595
9800,8612,1.595
9800,9796,9.955
9796,9800,9.955
9796,8611,2.898
8611,9796,2.898
8615,8614,12.461
8614,8615,12.461
6092,8615,9.678
8615,6092,9.678
8495,8494,14.185
8494,8495,14.185
8494,8685,7.840
8685,8494,7.840
8685,8493,8.317
8493,8685,8.317
8619,12730,48.759
12730,8619,48.759
12730,2208,5.014
2208,12730,5.014
8620,8622,14.588
8622,8620,14.588
8622,12731,2.126
12731,8622,2.126
12731,8621,5.334
8621,12731,5.334
8625,8635,6.819
8635,8625,6.819
8626,8625,12.353
8625,8626,12.353
8627,8628,12.198
8628,8627,12.198
8634,8623,8.274
8623,8634,8.274
8623,8627,2.370
8627,8623,2.370
8632,8635,12.239
8635,8632,12.239
8635,8633,6.159
8633,8635,6.159
8633,8631,4.566
8631,8633,4.566
8628,8633,7.368
8633,8628,7.368
8633,8630,12.602
8630,8633,12.602
8630,8629,20.905
8629,8630,20.905
8636,8624,8.306
8624,8636,8.306
8624,8626,2.448
8626,8624,2.448
8639,6548,21.117
6548,8639,21.117
8637,8640,8.783
8640,8637,8.783
8640,8638,19.227
8638,8640,19.227
8638,8639,11.720
8639,8638,11.720
8653,8648,4.993
8648,8653,4.993
8648,8643,6.787
8643,8648,6.787
8643,8651,6.486
8651,8643,6.486
8651,8649,9.053
8649,8651,9.053
8649,8652,6.276
8652,8649,6.276
8652,8645,25.220
8645,8652,25.220
8647,8644,8.074
8644,8647,8.074
8644,8650,51.289
8650,8644,51.289
8658,8657,5.736
8657,8658,5.736
8657,8656,17.194
8656,8657,17.194
8659,10192,9.011
10192,8659,9.011
10192,8661,3.611
8661,10192,3.611
8661,11428,4.967
11428,8661,4.967
11428,11429,9.083
11429,11428,9.083
8650,8646,10.143
8646,8650,10.143
8646,8653,6.477
8653,8646,6.477
8604,8665,7.897
8665,8604,7.897
8665,8666,14.111
8666,8665,14.111
8666,8667,7.155
8667,8666,7.155
8667,10628,3.906
10628,8667,3.906
10628,10629,5.231
10629,10628,5.231
10629,8668,1.953
8668,10629,1.953
8668,8664,11.282
8664,8668,11.282
8664,8669,4.187
8669,8664,4.187
8669,8670,6.002
8670,8669,6.002
1314,11867,10.322
11867,1314,10.322
11867,6829,4.937
6829,11867,4.937
6829,1316,16.723
1316,6829,16.723
1313,11869,8.488
11869,1313,8.488
11869,6830,2.588
6830,11869,2.588
6830,1312,17.342
1312,6830,17.342
244,2919,50.803
2919,244,50.803
2919,6566,18.645
6566,2919,18.645
6566,6559,6.402
6559,6566,6.402
6559,8671,14.749
8671,6559,14.749
1715,12734,129.372
12734,1715,129.372
12734,916,6.720
916,12734,6.720
3497,5876,14.934
5876,3497,14.934
8673,8674,19.159
8674,8673,19.159
8677,8672,9.072
8672,8677,9.072
8672,8673,1.414
8673,8672,1.414
8674,8676,2.187
8676,8674,2.187
8676,8675,9.009
8675,8676,9.009
1618,1459,6.057
1459,1618,6.057
8687,8686,14.473
8686,8687,14.473
8692,2995,21.244
2995,8692,21.244
8691,8692,2.152
8692,8691,2.152
8688,8689,14.789
8689,8688,14.789
8689,8690,1.685
8690,8689,1.685
8690,8691,30.065
8691,8690,30.065
8687,8688,1.940
8688,8687,1.940
8695,8696,6.383
8696,8695,6.383
8697,8698,3.981
8698,8697,3.981
8698,8699,6.904
8699,8698,6.904
8696,8697,12.621
8697,8696,12.621
8702,8704,3.101
8704,8702,3.101
8704,8714,39.818
8714,8704,39.818
8714,3302,36.034
3302,8714,36.034
3302,2533,5.238
2533,3302,5.238
2533,8700,61.174
8700,2533,61.174
8700,3301,25.677
3301,8700,25.677
8701,8702,11.316
8702,8701,11.316
8706,8707,12.217
8707,8706,12.217
8707,8391,7.064
8391,8707,7.064
8391,8713,7.369
8713,8391,7.369
8713,8708,9.467
8708,8713,9.467
8708,8709,9.367
8709,8708,9.367
8117,8710,10.564
8710,8117,10.564
8710,8711,25.471
8711,8710,25.471
8711,8712,13.621
8712,8711,13.621
8714,8715,3.215
8715,8714,3.215
8715,8716,11.741
8716,8715,11.741
2478,12865,9.187
12865,2478,9.187
12865,7279,6.478
7279,12865,6.478
7279,10056,6.460
10056,7279,6.460
798,11937,5.204
11937,798,5.204
11937,12915,13.146
12915,11937,13.146
12915,797,21.127
797,12915,21.127
8719,10296,7.577
10296,8719,7.577
10296,8718,1.617
8718,10296,1.617
8721,8722,17.425
8722,8721,17.425
8722,8723,2.838
8723,8722,2.838
8720,10515,7.142
10515,8720,7.142
10515,8721,1.307
8721,10515,1.307
8725,8726,13.226
8726,8725,13.226
8726,8727,6.928
8727,8726,6.928
8724,10516,7.206
10516,8724,7.206
10516,8725,1.283
8725,10516,1.283
8729,8728,12.611
8728,8729,12.611
8731,10294,7.537
10294,8731,7.537
10294,8730,1.179
8730,10294,1.179
8730,8729,12.865
8729,8730,12.865
8733,8732,12.170
8732,8733,12.170
8735,10295,7.532
10295,8735,7.532
10295,8734,1.586
8734,10295,1.586
8734,8733,12.454
8733,8734,12.454
8737,3234,5.606
3234,8737,5.606
3234,8738,12.210
8738,3234,12.210
8739,8742,5.946
8742,8739,5.946
2196,8739,11.602
8739,2196,11.602
8744,10631,1.339
10631,8744,1.339
10631,8745,7.865
8745,10631,7.865
8742,8743,4.586
8743,8742,4.586
8743,8741,4.413
8741,8743,4.413
8741,8740,18.459
8740,8741,18.459
8740,8744,12.421
8744,8740,12.421
8746,9852,6.748
9852,8746,6.748
9852,8747,2.552
8747,9852,2.552
8749,8748,12.790
8748,8749,12.790
4199,8751,11.901
8751,4199,11.901
8751,8750,9.923
8750,8751,9.923
8750,2532,10.368
2532,8750,10.368
841,13085,1.153
13085,841,1.153
13085,13060,1.225
13060,13085,1.225
13060,13086,1.237
13086,13060,1.237
13086,10266,1.664
10266,13086,1.664
10266,13087,2.946
13087,10266,2.946
13087,984,2.723
984,13087,2.723
984,13088,2.658
13088,984,2.658
13088,2202,2.485
2202,13088,2.485
2202,13089,2.272
13089,2202,2.272
13089,11465,2.257
11465,13089,2.257
11465,13090,1.828
13090,11465,1.828
13090,13062,2.380
13062,13090,2.380
13062,4843,2.183
4843,13062,2.183
4843,13091,1.802
13091,4843,1.802
13091,535,1.852
535,13091,1.852
535,13092,1.670
13092,535,1.670
13092,983,1.503
983,13092,1.503
902,13079,1.155
13079,902,1.155
13079,13076,1.079
13076,13079,1.079
13076,13080,1.441
13080,13076,1.441
13080,13077,1.348
13077,13080,1.348
13077,13066,4.387
13066,13077,4.387
13066,13067,26.353
13067,13066,26.353
13067,13069,10.661
13069,13067,10.661
13069,13070,7.198
13070,13069,7.198
13070,534,8.509
534,13070,8.509
8762,10552,1.978
10552,8762,1.978
10552,8765,5.733
8765,10552,5.733
8763,10551,5.557
10551,8763,5.557
10551,8766,2.013
8766,10551,2.013
8660,8778,8.883
8778,8660,8.883
8101,8785,3.059
8785,8101,3.059
8100,8101,12.958
8101,8100,12.958
394,8788,9.183
8788,394,9.183
8788,1140,19.691
1140,8788,19.691
1140,12300,8.991
12300,1140,8.991
188,9517,10.873
9517,188,10.873
9517,3289,5.418
3289,9517,5.418
3289,8792,18.786
8792,3289,18.786
725,9511,9.633
9511,725,9.633
9511,8793,34.855
8793,9511,34.855
11714,8801,23.936
8801,11714,23.936
8801,8797,2.737
8797,8801,2.737
8797,8798,5.602
8798,8797,5.602
6150,6572,7.558
6572,6150,7.558
8812,8811,39.967
8811,8812,39.967
8813,8803,1.926
8803,8813,1.926
8803,8812,11.644
8812,8803,11.644
8807,8806,53.303
8806,8807,53.303
8808,8807,13.570
8807,8808,13.570
8809,11730,1.581
11730,8809,1.581
11730,8805,5.112
8805,11730,5.112
8805,8808,3.003
8808,8805,3.003
8810,11729,1.582
11729,8810,1.582
11729,8804,5.155
8804,11729,5.155
8804,8813,2.991
8813,8804,2.991
740,9083,6.362
9083,740,6.362
9083,9911,96.169
9911,9083,96.169
302,3193,1.684
3193,302,1.684
3193,9862,6.786
9862,3193,6.786
9862,8824,94.370
8824,9862,94.370
8824,8825,1.855
8825,8824,1.855
8825,5219,5.087
5219,8825,5.087
5219,270,10.243
270,5219,10.243
8833,6979,3.380
6979,8833,3.380
6979,8830,9.114
8830,6979,9.114
8834,8832,2.912
8832,8834,2.912
8832,8831,9.270
8831,8832,9.270
8839,8836,4.939
8836,8839,4.939
8836,8837,14.392
8837,8836,14.392
8837,8835,46.954
8835,8837,46.954
8835,8838,5.147
8838,8835,5.147
8840,8841,10.479
8841,8840,10.479
266,8845,14.592
8845,266,14.592
8845,11571,8.280
11571,8845,8.280
11571,11572,6.754
11572,11571,6.754
11572,10114,6.981
10114,11572,6.981
10114,2102,11.585
2102,10114,11.585
2676,4852,12.601
4852,2676,12.601
10621,10419,3.996
10419,10621,3.996
10419,8340,3.953
8340,10419,3.953
8859,9758,63.412
9758,8859,63.412
9758,791,4.914
791,9758,4.914
96,3503,4.963
3503,96,4.963
3503,8859,73.046
8859,3503,73.046
6877,12760,14.337
12760,6877,14.337
12760,6993,5.248
6993,12760,5.248
6993,10394,30.808
10394,6993,30.808
8863,6465,25.711
6465,8863,25.711
94,1235,54.094
1235,94,54.094
624,8887,28.588
8887,624,28.588
1962,12465,5.507
12465,1962,5.507
12465,12464,7.814
12464,12465,7.814
12464,12466,5.685
12466,12464,5.685
12466,8888,18.432
8888,12466,18.432
8891,8892,13.818
8892,8891,13.818
8892,8893,4.934
8893,8892,4.934
8893,8894,19.986
8894,8893,19.986
8895,8896,42.677
8896,8895,42.677
8897,8898,5.345
8898,8897,5.345
8898,8899,6.928
8899,8898,6.928
8899,8900,2.903
8900,8899,2.903
8900,8901,4.920
8901,8900,4.920
8901,8902,29.302
8902,8901,29.302
8903,9480,6.477
9480,8903,6.477
9480,8904,30.431
8904,9480,30.431
7864,9505,7.509
9505,7864,7.509
9505,8905,43.571
8905,9505,43.571
8906,8907,14.715
8907,8906,14.715
8907,8908,20.166
8908,8907,20.166
8908,8909,2.744
8909,8908,2.744
8909,8910,17.751
8910,8909,17.751
11831,11518,8.555
11518,11831,8.555
8917,8919,10.182
8919,8917,10.182
8920,9797,5.913
9797,8920,5.913
9797,8921,29.590
8921,9797,29.590
8922,8923,6.940
8923,8922,6.940
8925,8926,8.697
8926,8925,8.697
8926,8927,8.162
8927,8926,8.162
8927,8928,7.462
8928,8927,7.462
8928,8935,27.831
8935,8928,27.831
8935,8929,1.976
8929,8935,1.976
8929,8930,5.804
8930,8929,5.804
8930,8931,5.871
8931,8930,5.871
8931,8932,3.294
8932,8931,3.294
8932,8933,23.552
8933,8932,23.552
8933,9479,3.452
9479,8933,3.452
9479,8934,12.146
8934,9479,12.146
8936,12729,5.360
12729,8936,5.360
12729,8937,16.723
8937,12729,16.723
8937,8938,8.880
8938,8937,8.880
8942,10630,5.178
10630,8942,5.178
10630,8943,4.783
8943,10630,4.783
8943,8944,19.028
8944,8943,19.028
8944,8945,5.517
8945,8944,5.517
8945,8946,9.161
8946,8945,9.161
8946,8947,10.917
8947,8946,10.917
8948,8949,20.592
8949,8948,20.592
8949,8950,15.797
8950,8949,15.797
8950,9639,58.463
9639,8950,58.463
9639,8951,3.803
8951,9639,3.803
8953,11650,3.159
11650,8953,3.159
11650,8954,14.489
8954,11650,14.489
8959,8960,9.249
8960,8959,9.249
8960,8961,19.958
8961,8960,19.958
8961,8962,2.384
8962,8961,2.384
8962,8963,10.640
8963,8962,10.640
8964,8966,35.278
8966,8964,35.278
8966,8965,9.669
8965,8966,9.669
8970,8969,24.421
8969,8970,24.421
8969,8967,6.056
8967,8969,6.056
8971,8970,13.878
8970,8971,13.878
8968,8971,10.487
8971,8968,10.487
8976,9686,7.480
9686,8976,7.480
9686,8977,18.983
8977,9686,18.983
8977,8978,1.756
8978,8977,1.756
8978,8979,2.179
8979,8978,2.179
8979,8980,1.918
8980,8979,1.918
8980,8981,1.697
8981,8980,1.697
8981,8989,1.988
8989,8981,1.988
8989,8982,2.467
8982,8989,2.467
8982,8983,13.066
8983,8982,13.066
8977,8984,2.571
8984,8977,2.571
8984,8985,3.484
8985,8984,3.484
8985,8986,2.334
8986,8985,2.334
8986,8987,2.417
8987,8986,2.417
8987,8988,16.834
8988,8987,16.834
9000,8999,7.881
8999,9000,7.881
8999,8998,3.304
8998,8999,3.304
8998,8997,2.953
8997,8998,2.953
8997,8996,11.487
8996,8997,11.487
8996,8995,2.580
8995,8996,2.580
8995,8994,2.537
8994,8995,2.537
8994,8993,2.334
8993,8994,2.334
8993,8992,7.960
8992,8993,7.960
9001,9002,8.944
9002,9001,8.944
9002,9003,13.822
9003,9002,13.822
9017,9018,27.478
9018,9017,27.478
9018,9023,22.969
9023,9018,22.969
9023,9019,1.942
9019,9023,1.942
9020,9022,8.156
9022,9020,8.156
9022,9021,1.134
9021,9022,1.134
9019,10259,6.277
10259,9019,6.277
10259,9020,6.323
9020,10259,6.323
11993,12021,4.644
12021,11993,4.644
12021,12012,1.353
12012,12021,1.353
12012,12006,1.011
12006,12012,1.011
12006,12026,1.182
12026,12006,1.182
12026,12002,17.944
12002,12026,17.944
12002,9028,35.343
9028,12002,35.343
9028,9029,5.329
9029,9028,5.329
9029,11994,5.168
11994,9029,5.168
9032,9795,5.806
9795,9032,5.806
9795,9033,23.128
9033,9795,23.128
9034,9035,6.999
9035,9034,6.999
9035,9036,5.634
9036,9035,5.634
9036,9037,76.220
9037,9036,76.220
9038,9039,8.860
9039,9038,8.860
9039,9041,1.956
9041,9039,1.956
9041,9040,28.973
9040,9041,28.973
10322,9044,16.717
9044,10322,16.717
9044,10321,4.470
10321,9044,4.470
10321,9074,5.056
9074,10321,5.056
2167,9045,6.591
9045,2167,6.591
9045,9046,13.560
9046,9045,13.560
9046,9048,2.108
9048,9046,2.108
9048,9047,5.674
9047,9048,5.674
9052,9051,4.489
9051,9052,4.489
9051,9545,18.897
9545,9051,18.897
9053,9052,11.816
9052,9053,11.816
9546,10069,1.394
10069,9546,1.394
10069,9050,5.763
9050,10069,5.763
9050,9053,0.938
9053,9050,0.938
9054,9301,7.120
9301,9054,7.120
9057,9058,16.233
9058,9057,16.233
9058,9059,12.501
9059,9058,12.501
9302,9061,17.908
9061,9302,17.908
9061,9303,9.121
9303,9061,9.121
9066,12764,9.475
12764,9066,9.475
12764,9065,12.822
9065,12764,12.822
9065,9064,36.521
9064,9065,36.521
9068,1604,40.806
1604,9068,40.806
1604,452,9.112
452,1604,9.112
2059,9484,8.946
9484,2059,8.946
9484,2071,11.721
2071,9484,11.721
9069,9070,22.653
9070,9069,22.653
9071,9069,7.987
9069,9071,7.987
9073,9723,2.077
9723,9073,2.077
9723,9043,6.437
9043,9723,6.437
9074,9073,13.813
9073,9074,13.813
9076,6145,14.947
6145,9076,14.947
9075,9076,12.129
9076,9075,12.129
9077,9767,1.253
9767,9077,1.253
9767,5247,5.888
5247,9767,5.888
9078,9077,14.052
9077,9078,14.052
3698,3699,7.916
3699,3698,7.916
2359,10542,8.664
10542,2359,8.664
10542,11887,140.472
11887,10542,140.472
11887,745,10.114
745,11887,10.114
745,2361,34.431
2361,745,34.431
2361,286,37.538
286,2361,37.538
286,6504,47.818
6504,286,47.818
9079,8351,15.881
8351,9079,15.881
9080,9079,13.522
9079,9080,13.522
9081,9082,26.253
9082,9081,26.253
9084,9085,27.552
9085,9084,27.552
9085,9086,11.343
9086,9085,11.343
9086,9087,6.822
9087,9086,6.822
9087,9088,25.255
9088,9087,25.255
9090,9705,5.600
9705,9090,5.600
9705,9091,33.747
9091,9705,33.747
9091,9092,33.237
9092,9091,33.237
9092,12332,34.435
12332,9092,34.435
12332,12333,5.951
12333,12332,5.951
8375,9093,35.693
9093,8375,35.693
9093,9094,10.908
9094,9093,10.908
9094,9095,15.693
9095,9094,15.693
9095,9096,19.308
9096,9095,19.308
9098,9097,29.215
9097,9098,29.215
10480,9099,10.812
9099,10480,10.812
9099,9098,12.513
9098,9099,12.513
9100,12095,6.134
12095,9100,6.134
12095,9101,1.803
9101,12095,1.803
9101,9102,30.161
9102,9101,30.161
9102,9103,1.745
9103,9102,1.745
9103,9104,1.547
9104,9103,1.547
9104,9105,11.581
9105,9104,11.581
9106,9107,17.604
9107,9106,17.604
9107,9108,13.339
9108,9107,13.339
9108,9109,2.714
9109,9108,2.714
9109,9110,1.781
9110,9109,1.781
9110,9111,1.951
9111,9110,1.951
9111,9112,9.326
9112,9111,9.326
9113,9114,15.865
9114,9113,15.865
9114,9115,1.698
9115,9114,1.698
9115,9116,15.944
9116,9115,15.944
9117,9752,9.282
9752,9117,9.282
9752,9118,44.591
9118,9752,44.591
7790,4664,9.635
4664,7790,9.635
4664,4663,4.498
4663,4664,4.498
9121,12748,9.059
12748,9121,9.059
12748,9122,2.526
9122,12748,2.526
9124,4749,7.626
4749,9124,7.626
4749,4743,4.427
4743,4749,4.427
4743,4745,8.054
4745,4743,8.054
4745,4752,7.175
4752,4745,7.175
4752,4754,8.707
4754,4752,8.707
4754,12358,45.327
12358,4754,45.327
12358,7439,26.838
7439,12358,26.838
7439,4755,1.709
4755,7439,1.709
9125,9124,6.291
9124,9125,6.291
9126,9788,6.501
9788,9126,6.501
9788,9127,1.881
9127,9788,1.881
9129,12099,7.662
12099,9129,7.662
12099,9130,1.708
9130,12099,1.708
9130,9131,5.704
9131,9130,5.704
9131,9132,2.418
9132,9131,2.418
9132,9133,2.209
9133,9132,2.209
9133,9134,2.488
9134,9133,2.488
9134,9135,2.839
9135,9134,2.839
9135,9136,3.360
9136,9135,3.360
9136,9137,4.183
9137,9136,4.183
9137,9138,15.029
9138,9137,15.029
9138,12094,5.652
12094,9138,5.652
12094,9139,11.378
9139,12094,11.378
9140,12098,6.483
12098,9140,6.483
12098,9142,1.156
9142,12098,1.156
9142,9141,36.936
9141,9142,36.936
9145,9143,3.801
9143,9145,3.801
9143,9144,5.185
9144,9143,5.185
9153,9149,17.406
9149,9153,17.406
9149,9150,4.288
9150,9149,4.288
9150,9151,9.617
9151,9150,9.617
9151,9152,4.263
9152,9151,4.263
9155,9163,14.385
9163,9155,14.385
9163,9156,3.649
9156,9163,3.649
9156,9157,5.259
9157,9156,5.259
9157,9158,4.599
9158,9157,4.599
9158,9159,4.186
9159,9158,4.186
9159,9160,5.511
9160,9159,5.511
9160,9161,4.431
9161,9160,4.431
9161,9162,12.780
9162,9161,12.780
9162,10387,6.291
10387,9162,6.291
10387,10386,2.950
10386,10387,2.950
10386,10385,5.115
10385,10386,5.115
10385,10384,4.215
10384,10385,4.215
10384,10383,6.794
10383,10384,6.794
10383,10382,3.203
10382,10383,3.203
10382,10381,14.583
10381,10382,14.583
8843,2081,3.630
2081,8843,3.630
2081,2082,7.611
2082,2081,7.611
2082,6046,2.269
6046,2082,2.269
6046,1055,2.322
1055,6046,2.322
1055,2083,17.938
2083,1055,17.938
2083,11337,2.025
11337,2083,2.025
11337,959,3.409
959,11337,3.409
9164,9168,6.699
9168,9164,6.699
9168,9167,10.933
9167,9168,10.933
9167,9166,9.661
9166,9167,9.661
9166,9165,73.881
9165,9166,73.881
9174,9173,4.347
9173,9174,4.347
9173,696,6.879
696,9173,6.879
9175,9174,13.998
9174,9175,13.998
11898,9169,51.475
9169,11898,51.475
9169,9170,2.358
9170,9169,2.358
9170,9171,19.141
9171,9170,19.141
9171,9172,9.038
9172,9171,9.038
9172,9175,7.142
9175,9172,7.142
9176,9177,12.453
9177,9176,12.453
9177,12649,4.898
12649,9177,4.898
12649,8055,13.633
8055,12649,13.633
9185,9171,19.965
9171,9185,19.965
11899,11898,13.955
11898,11899,13.955
9186,9189,15.470
9189,9186,15.470
9189,11900,6.138
11900,9189,6.138
11900,11899,6.179
11899,11900,6.179
9188,10186,3.552
10186,9188,3.552
10186,9186,2.835
9186,10186,2.835
9187,10188,11.325
10188,9187,11.325
10188,9188,5.462
9188,10188,5.462
12876,9191,12.283
9191,12876,12.283
298,1655,4.875
1655,298,4.875
1655,223,7.889
223,1655,7.889
223,3207,3.465
3207,223,3.465
3207,3204,6.431
3204,3207,6.431
3204,1654,6.431
1654,3204,6.431
3206,300,4.449
300,3206,4.449
300,224,7.032
224,300,7.032
224,10196,6.523
10196,224,6.523
10196,1662,7.037
1662,10196,7.037
1662,299,6.465
299,1662,6.465
299,1645,3.977
1645,299,3.977
1651,9155,2.189
9155,1651,2.189
9155,9154,5.743
9154,9155,5.743
9154,225,5.733
225,9154,5.733
225,293,5.734
293,225,5.734
293,1652,5.744
1652,293,5.744
1652,10381,3.785
10381,1652,3.785
10381,1351,1.949
1351,10381,1.949
1648,296,6.350
296,1648,6.350
296,11393,0.798
11393,296,0.798
9199,9198,15.964
9198,9199,15.964
9200,9194,7.600
9194,9200,7.600
9194,9199,3.283
9199,9194,3.283
9198,9197,9.146
9197,9198,9.146
9197,9196,6.387
9196,9197,6.387
9196,9195,25.798
9195,9196,25.798
9202,9201,13.664
9201,9202,13.664
9203,9202,13.476
9202,9203,13.476
9204,3392,3.496
3392,9204,3.496
3392,9193,7.028
9193,3392,7.028
9193,9203,2.413
9203,9193,2.413
9206,10619,3.826
10619,9206,3.826
9207,9206,10.922
9206,9207,10.922
9209,1915,14.243
1915,9209,14.243
9210,9213,2.077
9213,9210,2.077
9213,9212,1.372
9212,9213,1.372
9212,10588,5.569
10588,9212,5.569
10588,9211,1.318
9211,10588,1.318
9237,9236,10.137
9236,9237,10.137
9238,9237,15.236
9237,9238,15.236
9221,9216,4.340
9216,9221,4.340
9216,9215,9.847
9215,9216,9.847
9215,9214,9.233
9214,9215,9.233
9235,9234,3.043
9234,9235,3.043
9234,9233,3.052
9233,9234,3.052
9233,9232,3.052
9232,9233,3.052
9232,9231,3.048
9231,9232,3.048
9231,9230,3.056
9230,9231,3.056
9230,9229,3.049
9229,9230,3.049
9229,9228,3.054
9228,9229,3.054
9228,9227,3.045
9227,9228,3.045
9227,9226,3.055
9226,9227,3.055
9226,9236,3.049
9236,9226,3.049
9236,9225,2.920
9225,9236,2.920
9225,9224,2.916
9224,9225,2.916
9224,9223,2.930
9223,9224,2.930
9223,9222,2.922
9222,9223,2.922
9222,9221,2.919
9221,9222,2.919
9221,9220,3.048
9220,9221,3.048
9220,9219,3.049
9219,9220,3.049
9219,9218,3.051
9218,9219,3.051
9218,9217,3.050
9217,9218,3.050
9217,9235,3.051
9235,9217,3.051
9240,10587,1.507
10587,9240,1.507
10587,9239,5.534
9239,10587,5.534
9239,9238,1.225
9238,9239,1.225
3418,3573,13.938
3573,3418,13.938
3573,3417,5.472
3417,3573,5.472
9241,3340,2.520
3340,9241,2.520
3340,9242,2.364
9242,3340,2.364
1915,1916,13.680
1916,1915,13.680
1916,9241,44.393
9241,1916,44.393
9243,10589,1.565
10589,9243,1.565
10589,9261,9.044
9261,10589,9.044
9261,9275,29.947
9275,9261,29.947
9275,9274,15.978
9274,9275,15.978
9274,9273,12.743
9273,9274,12.743
9273,9272,5.388
9272,9273,5.388
9276,9263,15.583
9263,9276,15.583
9263,9278,4.280
9278,9263,4.280
9278,9264,5.506
9264,9278,5.506
9264,9277,20.138
9277,9264,20.138
1914,9269,45.391
9269,1914,45.391
9271,9270,7.346
9270,9271,7.346
9272,9271,11.177
9271,9272,11.177
9279,10586,1.503
10586,9279,1.503
10586,9262,9.071
9262,10586,9.071
9262,9280,7.508
9280,9262,7.508
9280,9268,9.002
9268,9280,9.002
9268,9265,2.651
9265,9268,2.651
9265,9278,3.142
9278,9265,3.142
9278,9267,3.624
9267,9278,3.624
9267,9266,4.248
9266,9267,4.248
9266,9275,29.976
9275,9266,29.976
9245,9790,1.503
9790,9245,1.503
9790,9785,6.754
9785,9790,6.754
9785,9244,4.822
9244,9785,4.822
9247,10592,7.609
10592,9247,7.609
10592,9246,1.489
9246,10592,1.489
9248,9250,10.609
9250,9248,10.609
9250,9251,24.366
9251,9250,24.366
9254,9253,19.627
9253,9254,19.627
9255,9254,3.063
9254,9255,3.063
9251,9252,4.136
9252,9251,4.136
9256,10590,1.487
10590,9256,1.487
10590,9248,16.971
9248,10590,16.971
9252,9255,15.591
9255,9252,15.591
9258,9791,1.534
9791,9258,1.534
9791,9786,6.657
9786,9791,6.657
9786,10487,2.486
10487,9786,2.486
9260,9792,1.467
9792,9260,1.467
9792,9787,6.483
9787,9792,6.483
9787,9259,8.460
9259,9787,8.460
9284,9285,2.325
9285,9284,2.325
9285,8654,11.525
8654,9285,11.525
8654,9042,48.851
9042,8654,48.851
9336,10002,14.257
10002,9336,14.257
10002,10003,12.447
10003,10002,12.447
10003,9995,35.756
9995,10003,35.756
9995,10004,2.072
10004,9995,2.072
10004,2539,34.492
2539,10004,34.492
2539,9286,8.271
9286,2539,8.271
9286,9287,4.826
9287,9286,4.826
9287,9288,13.929
9288,9287,13.929
9288,9996,18.665
9996,9288,18.665
9996,9289,10.143
9289,9996,10.143
9289,9290,8.599
9290,9289,8.599
9290,10001,15.518
10001,9290,15.518
10001,10000,8.434
10000,10001,8.434
10000,9999,8.243
9999,10000,8.243
9999,9998,10.619
9998,9999,10.619
9998,9997,8.599
9997,9998,8.599
9997,10002,11.431
10002,9997,11.431
10096,8584,6.451
8584,10096,6.451
8584,2323,20.063
2323,8584,20.063
3332,2807,12.804
2807,3332,12.804
8941,11095,16.673
11095,8941,16.673
7379,7378,83.415
7378,7379,83.415
9404,9776,5.978
9776,9404,5.978
9776,9405,37.538
9405,9776,37.538
9405,9442,3.424
9442,9405,3.424
9442,9440,1.857
9440,9442,1.857
9440,9441,2.472
9441,9440,2.472
9441,9777,41.022
9777,9441,41.022
9777,9443,5.822
9443,9777,5.822
9301,9055,30.033
9055,9301,30.033
9060,9302,6.689
9302,9060,6.689
8923,8924,32.754
8924,8923,32.754
9122,9123,35.419
9123,9122,35.419
9305,9350,2.982
9350,9305,2.982
9350,9304,11.754
9304,9350,11.754
9306,9305,12.333
9305,9306,12.333
6548,9304,15.937
9304,6548,15.937
9307,9306,16.144
9306,9307,16.144
9314,9313,14.643
9313,9314,14.643
9316,9314,119.863
9314,9316,119.863
9314,9315,14.489
9315,9314,14.489
9319,9313,24.363
9313,9319,24.363
9313,9318,119.863
9318,9313,119.863
9318,9316,14.643
9316,9318,14.643
9316,9317,17.516
9317,9316,17.516
9320,9322,11.663
9322,9320,11.663
3947,9331,3.090
9331,3947,3.090
9331,9332,2.811
9332,9331,2.811
9332,3948,13.872
3948,9332,13.872
9321,9333,3.412
9333,9321,3.412
9333,1291,9.955
1291,9333,9.955
9329,9327,12.963
9327,9329,12.963
9327,9326,9.414
9326,9327,9.414
9326,9328,4.624
9328,9326,4.624
9328,9325,11.295
9325,9328,11.295
9325,9330,16.706
9330,9325,16.706
9330,3945,14.112
3945,9330,14.112
3846,3850,21.909
3850,3846,21.909
3839,3841,22.040
3841,3839,22.040
3945,3946,10.302
3946,3945,10.302
9334,10169,10.396
10169,9334,10.396
10169,9335,2.269
9335,10169,2.269
9335,9336,23.592
9336,9335,23.592
489,10343,8.023
10343,489,8.023
10343,4146,45.904
4146,10343,45.904
4146,5518,8.261
5518,4146,8.261
5518,325,8.595
325,5518,8.595
192,10034,15.485
10034,192,15.485
10034,6263,15.479
6263,10034,15.479
6263,576,7.283
576,6263,7.283
7349,1878,7.363
1878,7349,7.363
1878,2918,23.857
2918,1878,23.857
2918,12133,19.663
12133,2918,19.663
12133,1879,2.366
1879,12133,2.366
1879,172,42.320
172,1879,42.320
9382,1846,8.281
1846,9382,8.281
9382,9383,8.111
9383,9382,8.111
9411,6035,3.000
6035,9411,3.000
9412,9411,14.379
9411,9412,14.379
5582,10449,1.543
10449,5582,1.543
10449,571,4.461
571,10449,4.461
1763,5583,3.675
5583,1763,3.675
9415,6457,5.993
6457,9415,5.993
9414,9415,13.983
9415,9414,13.983
8919,8918,32.716
8918,8919,32.716
8890,8891,9.885
8891,8890,9.885
4730,978,10.137
978,4730,10.137
9422,9424,6.591
9424,9422,6.591
9425,5835,7.895
5835,9425,7.895
9148,9706,6.496
9706,9148,6.496
9706,9153,1.907
9153,9706,1.907
9437,9742,2.060
9742,9437,2.060
9742,6106,5.597
6106,9742,5.597
9436,9437,10.463
9437,9436,10.463
9439,5636,3.951
5636,9439,3.951
9438,9439,10.022
9439,9438,10.022
9083,9084,9.910
9084,9083,9.910
2238,2239,5.715
2239,2238,5.715
9445,6037,6.822
6037,9445,6.822
9444,9445,15.239
9445,9444,15.239
8784,8332,2.879
8332,8784,2.879
8331,8334,9.029
8334,8331,9.029
5835,9426,56.832
9426,5835,56.832
5850,9446,5.040
9446,5850,5.040
9447,1893,8.363
1893,9447,8.363
4652,10723,2.774
10723,4652,2.774
10723,10724,3.155
10724,10723,3.155
10724,6605,1.458
6605,10724,1.458
6605,9448,2.822
9448,6605,2.822
9449,1894,2.742
1894,9449,2.742
1894,10721,1.390
10721,1894,1.390
10721,10722,3.154
10722,10721,3.154
10722,6603,2.542
6603,10722,2.542
7542,9918,4.840
9918,7542,4.840
9918,12034,3.353
12034,9918,3.353
12034,7543,5.394
7543,12034,5.394
1513,9470,6.682
9470,1513,6.682
223,1637,17.009
1637,223,17.009
239,9472,5.975
9472,239,5.975
9472,4019,5.973
4019,9472,5.973
11522,11521,17.915
11521,11522,17.915
11521,12962,12.495
12962,11521,12.495
9056,9057,8.808
9057,9056,8.808
9475,5413,9.755
5413,9475,9.755
9474,9475,9.304
9475,9474,9.304
2588,13096,40.713
13096,2588,40.713
13096,11832,8.720
11832,13096,8.720
75,11028,7.047
11028,75,7.047
11028,8912,3.664
8912,11028,3.664
8912,8914,2.820
8914,8912,2.820
8914,8913,6.980
8913,8914,6.980
8913,11832,7.420
11832,8913,7.420
1980,6832,13.335
6832,1980,13.335
6832,1984,14.613
1984,6832,14.613
9982,9984,7.146
9984,9982,7.146
9984,9981,3.904
9981,9984,3.904
9981,9983,7.282
9983,9981,7.282
9983,9520,5.198
9520,9983,5.198
9520,9521,46.563
9521,9520,46.563
9521,9522,8.704
9522,9521,8.704
9522,9523,7.092
9523,9522,7.092
9523,9524,5.239
9524,9523,5.239
4209,5326,59.201
5326,4209,59.201
9528,11602,5.889
11602,9528,5.889
11602,9529,2.788
9529,11602,2.788
9529,9530,14.025
9530,9529,14.025
9530,9531,2.713
9531,9530,2.713
9531,9532,10.152
9532,9531,10.152
9533,11603,5.862
11603,9533,5.862
11603,9534,6.020
9534,11603,6.020
9534,9535,11.313
9535,9534,11.313
9535,9536,5.133
9536,9535,5.133
9536,9537,4.022
9537,9536,4.022
9537,9538,5.964
9538,9537,5.964
6550,6998,78.559
6998,6550,78.559
6998,6995,49.883
6995,6998,49.883
6995,6994,1.544
6994,6995,1.544
6994,193,14.472
193,6994,14.472
9548,8468,15.040
8468,9548,15.040
686,2893,11.037
2893,686,11.037
2893,9560,14.598
9560,2893,14.598
200,1692,9.394
1692,200,9.394
1692,6273,7.558
6273,1692,7.558
4974,10390,6.305
10390,4974,6.305
10390,6608,7.309
6608,10390,7.309
9576,9577,26.536
9577,9576,26.536
9580,1373,6.453
1373,9580,6.453
1373,9581,13.747
9581,1373,13.747
9584,9585,8.705
9585,9584,8.705
9586,12815,7.328
12815,9586,7.328
12815,9588,80.556
9588,12815,80.556
9588,9589,52.634
9589,9588,52.634
9589,9587,16.424
9587,9589,16.424
9601,9603,11.100
9603,9601,11.100
9600,9601,12.182
9601,9600,12.182
9604,9599,7.250
9599,9604,7.250
9599,9600,2.830
9600,9599,2.830
7706,7713,16.765
7713,7706,16.765
7712,7706,13.588
7706,7712,13.588
7700,7694,10.003
7694,7700,10.003
7702,7700,11.511
7700,7702,11.511
7708,7702,18.849
7702,7708,18.849
7713,7708,7.035
7708,7713,7.035
9582,9605,8.476
9605,9582,8.476
9582,9583,14.911
9583,9582,14.911
9661,10173,12.864
10173,9661,12.864
10172,9660,13.470
9660,10172,13.470
9609,9662,10.900
9662,9609,10.900
9614,2359,76.430
2359,9614,76.430
714,2360,75.011
2360,714,75.011
620,8821,12.373
8821,620,12.373
8821,9615,85.500
9615,8821,85.500
9617,3448,10.179
3448,9617,10.179
736,1705,46.974
1705,736,46.974
2818,11673,7.644
11673,2818,7.644
11673,11674,4.076
11674,11673,4.076
11674,5082,3.424
5082,11674,3.424
5082,11672,6.500
11672,5082,6.500
11672,11671,6.905
11671,11672,6.905
11671,8408,11.683
8408,11671,11.683
8408,2803,9.281
2803,8408,9.281
9623,9817,16.570
9817,9623,16.570
9817,9624,5.600
9624,9817,5.600
2032,12826,7.654
12826,2032,7.654
12826,7639,6.667
7639,12826,6.667
7639,6973,34.158
6973,7639,34.158
6973,5165,24.018
5165,6973,24.018
5165,2031,17.356
2031,5165,17.356
9627,9628,11.913
9628,9627,11.913
9628,9629,34.304
9629,9628,34.304
9630,9631,12.500
9631,9630,12.500
9631,9632,21.174
9632,9631,21.174
5303,9633,3.467
9633,5303,3.467
9633,9634,5.443
9634,9633,5.443
9634,9635,5.645
9635,9634,5.645
9635,9636,7.456
9636,9635,7.456
9636,9637,5.018
9637,9636,5.018
9637,9638,10.950
9638,9637,10.950
9639,9640,31.173
9640,9639,31.173
12507,9642,5.968
9642,12507,5.968
9642,9643,15.923
9643,9642,15.923
9643,9644,3.501
9644,9643,3.501
9644,9645,4.411
9645,9644,4.411
9645,9646,16.147
9646,9645,16.147
9654,9655,41.178
9655,9654,41.178
4082,5003,5.353
5003,4082,5.353
5003,3877,14.877
3877,5003,14.877
1075,4426,1.616
4426,1075,1.616
4426,9695,8.836
9695,4426,8.836
9695,2349,21.249
2349,9695,21.249
2349,4741,18.589
4741,2349,18.589
4741,3026,25.769
3026,4741,25.769
3026,4739,26.813
4739,3026,26.813
4739,8976,17.746
8976,4739,17.746
8976,641,61.044
641,8976,61.044
6259,6230,19.131
6230,6259,19.131
6230,2480,23.003
2480,6230,23.003
2480,11699,1.828
11699,2480,1.828
11699,1073,4.301
1073,11699,4.301
2084,6260,32.403
6260,2084,32.403
6260,2248,26.715
2248,6260,26.715
2248,6259,14.977
6259,2248,14.977
1876,5124,22.475
5124,1876,22.475
5124,3507,3.288
3507,5124,3.288
3507,8404,2.463
8404,3507,2.463
8404,3508,5.816
3508,8404,5.816
3508,5126,15.060
5126,3508,15.060
5126,5127,3.204
5127,5126,3.204
9658,9722,25.497
9722,9658,25.497
9722,1815,6.107
1815,9722,6.107
9659,4780,26.885
4780,9659,26.885
10153,5026,11.412
5026,10153,11.412
5026,217,1.882
217,5026,1.882
217,6075,40.524
6075,217,40.524
6075,5150,38.548
5150,6075,38.548
5150,4779,66.862
4779,5150,66.862
4779,10155,31.220
10155,4779,31.220
10155,267,7.992
267,10155,7.992
1571,1421,11.434
1421,1571,11.434
1001,1002,50.356
1002,1001,50.356
1002,1006,58.935
1006,1002,58.935
9830,1971,4.516
1971,9830,4.516
1971,5826,6.369
5826,1971,6.369
5826,9831,10.648
9831,5826,10.648
9831,9832,43.318
9832,9831,43.318
3148,10195,2.611
10195,3148,2.611
10195,10194,3.399
10194,10195,3.399
10194,10193,3.852
10193,10194,3.852
10193,5902,1.903
5902,10193,1.903
5902,721,72.974
721,5902,72.974
3456,9833,6.644
9833,3456,6.644
9834,5625,7.083
5625,9834,7.083
9835,320,12.863
320,9835,12.863
320,4227,8.973
4227,320,8.973
4227,7221,4.827
7221,4227,4.827
7221,5709,3.610
5709,7221,3.610
5709,7223,4.565
7223,5709,4.565
7223,1177,5.127
1177,7223,5.127
1177,7224,4.564
7224,1177,4.564
7224,7226,4.481
7226,7224,4.481
7226,1539,7.183
1539,7226,7.183
1539,7225,6.196
7225,1539,6.196
7225,2704,6.491
2704,7225,6.491
2704,8870,11.138
8870,2704,11.138
8870,1883,3.244
1883,8870,3.244
1883,314,13.755
314,1883,13.755
5752,9837,6.253
9837,5752,6.253
9837,9836,29.467
9836,9837,29.467
9856,8684,5.760
8684,9856,5.760
8684,9853,11.522
9853,8684,11.522
9853,2187,8.118
2187,9853,8.118
3365,9868,9.356
9868,3365,9.356
9868,9869,17.881
9869,9868,17.881
9871,9872,25.203
9872,9871,25.203
9872,9873,21.066
9873,9872,21.066
9873,9874,1.851
9874,9873,1.851
9874,9875,2.043
9875,9874,2.043
9875,9876,24.395
9876,9875,24.395
9877,854,116.163
854,9877,116.163
1530,1521,43.144
1521,1530,43.144
23,7500,1.826
7500,23,1.826
7500,2396,7.165
2396,7500,7.165
135,10019,7.036
10019,135,7.036
10019,9888,7.025
9888,10019,7.025
9322,9321,5.334
9321,9322,5.334
7636,7637,4.460
7637,7636,4.460
1587,9890,27.581
9890,1587,27.581
2105,2483,6.436
2483,2105,6.436
2483,10037,8.703
10037,2483,8.703
12509,9893,1.900
9893,12509,1.900
9893,12508,17.205
12508,9893,17.205
9894,9895,42.165
9895,9894,42.165
9896,9895,27.765
9895,9896,27.765
9895,9897,21.314
9897,9895,21.314
1654,297,5.229
297,1654,5.229
10261,9905,5.208
9905,10261,5.208
9905,9901,73.134
9901,9905,73.134
9901,9902,1.292
9902,9901,1.292
9902,9903,1.200
9903,9902,1.200
9903,9904,25.667
9904,9903,25.667
9909,9908,4.734
9908,9909,4.734
9908,9907,2.645
9907,9908,2.645
9907,9910,13.355
9910,9907,13.355
9910,9906,10.106
9906,9910,10.106
5593,5594,6.427
5594,5593,6.427
7701,7696,17.376
7696,7701,17.376
7695,7698,1.856
7698,7695,1.856
7698,7701,14.732
7701,7698,14.732
7704,7712,36.008
7712,7704,36.008
7696,7704,13.231
7704,7696,13.231
9912,269,56.023
269,9912,56.023
9911,9912,5.117
9912,9911,5.117
9914,9913,5.276
9913,9914,5.276
6105,6108,12.163
6108,6105,12.163
6108,9914,8.833
9914,6108,8.833
164,921,44.327
921,164,44.327
5326,879,21.164
879,5326,21.164
5284,12776,36.441
12776,5284,36.441
5287,5284,23.248
5284,5287,23.248
9941,9986,25.302
9986,9941,25.302
9986,7003,0.809
7003,9986,0.809
7003,9012,3.013
9012,7003,3.013
9012,7377,16.501
7377,9012,16.501
9980,9961,4.797
9961,9980,4.797
9961,9979,2.538
9979,9961,2.538
8149,6768,15.265
6768,8149,15.265
6768,190,13.143
190,6768,13.143
6244,9966,10.866
9966,6244,10.866
9966,9967,107.048
9967,9966,107.048
9967,6583,8.277
6583,9967,8.277
3142,3172,7.518
3172,3142,7.518
3172,12,3.859
12,3172,3.859
12,3134,3.145
3134,12,3.145
3134,3717,5.479
3717,3134,5.479
3717,3716,4.423
3716,3717,4.423
3716,9970,6.746
9970,3716,6.746
1707,1485,33.185
1485,1707,33.185
9978,9962,4.279
9962,9978,4.279
9979,9978,18.466
9978,9979,18.466
2870,10145,4.854
10145,2870,4.854
9987,9985,2.146
9985,9987,2.146
9985,11164,16.351
11164,9985,16.351
11164,9986,10.653
9986,11164,10.653
3746,12151,22.347
12151,3746,22.347
9991,7208,9.591
7208,9991,9.591
9992,6392,2.824
6392,9992,2.824
6392,6001,13.842
6001,6392,13.842
6001,9993,5.096
9993,6001,5.096
9993,6696,22.556
6696,9993,22.556
6696,2414,7.216
2414,6696,7.216
2414,536,14.178
536,2414,14.178
165,6003,25.644
6003,165,25.644
6003,9991,2.929
9991,6003,2.929
5856,7347,32.436
7347,5856,32.436
9994,2908,18.514
2908,9994,18.514
3364,10006,17.372
10006,3364,17.372
10006,10039,7.057
10039,10006,7.057
10039,10005,1.691
10005,10039,1.691
10011,10009,43.681
10009,10011,43.681
10017,10015,7.566
10015,10017,7.566
10015,10014,5.987
10014,10015,5.987
10014,10013,15.463
10013,10014,15.463
10013,10008,2.263
10008,10013,2.263
10008,10012,2.023
10012,10008,2.023
10012,10007,13.051
10007,10012,13.051
10007,10011,4.045
10011,10007,4.045
10011,10010,18.420
10010,10011,18.420
8856,10018,6.544
10018,8856,6.544
10018,10017,13.191
10017,10018,13.191
10017,10016,20.967
10016,10017,20.967
11301,3938,12.842
3938,11301,12.842
3938,9947,8.177
9947,3938,8.177
9947,3939,11.222
3939,9947,11.222
3939,10029,9.113
10029,3939,9.113
10029,8915,14.918
8915,10029,14.918
8915,698,12.993
698,8915,12.993
45,11308,4.010
11308,45,4.010
11308,2635,8.466
2635,11308,8.466
2635,968,16.274
968,2635,16.274
1813,11305,10.453
11305,1813,10.453
10038,10046,32.097
10046,10038,32.097
10006,10038,4.572
10038,10006,4.572
9286,10043,11.426
10043,9286,11.426
10041,10047,3.109
10047,10041,3.109
10047,10042,13.128
10042,10047,13.128
10042,10044,10.842
10044,10042,10.842
10044,10045,4.787
10045,10044,4.787
8189,10048,23.548
10048,8189,23.548
470,471,9.805
471,470,9.805
471,4301,39.196
4301,471,39.196
4301,7192,1.576
7192,4301,1.576
7192,10990,8.403
10990,7192,8.403
10990,11008,0.569
11008,10990,0.569
11008,41,7.809
41,11008,7.809
10049,11938,7.115
11938,10049,7.115
11938,10053,31.720
10053,11938,31.720
10053,10051,4.085
10051,10053,4.085
10051,10050,14.322
10050,10051,14.322
10051,10052,15.859
10052,10051,15.859
10053,10054,9.153
10054,10053,9.153
10054,11955,6.154
11955,10054,6.154
2028,2027,15.439
2027,2028,15.439
691,690,94.757
690,691,94.757
8401,8398,30.165
8398,8401,30.165
8398,10216,121.558
10216,8398,121.558
10061,12851,34.564
12851,10061,34.564
10070,10071,7.594
10071,10070,7.594
10089,1839,50.114
1839,10089,50.114
8128,8131,40.335
8131,8128,40.335
8131,13027,13.214
13027,8131,13.214
13027,10089,5.355
10089,13027,5.355
10097,10098,5.507
10098,10097,5.507
10097,10099,18.205
10099,10097,18.205
10099,10100,18.076
10100,10099,18.076
5288,10102,10.763
10102,5288,10.763
9525,10104,18.022
10104,9525,18.022
10105,9525,11.448
9525,10105,11.448
5093,10107,65.199
10107,5093,65.199
10107,755,5.992
755,10107,5.992
10125,10126,11.066
10126,10125,11.066
10126,10127,18.265
10127,10126,18.265
10127,120,2.675
120,10127,2.675
1490,10134,30.913
10134,1490,30.913
10134,10133,28.615
10133,10134,28.615
10129,1490,14.053
1490,10129,14.053
2229,10130,18.227
10130,2229,18.227
10131,1683,7.380
1683,10131,7.380
10132,1491,7.514
1491,10132,7.514
10133,10132,3.089
10132,10133,3.089
1538,3101,1.370
3101,1538,1.370
3101,7220,7.460
7220,3101,7.460
364,3106,1.630
3106,364,1.630
3106,5088,7.535
5088,3106,7.535
10165,10166,6.049
10166,10165,6.049
10166,2332,2.335
2332,10166,2.335
2332,10162,6.550
10162,2332,6.550
10162,10163,26.838
10163,10162,26.838
10163,10164,36.519
10164,10163,36.519
10164,5299,5.524
5299,10164,5.524
83,108,17.899
108,83,17.899
108,1215,23.585
1215,108,23.585
628,2346,1.270
2346,628,1.270
2346,10153,3.488
10153,2346,3.488
10188,10187,38.607
10187,10188,38.607
10145,710,1.104
710,10145,1.104
710,10961,2.061
10961,710,2.061
10961,10960,1.476
10960,10961,1.476
10960,7249,1.585
7249,10960,1.585
7249,10959,1.394
10959,7249,1.394
10959,4889,0.913
4889,10959,0.913
4889,10958,1.691
10958,4889,1.691
10958,10957,1.654
10957,10958,1.654
10957,4888,1.345
4888,10957,1.345
4888,10962,1.812
10962,4888,1.812
10962,10151,1.480
10151,10962,1.480
10151,10148,0.845
10148,10151,0.845
10148,4887,1.127
4887,10148,1.127
1709,8462,20.556
8462,1709,20.556
8462,2325,24.896
2325,8462,24.896
10197,7703,12.485
7703,10197,12.485
7703,7710,19.910
7710,7703,19.910
7710,6,80.381
6,7710,80.381
10200,10198,1.849
10198,10200,1.849
10198,10201,7.409
10201,10198,7.409
10199,10200,16.228
10200,10199,16.228
10202,10199,10.317
10199,10202,10.317
82,229,84.052
229,82,84.052
229,10077,110.467
10077,229,110.467
11097,10205,9.173
10205,11097,9.173
10205,10206,17.724
10206,10205,17.724
10206,10207,7.195
10207,10206,7.195
10207,10208,6.054
10208,10207,6.054
10208,10209,20.255
10209,10208,20.255
472,12739,4.744
12739,472,4.744
12739,12735,82.431
12735,12739,82.431
12735,10214,1.704
10214,12735,1.704
10214,475,7.650
475,10214,7.650
475,10210,8.474
10210,475,8.474
10210,10211,8.297
10211,10210,8.297
10211,476,11.338
476,10211,11.338
898,10212,9.860
10212,898,9.860
10212,12738,1.755
12738,10212,1.755
12738,477,28.145
477,12738,28.145
477,2939,15.252
2939,477,15.252
2939,478,23.305
478,2939,23.305
478,11386,5.419
11386,478,5.419
3512,12723,3.005
12723,3512,3.005
12723,10213,2.945
10213,12723,2.945
10220,177,14.778
177,10220,14.778
10221,2187,56.170
2187,10221,56.170
2187,10220,63.963
10220,2187,63.963
39,11007,1.241
11007,39,1.241
11007,7079,10.740
7079,11007,10.740
7079,7077,3.324
7077,7079,3.324
7077,10230,12.260
10230,7077,12.260
10226,10227,14.994
10227,10226,14.994
10227,483,7.126
483,10227,7.126
483,10228,8.050
10228,483,8.050
10232,10226,32.030
10226,10232,32.030
10225,3816,16.054
3816,10225,16.054
3816,10232,20.907
10232,3816,20.907
10230,10225,39.823
10225,10230,39.823
369,1989,10.828
1989,369,10.828
1989,10224,4.368
10224,1989,4.368
10231,6450,33.867
6450,10231,33.867
10229,10231,35.900
10231,10229,35.900
10234,10229,58.577
10229,10234,58.577
10233,10234,17.550
10234,10233,17.550
10224,12678,33.911
12678,10224,33.911
12678,10233,32.977
10233,12678,32.977
371,9180,11.513
9180,371,11.513
9180,10236,10.097
10236,9180,10.097
10236,10237,40.163
10237,10236,40.163
10237,10238,25.236
10238,10237,25.236
10235,9976,15.800
9976,10235,15.800
9976,9973,3.748
9973,9976,3.748
9973,510,9.202
510,9973,9.202
780,10235,67.335
10235,780,67.335
2864,10239,16.807
10239,2864,16.807
10240,1497,9.003
1497,10240,9.003
1497,5006,9.663
5006,1497,9.663
5006,767,9.614
767,5006,9.614
2835,720,3.492
720,2835,3.492
720,3118,2.626
3118,720,2.626
3118,12296,2.726
12296,3118,2.726
12296,5072,0.418
5072,12296,0.418
6630,6839,5.656
6839,6630,5.656
6839,6086,10.100
6086,6839,10.100
6085,10242,7.146
10242,6085,7.146
10242,10243,7.331
10243,10242,7.331
1077,6619,8.599
6619,1077,8.599
6619,2137,7.004
2137,6619,7.004
2137,12257,4.563
12257,2137,4.563
1022,7561,5.437
7561,1022,5.437
7561,1880,5.881
1880,7561,5.881
1880,10256,41.062
10256,1880,41.062
1239,4176,32.435
4176,1239,32.435
4176,10522,15.072
10522,4176,15.072
10522,6370,44.554
6370,10522,44.554
6370,10257,13.509
10257,6370,13.509
10257,10258,34.720
10258,10257,34.720
855,4469,16.369
4469,855,16.369
4469,4470,8.442
4470,4469,8.442
4470,3435,8.035
3435,4470,8.035
79,4287,76.559
4287,79,76.559
9900,10261,10.841
10261,9900,10.841
5078,1947,7.382
1947,5078,7.382
1281,2576,13.726
2576,1281,13.726
2576,62,7.811
62,2576,7.811
9004,4044,4.916
4044,9004,4.916
4044,1263,8.439
1263,4044,8.439
1263,1264,60.630
1264,1263,60.630
7288,7001,5.092
7001,7288,5.092
7294,1302,11.724
1302,7294,11.724
1004,1014,17.637
1014,1004,17.637
10262,5861,72.790
5861,10262,72.790
5861,12838,194.131
12838,5861,194.131
830,9649,9.156
9649,830,9.156
9649,4841,8.776
4841,9649,8.776
4841,11630,7.632
11630,4841,7.632
10270,10271,66.442
10271,10270,66.442
10271,10272,5.727
10272,10271,5.727
10272,10273,15.033
10273,10272,15.033
7444,91,12.055
91,7444,12.055
534,11342,3.239
11342,534,3.239
11342,13074,3.212
13074,11342,3.212
13074,13073,2.906
13073,13074,2.906
13073,13072,9.278
13072,13073,9.278
13072,4705,27.046
4705,13072,27.046
4705,981,8.158
981,4705,8.158
981,5439,6.176
5439,981,6.176
5439,1294,11.611
1294,5439,11.611
1294,10279,9.238
10279,1294,9.238
10279,8936,52.059
8936,10279,52.059
8936,982,2.786
982,8936,2.786
982,2208,55.997
2208,982,55.997
10281,9183,14.350
9183,10281,14.350
9183,368,11.789
368,9183,11.789
10280,10281,57.983
10281,10280,57.983
1291,10282,64.224
10282,1291,64.224
10283,1713,31.302
1713,10283,31.302
1713,145,16.516
145,1713,16.516
10284,10285,11.652
10285,10284,11.652
10287,10284,11.743
10284,10287,11.743
10285,10288,1.181
10288,10285,1.181
10288,10286,6.403
10286,10288,6.403
523,12563,27.883
12563,523,27.883
524,11600,10.161
11600,524,10.161
11600,12556,6.463
12556,11600,6.463
10300,10844,24.246
10844,10300,24.246
10844,9927,1.754
9927,10844,1.754
9927,9926,1.959
9926,9927,1.959
2972,21,5.720
21,2972,5.720
21,680,13.337
680,21,13.337
10319,4054,91.814
4054,10319,91.814
4054,4778,11.560
4778,4054,11.560
10320,10321,22.397
10321,10320,22.397
214,5228,6.587
5228,214,6.587
5228,6411,31.085
6411,5228,31.085
6411,1482,36.068
1482,6411,36.068
1482,1206,6.581
1206,1482,6.581
1206,8280,37.643
8280,1206,37.643
8280,3212,15.026
3212,8280,15.026
615,10539,8.637
10539,615,8.637
10539,2686,4.424
2686,10539,4.424
2686,10327,3.503
10327,2686,3.503
32,2664,12.044
2664,32,12.044
2691,33,11.814
33,2691,11.814
10328,2554,38.343
2554,10328,38.343
2426,10328,40.000
10328,2426,40.000
5412,40,20.713
40,5412,20.713
10086,1994,1.914
1994,10086,1.914
1994,1995,3.395
1995,1994,3.395
1995,10085,2.300
10085,1995,2.300
10085,1996,2.292
1996,10085,2.292
1996,1997,3.100
1997,1996,3.100
1997,1998,3.402
1998,1997,3.402
1998,10084,2.005
10084,1998,2.005
10084,1999,2.001
1999,10084,2.001
1999,10083,1.891
10083,1999,1.891
10083,2000,1.881
2000,10083,1.881
2000,10082,1.774
10082,2000,1.774
10082,2001,1.775
2001,10082,1.775
2001,10081,1.984
10081,2001,1.984
10081,2002,1.994
2002,10081,1.994
2002,10080,1.784
10080,2002,1.784
10080,2004,2.807
2004,10080,2.807
1357,1358,26.721
1358,1357,26.721
1358,1359,20.370
1359,1358,20.370
4176,11145,4.785
11145,4176,4.785
11145,10331,2.856
10331,11145,2.856
10331,10523,0.485
10523,10331,0.485
10523,10329,5.509
10329,10523,5.509
10329,10330,12.461
10330,10329,12.461
10337,10338,7.733
10338,10337,7.733
10338,10370,7.037
10370,10338,7.037
10336,10337,12.866
10337,10336,12.866
10342,9670,7.249
9670,10342,7.249
9670,10341,34.868
10341,9670,34.868
10341,10340,8.335
10340,10341,8.335
10340,10339,23.941
10339,10340,23.941
10348,10346,8.050
10346,10348,8.050
10346,10347,22.625
10347,10346,22.625
10350,10349,24.420
10349,10350,24.420
10354,10349,30.731
10349,10354,30.731
10349,10352,30.568
10352,10349,30.568
10352,10353,7.268
10353,10352,7.268
10358,10351,6.795
10351,10358,6.795
10351,10357,21.814
10357,10351,21.814
10357,10356,8.194
10356,10357,8.194
10356,10355,24.561
10355,10356,24.561
10360,10359,15.058
10359,10360,15.058
10364,10360,8.341
10360,10364,8.341
10359,10363,28.309
10363,10359,28.309
10363,10362,13.468
10362,10363,13.468
10362,10361,27.345
10361,10362,27.345
10366,10332,7.982
10332,10366,7.982
10332,10365,26.418
10365,10332,26.418
10365,12880,15.964
12880,10365,15.964
12880,12881,2.113
12881,12880,2.113
12881,11392,0.338
11392,12881,0.338
10368,10371,4.041
10371,10368,4.041
10371,10336,39.942
10336,10371,39.942
10369,10368,3.074
10368,10369,3.074
10372,10367,6.739
10367,10372,6.739
10367,10369,13.059
10369,10367,13.059
4149,10374,6.824
10374,4149,6.824
10374,10375,32.905
10375,10374,32.905
10377,10373,6.835
10373,10377,6.835
10373,10376,41.800
10376,10373,41.800
8612,515,42.233
515,8612,42.233
515,12568,23.976
12568,515,23.976
5803,812,106.263
812,5803,106.263
812,5699,47.157
5699,812,47.157
5699,5042,111.653
5042,5699,111.653
5042,1844,4.617
1844,5042,4.617
8301,10405,3.270
10405,8301,3.270
10405,10399,3.103
10399,10405,3.103
10399,10178,2.998
10178,10399,2.998
10178,10179,5.620
10179,10178,5.620
10179,10404,8.539
10404,10179,8.539
10404,10397,8.388
10397,10404,8.388
1235,10410,14.308
10410,1235,14.308
10418,10417,6.623
10417,10418,6.623
10417,10416,2.371
10416,10417,2.371
10416,10414,1.780
10414,10416,1.780
10414,10415,9.303
10415,10414,9.303
10422,3489,3.686
3489,10422,3.686
3489,3488,4.171
3488,3489,4.171
10423,10422,32.665
10422,10423,32.665
10431,10430,25.711
10430,10431,25.711
10425,10424,4.659
10424,10425,4.659
10424,10423,2.617
10423,10424,2.617
10426,10425,8.664
10425,10426,8.664
10430,10429,4.476
10429,10430,4.476
3363,10421,8.763
10421,3363,8.763
10421,10431,3.333
10431,10421,3.333
10429,10428,3.297
10428,10429,3.297
10428,10427,2.432
10427,10428,2.432
10427,10426,3.111
10426,10427,3.111
5949,10604,1.204
10604,5949,1.204
10604,10602,1.265
10602,10604,1.265
10602,10603,1.379
10603,10602,1.379
10603,5027,1.700
5027,10603,1.700
5027,5028,4.329
5028,5027,4.329
5028,10605,18.053
10605,5028,18.053
10605,5148,8.615
5148,10605,8.615
2513,10489,2.494
10489,2513,2.494
10489,2506,2.014
2506,10489,2.014
2506,2514,3.166
2514,2506,3.166
2514,2510,3.088
2510,2514,3.088
2510,2512,3.084
2512,2510,3.084
2512,2509,3.094
2509,2512,3.094
2509,2511,3.093
2511,2509,3.093
2511,2515,3.087
2515,2511,3.087
2515,10434,3.092
10434,2515,3.092
10434,10435,3.090
10435,10434,3.090
10435,10436,3.091
10436,10435,3.091
10436,10437,3.085
10437,10436,3.085
10437,10438,3.091
10438,10437,3.091
10438,2209,3.083
2209,10438,3.083
2209,2507,5.259
2507,2209,5.259
2507,2513,6.318
2513,2507,6.318
10442,10441,23.478
10441,10442,23.478
10441,10440,2.029
10440,10441,2.029
10440,10443,1.674
10443,10440,1.674
10443,10611,5.614
10611,10443,5.614
6574,3713,22.082
3713,6574,22.082
3713,1707,40.430
1707,3713,40.430
6575,25,15.255
25,6575,15.255
10451,10452,6.092
10452,10451,6.092
10452,6216,21.163
6216,10452,21.163
6216,6556,8.475
6556,6216,8.475
6556,6214,8.495
6214,6556,8.495
6214,10453,8.218
10453,6214,8.218
10453,10454,29.860
10454,10453,29.860
10454,10451,6.120
10451,10454,6.120
3715,3714,10.281
3714,3715,10.281
3714,6574,1.393
6574,3714,1.393
7498,6575,18.499
6575,7498,18.499
10464,10463,8.863
10463,10464,8.863
10465,10464,9.897
10464,10465,9.897
10466,10465,5.575
10465,10466,5.575
2296,10468,3.658
10468,2296,3.658
10468,35,2.627
35,10468,2.627
35,10467,4.795
10467,35,4.795
1048,10469,16.677
10469,1048,16.677
10469,10471,4.522
10471,10469,4.522
10471,10470,2.796
10470,10471,2.796
4050,5554,3.215
5554,4050,3.215
5554,11038,2.983
11038,5554,2.983
11038,11045,2.002
11045,11038,2.002
11045,11046,1.849
11046,11045,1.849
11046,637,2.596
637,11046,2.596
10487,9257,22.660
9257,10487,22.660
10491,4099,7.097
4099,10491,7.097
4099,8872,37.558
8872,4099,37.558
8872,7492,3.791
7492,8872,3.791
7492,124,8.588
124,7492,8.588
1639,12615,12.050
12615,1639,12.050
12615,12611,31.474
12611,12615,31.474
12611,4755,14.641
4755,12611,14.641
4755,12361,2.677
12361,4755,2.677
12361,12380,1.667
12380,12361,1.667
12380,8073,16.607
8073,12380,16.607
8073,1680,15.452
1680,8073,15.452
10492,8077,61.770
8077,10492,61.770
8077,7951,6.802
7951,8077,6.802
7951,12369,13.377
12369,7951,13.377
12369,7952,5.582
7952,12369,5.582
3029,336,11.272
336,3029,11.272
6236,10510,16.918
10510,6236,16.918
6068,9546,6.599
9546,6068,6.599
9546,10513,14.121
10513,9546,14.121
10514,6069,49.283
6069,10514,49.283
6069,6070,24.871
6070,6069,24.871
6070,2119,3.318
2119,6070,3.318
10517,10518,12.592
10518,10517,12.592
10519,10517,7.864
10517,10519,7.864
10521,11144,13.650
11144,10521,13.650
11144,10522,4.778
10522,11144,4.778
443,6749,15.701
6749,443,15.701
6749,7409,3.565
7409,6749,3.565
7409,189,13.552
189,7409,13.552
2487,11560,104.194
11560,2487,104.194
11560,6868,87.113
6868,11560,87.113
6868,3208,7.095
3208,6868,7.095
3208,214,1.601
214,3208,1.601
2102,5223,15.617
5223,2102,15.617
5108,5109,7.424
5109,5108,7.424
5109,11701,3.662
11701,5109,3.662
11701,5110,0.787
5110,11701,0.787
10525,10531,1.265
10531,10525,1.265
10531,11162,7.524
11162,10531,7.524
11162,12667,16.250
12667,11162,16.250
12667,10529,38.679
10529,12667,38.679
10529,10526,5.334
10526,10529,5.334
10526,10527,21.370
10527,10526,21.370
10527,10528,28.464
10528,10527,28.464
10529,10530,20.889
10530,10529,20.889
10534,10537,45.052
10537,10534,45.052
10537,11606,45.095
11606,10537,45.095
11606,10536,9.743
10536,11606,9.743
3454,3455,28.747
3455,3454,28.747
3455,10533,15.848
10533,3455,15.848
4241,11180,4.584
11180,4241,4.584
11180,1834,5.157
1834,11180,5.157
1834,7252,3.765
7252,1834,3.765
7252,4157,3.826
4157,7252,3.826
4157,4904,7.748
4904,4157,7.748
7611,7607,5.101
7607,7611,5.101
7607,10538,1.909
10538,7607,1.909
9870,10545,33.416
10545,9870,33.416
10563,10558,9.205
10558,10563,9.205
10558,10570,3.918
10570,10558,3.918
10570,4130,6.029
4130,10570,6.029
4130,4131,4.690
4131,4130,4.690
4131,301,8.581
301,4131,8.581
10572,5145,35.298
5145,10572,35.298
5145,355,1.538
355,5145,1.538
355,1532,42.040
1532,355,42.040
288,1854,9.801
1854,288,9.801
1854,10572,6.497
10572,1854,6.497
955,1062,11.056
1062,955,11.056
1438,12646,84.106
12646,1438,84.106
402,12264,10.403
12264,402,10.403
80,145,33.076
145,80,33.076
384,11168,12.421
11168,384,12.421
11168,8081,197.671
8081,11168,197.671
8081,80,13.825
80,8081,13.825
137,10731,9.062
10731,137,9.062
10731,5497,42.503
5497,10731,42.503
5497,7726,4.844
7726,5497,4.844
7726,10660,21.968
10660,7726,21.968
10660,11159,102.380
11159,10660,102.380
11159,80,5.935
80,11159,5.935
484,11346,3.403
11346,484,3.403
11346,5880,107.039
5880,11346,107.039
5880,2941,112.472
2941,5880,112.472
2941,11344,3.797
11344,2941,3.797
11344,485,4.479
485,11344,4.479
485,11345,6.848
11345,485,6.848
11345,164,83.250
164,11345,83.250
10611,10610,16.938
10610,10611,16.938
10610,10444,9.998
10444,10610,9.998
10616,10615,11.302
10615,10616,11.302
10615,3647,3.887
3647,10615,3.887
11596,8662,11.661
8662,11596,11.661
8662,127,23.114
127,8662,23.114
9127,9128,35.588
9128,9127,35.588
12710,10035,23.065
10035,12710,23.065
10035,10617,19.917
10617,10035,19.917
10617,6452,8.890
6452,10617,8.890
10619,9205,25.179
9205,10619,25.179
8858,8911,6.559
8911,8858,6.559
8911,8857,1.823
8857,8911,1.823
10620,8338,23.762
8338,10620,23.762
8339,10621,23.258
10621,8339,23.258
8337,10420,4.977
10420,8337,4.977
10420,10620,3.346
10620,10420,3.346
4952,10612,6.027
10612,4952,6.027
10612,10613,11.805
10613,10612,11.805
10632,10633,7.298
10633,10632,7.298
10633,10634,16.160
10634,10633,16.160
10634,10635,3.631
10635,10634,3.631
10635,10636,3.420
10636,10635,3.420
10636,10637,7.335
10637,10636,7.335
10638,10639,7.120
10639,10638,7.120
10639,10640,15.566
10640,10639,15.566
10640,10641,2.085
10641,10640,2.085
10641,10642,3.760
10642,10641,3.760
10642,10643,7.559
10643,10642,7.559
10644,10645,7.127
10645,10644,7.127
10645,10650,2.789
10650,10645,2.789
10650,10646,12.833
10646,10650,12.833
10646,10647,6.613
10647,10646,6.613
10647,10648,2.670
10648,10647,2.670
10648,10649,8.307
10649,10648,8.307
10651,10652,7.996
10652,10651,7.996
10652,10653,1.266
10653,10652,1.266
10658,10659,15.381
10659,10658,15.381
10660,11158,5.123
11158,10660,5.123
11158,10658,1.734
10658,11158,1.734
10659,10662,3.011
10662,10659,3.011
10662,10661,16.138
10661,10662,16.138
10663,10664,11.894
10664,10663,11.894
10663,10665,6.186
10665,10663,6.186
10664,10666,2.979
10666,10664,2.979
7027,7494,16.211
7494,7027,16.211
7494,4444,7.108
4444,7494,7.108
7566,7567,16.343
7567,7566,16.343
7567,7027,15.632
7027,7567,15.632
10670,10668,8.379
10668,10670,8.379
10670,10669,16.134
10669,10670,16.134
177,2915,6.077
2915,177,6.077
2915,10219,6.225
10219,2915,6.225
10219,8683,2.155
8683,10219,2.155
8683,11683,10.067
11683,8683,10.067
11683,4912,10.067
4912,11683,10.067
4912,4911,30.334
4911,4912,30.334
4911,11285,17.777
11285,4911,17.777
11285,11286,12.601
11286,11285,12.601
325,5516,7.946
5516,325,7.946
5516,2262,19.025
2262,5516,19.025
2262,1478,53.327
1478,2262,53.327
1478,10576,40.241
10576,1478,40.241
10576,326,9.752
326,10576,9.752
326,1477,7.358
1477,326,7.358
1255,1552,66.545
1552,1255,66.545
10683,6208,13.166
6208,10683,13.166
6208,6210,7.119
6210,6208,7.119
6210,6203,3.515
6203,6210,3.515
10684,12174,52.336
12174,10684,52.336
829,3612,7.101
3612,829,7.101
3612,6734,11.081
6734,3612,11.081
6734,10686,1.746
10686,6734,1.746
10689,10690,16.046
10690,10689,16.046
10692,10691,0.551
10691,10692,0.551
10690,11150,1.126
11150,10690,1.126
11150,10694,3.928
10694,11150,3.928
10694,10692,1.053
10692,10694,1.053
10689,10693,4.400
10693,10689,4.400
10725,798,5.982
798,10725,5.982
5148,5026,7.566
5026,5148,7.566
10726,7610,17.892
7610,10726,17.892
7610,7609,6.376
7609,7610,6.376
7609,7605,20.757
7605,7609,20.757
901,2206,13.580
2206,901,13.580
2206,4706,18.313
4706,2206,18.313
10727,11340,14.625
11340,10727,14.625
11340,10728,4.711
10728,11340,4.711
10728,10729,17.995
10729,10728,17.995
10729,11341,21.888
11341,10729,21.888
10735,10741,6.532
10741,10735,6.532
10741,10736,2.388
10736,10741,2.388
10739,10740,4.919
10740,10739,4.919
10740,10736,11.854
10736,10740,11.854
10737,10738,8.469
10738,10737,8.469
10738,10739,16.357
10739,10738,16.357
10735,10742,11.424
10742,10735,11.424
10745,10746,48.095
10746,10745,48.095
10746,10747,20.484
10747,10746,20.484
10747,10748,14.551
10748,10747,14.551
10749,10750,1.705
10750,10749,1.705
10750,11175,12.336
11175,10750,12.336
10748,10749,13.640
10749,10748,13.640
10744,10745,21.084
10745,10744,21.084
10743,10744,10.037
10744,10743,10.037
10752,10753,7.728
10753,10752,7.728
10753,10754,22.876
10754,10753,22.876
5332,10751,10.933
10751,5332,10.933
10751,10752,12.451
10752,10751,12.451
10756,10757,15.167
10757,10756,15.167
10757,10758,11.044
10758,10757,11.044
10755,10756,6.912
10756,10755,6.912
10831,10838,3.073
10838,10831,3.073
10838,10837,2.429
10837,10838,2.429
10837,10836,2.228
10836,10837,2.228
10836,10835,2.966
10835,10836,2.966
10835,10834,3.370
10834,10835,3.370
10834,10824,3.090
10824,10834,3.090
10824,10830,1.675
10830,10824,1.675
10830,10833,4.744
10833,10830,4.744
10833,10825,1.543
10825,10833,1.543
10825,10826,1.971
10826,10825,1.971
10826,10832,2.339
10832,10826,2.339
10832,10827,2.424
10827,10832,2.424
10827,4266,1.089
4266,10827,1.089
4266,10828,1.710
10828,4266,1.710
10828,10829,1.295
10829,10828,1.295
10829,10796,1.457
10796,10829,1.457
9926,10813,1.629
10813,9926,1.629
10813,10812,0.926
10812,10813,0.926
10812,10845,0.771
10845,10812,0.771
10845,10772,0.894
10772,10845,0.894
10772,10811,2.051
10811,10772,2.051
10811,10814,1.987
10814,10811,1.987
10814,10810,1.362
10810,10814,1.362
10810,10809,1.428
10809,10810,1.428
10809,10843,1.151
10843,10809,1.151
10843,2615,1.146
2615,10843,1.146
2615,4267,1.702
4267,2615,1.702
4267,10823,1.979
10823,4267,1.979
10823,10815,1.358
10815,10823,1.358
10815,10808,1.057
10808,10815,1.057
10808,10807,1.264
10807,10808,1.264
10807,10806,1.583
10806,10807,1.583
10806,10805,2.247
10805,10806,2.247
10805,10804,2.128
10804,10805,2.128
10804,2756,2.235
2756,10804,2.235
2756,10831,3.542
10831,2756,3.542
10954,6885,2.752
6885,10954,2.752
6885,6886,9.875
6886,6885,9.875
6886,6887,11.482
6887,6886,11.482
10955,10954,58.988
10954,10955,58.988
1318,1801,9.516
1801,1318,9.516
122,2621,8.050
2621,122,8.050
2621,10122,3.865
10122,2621,3.865
10122,3075,9.233
3075,10122,9.233
198,11090,9.075
11090,198,9.075
11091,978,8.715
978,11091,8.715
11090,11091,10.722
11091,11090,10.722
11091,11088,10.433
11088,11091,10.433
11088,11094,2.005
11094,11088,2.005
11094,11092,15.758
11092,11094,15.758
11092,11093,10.535
11093,11092,10.535
11093,3041,7.838
3041,11093,7.838
11095,3051,6.191
3051,11095,6.191
978,977,4.754
977,978,4.754
977,3030,17.886
3030,977,17.886
3030,5770,9.857
5770,3030,9.857
5770,10681,19.607
10681,5770,19.607
184,5875,6.764
5875,184,6.764
5875,3353,6.906
3353,5875,6.906
11102,4971,3.658
4971,11102,3.658
4971,11098,6.971
11098,4971,6.971
11100,3581,3.191
3581,11100,3.191
3581,3054,20.438
3054,3581,20.438
11103,9423,8.911
9423,11103,8.911
3054,11104,6.302
11104,3054,6.302
11098,11105,7.332
11105,11098,7.332
11101,11099,2.750
11099,11101,2.750
11099,9422,14.271
9422,11099,14.271
7179,11109,6.681
11109,7179,6.681
11109,11107,3.823
11107,11109,3.823
11108,7181,8.334
7181,11108,8.334
11115,11117,40.484
11117,11115,40.484
11117,11116,9.149
11116,11117,9.149
2253,5473,15.019
5473,2253,15.019
2049,205,102.390
205,2049,102.390
429,2613,24.577
2613,429,24.577
2613,2612,25.218
2612,2613,25.218
2612,12247,17.758
12247,2612,17.758
428,160,39.297
160,428,39.297
11133,11131,44.832
11131,11133,44.832
11130,11132,7.626
11132,11130,7.626
11132,11133,14.672
11133,11132,14.672
5134,3484,9.741
3484,5134,9.741
3484,3349,45.680
3349,3484,45.680
3349,11148,3.744
11148,3349,3.744
11148,11147,34.310
11147,11148,34.310
8064,7689,13.052
7689,8064,13.052
7689,7685,25.309
7685,7689,25.309
7685,7682,11.787
7682,7685,11.787
7682,7686,7.592
7686,7682,7.592
7686,7684,36.142
7684,7686,36.142
7684,11143,19.678
11143,7684,19.678
11143,8330,5.762
8330,11143,5.762
714,2438,7.106
2438,714,7.106
2438,8261,61.635
8261,2438,61.635
8261,8259,28.076
8259,8261,28.076
4092,12715,25.218
12715,4092,25.218
12715,12711,2.696
12711,12715,2.696
12711,12712,15.467
12712,12711,15.467
12712,8348,8.268
8348,12712,8.268
2994,4241,16.252
4241,2994,16.252
11201,11178,10.857
11178,11201,10.857
11178,11186,6.185
11186,11178,6.185
11186,11182,6.483
11182,11186,6.483
11182,4241,11.770
4241,11182,11.770
11186,11118,23.267
11118,11186,23.267
11118,11119,36.040
11119,11118,36.040
11119,11185,21.141
11185,11119,21.141
11185,11184,11.512
11184,11185,11.512
11184,11183,14.883
11183,11184,14.883
11183,396,34.005
396,11183,34.005
11201,4261,5.254
4261,11201,5.254
4261,178,1.927
178,4261,1.927
178,11196,1.678
11196,178,1.678
11196,4241,6.158
4241,11196,6.158
11199,11198,15.904
11198,11199,15.904
11198,11189,10.801
11189,11198,10.801
11189,11188,7.763
11188,11189,7.763
11188,11190,13.975
11190,11188,13.975
11190,11210,11.211
11210,11190,11.211
11202,11193,4.917
11193,11202,4.917
11193,11192,10.508
11192,11193,10.508
11192,11191,5.563
11191,11192,5.563
11191,11195,10.417
11195,11191,10.417
11195,11197,15.038
11197,11195,15.038
11197,11181,8.079
11181,11197,8.079
11181,11234,8.093
11234,11181,8.093
11234,11201,5.749
11201,11234,5.749
4241,1835,14.220
1835,4241,14.220
1835,7253,3.682
7253,1835,3.682
11200,11199,39.611
11199,11200,39.611
11201,11179,15.468
11179,11201,15.468
11179,11187,29.717
11187,11179,29.717
11187,11200,7.465
11200,11187,7.465
11205,11206,31.884
11206,11205,31.884
11206,11207,10.072
11207,11206,10.072
11208,11209,6.413
11209,11208,6.413
11207,11208,13.363
11208,11207,13.363
132,11297,8.029
11297,132,8.029
11297,1330,29.045
1330,11297,29.045
1330,11222,8.888
11222,1330,8.888
301,10326,6.388
10326,301,6.388
10326,5069,1.926
5069,10326,1.926
5069,10562,4.870
10562,5069,4.870
10562,10109,4.689
10109,10562,4.689
10109,11223,3.980
11223,10109,3.980
10561,212,6.771
212,10561,6.771
11226,11228,10.422
11228,11226,10.422
11227,11229,10.847
11229,11227,10.847
11230,11231,11.307
11231,11230,11.307
11230,11232,13.732
11232,11230,13.732
11234,11233,7.021
11233,11234,7.021
11233,11235,1.394
11235,11233,1.394
5102,9733,7.484
9733,5102,7.484
9733,5103,14.834
5103,9733,14.834
8671,9524,5.678
9524,8671,5.678
9524,247,25.927
247,9524,25.927
247,6521,28.729
6521,247,28.729
6521,9886,11.880
9886,6521,11.880
9886,9982,12.315
9982,9886,12.315
908,244,84.276
244,908,84.276
2810,10950,5.902
10950,2810,5.902
10950,5073,22.276
5073,10950,22.276
5073,10951,5.948
10951,5073,5.948
10951,6971,6.812
6971,10951,6.812
6971,3135,5.529
3135,6971,5.529
205,5,81.998
5,205,81.998
2429,3571,80.361
3571,2429,80.361
1664,12569,22.406
12569,1664,22.406
11275,2599,19.562
2599,11275,19.562
2599,6453,14.560
6453,2599,14.560
6453,3196,3.853
3196,6453,3.853
3196,3199,3.287
3199,3196,3.287
216,12196,8.447
12196,216,8.447
12196,9945,24.449
9945,12196,24.449
11287,11288,24.501
11288,11287,24.501
11288,11289,5.455
11289,11288,5.455
11290,11291,14.873
11291,11290,14.873
11291,11884,2.666
11884,11291,2.666
11884,11292,3.945
11292,11884,3.945
8991,132,3.236
132,8991,3.236
10173,9608,9.479
9608,10173,9.479
9608,11300,10.795
11300,9608,10.795
11300,8916,15.455
8916,11300,15.455
8916,11307,3.874
11307,8916,3.874
11307,6406,12.793
6406,11307,12.793
1803,11306,7.568
11306,1803,7.568
11306,11335,8.900
11335,11306,8.900
11335,11334,15.586
11334,11335,15.586
11334,6817,11.508
6817,11334,11.508
6817,11301,7.689
11301,6817,7.689
3940,10172,17.740
10172,3940,17.740
139,9609,14.831
9609,139,14.831
11304,10021,7.498
10021,11304,7.498
10021,139,16.737
139,10021,16.737
698,10027,15.931
10027,698,15.931
10027,11303,17.668
11303,10027,17.668
11303,3940,17.451
3940,11303,17.451
11305,6405,34.511
6405,11305,34.511
6405,11304,19.602
11304,6405,19.602
11310,694,26.932
694,11310,26.932
1817,11310,9.754
11310,1817,9.754
11314,1807,28.272
1807,11314,28.272
1807,11313,12.219
11313,1807,12.219
11313,696,9.718
696,11313,9.718
696,11312,4.826
11312,696,4.826
11312,695,5.319
695,11312,5.319
4763,649,10.488
649,4763,10.488
11294,11319,9.000
11319,11294,9.000
1820,4760,11.284
4760,1820,11.284
4760,1809,10.727
1809,4760,10.727
1809,1579,4.388
1579,1809,4.388
1579,4763,9.874
4763,1579,9.874
2026,4565,1.493
4565,2026,1.493
4565,8844,11.729
8844,4565,11.729
8844,3734,13.081
3734,8844,13.081
11341,10730,8.926
10730,11341,8.926
11345,5460,50.467
5460,11345,50.467
5460,10730,73.199
10730,5460,73.199
10730,4844,53.294
4844,10730,53.294
11354,13044,83.838
13044,11354,83.838
13044,13068,2.297
13068,13044,2.297
13068,13075,2.248
13075,13068,2.248
13075,13071,2.295
13071,13075,2.295
13071,534,5.794
534,13071,5.794
983,13064,3.637
13064,983,3.637
13064,13063,3.900
13063,13064,3.900
13063,13031,5.098
13031,13063,5.098
13031,13034,17.614
13034,13031,17.614
13034,13033,18.205
13033,13034,18.205
13033,13035,14.695
13035,13033,14.695
13035,13032,14.834
13032,13035,14.834
13032,13036,13.455
13036,13032,13.455
13036,12665,13.399
12665,13036,13.399
12665,11355,16.512
11355,12665,16.512
11355,13037,1.653
13037,11355,1.653
13037,13042,0.699
13042,13037,0.699
13042,13038,0.792
13038,13042,0.792
13038,13043,0.708
13043,13038,0.708
13043,13041,0.859
13041,13043,0.859
13041,13040,1.224
13040,13041,1.224
13040,11349,2.256
11349,13040,2.256
11349,11350,3.153
11350,11349,3.153
11350,13039,6.333
13039,11350,6.333
13039,11354,5.068
11354,13039,5.068
11359,11358,26.443
11358,11359,26.443
11358,11357,11.838
11357,11358,11.838
10071,11467,19.528
11467,10071,19.528
11467,10072,18.793
10072,11467,18.793
11361,11360,27.714
11360,11361,27.714
2224,11362,24.597
11362,2224,24.597
11367,11371,13.606
11371,11367,13.606
11368,11367,2.425
11367,11368,2.425
11369,11368,4.781
11368,11369,4.781
6997,11370,7.286
11370,6997,7.286
11370,11369,4.678
11369,11370,4.678
4078,4188,4.959
4188,4078,4.959
4188,4189,12.058
4189,4188,12.058
4189,4191,39.417
4191,4189,39.417
12864,2478,5.430
2478,12864,5.430
12864,7285,9.673
7285,12864,9.673
7285,12866,4.354
12866,7285,4.354
12866,2477,72.591
2477,12866,72.591
2477,874,63.836
874,2477,63.836
874,1349,30.884
1349,874,30.884
1349,876,32.730
876,1349,32.730
876,82,63.311
82,876,63.311
11373,11376,11.563
11376,11373,11.563
11375,11374,5.605
11374,11375,5.605
11374,11373,1.605
11373,11374,1.605
11376,11377,8.371
11377,11376,8.371
11377,11378,4.532
11378,11377,4.532
11378,11379,3.937
11379,11378,3.937
11379,11380,4.311
11380,11379,4.311
1483,10879,8.433
10879,1483,8.433
10879,3169,3.650
3169,10879,3.650
3169,10880,3.882
10880,3169,3.882
10880,4129,2.700
4129,10880,2.700
4129,3046,8.362
3046,4129,8.362
438,428,31.331
428,438,31.331
11382,11385,7.598
11385,11382,7.598
11383,11382,12.404
11382,11383,12.404
11384,11383,7.921
11383,11384,7.921
11386,479,14.595
479,11386,14.595
11387,2207,15.683
2207,11387,15.683
2207,2942,7.970
2942,2207,7.970
2942,479,5.673
479,2942,5.673
11388,5906,4.127
5906,11388,4.127
5906,479,9.182
479,5906,9.182
11393,11395,14.358
11395,11393,14.358
11395,11394,27.205
11394,11395,27.205
11394,11396,13.725
11396,11394,13.725
11396,11399,24.489
11399,11396,24.489
11399,11398,6.332
11398,11399,6.332
11398,11397,7.865
11397,11398,7.865
11413,11420,8.285
11420,11413,8.285
11420,11412,1.497
11412,11420,1.497
11412,11411,12.344
11411,11412,12.344
11411,11410,2.093
11410,11411,2.093
11410,11409,2.002
11409,11410,2.002
11409,11408,1.878
11408,11409,1.878
11408,11407,1.904
11407,11408,1.904
11407,11406,1.973
11406,11407,1.973
11406,11405,1.765
11405,11406,1.765
11405,11404,3.400
11404,11405,3.400
11404,11403,8.610
11403,11404,8.610
11403,11414,1.739
11414,11403,1.739
11414,11415,10.119
11415,11414,10.119
11416,11417,18.877
11417,11416,18.877
11417,11418,7.477
11418,11417,7.477
11418,11419,7.973
11419,11418,7.973
11424,11423,29.133
11423,11424,29.133
11423,11422,3.718
11422,11423,3.718
8539,6989,14.505
6989,8539,14.505
6989,8543,7.056
8543,6989,7.056
8543,194,5.026
194,8543,5.026
4685,8779,1.973
8779,4685,1.973
8779,12451,3.350
12451,8779,3.350
12451,4684,3.023
4684,12451,3.023
4684,12459,3.475
12459,4684,3.475
12459,12458,5.235
12458,12459,5.235
12458,4686,17.081
4686,12458,17.081
4686,4687,35.737
4687,4686,35.737
4687,7640,7.233
7640,4687,7.233
7640,4688,46.225
4688,7640,46.225
3654,11437,31.047
11437,3654,31.047
2628,2624,10.581
2624,2628,10.581
2624,12572,7.871
12572,2624,7.871
9793,122,11.467
122,9793,11.467
11442,11441,6.608
11441,11442,6.608
11440,11442,15.929
11442,11440,15.929
11443,11440,6.599
11440,11443,6.599
11444,11446,15.691
11446,11444,15.691
11446,11445,6.123
11445,11446,6.123
11447,11444,1.374
11444,11447,1.374
491,11840,4.876
11840,491,4.876
11840,11839,4.205
11839,11840,4.205
11839,3460,3.457
3460,11839,3.457
11450,11449,14.111
11449,11450,14.111
12113,12114,1.658
12114,12113,1.658
12114,11451,5.107
11451,12114,5.107
11451,11450,2.681
11450,11451,2.681
11449,11448,21.143
11448,11449,21.143
11457,11453,2.287
11453,11457,2.287
11453,11458,9.564
11458,11453,9.564
11456,11457,12.543
11457,11456,12.543
11454,11459,19.792
11459,11454,19.792
11459,11455,6.669
11455,11459,6.669
11455,11456,6.203
11456,11455,6.203
11472,11471,6.935
11471,11472,6.935
11471,11470,25.173
11470,11471,25.173
11470,11469,14.249
11469,11470,14.249
11473,5886,7.113
5886,11473,7.113
11475,11474,7.600
11474,11475,7.600
11476,11475,13.021
11475,11476,13.021
11477,11476,6.796
11476,11477,6.796
11480,11482,13.228
11482,11480,13.228
11482,11481,22.428
11481,11482,22.428
11481,11768,3.500
11768,11481,3.500
11768,1227,3.556
1227,11768,3.556
11487,11489,2.836
11489,11487,2.836
11488,11487,17.185
11487,11488,17.185
11490,11486,7.326
11486,11490,7.326
11486,11488,1.385
11488,11486,1.385
11494,11493,34.542
11493,11494,34.542
11495,11494,15.826
11494,11495,15.826
11497,11496,6.672
11496,11497,6.672
11496,11495,1.100
11495,11496,1.100
11500,11499,6.542
11499,11500,6.542
11501,11500,12.708
11500,11501,12.708
11502,11501,21.766
11501,11502,21.766
11503,11502,15.916
11502,11503,15.916
11505,11504,6.757
11504,11505,6.757
11504,11503,1.027
11503,11504,1.027
11507,11506,3.515
11506,11507,3.515
11508,11507,15.316
11507,11508,15.316
11509,11508,25.078
11508,11509,25.078
11510,11509,15.425
11509,11510,15.425
11511,11498,6.802
11498,11511,6.802
11498,11510,1.248
11510,11498,1.248
11514,11512,3.018
11512,11514,3.018
11512,11517,4.955
11517,11512,4.955
11513,11514,13.998
11514,11513,13.998
11515,11516,10.381
11516,11515,10.381
11516,11513,11.091
11513,11516,11.091
11528,11529,4.929
11529,11528,4.929
11529,11530,3.443
11530,11529,3.443
11530,11531,3.157
11531,11530,3.157
11531,11532,2.913
11532,11531,2.913
11533,11534,3.309
11534,11533,3.309
11534,1760,3.557
1760,11534,3.557
11532,11533,14.805
11533,11532,14.805
4913,4915,30.344
4915,4913,30.344
11553,11552,16.438
11552,11553,16.438
11554,11553,15.302
11553,11554,15.302
11558,11557,15.330
11557,11558,15.330
11560,11559,5.481
11559,11560,5.481
11559,11558,2.083
11558,11559,2.083
11549,11548,15.750
11548,11549,15.750
11550,11549,14.720
11549,11550,14.720
11555,11551,9.361
11551,11555,9.361
11551,11550,3.065
11550,11551,3.065
11557,11556,3.332
11556,11557,3.332
11556,11555,15.371
11555,11556,15.371
11555,11554,13.047
11554,11555,13.047
11561,11566,6.708
11566,11561,6.708
11566,11562,6.154
11562,11566,6.154
11563,11564,13.560
11564,11563,13.560
11564,11565,7.475
11565,11564,7.475
11562,11563,2.800
11563,11562,2.800
11576,11574,9.546
11574,11576,9.546
11575,11576,15.398
11576,11575,15.398
11573,11575,7.181
11575,11573,7.181
11580,11578,2.642
11578,11580,2.642
11579,11581,6.561
11581,11579,6.561
11577,11583,9.975
11583,11577,9.975
11582,11577,2.157
11577,11582,2.157
11578,11582,2.324
11582,11578,2.324
11583,11579,1.813
11579,11583,1.813
1667,11128,9.107
11128,1667,9.107
11128,2564,7.076
2564,11128,7.076
2564,11587,28.523
11587,2564,28.523
2569,11125,23.008
11125,2569,23.008
11125,11586,4.571
11586,11125,4.571
11426,219,13.164
219,11426,13.164
11591,1033,40.688
1033,11591,40.688
2466,667,2.899
667,2466,2.899
1276,8459,2.631
8459,1276,2.631
8459,8458,2.624
8458,8459,2.624
8458,126,1.413
126,8458,1.413
126,11596,1.728
11596,126,1.728
11597,59,10.491
59,11597,10.491
3096,5075,9.301
5075,3096,9.301
5075,11909,13.009
11909,5075,13.009
11909,1501,12.996
1501,11909,12.996
11604,2029,1.055
2029,11604,1.055
2031,4570,58.400
4570,2031,58.400
4570,4569,6.082
4569,4570,6.082
4569,11604,4.116
11604,4569,4.116
2647,12945,8.968
12945,2647,8.968
11608,11607,14.826
11607,11608,14.826
10149,5765,8.952
5765,10149,8.952
5765,2988,3.191
2988,5765,3.191
2968,10901,5.460
10901,2968,5.460
1335,12904,128.066
12904,1335,128.066
12904,5239,37.786
5239,12904,37.786
5239,8681,21.818
8681,5239,21.818
8681,800,48.751
800,8681,48.751
9208,527,16.587
527,9208,16.587
3878,11647,7.311
11647,3878,7.311
2542,11649,1.981
11649,2542,1.981
11649,8602,1.989
8602,11649,1.989
8602,8601,5.049
8601,8602,5.049
8601,8603,5.607
8603,8601,5.607
8603,103,7.995
103,8603,7.995
1374,11655,1.751
11655,1374,1.751
11655,11654,4.487
11654,11655,4.487
11654,11653,20.235
11653,11654,20.235
11653,11652,8.576
11652,11653,8.576
11652,11651,4.725
11651,11652,4.725
998,1040,111.927
1040,998,111.927
1044,8347,138.229
8347,1044,138.229
8347,169,7.711
169,8347,7.711
7047,11656,31.066
11656,7047,31.066
11657,11658,4.018
11658,11657,4.018
11658,11659,7.389
11659,11658,7.389
11660,11661,2.871
11661,11660,2.871
11661,11662,7.333
11662,11661,7.333
11662,6732,14.559
6732,11662,14.559
6732,174,10.548
174,6732,10.548
174,6731,6.827
6731,174,6.827
6731,4048,3.818
4048,6731,3.818
4048,6730,3.190
6730,4048,3.190
6730,3749,6.418
3749,6730,6.418
11663,11664,3.475
11664,11663,3.475
11664,3272,7.744
3272,11664,7.744
3272,1066,1.485
1066,3272,1.485
556,12995,4.540
12995,556,4.540
12995,8174,17.895
8174,12995,17.895
8174,12991,15.605
12991,8174,15.605
12991,555,2.883
555,12991,2.883
954,11328,3.403
11328,954,3.403
11328,1542,6.253
1542,11328,6.253
1542,11665,23.565
11665,1542,23.565
126,2557,2.262
2557,126,2.262
2557,9953,12.427
9953,2557,12.427
11667,9126,29.048
9126,11667,29.048
9126,4282,15.503
4282,9126,15.503
4282,11668,2.680
11668,4282,2.680
11668,4281,78.601
4281,11668,78.601
4281,4280,36.578
4280,4281,36.578
4280,11669,32.025
11669,4280,32.025
11669,1265,4.683
1265,11669,4.683
1265,11670,8.503
11670,1265,8.503
749,12807,29.498
12807,749,29.498
12807,1898,23.126
1898,12807,23.126
1898,12488,16.425
12488,1898,16.425
11675,1523,3.331
1523,11675,3.331
1523,930,8.248
930,1523,8.248
11676,891,6.351
891,11676,6.351
494,495,19.894
495,494,19.894
11681,11682,16.552
11682,11681,16.552
11682,11683,16.854
11683,11682,16.854
11684,11685,35.026
11685,11684,35.026
11685,11686,4.157
11686,11685,4.157
11688,11687,5.847
11687,11688,5.847
11686,11688,11.942
11688,11686,11.942
10669,11708,6.609
11708,10669,6.609
11708,11707,14.012
11707,11708,14.012
11709,11710,35.492
11710,11709,35.492
11710,11713,8.293
11713,11710,8.293
11713,11711,4.368
11711,11713,4.368
11711,11712,37.559
11712,11711,37.559
8796,8800,1.411
8800,8796,1.411
8800,8799,1.897
8799,8800,1.897
8799,11715,18.397
11715,8799,18.397
11715,11714,2.609
11714,11715,2.609
11149,11719,4.451
11719,11149,4.451
11719,11720,12.842
11720,11719,12.842
11720,11721,10.449
11721,11720,10.449
11722,11723,4.096
11723,11722,4.096
11723,11724,14.089
11724,11723,14.089
11725,11726,29.575
11726,11725,29.575
11726,11727,20.919
11727,11726,20.919
5101,9737,3.968
9737,5101,3.968
9737,11725,36.367
11725,9737,36.367
11727,5104,16.453
5104,11727,16.453
5104,5105,5.882
5105,5104,5.882
5237,2979,12.682
2979,5237,12.682
2979,661,36.239
661,2979,36.239
11808,11805,28.095
11805,11808,28.095
11805,11806,7.211
11806,11805,7.211
1349,2482,3.584
2482,1349,3.584
2482,2200,6.729
2200,2482,6.729
2200,1350,8.137
1350,2200,8.137
11816,11817,35.106
11817,11816,35.106
11817,11818,19.099
11818,11817,19.099
11818,11819,35.204
11819,11818,35.204
11819,11816,19.356
11816,11819,19.356
11816,11820,25.420
11820,11816,25.420
11820,11821,7.593
11821,11820,7.593
6493,364,37.737
364,6493,37.737
11827,612,45.346
612,11827,45.346
4069,11857,35.711
11857,4069,35.711
11857,11858,47.943
11858,11857,47.943
11856,11052,24.387
11052,11856,24.387
729,2889,6.525
2889,729,6.525
2889,11865,4.478
11865,2889,4.478
11874,744,31.160
744,11874,31.160
11875,11877,8.308
11877,11875,8.308
11877,11876,3.839
11876,11877,3.839
11875,11878,2.634
11878,11875,2.634
11878,11879,5.939
11879,11878,5.939
11880,11881,14.432
11881,11880,14.432
11880,11882,9.310
11882,11880,9.310
1125,1184,12.331
1184,1125,12.331
1184,1581,13.656
1581,1184,13.656
11762,6265,9.898
6265,11762,9.898
6265,11761,7.024
11761,6265,7.024
11761,577,7.724
577,11761,7.724
577,2890,4.015
2890,577,4.015
3871,6267,6.996
6267,3871,6.996
6267,3872,6.854
3872,6267,6.854
3872,6268,9.148
6268,3872,9.148
6268,6269,12.393
6269,6268,12.393
6269,11748,8.568
11748,6269,8.568
11748,2890,9.506
2890,11748,9.506
6262,3869,25.578
3869,6262,25.578
235,7724,12.380
7724,235,12.380
7724,9569,7.129
9569,7724,7.129
9569,5959,72.832
5959,9569,72.832
5959,11888,10.540
11888,5959,10.540
235,2403,14.102
2403,235,14.102
2403,9568,5.339
9568,2403,5.339
9568,11889,43.451
11889,9568,43.451
7964,7963,8.006
7963,7964,8.006
8312,8317,9.898
8317,8312,9.898
8317,11891,8.058
11891,8317,8.058
5965,5960,34.972
5960,5965,34.972
5960,7942,0.769
7942,5960,0.769
7942,5955,2.447
5955,7942,2.447
5955,9570,14.328
9570,5955,14.328
9570,2404,6.846
2404,9570,6.846
810,11902,58.869
11902,810,58.869
4463,12499,7.984
12499,4463,7.984
1721,1976,6.970
1976,1721,6.970
1976,11903,31.355
11903,1976,31.355
926,11907,12.769
11907,926,12.769
11907,2643,58.930
2643,11907,58.930
2643,8842,70.701
8842,2643,70.701
8842,1843,15.404
1843,8842,15.404
1843,104,12.017
104,1843,12.017
11904,11905,11.379
11905,11904,11.379
11905,69,57.054
69,11905,57.054
1812,11906,66.667
11906,1812,66.667
770,4124,19.236
4124,770,19.236
4124,5360,3.952
5360,4124,3.952
5360,4123,11.037
4123,5360,11.037
4123,12938,13.915
12938,4123,13.915
7470,6975,7.585
6975,7470,7.585
6975,10140,3.603
10140,6975,3.603
10140,6974,9.210
6974,10140,9.210
6974,5074,5.247
5074,6974,5.247
5074,8089,6.990
8089,5074,6.990
8089,2857,1.929
2857,8089,1.929
11910,2632,11.697
2632,11910,11.697
11911,5047,88.511
5047,11911,88.511
5047,5605,3.983
5605,5047,3.983
5605,940,12.701
940,5605,12.701
662,4447,15.780
4447,662,15.780
4447,12794,2.602
12794,4447,2.602
12794,12789,10.851
12789,12794,10.851
11912,12830,37.821
12830,11912,37.821
163,4818,13.940
4818,163,13.940
4818,4817,14.506
4817,4818,14.506
4817,4816,22.171
4816,4817,22.171
4816,988,69.552
988,4816,69.552
1437,11636,14.355
11636,1437,14.355
11636,5627,6.353
5627,11636,6.353
5627,9648,2.667
9648,5627,2.667
9648,830,12.603
830,9648,12.603
11913,4935,6.196
4935,11913,6.196
4935,6736,10.929
6736,4935,10.929
6736,5864,9.118
5864,6736,9.118
5864,829,12.120
829,5864,12.120
735,12316,4.496
12316,735,4.496
12316,12310,5.003
12310,12316,5.003
12310,12318,5.019
12318,12310,5.019
12318,12309,5.468
12309,12318,5.468
12309,3140,21.537
3140,12309,21.537
3140,12311,7.480
12311,3140,7.480
12311,12312,6.404
12312,12311,6.404
12312,12313,5.211
12313,12312,5.211
12313,2048,23.607
2048,12313,23.607
11915,11916,22.069
11916,11915,22.069
11916,11917,7.261
11917,11916,7.261
11918,7268,34.877
7268,11918,34.877
7268,3590,10.103
3590,7268,10.103
3590,6369,8.012
6369,3590,8.012
3,6775,16.104
6775,3,16.104
6775,11919,31.473
11919,6775,31.473
5373,5401,37.604
5401,5373,37.604
5401,6765,29.382
6765,5401,29.382
6765,190,11.567
190,6765,11.567
504,2936,12.484
2936,504,12.484
2936,11920,23.528
11920,2936,23.528
5234,11936,13.286
11936,5234,13.286
11936,11935,7.413
11935,11936,7.413
4252,11940,7.753
11940,4252,7.753
11940,11946,9.825
11946,11940,9.825
11948,11939,11.898
11939,11948,11.898
11939,11947,7.520
11947,11939,7.520
11946,11945,20.156
11945,11946,20.156
11945,11951,5.082
11951,11945,5.082
11951,11944,2.320
11944,11951,2.320
11944,11943,4.081
11943,11944,4.081
11943,11953,18.098
11953,11943,18.098
11952,11950,5.726
11950,11952,5.726
11950,11949,6.872
11949,11950,6.872
11949,11948,12.198
11948,11949,12.198
11961,11960,31.295
11960,11961,31.295
11963,11962,32.866
11962,11963,32.866
11965,11964,33.625
11964,11965,33.625
8856,8858,3.918
8858,8856,3.918
3362,10009,24.433
10009,3362,24.433
10009,8854,19.750
8854,10009,19.750
8854,3365,14.838
3365,8854,14.838
3365,10010,17.774
10010,3365,17.774
10010,9010,19.584
9010,10010,19.584
11994,9030,14.455
9030,11994,14.455
1624,12001,3.157
12001,1624,3.157
12001,11982,2.780
11982,12001,2.780
11982,11981,14.600
11981,11982,14.600
11981,12017,2.861
12017,11981,2.861
12017,1623,3.199
1623,12017,3.199
1623,1624,14.524
1624,1623,14.524
1634,12018,2.774
12018,1634,2.774
12018,11991,4.391
11991,12018,4.391
11991,1632,11.916
1632,11991,11.916
1632,6479,0.862
6479,1632,0.862
6479,6478,13.741
6478,6479,13.741
6478,1633,2.122
1633,6478,2.122
1633,11988,16.103
11988,1633,16.103
11988,1635,6.350
1635,11988,6.350
1635,1634,41.836
1634,1635,41.836
11995,11996,20.536
11996,11995,20.536
11996,12070,2.947
12070,11996,2.947
12070,11997,3.135
11997,12070,3.135
11997,1631,10.674
1631,11997,10.674
1631,12069,0.725
12069,1631,0.725
12069,11998,9.013
11998,12069,9.013
11998,11999,16.033
11999,11998,16.033
11999,12006,2.400
12006,11999,2.400
12006,12007,2.509
12007,12006,2.509
12007,12022,20.963
12022,12007,20.963
12022,12024,1.023
12024,12022,1.023
12024,12023,0.448
12023,12024,0.448
12023,1630,1.197
1630,12023,1.197
1630,2008,4.294
2008,1630,4.294
2008,1629,11.454
1629,2008,11.454
1629,1628,4.748
1628,1629,4.748
1628,1627,14.268
1627,1628,14.268
1627,1626,4.575
1626,1627,4.575
1626,1625,11.350
1625,1626,11.350
1625,12033,0.651
12033,1625,0.651
12033,12032,12.099
12032,12033,12.099
12032,11994,0.588
11994,12032,0.588
11994,1624,3.600
1624,11994,3.600
1624,12001,3.157
12001,1624,3.157
12001,11982,2.780
11982,12001,2.780
11982,11983,1.373
11983,11982,1.373
11983,11984,7.925
11984,11983,7.925
11984,11985,7.306
11985,11984,7.306
11985,11986,7.256
11986,11985,7.256
11986,12028,2.907
12028,11986,2.907
12028,12027,7.655
12027,12028,7.655
12027,12030,1.406
12030,12027,1.406
12030,12031,1.536
12031,12030,1.536
12031,11987,1.187
11987,12031,1.187
11987,12029,6.077
12029,11987,6.077
12029,12066,3.668
12066,12029,3.668
12066,12067,6.154
12067,12066,6.154
12067,12068,3.537
12068,12067,3.537
12068,11995,15.250
11995,12068,15.250
12000,12020,4.123
12020,12000,4.123
12020,12009,1.835
12009,12020,1.835
12009,12017,1.893
12017,12009,1.893
12017,12001,14.561
12001,12017,14.561
12002,12025,11.821
12025,12002,11.821
12025,12070,11.413
12070,12025,11.413
12070,12003,5.786
12003,12070,5.786
12004,12018,39.172
12018,12004,39.172
12018,12011,4.677
12011,12018,4.677
12011,12019,1.425
12019,12011,1.425
12019,12005,4.854
12005,12019,4.854
9030,12010,1.953
12010,9030,1.953
12010,12016,1.825
12016,12010,1.825
12016,12008,4.225
12008,12016,4.225
4838,12057,3.574
12057,4838,3.574
12057,4837,3.789
4837,12057,3.789
11639,4837,19.130
4837,11639,19.130
4601,3640,1.354
3640,4601,1.354
4,12071,40.746
12071,4,40.746
12077,12076,27.936
12076,12077,27.936
11746,9347,11.709
9347,11746,11.709
9347,12077,5.511
12077,9347,5.511
12077,12078,19.487
12078,12077,19.487
12081,12079,8.325
12079,12081,8.325
12079,9348,2.370
9348,12079,2.370
9348,12080,10.735
12080,9348,10.735
12084,9561,9.231
9561,12084,9.231
9561,12083,1.737
12083,9561,1.737
12083,12082,24.096
12082,12083,24.096
12092,12090,16.050
12090,12092,16.050
12090,12089,5.901
12089,12090,5.901
12089,12088,8.856
12088,12089,8.856
12088,12087,5.116
12087,12088,5.116
12087,12086,6.251
12086,12087,6.251
3623,12108,13.484
12108,3623,13.484
12108,12100,2.152
12100,12108,2.152
12100,12101,34.117
12101,12100,34.117
12104,5187,14.786
5187,12104,14.786
5187,12103,1.691
12103,5187,1.691
12103,12102,20.986
12102,12103,20.986
12107,12106,28.043
12106,12107,28.043
12106,5189,2.287
5189,12106,2.287
5189,12105,13.669
12105,5189,13.669
1686,12109,13.208
12109,1686,13.208
12109,12110,2.382
12110,12109,2.382
12110,12112,25.574
12112,12110,25.574
12112,12111,11.240
12111,12112,11.240
10165,5863,9.859
5863,10165,9.859
5863,12843,11.852
12843,5863,11.852
12126,6469,5.871
6469,12126,5.871
6469,6470,25.590
6470,6469,25.590
6470,6549,25.226
6549,6470,25.226
12131,12130,9.537
12130,12131,9.537
12127,12131,13.050
12131,12127,13.050
12132,12127,1.970
12127,12132,1.970
12130,12129,2.543
12129,12130,2.543
12129,12128,10.244
12128,12129,10.244
12133,12132,7.545
12132,12133,7.545
1699,7,20.594
7,1699,20.594
12141,12937,15.609
12937,12141,15.609
12155,12153,16.807
12153,12155,16.807
3749,11659,9.850
11659,3749,9.850
12153,170,39.069
170,12153,39.069
12154,5853,6.187
5853,12154,6.187
5853,11662,4.975
11662,5853,4.975
12152,3746,13.208
3746,12152,13.208
12151,6688,20.357
6688,12151,20.357
6688,6687,4.313
6687,6688,4.313
6687,245,11.085
245,6687,11.085
6684,2427,8.605
2427,6684,8.605
2427,245,7.302
245,2427,7.302
12156,12157,32.225
12157,12156,32.225
4423,12158,34.825
12158,4423,34.825
12158,38,5.666
38,12158,5.666
12157,7054,6.538
7054,12157,6.538
7054,7199,44.546
7199,7054,44.546
7199,8436,3.798
8436,7199,3.798
8436,4445,4.782
4445,8436,4.782
37,2299,26.627
2299,37,26.627
2299,11866,11.900
11866,2299,11.900
12160,276,14.603
276,12160,14.603
276,7037,16.062
7037,276,16.062
7037,3370,18.954
3370,7037,18.954
12159,4179,7.372
4179,12159,7.372
4179,7034,13.204
7034,4179,13.204
7034,1499,13.044
1499,7034,13.044
4710,664,24.502
664,4710,24.502
664,4861,18.690
4861,664,18.690
4861,663,17.956
663,4861,17.956
663,12159,7.508
12159,663,7.508
12161,4860,11.738
4860,12161,11.738
1008,10106,1.718
10106,1008,1.718
10106,5820,2.608
5820,10106,2.608
5820,3753,4.354
3753,5820,4.354
3753,8284,8.598
8284,3753,8.598
8284,1010,2.635
1010,8284,2.635
12162,175,9.327
175,12162,9.327
172,6278,7.505
6278,172,7.505
6278,2434,82.723
2434,6278,82.723
2434,170,7.003
170,2434,7.003
12165,12166,18.771
12166,12165,18.771
7127,7128,3.898
7128,7127,3.898
7128,7348,30.572
7348,7128,30.572
12163,1432,26.837
1432,12163,26.837
12167,1013,9.662
1013,12167,9.662
12166,7127,50.892
7127,12166,50.892
168,1013,19.255
1013,168,19.255
1005,1044,23.080
1044,1005,23.080
3555,11687,29.340
11687,3555,29.340
11687,707,8.196
707,11687,8.196
707,168,67.402
168,707,67.402
12164,12163,11.170
12163,12164,11.170
1013,12164,30.045
12164,1013,30.045
1044,12167,13.613
12167,1044,13.613
12168,1040,12.701
1040,12168,12.701
1040,7052,42.282
7052,1040,42.282
7052,7053,35.653
7053,7052,35.653
7053,4424,9.463
4424,7053,9.463
4424,38,1.459
38,4424,1.459
1006,1007,29.116
1007,1006,29.116
1007,996,46.486
996,1007,46.486
1000,1432,163.627
1432,1000,163.627
1432,1001,8.706
1001,1432,8.706
3750,3751,6.112
3751,3750,6.112
3751,3748,10.289
3748,3751,10.289
3748,3747,3.476
3747,3748,3.476
3747,3749,7.551
3749,3747,7.551
12171,8608,52.946
8608,12171,52.946
8608,8609,0.497
8609,8608,0.497
8609,6204,83.232
6204,8609,83.232
6204,12172,7.607
12172,6204,7.607
12172,4864,18.680
4864,12172,18.680
4864,11146,61.855
11146,4864,61.855
11146,10317,7.468
10317,11146,7.468
10317,1004,7.579
1004,10317,7.579
12169,2987,22.787
2987,12169,22.787
12170,12169,15.214
12169,12170,15.214
2987,1010,20.966
1010,2987,20.966
1003,168,18.334
168,1003,18.334
12175,4178,9.981
4178,12175,9.981
4178,1499,9.029
1499,4178,9.029
1499,3543,11.346
3543,1499,11.346
3557,10444,19.574
10444,3557,19.574
10444,10684,15.934
10684,10444,15.934
6203,12173,32.695
12173,6203,32.695
12173,1003,27.654
1003,12173,27.654
1011,3557,39.249
3557,1011,39.249
169,1000,107.321
1000,169,107.321
12174,10683,5.357
10683,12174,5.357
12178,1673,12.347
1673,12178,12.347
1673,12176,2.815
12176,1673,2.815
12176,1018,94.939
1018,12176,94.939
12177,2932,94.914
2932,12177,94.914
1023,7572,9.763
7572,1023,9.763
7572,7566,24.296
7566,7572,24.296
12179,1049,16.170
1049,12179,16.170
1049,8501,3.565
8501,1049,3.565
8501,3566,1.833
3566,8501,1.833
7577,1039,4.412
1039,7577,4.412
1039,10472,3.685
10472,1039,3.685
10472,7565,3.491
7565,10472,3.491
7565,2180,4.708
2180,7565,4.708
2180,1022,12.405
1022,2180,12.405
2296,7035,17.117
7035,2296,17.117
7035,2305,22.842
2305,7035,22.842
2305,7032,34.436
7032,2305,34.436
7032,2297,9.445
2297,7032,9.445
12182,12181,3.554
12181,12182,3.554
12181,12180,36.968
12180,12181,36.968
12185,12184,23.330
12184,12185,23.330
12186,12183,11.953
12183,12186,11.953
12183,12185,1.245
12185,12183,1.245
12187,12186,24.719
12186,12187,24.719
12188,12187,15.735
12187,12188,15.735
12190,12189,6.983
12189,12190,6.983
12189,12188,2.677
12188,12189,2.677
6,204,172.066
204,6,172.066
12192,12195,8.087
12195,12192,8.087
12195,12191,9.829
12191,12195,9.829
12193,12192,10.913
12192,12193,10.913
12194,12193,4.768
12193,12194,4.768
424,7401,7.421
7401,424,7.421
7105,3280,12.249
3280,7105,12.249
3280,1067,2.565
1067,3280,2.565
12199,12801,23.853
12801,12199,23.853
12801,12803,6.667
12803,12801,6.667
12803,12798,8.544
12798,12803,8.544
12202,4263,11.829
4263,12202,11.829
4263,995,29.803
995,4263,29.803
995,1354,12.202
1354,995,12.202
1354,3273,27.502
3273,1354,27.502
3273,4921,12.848
4921,3273,12.848
4921,3278,4.931
3278,4921,4.931
3278,994,19.052
994,3278,19.052
994,3478,29.119
3478,994,29.119
3478,3479,6.471
3479,3478,6.471
3479,4922,11.904
4922,3479,11.904
4922,1297,6.428
1297,4922,6.428
1297,1063,53.680
1063,1297,53.680
1063,4733,25.436
4733,1063,25.436
4733,4262,32.765
4262,4733,32.765
4262,12198,13.836
12198,4262,13.836
12201,1224,31.764
1224,12201,31.764
1224,12199,55.104
12199,1224,55.104
7253,11194,35.116
11194,7253,35.116
11194,11211,9.832
11211,11194,9.832
11211,11202,4.680
11202,11211,4.680
12798,12802,8.874
12802,12798,8.874
12802,12800,5.545
12800,12802,5.545
12800,12202,5.346
12202,12800,5.346
12200,1139,8.882
1139,12200,8.882
1139,5802,32.488
5802,1139,32.488
5802,7105,11.268
7105,5802,11.268
12198,3275,54.170
3275,12198,54.170
3275,8335,4.168
8335,3275,4.168
8335,8336,7.354
8336,8335,7.354
8336,273,5.662
273,8336,5.662
1957,10055,77.641
10055,1957,77.641
10055,1066,35.975
1066,10055,35.975
1066,11203,37.797
11203,1066,37.797
11203,11204,23.175
11204,11203,23.175
11204,11202,38.737
11202,11204,38.737
272,11212,12.727
11212,272,12.727
11212,1957,12.858
1957,11212,12.858
4964,1345,53.047
1345,4964,53.047
12203,12205,44.589
12205,12203,44.589
12204,2637,15.935
2637,12204,15.935
2637,3879,40.383
3879,2637,40.383
2634,9144,2.547
9144,2634,2.547
9144,4966,35.036
4966,9144,35.036
12205,422,22.886
422,12205,22.886
422,12204,23.661
12204,422,23.661
1345,11911,63.470
11911,1345,63.470
12206,2634,36.888
2634,12206,36.888
4966,939,6.336
939,4966,6.336
12211,12213,13.138
12213,12211,13.138
12210,12212,47.499
12212,12210,47.499
12212,12211,34.174
12211,12212,34.174
12214,12203,29.306
12203,12214,29.306
12213,2633,8.951
2633,12213,8.951
2633,12214,6.955
12214,2633,6.955
12283,10536,21.567
10536,12283,21.567
10536,3379,48.246
3379,10536,48.246
3379,9001,31.520
9001,3379,31.520
9001,1380,13.668
1380,9001,13.668
1380,12284,5.669
12284,1380,5.669
12320,12209,12.477
12209,12320,12.477
12209,12805,41.916
12805,12209,41.916
12321,12207,5.794
12207,12321,5.794
12207,3309,41.538
3309,12207,41.538
3309,12319,6.237
12319,3309,6.237
12217,662,21.800
662,12217,21.800
400,12219,37.737
12219,400,37.737
12219,159,14.147
159,12219,14.147
159,5496,23.246
5496,159,23.246
5496,397,5.809
397,5496,5.809
12220,12222,30.642
12222,12220,30.642
12222,12217,29.379
12217,12222,29.379
2851,12250,37.047
12250,2851,37.047
275,2961,9.136
2961,275,9.136
12221,12220,21.718
12220,12221,21.718
12215,12216,65.166
12216,12215,65.166
12218,2960,25.844
2960,12218,25.844
2960,4863,36.064
4863,2960,36.064
4863,7070,13.479
7070,4863,13.479
7070,275,14.047
275,7070,14.047
388,400,121.806
400,388,121.806
1087,7058,27.914
7058,1087,27.914
12216,2851,15.268
2851,12216,15.268
274,1355,19.137
1355,274,19.137
1355,1069,51.291
1069,1355,51.291
1083,1908,5.391
1908,1083,5.391
3533,1070,24.408
1070,3533,24.408
562,4299,3.047
4299,562,3.047
4299,4297,4.396
4297,4299,4.396
4297,6629,4.240
6629,4297,4.240
6629,10996,3.737
10996,6629,3.737
10996,10999,2.716
10999,10996,2.716
10999,10998,2.810
10998,10999,2.810
10998,11003,1.457
11003,10998,1.457
11003,11000,2.379
11000,11003,2.379
11000,4296,2.367
4296,11000,2.367
1052,7055,38.029
7055,1052,38.029
12246,12244,19.167
12244,12246,19.167
12248,1086,23.005
1086,12248,23.005
12244,12248,10.823
12248,12244,10.823
12247,7632,14.093
7632,12247,14.093
7632,438,16.501
438,7632,16.501
1086,437,77.894
437,1086,77.894
437,3519,21.592
3519,437,21.592
3519,12245,20.699
12245,3519,20.699
12245,429,4.812
429,12245,4.812
12243,12242,26.292
12242,12243,26.292
12242,5607,8.298
5607,12242,8.298
5607,532,5.827
532,5607,5.827
532,1089,28.301
1089,532,28.301
1089,5608,20.150
5608,1089,20.150
12251,11717,71.432
11717,12251,71.432
11717,388,7.409
388,11717,7.409
12250,12251,15.357
12251,12250,15.357
12249,428,65.245
428,12249,65.245
12252,398,5.171
398,12252,5.171
398,397,13.648
397,398,13.648
1034,8350,31.099
8350,1034,31.099
8350,275,54.448
275,8350,54.448
12253,465,14.475
465,12253,14.475
465,1033,46.923
1033,465,46.923
1033,4968,81.511
4968,1033,81.511
4968,1032,6.426
1032,4968,6.426
12254,7064,39.058
7064,12254,39.058
7064,7201,12.284
7201,7064,12.284
7201,10033,6.273
10033,7201,6.273
10033,4445,1.485
4445,10033,1.485
2190,2395,58.215
2395,2190,58.215
2395,1035,7.537
1035,2395,7.537
12261,11679,27.472
11679,12261,27.472
11679,1077,8.994
1077,11679,8.994
12259,1077,13.221
1077,12259,13.221
12260,7578,33.980
7578,12260,33.980
7578,8432,9.890
8432,7578,9.890
8432,2181,3.422
2181,8432,3.422
2181,12261,11.310
12261,2181,11.310
12255,11209,26.903
11209,12255,26.903
11680,12255,13.049
12255,11680,13.049
12258,2133,7.895
2133,12258,7.895
2133,1078,15.499
1078,2133,15.499
11209,2136,9.975
2136,11209,9.975
2136,12256,41.009
12256,2136,41.009
12256,12258,24.651
12258,12256,24.651
12257,11680,72.724
11680,12257,72.724
1080,5616,4.461
5616,1080,4.461
5616,5615,7.832
5615,5616,7.832
5615,1081,13.669
1081,5615,13.669
1081,12262,37.113
12262,1081,37.113
431,5492,14.847
5492,431,14.847
5492,1082,15.830
1082,5492,15.830
12262,1087,15.992
1087,12262,15.992
430,12266,18.683
12266,430,18.683
12263,401,8.725
401,12263,8.725
401,12265,8.539
12265,401,8.539
12266,3521,1.740
3521,12266,1.740
3521,403,5.634
403,3521,5.634
403,5623,4.850
5623,403,4.850
5623,4958,6.578
4958,5623,6.578
1102,5493,13.167
5493,1102,13.167
5493,5619,18.240
5619,5493,18.240
2184,430,10.661
430,2184,10.661
12264,1693,30.813
1693,12264,30.813
1693,12263,33.248
12263,1693,33.248
5619,2184,19.452
2184,5619,19.452
4958,402,4.990
402,4958,4.990
12265,438,24.594
438,12265,24.594
12267,3891,2.082
3891,12267,2.082
3891,3893,28.121
3893,3891,28.121
3893,1744,36.265
1744,3893,36.265
1744,5599,5.314
5599,1744,5.314
5599,424,6.286
424,5599,6.286
12268,8379,34.514
8379,12268,34.514
8379,12269,10.495
12269,8379,10.495
3450,12268,12.728
12268,3450,12.728
12270,3450,23.830
3450,12270,23.830
12269,415,5.707
415,12269,5.707
415,11910,19.218
11910,415,19.218
2632,5046,18.641
5046,2632,18.641
5046,1420,4.911
1420,5046,4.911
1420,5600,3.632
5600,1420,3.632
5600,423,4.842
423,5600,4.842
10535,3452,4.626
3452,10535,4.626
3452,414,11.329
414,3452,11.329
414,12274,6.433
12274,414,6.433
12278,12280,16.368
12280,12278,16.368
12280,12281,36.075
12281,12280,36.075
412,2449,54.925
2449,412,54.925
2449,1275,21.556
1275,2449,21.556
1275,413,40.681
413,1275,40.681
413,10535,17.994
10535,413,17.994
12279,3372,4.085
3372,12279,4.085
3372,3373,6.137
3373,3372,6.137
3373,3374,6.795
3374,3373,6.795
3374,5755,16.034
5755,3374,16.034
5755,3324,9.733
3324,5755,9.733
12281,3325,12.831
3325,12281,12.831
3325,12279,78.718
12279,3325,78.718
1598,12270,9.636
12270,1598,9.636
12274,1274,32.127
1274,12274,32.127
1274,1598,12.435
1598,1274,12.435
12275,1352,49.668
1352,12275,49.668
3324,12277,13.816
12277,3324,13.816
1352,12276,18.182
12276,1352,18.182
12277,416,11.878
416,12277,11.878
416,12275,20.253
12275,416,20.253
12276,1411,32.192
1411,12276,32.192
1411,12271,10.867
12271,1411,10.867
12798,3274,1.581
3274,12798,1.581
3274,1393,4.797
1393,3274,4.797
1393,4446,5.497
4446,1393,5.497
4446,12645,113.620
12645,4446,113.620
12271,12799,6.337
12799,12271,6.337
12799,1386,6.990
1386,12799,6.990
1386,3283,7.550
3283,1386,7.550
3283,12798,1.418
12798,3283,1.418
1226,421,10.120
421,1226,10.120
419,12273,17.344
12273,419,17.344
12273,420,10.576
420,12273,10.576
420,12272,12.945
12272,420,12.945
11609,418,4.189
418,11609,4.189
418,419,32.511
419,418,32.511
12272,1226,25.436
1226,12272,25.436
12284,1376,20.949
1376,12284,20.949
1376,5635,4.211
5635,1376,4.211
5635,422,1.883
422,5635,1.883
12282,417,31.214
417,12282,31.214
417,11609,4.441
11609,417,4.441
5932,12285,55.093
12285,5932,55.093
12286,1402,20.516
1402,12286,20.516
408,3535,8.872
3535,408,8.872
3535,12288,10.741
12288,3535,10.741
12288,3536,23.154
3536,12288,23.154
3536,12286,32.511
12286,3536,32.511
12289,411,59.065
411,12289,59.065
411,4479,11.792
4479,411,11.792
4479,5932,12.383
5932,4479,12.383
8375,12289,19.684
12289,8375,19.684
12287,1278,11.172
1278,12287,11.172
12285,1674,10.165
1674,12285,10.165
1674,3456,5.876
3456,1674,5.876
3456,4948,8.653
4948,3456,8.653
4948,5625,2.717
5625,4948,2.717
5625,412,41.159
412,5625,41.159
1402,12287,19.804
12287,1402,19.804
1068,4166,38.943
4166,1068,38.943
4166,10478,3.765
10478,4166,3.765
10478,10477,3.405
10477,10478,3.405
10477,6211,3.639
6211,10477,3.639
6211,1387,3.067
1387,6211,3.067
1387,3285,6.758
3285,1387,6.758
3285,1067,1.613
1067,3285,1.613
4957,12291,14.952
12291,4957,14.952
12292,1429,2.854
1429,12292,2.854
1429,12290,9.413
12290,1429,9.413
12290,406,36.794
406,12290,36.794
12294,407,3.146
407,12294,3.146
407,3534,32.724
3534,407,32.724
3534,408,11.201
408,3534,11.201
406,12295,10.792
12295,406,10.792
4956,4957,18.013
4957,4956,18.013
12293,12294,15.298
12294,12293,15.298
12295,4954,2.710
4954,12295,2.710
4954,4955,15.274
4955,4954,15.274
4955,8791,6.521
8791,4955,6.521
8791,4956,2.585
4956,8791,2.585
12291,12293,33.325
12293,12291,33.325
2166,7622,3.076
7622,2166,3.076
7622,3445,8.283
3445,7622,8.283
12304,3447,36.951
3447,12304,36.951
3447,3514,19.925
3514,3447,19.925
3514,1390,6.388
1390,3514,6.388
12300,2165,19.887
2165,12300,19.887
2165,8789,15.171
8789,2165,15.171
8789,12305,10.217
12305,8789,10.217
12301,405,14.209
405,12301,14.209
405,10544,11.288
10544,405,11.288
10544,12292,48.718
12292,10544,48.718
10479,4699,6.441
4699,10479,6.441
12302,3443,3.176
3443,12302,3.176
3443,10479,23.790
10479,3443,23.790
3445,7623,14.582
7623,3445,14.582
7623,12302,10.610
12302,7623,10.610
12299,2166,15.265
2166,12299,15.265
12305,404,5.486
404,12305,5.486
404,7618,13.368
7618,404,13.368
12303,1390,24.243
1390,12303,24.243
7618,7619,3.418
7619,7618,3.418
7619,12299,16.548
12299,7619,16.548
751,1280,26.146
1280,751,26.146
12319,12320,19.274
12320,12319,19.274
12322,12321,15.380
12321,12322,15.380
12331,12326,6.622
12326,12331,6.622
12326,12330,30.152
12330,12326,30.152
12330,12325,33.582
12325,12330,33.582
12325,12329,20.164
12329,12325,20.164
12329,12327,18.992
12327,12329,18.992
12327,12328,6.037
12328,12327,6.037
12338,12337,13.301
12337,12338,13.301
12337,12339,11.942
12339,12337,11.942
12339,12340,6.615
12340,12339,6.615
12342,12344,17.940
12344,12342,17.940
12343,12342,13.439
12342,12343,13.439
12346,12345,27.646
12345,12346,27.646
12345,12343,5.877
12343,12345,5.877
12349,12352,7.430
12352,12349,7.430
12348,12349,13.590
12349,12348,13.590
12351,12352,14.381
12352,12351,14.381
12352,12350,15.872
12350,12352,15.872
12353,12347,6.270
12347,12353,6.270
12347,12348,11.547
12348,12347,11.547
6287,4756,9.360
4756,6287,9.360
4756,2534,5.356
2534,4756,5.356
2534,12324,3.623
12324,2534,3.623
12324,12356,2.140
12356,12324,2.140
12356,12357,11.835
12357,12356,11.835
12359,12362,36.022
12362,12359,36.022
12362,12360,7.854
12360,12362,7.854
12360,12361,1.707
12361,12360,1.707
7799,12377,8.865
12377,7799,8.865
12377,12376,48.370
12376,12377,48.370
12376,12373,22.453
12373,12376,22.453
12373,12374,1.392
12374,12373,1.392
12374,12372,18.702
12372,12374,18.702
12372,12378,7.905
12378,12372,7.905
12378,12379,5.071
12379,12378,5.071
12379,12380,1.918
12380,12379,1.918
12383,12384,41.998
12384,12383,41.998
12382,12383,13.834
12383,12382,13.834
12385,12381,9.281
12381,12385,9.281
12381,12382,3.545
12382,12381,3.545
4517,447,8.591
447,4517,8.591
447,12787,0.885
12787,447,0.885
12787,7242,3.384
7242,12787,3.384
7242,448,5.719
448,7242,5.719
448,53,5.760
53,448,5.760
12421,12419,6.644
12419,12421,6.644
12419,12420,2.126
12420,12419,2.126
12424,12422,6.846
12422,12424,6.846
12422,12423,1.966
12423,12422,1.966
8273,7665,10.776
7665,8273,10.776
7665,5221,5.710
5221,7665,5.710
5136,12431,5.415
12431,5136,5.415
12431,12430,4.851
12430,12431,4.851
12430,12429,58.635
12429,12430,58.635
12429,2331,3.861
2331,12429,3.861
4201,5916,3.225
5916,4201,3.225
5916,1797,9.196
1797,5916,9.196
12438,12432,59.421
12432,12438,59.421
12439,12444,5.240
12444,12439,5.240
12442,12448,13.381
12448,12442,13.381
4872,12425,10.889
12425,4872,10.889
12425,12446,4.109
12446,12425,4.109
12449,12441,4.047
12441,12449,4.047
12441,12440,7.304
12440,12441,7.304
12440,12439,4.224
12439,12440,4.224
12446,12445,20.382
12445,12446,20.382
12445,12444,9.005
12444,12445,9.005
12444,12432,6.367
12432,12444,6.367
12432,12443,72.936
12443,12432,72.936
12443,12442,7.325
12442,12443,7.325
10956,2872,7.237
2872,10956,7.237
2872,12455,6.237
12455,2872,6.237
12455,3165,4.750
3165,12455,4.750
10956,12454,4.645
12454,10956,4.645
12454,12453,4.006
12453,12454,4.006
12453,12452,39.828
12452,12453,39.828
12452,4685,13.234
4685,12452,13.234
12468,12467,13.801
12467,12468,13.801
826,12472,14.572
12472,826,14.572
12472,12473,26.158
12473,12472,26.158
12473,12476,2.299
12476,12473,2.299
12476,12474,8.269
12474,12476,8.269
12474,12475,2.163
12475,12474,2.163
12475,3096,1.291
3096,12475,1.291
8875,12475,19.811
12475,8875,19.811
12488,1919,15.383
1919,12488,15.383
12487,5727,14.642
5727,12487,14.642
5727,8873,3.992
8873,5727,3.992
8873,2154,3.968
2154,8873,3.968
2154,124,3.934
124,2154,3.934
1919,5728,6.577
5728,1919,6.577
5728,12487,29.510
12487,5728,29.510
9953,11667,9.716
11667,9953,9.716
12475,1425,11.002
1425,12475,11.002
12490,1176,104.289
1176,12490,104.289
12489,12490,46.099
12490,12489,46.099
12493,7827,31.702
7827,12493,31.702
12492,8864,13.212
8864,12492,13.212
8864,2703,11.460
2703,8864,11.460
2703,2123,5.472
2123,2703,5.472
3391,2701,33.058
2701,3391,33.058
2701,4718,23.955
4718,2701,23.955
4718,12494,13.381
12494,4718,13.381
12491,8868,8.352
8868,12491,8.352
8868,3481,10.048
3481,8868,10.048
3481,4476,9.925
4476,3481,9.925
4476,315,1.513
315,4476,1.513
12494,9200,11.763
9200,12494,11.763
9200,4719,4.037
4719,9200,4.037
4719,10124,2.613
10124,4719,2.613
10124,316,14.855
316,10124,14.855
12497,9921,88.122
9921,12497,88.122
9921,749,5.715
749,9921,5.715
12498,9919,20.705
9919,12498,20.705
9919,5099,1.781
5099,9919,1.781
5099,4453,3.696
4453,5099,3.696
4453,1914,1.496
1914,4453,1.496
12496,12498,22.667
12498,12496,22.667
748,10584,5.859
10584,748,5.859
10584,10585,5.161
10585,10584,5.161
10585,4081,1.587
4081,10585,1.587
12495,9279,35.843
9279,12495,35.843
9279,4458,10.524
4458,9279,10.524
4458,12500,5.477
12500,4458,5.477
12499,4464,4.556
4464,12499,4.556
4464,2555,13.509
2555,4464,13.509
2555,1721,7.401
1721,2555,7.401
9256,9249,39.464
9249,9256,39.464
9249,12501,9.451
12501,9249,9.451
12501,4460,9.461
4460,12501,9.461
4460,7723,77.513
7723,4460,77.513
7723,3375,11.154
3375,7723,11.154
3375,9246,6.682
9246,3375,6.682
9246,4462,12.580
4462,9246,12.580
4462,8188,11.958
8188,4462,11.958
8188,4463,30.635
4463,8188,30.635
3486,9245,17.231
9245,3486,17.231
9245,9256,12.608
9256,9245,12.608
12500,9243,27.502
9243,12500,27.502
9243,9260,6.267
9260,9243,6.267
9260,9258,4.546
9258,9260,4.546
9258,10520,14.810
10520,9258,14.810
10520,3486,4.404
3486,10520,4.404
12504,12505,22.328
12505,12504,22.328
12503,867,3.716
867,12503,3.716
867,2558,9.856
2558,867,9.856
2558,58,10.886
58,2558,10.886
12505,12502,10.124
12502,12505,10.124
12502,12503,10.324
12503,12502,10.324
9641,12507,8.550
12507,9641,8.550
12508,9892,21.346
9892,12508,21.346
9891,12509,6.732
12509,9891,6.732
10100,10101,9.589
10101,10100,9.589
8833,1258,12.168
1258,8833,12.168
1258,8829,7.621
8829,1258,7.621
8829,1266,5.693
1266,8829,5.693
1266,1279,16.557
1279,1266,16.557
12510,5732,18.819
5732,12510,18.819
5732,5741,4.370
5741,5732,4.370
5741,5734,44.543
5734,5741,44.543
5736,1585,13.556
1585,5736,13.556
12512,5729,12.724
5729,12512,12.724
5729,12510,6.730
12510,5729,6.730
12511,4503,11.142
4503,12511,11.142
4503,5736,10.315
5736,4503,10.315
3327,1871,7.141
1871,3327,7.141
1871,12513,72.600
12513,1871,72.600
12513,3427,13.575
3427,12513,13.575
1585,3327,19.906
3327,1585,19.906
5734,12514,26.418
12514,5734,26.418
12514,5735,22.567
5735,12514,22.567
5735,4502,25.993
4502,5735,25.993
4502,12511,14.745
12511,4502,14.745
4197,12515,24.769
12515,4197,24.769
4509,3424,25.911
3424,4509,25.911
3424,4511,7.891
4511,3424,7.891
4511,2044,6.511
2044,4511,6.511
12515,3483,21.611
3483,12515,21.611
12516,1190,2.112
1190,12516,2.112
1190,8867,7.457
8867,1190,7.457
8867,8760,6.863
8760,8867,6.863
8760,4245,1.479
4245,8760,1.479
12518,125,31.504
125,12518,31.504
12517,12518,24.719
12518,12517,24.719
12519,5703,48.461
5703,12519,48.461
5703,8871,63.074
8871,5703,63.074
8871,2156,3.419
2156,8871,3.419
2156,314,4.239
314,2156,4.239
10819,10822,4.065
10822,10819,4.065
10822,10820,4.777
10820,10822,4.777
10820,10821,5.926
10821,10820,5.926
10821,1540,13.150
1540,10821,13.150
1540,10831,3.456
10831,1540,3.456
12529,2625,3.656
2625,12529,3.656
2625,10498,8.379
10498,2625,8.379
10498,9826,6.349
9826,10498,6.349
9826,4512,6.524
4512,9826,6.524
4512,2044,1.488
2044,4512,1.488
121,10502,3.967
10502,121,3.967
10502,2627,9.345
2627,10502,9.345
2627,10816,6.748
10816,2627,6.748
10816,10817,4.916
10817,10816,4.916
10817,10818,3.581
10818,10817,3.581
10818,1222,3.809
1222,10818,3.809
1222,10819,5.695
10819,1222,5.695
12530,11391,9.999
11391,12530,9.999
11391,4265,39.534
4265,11391,39.534
4265,12783,16.901
12783,4265,16.901
12783,3083,3.596
3083,12783,3.596
3083,3087,3.374
3087,3083,3.374
3087,2152,5.422
2152,3087,5.422
6505,3258,6.300
3258,6505,6.300
3258,3238,4.224
3238,3258,4.224
3238,7106,3.121
7106,3238,3.121
7106,2619,2.310
2619,7106,2.310
2619,6506,10.078
6506,2619,10.078
6506,12532,23.080
12532,6506,23.080
12531,3239,33.575
3239,12531,33.575
3239,12197,4.334
12197,3239,4.334
12197,4264,1.674
4264,12197,1.674
4264,2636,5.795
2636,4264,5.795
12532,12531,47.198
12531,12532,47.198
12523,12527,88.557
12527,12523,88.557
12528,3242,4.397
3242,12528,4.397
3242,12522,14.272
12522,3242,14.272
3261,3247,32.075
3247,3261,32.075
3247,12524,4.946
12524,3247,4.946
12522,3235,11.824
3235,12522,11.824
3235,3245,9.747
3245,3235,9.747
3245,5408,4.801
5408,3245,4.801
5408,3257,3.199
3257,5408,3.199
3257,942,5.344
942,3257,5.344
12520,12525,19.644
12525,12520,19.644
12526,12521,42.747
12521,12526,42.747
12525,12526,40.161
12526,12525,40.161
12527,3237,15.982
3237,12527,15.982
3237,3249,4.139
3249,3237,4.139
3249,521,6.123
521,3249,6.123
12521,12528,18.559
12528,12521,18.559
12524,12523,15.586
12523,12524,15.586
4224,4223,11.326
4223,4224,11.326
4223,938,29.534
938,4223,29.534
12533,4501,24.237
4501,12533,24.237
4501,937,1.847
937,4501,1.847
12534,882,22.628
882,12534,22.628
12535,5663,10.191
5663,12535,10.191
5663,1911,12.503
1911,5663,12.503
1911,12534,8.343
12534,1911,8.343
882,2720,6.614
2720,882,6.614
881,3516,3.636
3516,881,3.636
3516,5652,23.873
5652,3516,23.873
5652,3318,3.641
3318,5652,3.641
3318,12537,9.862
12537,3318,9.862
12537,5657,25.011
5657,12537,25.011
5657,12535,26.394
12535,5657,26.394
12536,4713,7.348
4713,12536,7.348
4713,3244,13.487
3244,4713,13.487
3244,521,1.211
521,3244,1.211
12539,12541,12.525
12541,12539,12.525
12541,12538,14.054
12538,12541,14.054
3431,9807,10.103
9807,3431,10.103
9807,758,7.913
758,9807,7.913
12540,12539,10.743
12539,12540,10.743
12538,3431,47.567
3431,12538,47.567
12542,12540,39.497
12540,12542,39.497
12552,12548,25.435
12548,12552,25.435
12549,12547,15.157
12547,12549,15.157
12550,3399,13.638
3399,12550,13.638
12546,5651,83.564
5651,12546,83.564
5651,9806,4.503
9806,5651,4.503
9806,881,5.624
881,9806,5.624
12551,2826,4.264
2826,12551,4.264
2826,758,8.276
758,2826,8.276
12553,12549,12.322
12549,12553,12.322
12547,12552,25.328
12552,12547,25.328
3399,525,11.877
525,3399,11.877
12548,3388,5.188
3388,12548,5.188
3388,1416,11.415
1416,3388,11.415
9533,9528,5.203
9528,9533,5.203
9528,3398,4.363
3398,9528,4.363
3398,12554,16.037
12554,3398,16.037
12556,9533,17.012
9533,12556,17.012
12555,759,13.289
759,12555,13.289
10128,12555,14.039
12555,10128,14.039
12554,3397,36.650
3397,12554,36.650
3397,10128,4.132
10128,3397,4.132
12557,5077,0.972
5077,12557,0.972
5077,12781,7.223
12781,5077,7.223
12562,10306,17.359
10306,12562,17.359
10306,524,6.665
524,10306,6.665
12558,12562,18.101
12562,12558,18.101
12560,12559,14.324
12559,12560,14.324
12559,12558,11.659
12558,12559,11.659
12561,12560,34.755
12560,12561,34.755
1872,6454,16.839
6454,1872,16.839
6454,526,5.362
526,6454,5.362
12543,1872,11.958
1872,12543,11.958
12545,12543,10.696
12543,12545,10.696
12544,12545,11.690
12545,12544,11.690
12563,12997,9.294
12997,12563,9.294
12997,10307,40.864
10307,12997,40.864
10307,524,10.097
524,10307,10.097
755,2040,9.879
2040,755,9.879
2040,753,7.556
753,2040,7.556
753,2825,5.907
2825,753,5.907
2825,2041,7.061
2041,2825,7.061
2041,523,37.482
523,2041,37.482
12564,2043,3.659
2043,12564,3.659
2043,754,6.844
754,2043,6.844
754,2042,6.773
2042,754,6.773
2042,3919,10.880
3919,2042,10.880
3919,755,11.839
755,3919,11.839
3427,8975,23.112
8975,3427,23.112
8975,7155,4.266
7155,8975,4.266
7155,11601,2.730
11601,7155,2.730
11601,3421,3.962
3421,11601,3.962
3421,3420,2.821
3420,3421,2.821
6937,12566,23.736
12566,6937,23.736
12565,9624,9.276
9624,12565,9.276
9624,111,13.857
111,9624,13.857
111,110,58.610
110,111,58.610
110,10123,2.197
10123,110,2.197
10123,12779,10.424
12779,10123,10.424
12566,2232,26.535
2232,12566,26.535
2232,12565,19.507
12565,2232,19.507
112,6937,21.551
6937,112,21.551
10433,5092,9.592
5092,10433,9.592
5092,122,4.789
122,5092,4.789
513,9801,7.575
9801,513,7.575
9801,12590,11.780
12590,9801,11.780
513,5091,2.238
5091,513,2.238
5091,3069,6.121
3069,5091,6.121
3069,2901,6.521
2901,3069,6.521
2901,3072,6.056
3072,2901,6.056
3072,10201,37.356
10201,3072,37.356
10201,5089,40.055
5089,10201,40.055
12567,2618,6.644
2618,12567,6.644
2618,10121,4.371
10121,2618,4.371
10121,3073,3.553
3073,10121,3.553
3073,513,4.412
513,3073,4.412
3075,3077,9.595
3077,3075,9.595
3077,514,6.117
514,3077,6.117
12568,12785,45.389
12785,12568,45.389
12785,3259,0.771
3259,12785,0.771
3259,7110,3.260
7110,3259,3.260
7110,5081,1.324
5081,7110,1.324
3467,119,9.766
119,3467,9.766
2626,3467,10.766
3467,2626,10.766
12571,12573,29.716
12573,12571,29.716
12573,9794,23.226
9794,12573,23.226
9794,123,4.241
123,9794,4.241
12569,747,50.818
747,12569,50.818
12572,9032,72.694
9032,12572,72.694
9032,12574,38.671
12574,9032,38.671
12570,12571,15.964
12571,12570,15.964
12574,9793,9.618
9793,12574,9.618
12575,10774,5.721
10774,12575,5.721
10774,3079,9.526
3079,10774,9.526
3079,120,2.050
120,3079,2.050
12576,5917,6.664
5917,12576,6.664
5917,3395,43.659
3395,5917,43.659
3395,116,35.317
116,3395,35.317
3394,117,16.377
117,3394,16.377
117,12580,36.005
12580,117,36.005
116,3394,27.499
3394,116,27.499
12577,3396,17.003
3396,12577,17.003
12580,528,6.115
528,12580,6.115
528,4225,5.342
4225,528,5.342
4225,12577,10.689
12577,4225,10.689
12578,5049,4.712
5049,12578,4.712
5049,12575,4.921
12575,5049,4.921
3396,1665,5.522
1665,3396,5.522
1665,12579,5.029
12579,1665,5.029
12579,12578,23.247
12578,12579,23.247
12582,12581,15.910
12581,12582,15.910
12581,10475,60.646
10475,12581,60.646
10475,531,2.852
531,10475,2.852
531,10474,2.494
10474,531,2.494
10474,9825,50.711
9825,10474,50.711
9825,116,4.327
116,9825,4.327
3468,6346,19.959
6346,3468,19.959
12593,3468,26.716
3468,12593,26.716
115,12593,34.124
12593,115,34.124
12592,1417,4.920
1417,12592,4.920
1417,115,11.414
115,1417,11.414
12591,10305,11.333
10305,12591,11.333
10305,12592,12.549
12592,10305,12.549
6346,119,20.123
119,6346,20.123
12590,13022,31.034
13022,12590,31.034
13022,13016,4.676
13016,13022,4.676
13016,13013,5.211
13013,13016,5.211
13013,13009,24.268
13009,13013,24.268
13009,8920,11.123
8920,13009,11.123
8920,10118,39.452
10118,8920,39.452
10118,517,4.840
517,10118,4.840
12584,12586,33.261
12586,12584,33.261
12585,12588,68.496
12588,12585,68.496
517,9799,5.904
9799,517,5.904
9799,12583,22.826
12583,9799,22.826
12588,12584,16.689
12584,12588,16.689
12583,519,73.468
519,12583,73.468
519,12587,52.304
12587,519,52.304
12586,7109,9.040
7109,12586,9.040
7109,3080,10.886
3080,7109,10.886
3080,515,1.634
515,3080,1.634
12589,4226,12.013
4226,12589,12.013
4226,7107,2.291
7107,4226,2.291
7107,3252,4.454
3252,7107,4.454
3252,2636,2.063
2636,3252,2.063
12587,12589,16.977
12589,12587,16.977
12594,3413,63.970
3413,12594,63.970
3413,3331,32.845
3331,3413,32.845
3331,517,91.669
517,3331,91.669
12595,12598,17.043
12598,12595,17.043
12596,584,16.313
584,12596,16.313
12598,11384,18.411
11384,12598,18.411
11384,12597,23.842
12597,11384,23.842
12600,12595,54.350
12595,12600,54.350
12599,12596,60.628
12596,12599,60.628
12597,12599,31.958
12599,12597,31.958
12601,12602,19.034
12602,12601,19.034
12602,579,8.890
579,12602,8.890
12605,9297,15.848
9297,12605,15.848
9297,8617,6.766
8617,9297,6.766
8617,51,10.873
51,8617,10.873
12604,12605,24.835
12605,12604,24.835
12603,12604,7.049
12604,12603,7.049
584,11114,7.319
11114,584,7.319
11114,1378,7.312
1378,11114,7.312
1378,581,10.058
581,1378,10.058
581,11113,6.856
11113,581,6.856
11113,1377,6.858
1377,11113,6.858
1377,11112,6.531
11112,1377,6.531
11112,583,6.529
583,11112,6.529
583,11111,6.380
11111,583,6.380
11111,582,6.375
582,11111,6.375
582,580,10.939
580,582,10.939
12608,12610,22.996
12610,12608,22.996
12607,3310,21.491
3310,12607,21.491
3310,12606,17.311
12606,3310,17.311
12606,12609,48.432
12609,12606,48.432
12610,12998,26.340
12998,12610,26.340
12998,12607,12.585
12607,12998,12.585
5012,4161,12.828
4161,5012,12.828
4161,992,10.819
992,4161,10.819
3526,12617,19.572
12617,3526,19.572
12617,3527,10.321
3527,12617,10.321
3527,3539,24.939
3539,3527,24.939
3539,993,14.441
993,3539,14.441
993,8670,29.274
8670,993,29.274
8670,5746,52.201
5746,8670,52.201
5746,10059,36.565
10059,5746,36.565
12616,5012,47.314
5012,12616,47.314
4904,12619,24.979
12619,4904,24.979
12621,7336,16.686
7336,12621,16.686
7336,8860,16.708
8860,7336,16.708
8860,1064,9.754
1064,8860,9.754
1064,6215,17.100
6215,1064,17.100
12619,4158,30.732
4158,12619,30.732
4158,7316,17.289
7316,4158,17.289
7316,4159,17.975
4159,7316,17.975
4159,9549,11.357
9549,4159,11.357
9549,7317,7.108
7317,9549,7.108
7317,4160,18.315
4160,7317,18.315
4160,12623,17.211
12623,4160,17.211
12623,7318,9.121
7318,12623,9.121
7318,12618,9.709
12618,7318,9.709
12618,10395,6.596
10395,12618,6.596
10395,6214,9.395
6214,10395,9.395
12622,12620,19.087
12620,12622,19.087
12620,12621,42.750
12621,12620,42.750
1953,4587,20.996
4587,1953,20.996
12627,11228,10.499
11228,12627,10.499
11228,1065,28.761
1065,11228,28.761
12626,5010,5.659
5010,12626,5.659
5010,992,7.564
992,5010,7.564
12625,2995,6.076
2995,12625,6.076
2995,11229,27.908
11229,2995,27.908
11229,1059,1.035
1059,11229,1.035
1059,12627,10.188
12627,1059,10.188
1026,7260,36.126
7260,1026,36.126
7260,1065,0.630
1065,7260,0.630
12628,7265,37.973
7265,12628,37.973
7265,1025,6.836
1025,7265,6.836
1025,3524,32.267
3524,1025,32.267
3524,7261,13.765
7261,3524,13.765
7261,1026,23.118
1026,7261,23.118
3529,8917,18.325
8917,3529,18.325
8917,11231,29.155
11231,8917,29.155
11231,1025,66.162
1025,11231,66.162
12630,3530,21.569
3530,12630,21.569
3530,1027,8.638
1027,3530,8.638
1027,3442,6.101
3442,1027,6.101
3442,6347,5.930
6347,3442,5.930
6347,3529,7.576
3529,6347,7.576
12632,3528,77.589
3528,12632,77.589
3528,3523,6.575
3523,3528,6.575
3523,1027,5.427
1027,3523,5.427
1060,5011,161.493
5011,1060,161.493
5011,992,8.582
992,5011,8.582
12631,5760,8.048
5760,12631,8.048
5760,2011,9.022
2011,5760,9.022
2011,3279,5.384
3279,2011,5.384
3279,995,2.101
995,3279,2.101
3495,1058,7.206
1058,3495,7.206
12633,4961,50.896
4961,12633,50.896
4961,3495,12.235
3495,4961,12.235
12636,1061,22.155
1061,12636,22.155
1061,1056,23.654
1056,1061,23.654
1056,1446,16.842
1446,1056,16.842
1446,1057,16.224
1057,1446,16.224
12634,6489,5.691
6489,12634,5.691
6489,1205,4.036
1205,6489,4.036
1205,6488,3.619
6488,1205,3.619
6488,12635,4.071
12635,6488,4.071
12635,1058,26.348
1058,12635,26.348
12638,12637,111.474
12637,12638,111.474
12641,12639,49.240
12639,12641,49.240
12639,12642,29.105
12642,12639,29.105
12640,12641,6.283
12641,12640,6.283
12644,1028,17.191
1028,12644,17.191
1028,12643,158.898
12643,1028,158.898
12643,1029,13.355
1029,12643,13.355
8378,955,41.024
955,8378,41.024
12645,8605,7.129
8605,12645,7.129
8605,8376,5.224
8376,8605,5.224
8376,8377,5.142
8377,8376,5.142
8377,5004,4.663
5004,8377,4.663
5004,1346,12.054
1346,5004,12.054
1346,8378,6.674
8378,1346,6.674
12646,8378,16.537
8378,12646,16.537
12648,11646,27.146
11646,12648,27.146
11646,1438,7.557
1438,11646,7.557
7681,6165,63.501
6165,7681,63.501
6165,8822,25.212
8822,6165,25.212
8822,8820,4.434
8820,8822,4.434
8820,270,9.795
270,8820,9.795
12667,12666,31.572
12666,12667,31.572
12669,12668,3.681
12668,12669,3.681
12668,6173,3.914
6173,12668,3.914
12670,12669,14.672
12669,12670,14.672
12675,12677,10.673
12677,12675,10.673
12674,12673,5.188
12673,12674,5.188
12673,12675,6.592
12675,12673,6.592
12676,12671,8.204
12671,12676,8.204
12671,12674,4.247
12674,12671,4.247
12678,12680,4.920
12680,12678,4.920
12680,12679,34.756
12679,12680,34.756
3164,12681,54.611
12681,3164,54.611
12681,12682,9.931
12682,12681,9.931
12683,1476,20.117
1476,12683,20.117
1476,12684,4.356
12684,1476,4.356
12684,12685,26.281
12685,12684,26.281
2237,3338,13.601
3338,2237,13.601
3338,1914,7.027
1914,3338,7.027
4245,10765,3.814
10765,4245,3.814
10765,315,3.291
315,10765,3.291
12690,12694,3.473
12694,12690,3.473
12691,12690,8.220
12690,12691,8.220
12693,12692,3.613
12692,12693,3.613
12692,9626,11.936
9626,12692,11.936
9626,12691,8.603
12691,9626,8.603
3010,1500,18.029
1500,3010,18.029
12703,12704,14.661
12704,12703,14.661
6326,12703,7.658
12703,6326,7.658
12704,12707,4.522
12707,12704,4.522
12707,12706,3.937
12706,12707,3.937
12706,12705,32.279
12705,12706,32.279
1301,7008,15.826
7008,1301,15.826
7008,1535,35.820
1535,7008,35.820
1535,1792,10.571
1792,1535,10.571
1792,7368,43.840
7368,1792,43.840
349,1434,16.084
1434,349,16.084
1262,1257,25.455
1257,1262,25.455
12715,12713,3.289
12713,12715,3.289
12713,12714,13.735
12714,12713,13.735
12091,12092,12.885
12092,12091,12.885
12720,12722,11.545
12722,12720,11.545
12719,12720,15.794
12720,12719,15.794
12721,12719,7.174
12719,12721,7.174
12724,12726,15.666
12726,12724,15.666
12726,4307,8.208
4307,12726,8.208
4307,12725,1.304
12725,4307,1.304
1233,1234,19.448
1234,1233,19.448
1234,12766,32.390
12766,1234,32.390
12766,12767,35.522
12767,12766,35.522
12768,12771,10.517
12771,12768,10.517
12771,12770,5.971
12770,12771,5.971
12770,12769,51.794
12769,12770,51.794
12776,2725,16.952
2725,12776,16.952
5632,5870,8.730
5870,5632,8.730
5870,3569,7.897
3569,5870,7.897
12778,12777,14.123
12777,12778,14.123
12777,10101,29.100
10101,12777,29.100
10101,9056,45.772
9056,10101,45.772
9056,8233,6.477
8233,9056,6.477
8233,5339,4.131
5339,8233,4.131
5339,8922,21.218
8922,5339,21.218
8922,5346,8.700
5346,8922,8.700
5346,9891,6.017
9891,5346,6.017
9891,1484,16.351
1484,9891,16.351
1484,9060,10.311
9060,1484,10.311
9060,9641,21.767
9641,9060,21.767
9641,9054,15.639
9054,9641,15.639
9054,8400,38.240
8400,9054,38.240
8400,7558,70.514
7558,8400,70.514
12487,12811,3.829
12811,12487,3.829
12811,12808,23.849
12808,12811,23.849
12808,12809,3.371
12809,12808,3.371
12809,12810,11.983
12810,12809,11.983
12833,11912,94.931
11912,12833,94.931
12832,7139,18.530
7139,12832,18.530
7139,6007,3.799
6007,7139,3.799
6007,9923,1.805
9923,6007,1.805
9923,11332,18.291
11332,9923,18.291
11332,5499,6.658
5499,11332,6.658
5499,4291,7.165
4291,5499,7.165
12830,7380,21.431
7380,12830,21.431
7380,5503,9.817
5503,7380,9.817
5503,5469,3.726
5469,5503,3.726
5469,156,12.021
156,5469,12.021
12831,11329,18.492
11329,12831,18.492
11329,5498,6.287
5498,11329,6.287
9900,537,48.877
537,9900,48.877
1095,2201,34.991
2201,1095,34.991
2201,1974,54.490
1974,2201,54.490
12834,12840,146.971
12840,12834,146.971
2884,1095,36.179
1095,2884,36.179
12839,4173,29.370
4173,12839,29.370
4173,1096,60.189
1096,4173,60.189
988,4814,15.533
4814,988,15.533
4814,897,9.436
897,4814,9.436
897,12693,26.991
12693,897,26.991
12693,249,12.749
249,12693,12.749
4815,163,27.239
163,4815,27.239
1974,9349,17.384
9349,1974,17.384
9349,2911,1.675
2911,9349,1.675
2911,682,6.974
682,2911,6.974
921,920,145.661
920,921,145.661
11361,2224,5.946
2224,11361,5.946
2224,2225,17.431
2225,2224,17.431
2225,683,15.635
683,2225,15.635
683,2226,12.364
2226,683,12.364
2226,2882,11.584
2882,2226,11.584
2882,2884,19.636
2884,2882,19.636
12836,9992,8.768
9992,12836,8.768
990,5433,32.418
5433,990,32.418
5433,486,6.281
486,5433,6.281
486,12837,151.226
12837,486,151.226
1096,6390,59.020
6390,1096,59.020
6390,5859,15.609
5859,6390,15.609
5859,12836,14.694
12836,5859,14.694
12840,6389,7.049
6389,12840,7.049
6389,538,32.716
538,6389,32.716
538,989,108.993
989,538,108.993
989,4815,82.494
4815,989,82.494
12837,6011,17.706
6011,12837,17.706
6011,7403,9.809
7403,6011,9.809
7403,164,8.077
164,7403,8.077
12835,10217,8.622
10217,12835,8.622
10217,12839,2.048
12839,10217,2.048
1095,2881,7.098
2881,1095,7.098
2881,2883,10.410
2883,2881,10.410
2883,2227,7.032
2227,2883,7.032
2227,1097,6.110
1097,2227,6.110
1097,11363,5.197
11363,1097,5.197
11363,2228,5.325
2228,11363,5.325
2228,2913,9.629
2913,2228,9.629
12838,537,20.261
537,12838,20.261
12841,11438,9.589
11438,12841,9.589
11438,10657,21.887
10657,11438,21.887
10657,12844,37.418
12844,10657,37.418
12844,6045,46.911
6045,12844,46.911
6045,12842,10.282
12842,6045,10.282
12843,4934,11.520
4934,12843,11.520
4934,6733,21.813
6733,4934,21.813
6733,2415,8.392
2415,6733,8.392
2415,829,9.724
829,2415,9.724
12842,912,45.826
912,12842,45.826
912,6613,42.870
6613,912,42.870
6613,4204,5.486
4204,6613,5.486
4204,4208,5.091
4208,4204,5.091
4208,10165,2.633
10165,4208,2.633
12845,8586,12.657
8586,12845,12.657
2913,842,109.151
842,2913,109.151
12846,5297,27.721
5297,12846,27.721
5297,10278,63.038
10278,5297,63.038
12847,10065,8.331
10065,12847,8.331
10065,2887,2.447
2887,10065,2.447
2887,10064,2.857
10064,2887,2.857
10064,10063,4.212
10063,10064,4.212
10063,913,6.001
913,10063,6.001
12849,1436,8.490
1436,12849,8.490
1436,10062,13.055
10062,1436,13.055
10062,10066,4.184
10066,10062,4.184
10066,10067,2.776
10067,10066,2.776
10067,913,2.931
913,10067,2.931
12848,10267,14.800
10267,12848,14.800
11630,11621,4.219
11621,11630,4.219
11621,10144,4.218
10144,11621,4.218
10144,1435,4.761
1435,10144,4.761
1435,12848,3.863
12848,1435,3.863
6645,10656,36.938
10656,6645,36.938
10656,5282,4.143
5282,10656,4.143
5282,10061,30.341
10061,5282,30.341
12850,913,14.985
913,12850,14.985
12851,12850,13.652
12850,12851,13.652
12852,12853,16.232
12853,12852,16.232
12853,3563,26.282
3563,12853,26.282
3563,8557,72.677
8557,3563,72.677
3022,9409,4.330
9409,3022,4.330
9409,12868,17.289
12868,9409,17.289
12870,12869,27.385
12869,12870,27.385
12869,12872,17.211
12872,12869,17.211
12872,12871,4.312
12871,12872,4.312
12873,9666,7.006
9666,12873,7.006
9666,4753,7.527
4753,9666,7.527
12875,9668,1.653
9668,12875,1.653
9668,9190,6.850
9190,9668,6.850
12875,12876,5.793
12876,12875,5.793
7764,8781,1.837
8781,7764,1.837
8781,9860,6.434
9860,8781,6.434
9860,7758,11.300
7758,9860,11.300
7758,7776,6.585
7776,7758,6.585
8681,12906,7.334
12906,8681,7.334
12906,12905,13.511
12905,12906,13.511
12908,12910,6.419
12910,12908,6.419
12910,12911,1.048
12911,12910,1.048
12911,12909,21.980
12909,12911,21.980
11941,12917,7.732
12917,11941,7.732
12917,12918,5.491
12918,12917,5.491
12918,12919,11.783
12919,12918,11.783
12919,12920,3.237
12920,12919,3.237
12920,12921,7.772
12921,12920,7.772
5235,12923,8.922
12923,5235,8.922
12923,12922,6.950
12922,12923,6.950
5808,12925,14.906
12925,5808,14.906
5808,12926,3.164
12926,5808,3.164
12925,12927,22.856
12927,12925,22.856
12928,12926,5.053
12926,12928,5.053
12929,12931,5.093
12931,12929,5.093
12931,12930,3.267
12930,12931,3.267
12930,12932,14.773
12932,12930,14.773
12932,12933,11.124
12933,12932,11.124
11393,1649,5.552
1649,11393,5.552
1649,226,6.345
226,1649,6.345
226,1650,6.346
1650,226,6.346
1650,6287,7.154
6287,1650,7.154
6287,295,2.239
295,6287,2.239
11397,4753,4.475
4753,11397,4.475
4753,9190,14.113
9190,4753,14.113
9190,10366,12.784
10366,9190,12.784
10366,4149,21.600
4149,10366,21.600
4149,10377,2.506
10377,4149,2.506
10377,4758,6.809
4758,10377,6.809
4758,12613,20.490
12613,4758,20.490
12613,4746,11.111
4746,12613,11.111
4746,10372,21.692
10372,4746,21.692
10372,5529,0.660
5529,10372,0.660
5529,5528,4.267
5528,5529,4.267
5528,1071,8.593
1071,5528,8.593
9061,12934,10.348
12934,9061,10.348
12934,12935,14.178
12935,12934,14.178
12937,3725,18.960
3725,12937,18.960
12936,12141,26.428
12141,12936,26.428
936,4323,14.142
4323,936,14.142
4323,2644,14.700
2644,4323,14.700
2644,88,28.817
88,2644,28.817
12940,11924,16.502
11924,12940,16.502
11924,11922,9.479
11922,11924,9.479
11922,11923,4.433
11923,11922,4.433
11923,11928,5.521
11928,11923,5.521
11928,819,5.582
819,11928,5.582
4126,4231,41.028
4231,4126,41.028
4231,4234,52.920
4234,4231,52.920
4234,86,13.666
86,4234,13.666
4235,4126,20.704
4126,4235,20.704
12939,7557,63.279
7557,12939,63.279
12941,1131,58.215
1131,12941,58.215
1131,12939,9.645
12939,1131,9.645
819,2652,8.270
2652,819,8.270
2652,11926,8.241
11926,2652,8.241
11926,11927,6.763
11927,11926,6.763
11927,11925,10.113
11925,11927,10.113
11925,4233,71.174
4233,11925,71.174
4233,831,19.588
831,4233,19.588
4824,6961,18.462
6961,4824,18.462
6961,3739,3.357
3739,6961,3.357
3739,12051,74.954
12051,3739,74.954
12051,4821,1.698
4821,12051,1.698
4821,769,8.457
769,4821,8.457
12938,4122,5.324
4122,12938,5.324
4122,771,23.579
771,4122,23.579
4121,154,49.490
154,4121,49.490
12943,2647,17.638
2647,12943,17.638
12945,12942,22.023
12942,12945,22.023
12942,11605,5.348
11605,12942,5.348
12944,1617,10.181
1617,12944,10.181
1617,821,24.634
821,1617,24.634
821,958,25.451
958,821,25.451
958,154,92.482
154,958,92.482
824,9557,8.342
9557,824,8.342
9557,9554,9.204
9554,9557,9.204
9554,9553,47.509
9553,9554,47.509
9553,1551,22.986
1551,9553,22.986
1551,823,47.928
823,1551,47.928
823,822,46.101
822,823,46.101
822,820,25.423
820,822,25.423
12956,12951,21.025
12951,12956,21.025
12951,153,6.448
153,12951,6.448
153,12952,8.289
12952,153,8.289
12953,12954,17.473
12954,12953,17.473
12954,926,11.099
926,12954,11.099
12950,2574,47.363
2574,12950,47.363
2574,817,67.306
817,2574,67.306
12955,11731,76.312
11731,12955,76.312
12952,2646,40.148
2646,12952,40.148
2646,152,55.452
152,2646,55.452
152,3742,56.556
3742,152,56.556
3742,12953,26.082
12953,3742,26.082
817,87,151.753
87,817,151.753
11731,895,10.620
895,11731,10.620
895,12956,73.697
12956,895,73.697
12948,12946,67.751
12946,12948,67.751
12946,84,18.042
84,12946,18.042
12949,4322,5.122
4322,12949,5.122
4322,816,21.076
816,4322,21.076
84,12947,90.413
12947,84,90.413
12947,12949,14.178
12949,12947,14.178
1119,84,75.057
84,1119,75.057
9654,12959,15.136
12959,9654,15.136
1521,972,31.738
972,1521,31.738
12958,894,51.744
894,12958,51.744
894,153,46.650
153,894,46.650
4066,11989,6.917
11989,4066,6.917
11989,11990,32.972
11990,11989,32.972
11990,1522,11.147
1522,11990,11.147
1518,6627,8.727
6627,1518,8.727
6627,1519,4.879
1519,6627,4.879
1519,12957,5.451
12957,1519,5.451
12959,1445,62.623
1445,12959,62.623
1445,927,12.241
927,1445,12.241
12961,7168,9.877
7168,12961,9.877
7168,7167,5.737
7167,7168,5.737
7167,772,76.635
772,7167,76.635
12960,971,93.413
971,12960,93.413
12957,1520,40.560
1520,12957,40.560
1520,1530,54.946
1530,1520,54.946
9049,3591,7.179
3591,9049,7.179
12962,9049,18.228
9049,12962,18.228
12963,4901,3.083
4901,12963,3.083
4901,5535,6.629
5535,4901,6.629
5535,2051,4.890
2051,5535,4.890
12966,12967,7.651
12967,12966,7.651
12967,12970,24.737
12970,12967,24.737
12970,12969,1.909
12969,12970,1.909
12969,12972,5.940
12972,12969,5.940
12972,12968,1.526
12968,12972,1.526
12989,12990,32.632
12990,12989,32.632
3921,4065,42.452
4065,3921,42.452
4065,3287,44.431
3287,4065,44.431
3287,4064,10.957
4064,3287,10.957
4064,7790,8.918
7790,4064,8.918
2571,1874,7.692
1874,2571,7.692
1441,10716,2.535
10716,1441,2.535
10716,4610,2.953
4610,10716,2.953
4610,10715,2.472
10715,4610,2.472
10715,4611,3.233
4611,10715,3.233
4611,10714,3.135
10714,4611,3.135
10714,4612,3.729
4612,10714,3.729
4612,4613,3.671
4613,4612,3.671
4613,4614,4.457
4614,4613,4.457
4614,7543,5.336
7543,4614,5.336
7543,4615,3.771
4615,7543,3.771
4615,4616,31.260
4616,4615,31.260
4616,4617,13.242
4617,4616,13.242
4617,4618,13.417
4618,4617,13.417
4618,4619,16.564
4619,4618,16.564
4619,4620,16.506
4620,4619,16.506
4620,4621,16.260
4621,4620,16.260
4621,4623,18.475
4623,4621,18.475
13004,13000,24.511
13000,13004,24.511
13001,13005,23.576
13005,13001,23.576
12999,13004,7.649
13004,12999,7.649
13005,13003,1.078
13003,13005,1.078
13003,13002,6.057
13002,13003,6.057
13008,13007,23.583
13007,13008,23.583
13006,13008,7.490
13008,13006,7.490
13012,13010,21.574
13010,13012,21.574
13009,13011,5.877
13011,13009,5.877
13011,13012,2.100
13012,13011,2.100
13013,13015,5.060
13015,13013,5.060
13015,13014,13.841
13014,13015,13.841
13016,13018,4.933
13018,13016,4.933
13018,13017,26.332
13017,13018,26.332
13019,13020,11.408
13020,13019,11.408
13020,13021,5.586
13021,13020,5.586
13021,13024,14.839
13024,13021,14.839
13024,13023,2.076
13023,13024,2.076
13023,13022,6.469
13022,13023,6.469
13027,13028,8.117
13028,13027,8.117
13028,5774,2.106
5774,13028,2.106
5261,11137,4.804
11137,5261,4.804
11137,13095,1.095
13095,11137,1.095
13095,7683,12.458
7683,13095,12.458
11518,1739,5.877
1739,11518,5.877
11518,13097,7.081
13097,11518,7.081
13097,11019,10.443
11019,13097,10.443
11831,1738,10.322
1738,11831,10.322
11832,11831,7.783
11831,11832,7.783
11019,11020,7.238
11020,11019,7.238
11020,2013,7.360
2013,11020,7.360
2013,11021,6.727
11021,2013,6.727
11021,1682,27.217
1682,11021,27.217
8956,8955,0.252
8955,8956,0.252
8955,2585,1.533
2585,8955,1.533
2585,647,1.516
647,2585,1.516
74,11838,3.958
11838,74,3.958
11838,11837,10.917
11837,11838,10.917
11837,11836,20.710
11836,11837,20.710
11836,75,10.127
75,11836,10.127
12486,1991,4.610
1991,12486,4.610
1991,10088,2.397
10088,1991,2.397
10088,1992,2.394
1992,10088,2.394
1992,10087,2.161
10087,1992,2.161
10087,1993,2.157
1993,10087,2.157
1993,10086,1.907
10086,1993,1.907
