node_id,lon,lat,elevation
1,11.5498035,48.1375509,526.0
2,11.5516074,48.1375403,526.0
3,11.5559027,48.1374958,523.0
4,11.5586377,48.1374426,524.0
5,11.5610259,48.1374144,528.0
6,11.5609356,48.1363408,528.0
7,11.5606937,48.1342444,525.0
8,11.5585645,48.1345175,523.0
9,11.5759742,48.1345353,520.0
10,11.5816570,48.1348228,518.0
11,11.5823307,48.1344359,518.0
12,11.5650832,48.1392117,527.0
13,11.5642297,48.1393374,523.0
14,11.5497000,48.1386511,526.0
15,11.5496533,48.1375520,526.0
16,11.5656174,48.1392275,527.0
17,11.5678080,48.1406916,526.0
18,11.5663775,48.1406524,523.0
19,11.5657568,48.1406995,523.0
20,11.5614497,48.1421453,524.0
21,11.5602278,48.1426236,521.0
22,11.5570187,48.1436023,525.0
23,11.5590271,48.1475353,520.0
24,11.5588948,48.1468789,520.0
25,11.5655411,48.1389151,527.0
26,11.5653498,48.1379117,527.0
27,11.5646343,48.1363777,524.0
28,11.5655382,48.1379039,527.0
29,11.5666337,48.1379361,527.0
30,11.5666852,48.1365554,525.0
31,11.5647292,48.1373960,524.0
32,11.5583572,48.1502653,524.0
33,11.5579734,48.1509700,522.0
34,11.5820490,48.1201687,536.0
35,11.5816015,48.1237304,519.0
36,11.5811881,48.1244835,516.0
37,11.5803539,48.1248132,516.0
38,11.5791218,48.1257286,519.0
39,11.5733219,48.1300185,522.0
40,11.5748442,48.1288906,516.0
41,11.5715249,48.1313614,520.0
42,11.5653251,48.1396237,523.0
43,11.5575184,48.1434870,525.0
44,11.5822722,48.1350497,518.0
45,11.5832426,48.1355663,521.0
46,11.5840740,48.1367230,517.0
47,11.5844682,48.1382573,517.0
48,11.5796159,48.1350710,521.0
49,11.5983081,48.1357225,526.0
50,11.6024663,48.1358049,525.0
51,11.5950781,48.1278625,532.0
52,11.5895066,48.1316844,519.0
53,11.5878080,48.1314764,519.0
54,11.5865241,48.1316792,516.0
55,11.5857160,48.1319148,516.0
56,11.5851805,48.1321566,517.0
57,11.5834374,48.1329968,517.0
58,11.6014314,48.1404410,531.0
59,11.5986324,48.1410840,526.0
60,11.5972632,48.1421378,519.0
61,11.5971180,48.1416523,523.0
62,11.5972890,48.1414026,523.0
63,11.5971287,48.1424393,519.0
64,11.5968328,48.1425287,519.0
65,11.5965373,48.1424859,519.0
66,11.5963625,48.1423508,519.0
67,11.5960614,48.1417486,519.0
68,11.5957809,48.1416154,514.0
69,11.5921713,48.1423367,515.0
70,11.5885034,48.1430748,517.0
71,11.5871804,48.1433627,518.0
72,11.5837403,48.1443263,514.0
73,11.5768184,48.1457766,519.0
74,11.5756001,48.1458070,519.0
75,11.5749861,48.1457754,529.0
76,11.5750127,48.1455794,519.0
77,11.5688062,48.1413108,521.0
78,11.5612749,48.1418116,524.0
79,11.6000974,48.1437351,527.0
80,11.5798204,48.1318968,523.0
81,11.5813112,48.1332740,519.0
82,11.5721703,48.1540458,516.0
83,11.5932276,48.1465401,513.0
84,11.5957509,48.1464602,514.0
85,11.5936378,48.1453829,515.0
86,11.5932300,48.1440969,515.0
87,11.5954860,48.1452688,515.0
88,11.5963871,48.1482958,511.0
89,11.5795559,48.1468282,519.0
90,11.5731487,48.1460976,518.0
91,11.5746071,48.1482135,519.0
92,11.5686673,48.1448200,520.0
93,11.5647768,48.1459273,519.0
94,11.5635878,48.1462649,525.0
95,11.5654268,48.1507950,518.0
96,11.5649463,48.1522168,520.0
97,11.5661583,48.1518871,518.0
98,11.5737246,48.1517315,519.0
99,11.5805644,48.1489839,521.0
100,11.5769013,48.1500034,521.0
101,11.5759606,48.1502783,521.0
102,11.5747329,48.1533012,518.0
103,11.5754691,48.1545205,517.0
104,11.5944693,48.1418543,513.0
105,11.5934038,48.1454584,515.0
106,11.5933372,48.1456819,515.0
107,11.5932717,48.1459761,513.0
108,11.5932203,48.1463792,513.0
109,11.5928290,48.1465865,513.0
110,11.6017179,48.1337699,530.0
111,11.6009919,48.1339774,530.0
112,11.5995563,48.1343538,528.0
113,11.6016818,48.1334868,530.0
114,11.6015777,48.1332933,530.0
115,11.6008150,48.1329403,530.0
116,11.5989939,48.1335497,528.0
117,11.5987384,48.1331939,535.0
118,11.5994585,48.1329718,535.0
119,11.5996915,48.1324290,535.0
120,11.5973638,48.1331812,526.0
121,11.5976346,48.1340007,532.0
122,11.5997336,48.1309679,534.0
123,11.6012791,48.1321492,530.0
124,11.5964240,48.1360057,532.0
125,11.5944265,48.1354080,531.0
126,11.5985053,48.1409177,526.0
127,11.5989968,48.1409312,526.0
128,11.6013048,48.1427008,527.0
129,11.5846960,48.1392225,517.0
130,11.5811389,48.1380836,524.0
131,11.5785810,48.1386390,524.0
132,11.5772912,48.1389406,524.0
133,11.5778062,48.1377818,524.0
134,11.5805311,48.1356626,520.0
135,11.5840302,48.1359047,517.0
136,11.5835350,48.1392271,517.0
137,11.5776021,48.1326886,523.0
138,11.5757721,48.1318894,526.0
139,11.5842469,48.1372923,517.0
140,11.5839005,48.1363516,517.0
141,11.5835640,48.1358631,517.0
142,11.5836622,48.1359808,517.0
143,11.5812827,48.1388673,521.0
144,11.5848499,48.1322869,517.0
145,11.5800783,48.1321394,523.0
146,11.5785346,48.1399076,522.0
147,11.5784143,48.1394129,524.0
148,11.5831090,48.1374083,521.0
149,11.5813515,48.1353841,518.0
150,11.5865603,48.1373076,524.0
151,11.5866499,48.1375093,518.0
152,11.5931454,48.1394967,514.0
153,11.5922314,48.1387939,514.0
154,11.5886440,48.1361498,519.0
155,11.5823941,48.1309672,522.0
156,11.5792665,48.1293038,532.0
157,11.5809444,48.1278836,518.0
158,11.5829711,48.1278653,517.0
159,11.5838977,48.1281596,517.0
160,11.5865002,48.1292437,521.0
161,11.5837986,48.1315707,517.0
162,11.5762235,48.1278589,521.0
163,11.5757141,48.1275949,521.0
164,11.5705111,48.1255533,519.0
165,11.5666016,48.1234878,521.0
166,11.5692262,48.1217644,526.0
167,11.5738209,48.1221547,516.0
168,11.5755770,48.1229173,525.0
169,11.5772086,48.1241991,519.0
170,11.5724645,48.1206563,522.0
171,11.5714106,48.1210857,516.0
172,11.5718514,48.1198839,522.0
173,11.5727408,48.1194122,522.0
174,11.5737865,48.1201180,521.0
175,11.5707524,48.1207330,516.0
176,11.5736328,48.1199507,521.0
177,11.5704631,48.1205556,516.0
178,11.5858504,48.1216600,535.0
179,11.5533038,48.1301792,524.0
180,11.5536076,48.1320045,514.0
181,11.5534367,48.1335128,523.0
182,11.5555148,48.1323948,524.0
183,11.5557955,48.1300071,527.0
184,11.5557539,48.1286059,528.0
185,11.5575209,48.1298862,526.0
186,11.5575750,48.1303809,526.0
187,11.5560183,48.1315359,524.0
188,11.5560657,48.1324073,524.0
189,11.5584882,48.1328136,525.0
190,11.5558655,48.1363843,523.0
191,11.5491113,48.1361210,524.0
192,11.5511485,48.1356799,522.0
193,11.5630722,48.1317303,523.0
194,11.5636376,48.1312559,523.0
195,11.5627618,48.1303380,525.0
196,11.5559368,48.1283779,528.0
197,11.5582471,48.1262950,525.0
198,11.5666196,48.1334364,524.0
199,11.5523059,48.1285949,524.0
200,11.5490016,48.1361264,524.0
201,11.5524991,48.1348332,523.0
202,11.5517694,48.1353464,510.0
203,11.5529503,48.1343277,523.0
204,11.5586169,48.1363488,524.0
205,11.5611225,48.1381490,532.0
206,11.5651342,48.1362538,524.0
207,11.5675141,48.1336666,524.0
208,11.5689929,48.1337772,522.0
209,11.5702018,48.1341241,522.0
210,11.5740557,48.1337873,518.0
211,11.5672121,48.1404001,526.0
212,11.5692763,48.1410141,521.0
213,11.5738129,48.1437737,529.0
214,11.5678829,48.1426860,521.0
215,11.5653310,48.1434309,528.0
216,11.5647493,48.1425268,528.0
217,11.5617938,48.1426448,524.0
218,11.5601976,48.1449297,520.0
219,11.5733343,48.1435212,524.0
220,11.5786179,48.1448299,519.0
221,11.5696111,48.1444894,522.0
222,11.5788404,48.1452656,519.0
223,11.5692943,48.1443372,522.0
224,11.5686510,48.1446165,520.0
225,11.5689891,48.1450248,522.0
226,11.5696601,48.1448211,522.0
227,11.5604310,48.1521822,520.0
228,11.5686070,48.1531849,517.0
229,11.5726259,48.1547379,520.0
230,11.5596666,48.1499550,519.0
231,11.5680381,48.1542923,519.0
232,11.5567119,48.1506705,522.0
233,11.5561887,48.1419864,531.0
234,11.5516597,48.1390368,526.0
235,11.5557095,48.1480635,524.0
236,11.5753851,48.1422891,528.0
237,11.5745213,48.1408165,529.0
238,11.5750136,48.1414390,521.0
239,11.5812563,48.1415125,518.0
240,11.5825027,48.1403831,518.0
241,11.5829731,48.1403445,518.0
242,11.5821583,48.1386991,521.0
243,11.5619330,48.1285535,526.0
244,11.5642766,48.1280966,527.0
245,11.5753402,48.1194881,518.0
246,11.5584277,48.1291031,526.0
247,11.5634633,48.1271432,527.0
248,11.5749958,48.1352964,518.0
249,11.5734009,48.1270776,516.0
250,11.5743952,48.1339949,518.0
251,11.5748968,48.1334099,518.0
252,11.5729458,48.1399746,529.0
253,11.5723580,48.1392684,531.0
254,11.5691435,48.1400170,521.0
255,11.5727503,48.1340357,519.0
256,11.5660554,48.1539228,520.0
257,11.5751781,48.1539980,518.0
258,11.5738274,48.1544041,518.0
259,11.5733706,48.1536989,518.0
260,11.5762589,48.1550139,517.0
261,11.5778277,48.1531258,514.0
262,11.5780304,48.1496775,519.0
263,11.5799805,48.1526610,518.0
264,11.5657524,48.1531626,520.0
265,11.5683285,48.1524255,517.0
266,11.5638441,48.1459623,525.0
267,11.5627419,48.1441849,518.0
268,11.5594881,48.1428140,521.0
269,11.5546115,48.1465276,525.0
270,11.5580628,48.1455347,524.0
271,11.5628845,48.1490475,519.0
272,11.5877404,48.1241032,538.0
273,11.5889901,48.1248465,538.0
274,11.5861455,48.1257466,530.0
275,11.5825171,48.1269391,517.0
276,11.5801340,48.1235920,516.0
277,11.5795723,48.1227481,521.0
278,11.5759996,48.1204223,518.0
279,11.5787943,48.1333855,526.0
280,11.5802451,48.1322930,523.0
281,11.5767013,48.1476155,520.0
282,11.5823273,48.1527323,517.0
283,11.5822880,48.1522075,517.0
284,11.5823507,48.1525513,517.0
285,11.5819050,48.1522837,517.0
286,11.5558549,48.1440212,524.0
287,11.5818238,48.1435296,514.0
288,11.5783681,48.1442751,519.0
289,11.5825727,48.1444857,517.0
290,11.5841182,48.1441737,514.0
291,11.5833051,48.1384795,521.0
292,11.5653047,48.1375698,527.0
293,11.5689180,48.1450046,522.0
294,11.5692086,48.1450429,522.0
295,11.5695437,48.1449386,522.0
296,11.5696984,48.1447102,522.0
297,11.5695432,48.1444337,522.0
298,11.5691230,48.1443295,522.0
299,11.5687673,48.1444563,522.0
300,11.5686375,48.1446791,520.0
301,11.5690762,48.1409408,521.0
302,11.5595575,48.1451220,520.0
303,11.5811000,48.1376213,524.0
304,11.5806830,48.1368879,520.0
305,11.5814249,48.1369250,521.0
306,11.5816504,48.1368109,521.0
307,11.5831115,48.1358724,521.0
308,11.5815748,48.1375712,521.0
309,11.5817287,48.1387829,521.0
310,11.5782012,48.1401349,522.0
311,11.5932107,48.1364449,517.0
312,11.5942603,48.1355805,526.0
313,11.5982710,48.1355892,526.0
314,11.5963731,48.1359085,532.0
315,11.5978968,48.1356300,532.0
316,11.6025002,48.1356805,525.0
317,11.5933390,48.1360141,517.0
318,11.5947318,48.1356241,526.0
319,11.5937416,48.1356938,517.0
320,11.5952840,48.1358695,526.0
321,11.5879476,48.1253814,531.0
322,11.5835275,48.1265475,516.0
323,11.5696919,48.1411646,521.0
324,11.5713079,48.1416679,521.0
325,11.5709366,48.1421939,521.0
326,11.5693509,48.1416911,526.0
327,11.5731132,48.1422402,524.0
328,11.5733616,48.1425414,524.0
329,11.5557310,48.1325130,524.0
330,11.5557775,48.1312314,527.0
331,11.5817696,48.1353311,518.0
332,11.5716559,48.1351309,519.0
333,11.5706648,48.1344906,522.0
334,11.5679311,48.1341030,524.0
335,11.5690622,48.1375213,526.0
336,11.5651451,48.1366256,524.0
337,11.5707082,48.1388051,526.0
338,11.5713783,48.1372517,525.0
339,11.5740951,48.1353976,518.0
340,11.5667411,48.1362738,525.0
341,11.5663856,48.1362560,524.0
342,11.5670287,48.1346830,524.0
343,11.5658325,48.1366404,524.0
344,11.5667324,48.1379345,530.0
345,11.5683986,48.1362946,525.0
346,11.5700608,48.1361256,522.0
347,11.5674606,48.1347475,524.0
348,11.5813913,48.1353144,518.0
349,11.5814840,48.1350523,518.0
350,11.5818751,48.1353156,518.0
351,11.5815356,48.1353634,518.0
352,11.5712108,48.1337332,519.0
353,11.5814133,48.1447218,517.0
354,11.5796155,48.1440750,520.0
355,11.5790494,48.1441279,519.0
356,11.5805333,48.1438063,520.0
357,11.5842173,48.1436911,516.0
358,11.5833384,48.1429935,516.0
359,11.5838175,48.1428894,516.0
360,11.5828027,48.1418784,514.0
361,11.5786437,48.1378772,524.0
362,11.5790859,48.1384713,524.0
363,11.5795937,48.1375977,524.0
364,11.5799449,48.1391224,524.0
365,11.5796596,48.1387853,524.0
366,11.5659447,48.1396282,523.0
367,11.5721721,48.1372842,525.0
368,11.5762909,48.1318756,526.0
369,11.5757392,48.1315354,526.0
370,11.5762725,48.1315155,526.0
371,11.5760760,48.1319494,526.0
372,11.5759141,48.1319418,526.0
373,11.5763447,48.1315745,526.0
374,11.5758615,48.1314743,526.0
375,11.5756453,48.1316923,526.0
376,11.5761517,48.1314664,526.0
377,11.5759913,48.1314521,526.0
378,11.5763910,48.1317435,526.0
379,11.5756654,48.1316199,526.0
380,11.5762080,48.1319187,526.0
381,11.5763931,48.1316686,526.0
382,11.5755828,48.1284223,521.0
383,11.5749072,48.1333265,517.0
384,11.5780511,48.1302657,519.0
385,11.5758933,48.1282167,521.0
386,11.5798636,48.1287956,518.0
387,11.5800595,48.1286224,518.0
388,11.5853082,48.1294060,519.0
389,11.5844237,48.1298595,519.0
390,11.5832609,48.1301853,522.0
391,11.5841518,48.1299723,519.0
392,11.5830420,48.1303849,522.0
393,11.5818151,48.1204408,536.0
394,11.5819782,48.1208239,536.0
395,11.5822571,48.1207683,536.0
396,11.5848506,48.1204269,536.0
397,11.5835670,48.1280198,517.0
398,11.5836370,48.1279063,517.0
399,11.5798908,48.1251739,519.0
400,11.5843242,48.1285293,517.0
401,11.5862153,48.1285211,517.0
402,11.5857748,48.1278335,517.0
403,11.5855588,48.1278138,517.0
404,11.5821407,48.1216120,529.0
405,11.5833575,48.1226130,537.0
406,11.5846085,48.1231275,520.0
407,11.5855350,48.1240281,534.0
408,11.5858167,48.1243755,534.0
409,11.5863832,48.1259935,530.0
410,11.5865229,48.1262250,530.0
411,11.5871313,48.1270948,517.0
412,11.5880024,48.1282896,528.0
413,11.5884412,48.1293016,524.0
414,11.5886005,48.1295878,524.0
415,11.5894603,48.1307877,524.0
416,11.5910481,48.1276214,533.0
417,11.5906501,48.1280680,533.0
418,11.5907374,48.1281156,533.0
419,11.5911579,48.1281975,533.0
420,11.5915264,48.1282480,533.0
421,11.5921489,48.1283807,534.0
422,11.5923808,48.1295401,533.0
423,11.5900974,48.1311600,533.0
424,11.5895662,48.1315724,519.0
425,11.5886409,48.1307170,524.0
426,11.5887077,48.1308869,524.0
427,11.5887365,48.1309486,524.0
428,11.5862046,48.1289505,517.0
429,11.5849865,48.1281214,517.0
430,11.5854090,48.1276034,517.0
431,11.5852285,48.1268315,516.0
432,11.5688324,48.1265303,519.0
433,11.5693165,48.1279988,522.0
434,11.5697693,48.1285204,522.0
435,11.5710500,48.1296093,520.0
436,11.5719178,48.1301621,520.0
437,11.5846453,48.1277644,517.0
438,11.5859182,48.1287435,517.0
439,11.5870456,48.1286945,517.0
440,11.5584013,48.1295309,525.0
441,11.5585032,48.1331350,525.0
442,11.5584791,48.1324807,525.0
443,11.5580593,48.1327417,525.0
444,11.5582107,48.1325860,525.0
445,11.5580734,48.1328894,525.0
446,11.5581924,48.1330199,525.0
447,11.5877965,48.1313352,519.0
448,11.5878090,48.1314246,519.0
449,11.5873994,48.1315077,516.0
450,11.5875819,48.1312170,524.0
451,11.5622780,48.1332376,527.0
452,11.5627868,48.1320312,523.0
453,11.5623022,48.1331048,527.0
454,11.5650381,48.1326774,529.0
455,11.5637956,48.1334176,523.0
456,11.5644904,48.1334905,523.0
457,11.5654565,48.1335928,524.0
458,11.5655770,48.1337707,524.0
459,11.5635694,48.1342145,523.0
460,11.5606549,48.1330538,527.0
461,11.5597737,48.1329571,525.0
462,11.5531883,48.1351705,523.0
463,11.5557939,48.1348976,530.0
464,11.5852398,48.1294430,519.0
465,11.5804782,48.1275766,518.0
466,11.5668006,48.1322566,525.0
467,11.5671745,48.1322629,525.0
468,11.5675625,48.1319086,525.0
469,11.5691158,48.1311610,526.0
470,11.5708062,48.1309915,526.0
471,11.5709097,48.1310463,520.0
472,11.5673314,48.1308208,521.0
473,11.5662815,48.1309107,524.0
474,11.5667248,48.1320736,525.0
475,11.5672742,48.1299539,521.0
476,11.5674393,48.1297306,521.0
477,11.5679750,48.1294556,521.0
478,11.5681676,48.1291387,522.0
479,11.5682388,48.1289651,522.0
480,11.5696766,48.1290502,522.0
481,11.5697372,48.1293465,526.0
482,11.5700109,48.1301180,526.0
483,11.5717620,48.1290450,521.0
484,11.5703633,48.1283309,522.0
485,11.5699616,48.1262758,519.0
486,11.5724893,48.1265921,521.0
487,11.5693055,48.1261056,519.0
488,11.5694126,48.1261231,519.0
489,11.5705246,48.1427680,526.0
490,11.5674729,48.1412212,526.0
491,11.5739675,48.1440937,529.0
492,11.5747282,48.1446623,529.0
493,11.5743811,48.1439144,529.0
494,11.5766212,48.1436568,528.0
495,11.5767010,48.1438276,519.0
496,11.5768734,48.1442157,519.0
497,11.5771087,48.1447806,519.0
498,11.5774646,48.1436704,521.0
499,11.5775867,48.1439182,519.0
500,11.5773663,48.1434518,521.0
501,11.5683861,48.1401434,526.0
502,11.5600334,48.1374272,524.0
503,11.5532191,48.1364034,523.0
504,11.5532572,48.1375166,526.0
505,11.5525210,48.1366676,523.0
506,11.5516178,48.1361015,522.0
507,11.5683324,48.1334980,524.0
508,11.5694066,48.1335183,522.0
509,11.5694009,48.1338345,522.0
510,11.5763997,48.1344358,520.0
511,11.5792851,48.1339267,521.0
512,11.5727338,48.1362551,525.0
513,11.5995325,48.1308278,534.0
514,11.5992953,48.1311210,534.0
515,11.5986701,48.1315521,535.0
516,11.5978347,48.1321147,526.0
517,11.5981916,48.1299429,534.0
518,11.5973058,48.1293523,531.0
519,11.5972277,48.1305991,531.0
520,11.5941012,48.1309484,530.0
521,11.5955889,48.1302692,530.0
522,11.5999087,48.1323054,535.0
523,11.5961572,48.1330700,526.0
524,11.5963726,48.1322905,526.0
525,11.5945784,48.1322799,533.0
526,11.5945696,48.1330275,533.0
527,11.6023531,48.1361508,525.0
528,11.5985021,48.1328495,535.0
529,11.5992194,48.1326152,535.0
530,11.5973395,48.1332939,526.0
531,11.5996928,48.1333258,535.0
532,11.5875386,48.1305542,524.0
533,11.5891550,48.1373582,519.0
534,11.5670729,48.1266587,523.0
535,11.5669573,48.1259738,523.0
536,11.5674161,48.1231507,525.0
537,11.5710479,48.1250706,521.0
538,11.5734487,48.1263428,516.0
539,11.5713160,48.1405197,525.0
540,11.5719205,48.1414922,525.0
541,11.5732644,48.1418451,524.0
542,11.5705373,48.1406472,521.0
543,11.5719182,48.1405029,525.0
544,11.5717782,48.1403108,525.0
545,11.5744609,48.1416120,529.0
546,11.5748040,48.1422798,524.0
547,11.5814958,48.1391385,521.0
548,11.5802997,48.1393855,524.0
549,11.5818728,48.1396341,518.0
550,11.5791971,48.1360346,520.0
551,11.5789474,48.1350746,526.0
552,11.5802296,48.1350005,521.0
553,11.5773788,48.1344254,526.0
554,11.5799869,48.1365495,520.0
555,11.5787365,48.1372089,521.0
556,11.5782863,48.1374214,521.0
557,11.5782273,48.1362019,521.0
558,11.5800392,48.1362007,520.0
559,11.5798036,48.1358817,520.0
560,11.5805076,48.1368092,520.0
561,11.5790801,48.1370750,521.0
562,11.5699710,48.1309293,526.0
563,11.5678846,48.1330601,525.0
564,11.5712067,48.1373718,525.0
565,11.5716333,48.1370558,525.0
566,11.5661374,48.1378599,527.0
567,11.5664679,48.1362895,524.0
568,11.5666600,48.1363093,524.0
569,11.5665573,48.1363117,524.0
570,11.5668323,48.1384606,530.0
571,11.5717038,48.1369978,525.0
572,11.5719108,48.1368392,525.0
573,11.5723948,48.1371037,525.0
574,11.5725102,48.1353274,519.0
575,11.5736535,48.1364102,530.0
576,11.5507107,48.1358614,522.0
577,11.5498820,48.1360456,524.0
578,11.5523821,48.1349248,523.0
579,11.5964321,48.1287674,533.0
580,11.5957957,48.1283365,532.0
581,11.5964148,48.1283400,533.0
582,11.5959190,48.1282826,533.0
583,11.5960857,48.1282569,533.0
584,11.5965547,48.1285366,533.0
585,11.5965425,48.1286327,533.0
586,11.5841704,48.1442804,514.0
587,11.5837759,48.1444021,514.0
588,11.5845891,48.1438734,514.0
589,11.5845599,48.1438079,514.0
590,11.5814909,48.1447601,517.0
591,11.5826328,48.1445288,517.0
592,11.5873334,48.1433101,518.0
593,11.5870900,48.1433319,518.0
594,11.5768789,48.1456707,519.0
595,11.5768750,48.1455712,519.0
596,11.5646975,48.1462200,519.0
597,11.5645310,48.1463324,525.0
598,11.5639044,48.1462658,525.0
599,11.5638107,48.1461222,525.0
600,11.5638169,48.1460985,525.0
601,11.5644057,48.1457734,518.0
602,11.5641351,48.1457852,518.0
603,11.5647633,48.1460595,519.0
604,11.5646440,48.1458566,519.0
605,11.5555562,48.1315350,524.0
606,11.5610734,48.1410348,524.0
607,11.5605350,48.1417645,524.0
608,11.5573819,48.1504334,522.0
609,11.5571683,48.1501318,522.0
610,11.5709141,48.1516934,518.0
611,11.5680934,48.1533374,517.0
612,11.5756238,48.1538628,518.0
613,11.5584568,48.1297926,525.0
614,11.5577889,48.1508829,522.0
615,11.5581232,48.1502577,522.0
616,11.5587614,48.1475789,520.0
617,11.5573673,48.1502018,522.0
618,11.5591814,48.1464947,520.0
619,11.5587097,48.1482200,519.0
620,11.5579010,48.1455959,524.0
621,11.5584655,48.1462625,520.0
622,11.5609670,48.1401748,524.0
623,11.5568502,48.1436468,525.0
624,11.5564224,48.1428233,525.0
625,11.5560535,48.1419979,531.0
626,11.5559523,48.1391434,525.0
627,11.5615735,48.1420931,524.0
628,11.5617100,48.1424924,524.0
629,11.5788831,48.1453592,519.0
630,11.5778679,48.1455781,519.0
631,11.5770298,48.1457428,519.0
632,11.5773788,48.1455440,519.0
633,11.5770534,48.1455154,519.0
634,11.5733489,48.1460982,518.0
635,11.5736183,48.1459352,518.0
636,11.5737554,48.1458953,518.0
637,11.5733359,48.1462501,518.0
638,11.5733744,48.1459478,518.0
639,11.5734961,48.1458959,518.0
640,11.5742571,48.1456782,529.0
641,11.5728413,48.1462515,517.0
642,11.5732018,48.1461906,518.0
643,11.5758927,48.1456367,519.0
644,11.5751810,48.1455078,519.0
645,11.5751306,48.1453967,519.0
646,11.5746377,48.1454275,529.0
647,11.5746966,48.1453034,529.0
648,11.5829735,48.1415363,518.0
649,11.5831013,48.1412364,518.0
650,11.5831264,48.1407997,518.0
651,11.5834746,48.1440200,514.0
652,11.5829092,48.1411443,518.0
653,11.5829896,48.1412923,518.0
654,11.5842650,48.1437953,514.0
655,11.5842811,48.1441779,514.0
656,11.5840443,48.1443382,514.0
657,11.5839579,48.1442710,514.0
658,11.5841737,48.1441141,514.0
659,11.5847629,48.1393790,517.0
660,11.5779073,48.1210739,516.0
661,11.5818241,48.1249937,519.0
662,11.5813954,48.1279151,517.0
663,11.5798578,48.1235136,516.0
664,11.5801244,48.1237905,516.0
665,11.5523652,48.1367030,523.0
666,11.5652112,48.1374876,524.0
667,11.5665918,48.1401257,523.0
668,11.5662919,48.1398961,523.0
669,11.5678041,48.1404954,526.0
670,11.5680248,48.1402882,526.0
671,11.5655624,48.1422825,528.0
672,11.5660638,48.1417717,528.0
673,11.5663648,48.1405181,523.0
674,11.5598516,48.1427043,521.0
675,11.5618485,48.1419193,524.0
676,11.5570837,48.1436964,525.0
677,11.5569232,48.1437560,524.0
678,11.5613996,48.1420514,524.0
679,11.5615320,48.1419996,524.0
680,11.5602583,48.1425054,521.0
681,11.6008680,48.1417632,527.0
682,11.5644521,48.1216019,520.0
683,11.5658788,48.1230725,521.0
684,11.5486693,48.1361143,524.0
685,11.5494298,48.1364020,524.0
686,11.5497352,48.1369070,524.0
687,11.5495930,48.1369839,524.0
688,11.5492586,48.1364667,524.0
689,11.5487566,48.1361575,524.0
690,11.5870373,48.1342438,522.0
691,11.5863078,48.1335444,522.0
692,11.5841731,48.1399313,516.0
693,11.5846440,48.1393529,517.0
694,11.5846315,48.1388104,517.0
695,11.5849105,48.1391620,517.0
696,11.5849158,48.1390709,517.0
697,11.5846325,48.1381868,517.0
698,11.5838133,48.1359942,517.0
699,11.5823589,48.1348969,518.0
700,11.5819083,48.1347521,518.0
701,11.5558698,48.1398190,519.0
702,11.5559864,48.1398107,519.0
703,11.5677714,48.1396504,526.0
704,11.5756778,48.1444649,519.0
705,11.5778970,48.1433002,521.0
706,11.5781526,48.1438445,519.0
707,11.5748312,48.1225715,516.0
708,11.5560807,48.1421070,531.0
709,11.5562352,48.1421015,531.0
710,11.5611256,48.1413173,524.0
711,11.5569087,48.1419094,525.0
712,11.5556137,48.1421736,531.0
713,11.5556060,48.1420716,531.0
714,11.5559325,48.1440764,524.0
715,11.5646820,48.1496500,522.0
716,11.5660509,48.1492624,522.0
717,11.5634916,48.1499957,519.0
718,11.5654756,48.1507815,518.0
719,11.5620179,48.1399840,524.0
720,11.5624753,48.1406174,524.0
721,11.5612353,48.1401730,524.0
722,11.5943082,48.1280888,532.0
723,11.5679881,48.1250193,523.0
724,11.5691054,48.1258300,519.0
725,11.5555067,48.1323135,524.0
726,11.5535390,48.1328696,514.0
727,11.5529133,48.1293475,524.0
728,11.5535335,48.1311259,524.0
729,11.5531940,48.1340040,523.0
730,11.5759799,48.1518608,521.0
731,11.5757761,48.1530078,518.0
732,11.5765445,48.1527834,518.0
733,11.5487198,48.1376244,526.0
734,11.5489882,48.1383319,526.0
735,11.5624396,48.1394051,532.0
736,11.5623155,48.1381196,532.0
737,11.5507207,48.1443463,524.0
738,11.5563277,48.1449268,524.0
739,11.5562336,48.1452828,524.0
740,11.5566468,48.1459598,523.0
741,11.5522468,48.1472375,523.0
742,11.5510254,48.1456550,524.0
743,11.5594526,48.1415109,527.0
744,11.5631177,48.1415108,534.0
745,11.5549931,48.1443182,524.0
746,11.5973821,48.1335971,532.0
747,11.5990789,48.1323381,535.0
748,11.5983374,48.1371238,526.0
749,11.5967944,48.1373022,532.0
750,11.5984817,48.1419094,528.0
751,11.5985149,48.1411318,526.0
752,11.5983702,48.1410889,526.0
753,11.5960930,48.1335173,532.0
754,11.5963241,48.1339025,532.0
755,11.5962067,48.1336533,532.0
756,11.5958864,48.1346120,532.0
757,11.5938382,48.1326775,533.0
758,11.5935263,48.1322772,534.0
759,11.5960601,48.1311670,531.0
760,11.5991459,48.1344820,528.0
761,11.5488360,48.1390405,526.0
762,11.5840653,48.1454595,514.0
763,11.5845935,48.1352697,521.0
764,11.5847540,48.1354556,517.0
765,11.5848772,48.1353903,521.0
766,11.5857049,48.1353751,522.0
767,11.5860960,48.1415173,515.0
768,11.5905937,48.1408769,518.0
769,11.5912415,48.1407864,518.0
770,11.5907634,48.1393135,521.0
771,11.5902850,48.1387015,521.0
772,11.5927810,48.1405521,517.0
773,11.5791829,48.1460266,519.0
774,11.5810289,48.1386367,524.0
775,11.5807113,48.1383602,524.0
776,11.5788820,48.1393265,524.0
777,11.5795803,48.1363836,520.0
778,11.5782880,48.1364558,521.0
779,11.5784130,48.1368442,521.0
780,11.5762753,48.1335757,520.0
781,11.5749958,48.1343848,518.0
782,11.5686864,48.1391207,530.0
783,11.5692204,48.1361509,522.0
784,11.5696338,48.1362598,522.0
785,11.5722733,48.1371950,525.0
786,11.5717950,48.1369247,525.0
787,11.5744651,48.1554071,518.0
788,11.5742201,48.1525027,518.0
789,11.5728786,48.1528955,516.0
790,11.5690212,48.1549516,519.0
791,11.5631229,48.1527183,518.0
792,11.5723795,48.1521186,516.0
793,11.5719416,48.1514087,518.0
794,11.5817344,48.1501826,517.0
795,11.5820332,48.1504535,517.0
796,11.5831978,48.1502490,517.0
797,11.5839973,48.1501461,515.0
798,11.5845168,48.1500692,515.0
799,11.5876198,48.1532670,510.0
800,11.5851744,48.1539020,518.0
801,11.5868569,48.1528813,515.0
802,11.5858701,48.1524321,515.0
803,11.5856262,48.1522633,515.0
804,11.5852386,48.1516434,515.0
805,11.5850128,48.1510546,515.0
806,11.5846700,48.1504374,515.0
807,11.5826038,48.1456166,517.0
808,11.5847673,48.1492177,518.0
809,11.5846366,48.1495675,518.0
810,11.5830682,48.1543171,518.0
811,11.5829560,48.1540817,517.0
812,11.5807046,48.1545141,518.0
813,11.5853551,48.1519510,515.0
814,11.5824194,48.1503722,517.0
815,11.5810941,48.1501162,520.0
816,11.5959884,48.1476254,509.0
817,11.5951675,48.1439207,515.0
818,11.5953899,48.1475318,514.0
819,11.5945749,48.1465618,514.0
820,11.5886220,48.1349546,509.0
821,11.5879363,48.1352006,509.0
822,11.5887740,48.1351595,509.0
823,11.5890787,48.1355208,519.0
824,11.5901732,48.1364825,509.0
825,11.5904908,48.1362990,509.0
826,11.5892238,48.1369070,519.0
827,11.5863730,48.1318424,516.0
828,11.5858137,48.1320123,516.0
829,11.5618388,48.1251039,527.0
830,11.5641001,48.1243502,520.0
831,11.5937728,48.1455823,515.0
832,11.5536262,48.1300034,524.0
833,11.5537684,48.1295243,524.0
834,11.5539941,48.1291899,524.0
835,11.5544417,48.1288630,528.0
836,11.5549947,48.1286806,528.0
837,11.5616086,48.1275969,526.0
838,11.5657398,48.1249922,521.0
839,11.5659880,48.1252828,523.0
840,11.5665644,48.1256533,523.0
841,11.5666572,48.1258198,523.0
842,11.5654737,48.1238543,521.0
843,11.5608805,48.1254333,527.0
844,11.5617638,48.1280874,526.0
845,11.5560681,48.1282517,528.0
846,11.5535620,48.1301603,524.0
847,11.5771561,48.1464437,521.0
848,11.5773416,48.1457938,519.0
849,11.5770522,48.1468559,520.0
850,11.5717250,48.1529453,516.0
851,11.5719509,48.1529925,516.0
852,11.5721347,48.1532805,516.0
853,11.5720608,48.1534194,516.0
854,11.5984620,48.1438904,525.0
855,11.6011234,48.1421000,527.0
856,11.6013875,48.1420525,527.0
857,11.5985381,48.1443794,525.0
858,11.5987505,48.1448341,525.0
859,11.5851596,48.1426334,516.0
860,11.5847668,48.1416173,516.0
861,11.5847797,48.1412772,516.0
862,11.5847833,48.1414433,516.0
863,11.5859927,48.1423152,518.0
864,11.6016961,48.1387296,528.0
865,11.6025211,48.1387156,523.0
866,11.6014803,48.1395843,531.0
867,11.6014481,48.1402548,531.0
868,11.5740088,48.1521736,518.0
869,11.5768897,48.1517108,521.0
870,11.5763455,48.1539608,518.0
871,11.5781887,48.1537056,514.0
872,11.5773824,48.1474149,521.0
873,11.5773599,48.1456811,519.0
874,11.5714891,48.1529987,516.0
875,11.5720860,48.1531324,516.0
876,11.5718305,48.1535235,516.0
877,11.5540006,48.1276324,524.0
878,11.5532737,48.1280451,524.0
879,11.5542186,48.1274899,528.0
880,11.5564507,48.1491142,528.0
881,11.5930431,48.1313695,534.0
882,11.5913149,48.1319983,528.0
883,11.5821569,48.1336897,518.0
884,11.5748623,48.1280678,516.0
885,11.5745706,48.1280074,516.0
886,11.5742721,48.1279165,516.0
887,11.5862327,48.1358832,524.0
888,11.5889519,48.1400853,519.0
889,11.5880956,48.1384588,519.0
890,11.5877230,48.1388014,519.0
891,11.5874285,48.1394580,518.0
892,11.5925162,48.1397862,517.0
893,11.5923522,48.1395627,514.0
894,11.5916696,48.1389822,514.0
895,11.5912287,48.1381774,521.0
896,11.5737114,48.1274576,516.0
897,11.5738238,48.1272968,516.0
898,11.5675463,48.1296700,521.0
899,11.5679973,48.1300757,521.0
900,11.5672710,48.1291470,522.0
901,11.5672842,48.1283048,522.0
902,11.5668230,48.1261276,523.0
903,11.5647878,48.1309740,524.0
904,11.5657203,48.1307553,524.0
905,11.5641542,48.1298804,525.0
906,11.5621627,48.1292947,526.0
907,11.5624265,48.1298988,526.0
908,11.5631884,48.1283131,527.0
909,11.5625083,48.1305125,525.0
910,11.5625207,48.1311214,525.0
911,11.5609631,48.1294627,526.0
912,11.5609994,48.1240858,523.0
913,11.5625926,48.1225945,520.0
914,11.5636695,48.1319647,523.0
915,11.5664628,48.1313356,529.0
916,11.5661288,48.1306566,524.0
917,11.5623169,48.1313615,527.0
918,11.5599541,48.1302607,525.0
919,11.5671943,48.1295868,521.0
920,11.5685059,48.1244915,525.0
921,11.5700356,48.1253121,519.0
922,11.5706637,48.1283680,522.0
923,11.5557907,48.1346326,530.0
924,11.5534739,48.1338066,523.0
925,11.5873865,48.1432970,518.0
926,11.5938096,48.1403921,514.0
927,11.5934067,48.1420689,515.0
928,11.5871134,48.1394983,518.0
929,11.5866861,48.1401093,515.0
930,11.5870151,48.1392884,518.0
931,11.5867521,48.1383392,518.0
932,11.5850595,48.1393748,517.0
933,11.5897906,48.1409913,518.0
934,11.6021075,48.1403004,530.0
935,11.5959650,48.1481431,511.0
936,11.5960844,48.1478204,509.0
937,11.5912384,48.1327258,528.0
938,11.5912573,48.1322359,528.0
939,11.5924904,48.1296329,533.0
940,11.5902121,48.1312200,533.0
941,11.5895995,48.1317134,528.0
942,11.5938545,48.1287028,532.0
943,11.5944520,48.1282993,532.0
944,11.5894883,48.1317862,519.0
945,11.5889540,48.1316919,519.0
946,11.5874480,48.1316171,516.0
947,11.5872478,48.1316512,516.0
948,11.5865749,48.1317912,516.0
949,11.5894271,48.1317634,519.0
950,11.5849432,48.1323689,517.0
951,11.5852519,48.1322351,517.0
952,11.5829096,48.1339272,518.0
953,11.5836131,48.1330423,517.0
954,11.5837666,48.1329345,517.0
955,11.5952026,48.1263309,533.0
956,11.5853539,48.1341956,521.0
957,11.5874511,48.1346669,522.0
958,11.5881047,48.1354000,509.0
959,11.5834973,48.1349662,521.0
960,11.5809048,48.1369423,520.0
961,11.5820080,48.1374059,521.0
962,11.5807823,48.1367017,520.0
963,11.5810799,48.1364470,520.0
964,11.5816703,48.1360838,521.0
965,11.5823510,48.1356746,521.0
966,11.5832829,48.1366966,521.0
967,11.5832410,48.1346517,518.0
968,11.5829575,48.1353913,518.0
969,11.5726002,48.1451159,521.0
970,11.5730740,48.1458637,518.0
971,11.5944835,48.1454012,515.0
972,11.5941392,48.1440501,515.0
973,11.5940388,48.1473972,514.0
974,11.5945840,48.1478975,514.0
975,11.5586720,48.1265548,528.0
976,11.5663940,48.1340497,524.0
977,11.5667201,48.1335162,524.0
978,11.5667460,48.1334771,524.0
979,11.5670796,48.1324502,525.0
980,11.5670067,48.1323349,525.0
981,11.5670876,48.1271417,522.0
982,11.5675477,48.1278108,522.0
983,11.5669527,48.1260021,523.0
984,11.5667892,48.1258530,523.0
985,11.5657919,48.1264822,523.0
986,11.5671160,48.1278276,522.0
987,11.5664768,48.1270311,523.0
988,11.5741359,48.1273717,516.0
989,11.5746062,48.1269460,516.0
990,11.5728949,48.1268108,521.0
991,11.5639003,48.1212429,520.0
992,11.5899747,48.1239248,533.0
993,11.5911118,48.1236455,533.0
994,11.5918084,48.1260935,533.0
995,11.5925425,48.1265738,533.0
996,11.5734338,48.1221524,516.0
997,11.5778791,48.1262277,519.0
998,11.5772927,48.1258258,519.0
999,11.5764193,48.1252444,514.0
1000,11.5760836,48.1248054,525.0
1001,11.5749902,48.1234383,525.0
1002,11.5746401,48.1230504,525.0
1003,11.5757635,48.1228092,518.0
1004,11.5781404,48.1230854,519.0
1005,11.5761795,48.1230408,525.0
1006,11.5741619,48.1226273,516.0
1007,11.5738931,48.1224366,516.0
1008,11.5761226,48.1205305,518.0
1009,11.5758561,48.1201946,518.0
1010,11.5763633,48.1206047,518.0
1011,11.5762918,48.1208935,518.0
1012,11.5763766,48.1208997,518.0
1013,11.5756962,48.1230711,525.0
1014,11.5782799,48.1232138,519.0
1015,11.5787652,48.1235885,519.0
1016,11.5793925,48.1244564,516.0
1017,11.5757721,48.1207092,518.0
1018,11.5784376,48.1195172,524.0
1019,11.5796843,48.1201047,529.0
1020,11.5799029,48.1203182,529.0
1021,11.5800506,48.1205364,529.0
1022,11.5802960,48.1214094,521.0
1023,11.5799188,48.1214845,521.0
1024,11.5882590,48.1239577,538.0
1025,11.5889086,48.1237629,538.0
1026,11.5897844,48.1235517,533.0
1027,11.5883638,48.1226295,532.0
1028,11.5927880,48.1238892,533.0
1029,11.5927877,48.1254383,533.0
1030,11.5927799,48.1261811,533.0
1031,11.5927381,48.1263764,533.0
1032,11.5789846,48.1268867,519.0
1033,11.5799721,48.1273237,518.0
1034,11.5817425,48.1263694,517.0
1035,11.5807404,48.1257348,519.0
1036,11.5795870,48.1228872,521.0
1037,11.5796398,48.1228402,521.0
1038,11.5807163,48.1240598,516.0
1039,11.5805458,48.1215473,521.0
1040,11.5783588,48.1251139,519.0
1041,11.5786136,48.1234617,519.0
1042,11.5723387,48.1267538,521.0
1043,11.5727931,48.1268498,521.0
1044,11.5759579,48.1231864,525.0
1045,11.5758393,48.1204281,518.0
1046,11.5757309,48.1204866,518.0
1047,11.5758650,48.1206544,518.0
1048,11.5810569,48.1216420,521.0
1049,11.5794798,48.1211428,521.0
1050,11.5797950,48.1243252,516.0
1051,11.5799337,48.1245595,516.0
1052,11.5826939,48.1257916,517.0
1053,11.5821032,48.1375121,521.0
1054,11.5811166,48.1383174,524.0
1055,11.5834393,48.1347657,521.0
1056,11.5944205,48.1259682,533.0
1057,11.5940430,48.1258106,533.0
1058,11.5939020,48.1254111,533.0
1059,11.5902277,48.1230069,533.0
1060,11.5906676,48.1253827,535.0
1061,11.5947021,48.1260678,533.0
1062,11.5952516,48.1262370,533.0
1063,11.5906069,48.1255522,535.0
1064,11.5902960,48.1223920,531.0
1065,11.5902419,48.1234515,533.0
1066,11.5869196,48.1229781,534.0
1067,11.5879481,48.1242634,538.0
1068,11.5880577,48.1247625,538.0
1069,11.5870699,48.1256037,530.0
1070,11.5886774,48.1250842,531.0
1071,11.5718189,48.1439289,521.0
1072,11.5622315,48.1480750,519.0
1073,11.5680120,48.1476037,518.0
1074,11.5719385,48.1489626,516.0
1075,11.5705850,48.1468858,518.0
1076,11.5842010,48.1236792,520.0
1077,11.5834109,48.1242691,520.0
1078,11.5848110,48.1261332,516.0
1079,11.5732692,48.1239702,525.0
1080,11.5844099,48.1270440,516.0
1081,11.5842892,48.1268287,516.0
1082,11.5848187,48.1268033,516.0
1083,11.5850272,48.1260630,516.0
1084,11.5852111,48.1263601,516.0
1085,11.5845322,48.1262222,516.0
1086,11.5841285,48.1271547,517.0
1087,11.5839525,48.1264073,516.0
1088,11.5872189,48.1290589,517.0
1089,11.5876544,48.1307967,524.0
1090,11.5848547,48.1276994,517.0
1091,11.5862612,48.1274462,517.0
1092,11.5884067,48.1246823,538.0
1093,11.5933702,48.1261901,533.0
1094,11.5937703,48.1260465,533.0
1095,11.5652645,48.1224844,523.0
1096,11.5657027,48.1222231,523.0
1097,11.5650717,48.1227241,523.0
1098,11.5673269,48.1232225,525.0
1099,11.5670139,48.1236985,525.0
1100,11.5671665,48.1237789,525.0
1101,11.5810444,48.1243806,516.0
1102,11.5852695,48.1270606,516.0
1103,11.5733767,48.1420640,524.0
1104,11.5777206,48.1376910,524.0
1105,11.5763758,48.1411575,521.0
1106,11.5887498,48.1328467,519.0
1107,11.5651841,48.1359452,524.0
1108,11.5561592,48.1418234,531.0
1109,11.5787007,48.1449878,519.0
1110,11.5832225,48.1416050,518.0
1111,11.5687571,48.1412756,521.0
1112,11.5708728,48.1358182,525.0
1113,11.5711520,48.1355993,525.0
1114,11.5721068,48.1352556,519.0
1115,11.5680808,48.1357680,525.0
1116,11.5847961,48.1393467,517.0
1117,11.5869792,48.1397860,515.0
1118,11.5559543,48.1324836,524.0
1119,11.5947474,48.1465457,514.0
1120,11.5798602,48.1491730,521.0
1121,11.5822355,48.1404796,518.0
1122,11.5809151,48.1408043,517.0
1123,11.5804990,48.1398599,517.0
1124,11.5807561,48.1404625,517.0
1125,11.5824454,48.1412513,518.0
1126,11.5826646,48.1404327,518.0
1127,11.5478743,48.1391836,532.0
1128,11.5477928,48.1390735,532.0
1129,11.5700601,48.1507764,520.0
1130,11.5821243,48.1199937,536.0
1131,11.5927856,48.1433470,515.0
1132,11.5953642,48.1484587,509.0
1133,11.5876797,48.1533412,510.0
1134,11.5531925,48.1360646,523.0
1135,11.5699332,48.1486223,521.0
1136,11.5703480,48.1485075,521.0
1137,11.5691195,48.1488582,521.0
1138,11.5712023,48.1482758,516.0
1139,11.5885535,48.1246012,538.0
1140,11.5820054,48.1210829,529.0
1141,11.5663077,48.1365715,524.0
1142,11.5706727,48.1338760,522.0
1143,11.5768701,48.1344276,520.0
1144,11.5801018,48.1495686,521.0
1145,11.5800950,48.1496604,521.0
1146,11.5800859,48.1497914,521.0
1147,11.5800662,48.1498716,521.0
1148,11.5799417,48.1499394,521.0
1149,11.5798713,48.1500247,520.0
1150,11.5799858,48.1503207,520.0
1151,11.5800510,48.1504750,520.0
1152,11.5799122,48.1512993,520.0
1153,11.5804930,48.1511700,520.0
1154,11.5796635,48.1512152,520.0
1155,11.5794159,48.1508262,520.0
1156,11.5793757,48.1507608,520.0
1157,11.5798249,48.1505189,520.0
1158,11.5799595,48.1505088,520.0
1159,11.5805972,48.1504290,520.0
1160,11.5806992,48.1511229,520.0
1161,11.5819902,48.1508205,517.0
1162,11.5805140,48.1499590,521.0
1163,11.5798726,48.1500865,520.0
1164,11.5797301,48.1501146,520.0
1165,11.5803138,48.1499886,521.0
1166,11.5800573,48.1497508,521.0
1167,11.5793412,48.1506484,520.0
1168,11.5802007,48.1509441,520.0
1169,11.5800968,48.1507610,520.0
1170,11.5801679,48.1499428,521.0
1171,11.5799069,48.1501249,520.0
1172,11.5949229,48.1356848,526.0
1173,11.5884354,48.1316713,519.0
1174,11.5884960,48.1317654,519.0
1175,11.5890556,48.1318183,519.0
1176,11.5928947,48.1366423,517.0
1177,11.5956176,48.1359649,526.0
1178,11.5950942,48.1357619,526.0
1179,11.5945195,48.1355885,526.0
1180,11.5940000,48.1356166,526.0
1181,11.5935309,48.1358141,517.0
1182,11.5932219,48.1362930,517.0
1183,11.5818151,48.1406462,518.0
1184,11.5826004,48.1412113,518.0
1185,11.5934202,48.1359124,517.0
1186,11.5825780,48.1404400,518.0
1187,11.5776923,48.1426719,521.0
1188,11.5778273,48.1429528,521.0
1189,11.5777979,48.1427940,521.0
1190,11.5978629,48.1354255,532.0
1191,11.5806353,48.1508302,520.0
1192,11.5811092,48.1510873,520.0
1193,11.5807016,48.1509014,520.0
1194,11.5805626,48.1505176,520.0
1195,11.5807322,48.1502736,520.0
1196,11.5814502,48.1501043,517.0
1197,11.5819474,48.1503290,517.0
1198,11.5820636,48.1506397,517.0
1199,11.5819171,48.1509009,517.0
1200,11.5818864,48.1516737,517.0
1201,11.5804983,48.1529783,518.0
1202,11.5807415,48.1280475,518.0
1203,11.5794972,48.1291098,518.0
1204,11.5963015,48.1483166,511.0
1205,11.5938976,48.1257170,533.0
1206,11.5676680,48.1419784,521.0
1207,11.5582578,48.1502639,522.0
1208,11.5837042,48.1444190,514.0
1209,11.5832712,48.1444280,517.0
1210,11.5874614,48.1434981,518.0
1211,11.5926507,48.1466152,513.0
1212,11.5919295,48.1471013,513.0
1213,11.5920502,48.1470309,513.0
1214,11.5930201,48.1461260,513.0
1215,11.5932231,48.1461671,513.0
1216,11.5874745,48.1435354,518.0
1217,11.5852009,48.1447401,514.0
1218,11.5868344,48.1444358,515.0
1219,11.5870892,48.1443277,515.0
1220,11.5872044,48.1442975,515.0
1221,11.5638632,48.1318556,523.0
1222,11.5978521,48.1342524,532.0
1223,11.5848927,48.1323245,517.0
1224,11.5934232,48.1278413,534.0
1225,11.5930657,48.1279510,534.0
1226,11.5920197,48.1283516,534.0
1227,11.5799704,48.1491429,521.0
1228,11.5734521,48.1509801,519.0
1229,11.5709873,48.1516731,518.0
1230,11.5677062,48.1526046,517.0
1231,11.5659773,48.1530994,520.0
1232,11.5640417,48.1487239,519.0
1233,11.5631984,48.1473766,525.0
1234,11.5634414,48.1473110,525.0
1235,11.5629261,48.1464692,525.0
1236,11.5603761,48.1519807,524.0
1237,11.5603347,48.1520422,524.0
1238,11.5602243,48.1520877,522.0
1239,11.5601434,48.1520948,522.0
1240,11.5807384,48.1525007,518.0
1241,11.5807903,48.1525998,518.0
1242,11.5808094,48.1527459,518.0
1243,11.5807534,48.1528345,518.0
1244,11.5806678,48.1529053,518.0
1245,11.5806146,48.1529350,518.0
1246,11.5805468,48.1529643,518.0
1247,11.5799832,48.1530882,518.0
1248,11.5798626,48.1530957,518.0
1249,11.5797383,48.1530853,518.0
1250,11.5796556,48.1530646,518.0
1251,11.5795319,48.1530032,518.0
1252,11.5794659,48.1529468,518.0
1253,11.5794124,48.1528832,518.0
1254,11.5793659,48.1527932,518.0
1255,11.5835182,48.1331390,517.0
1256,11.5893723,48.1322531,519.0
1257,11.5889729,48.1326393,519.0
1258,11.5886933,48.1322104,519.0
1259,11.5896908,48.1340434,525.0
1260,11.5903084,48.1338436,525.0
1261,11.5892900,48.1323480,519.0
1262,11.5891716,48.1324527,519.0
1263,11.5973035,48.1411539,523.0
1264,11.5980869,48.1409989,526.0
1265,11.5979922,48.1389518,526.0
1266,11.5886918,48.1320921,519.0
1267,11.5877829,48.1316246,519.0
1268,11.5908451,48.1325939,528.0
1269,11.5931632,48.1358040,517.0
1270,11.5929857,48.1356144,517.0
1271,11.5927391,48.1353838,526.0
1272,11.5884119,48.1310692,524.0
1273,11.5881299,48.1312038,524.0
1274,11.5888282,48.1298995,524.0
1275,11.5882961,48.1289488,528.0
1276,11.5984189,48.1409321,526.0
1277,11.5986507,48.1409956,526.0
1278,11.5861845,48.1254867,530.0
1279,11.5885942,48.1319582,519.0
1280,11.5981750,48.1411938,526.0
1281,11.5975489,48.1413172,523.0
1282,11.5984768,48.1422335,528.0
1283,11.5971486,48.1415231,523.0
1284,11.5964342,48.1424251,519.0
1285,11.5966299,48.1425148,519.0
1286,11.5970279,48.1424908,519.0
1287,11.5972746,48.1422423,519.0
1288,11.5958792,48.1347270,532.0
1289,11.5796390,48.1339642,521.0
1290,11.5806175,48.1333103,523.0
1291,11.5816572,48.1313481,519.0
1292,11.5951180,48.1278406,532.0
1293,11.5791599,48.1350815,526.0
1294,11.5671824,48.1272886,522.0
1295,11.5668569,48.1274401,522.0
1296,11.5597923,48.1289459,526.0
1297,11.5912124,48.1258162,535.0
1298,11.5944410,48.1255053,533.0
1299,11.5942173,48.1254564,533.0
1300,11.5779458,48.1362640,521.0
1301,11.5731532,48.1337422,518.0
1302,11.5742866,48.1329504,517.0
1303,11.5737044,48.1325347,517.0
1304,11.5847746,48.1381574,517.0
1305,11.5811524,48.1414010,517.0
1306,11.5791667,48.1416131,517.0
1307,11.5791011,48.1414634,522.0
1308,11.5815344,48.1343349,518.0
1309,11.5815134,48.1346623,518.0
1310,11.5814422,48.1347766,518.0
1311,11.5801619,48.1346947,521.0
1312,11.5792490,48.1345475,521.0
1313,11.5796224,48.1346036,521.0
1314,11.5796289,48.1345394,521.0
1315,11.5800616,48.1346348,521.0
1316,11.5800526,48.1345830,521.0
1317,11.5843145,48.1382865,517.0
1318,11.5822263,48.1351068,518.0
1319,11.5832136,48.1412279,518.0
1320,11.5833619,48.1415921,516.0
1321,11.5849119,48.1393793,517.0
1322,11.5893436,48.1368694,519.0
1323,11.5628234,48.1333046,523.0
1324,11.5629673,48.1318169,523.0
1325,11.5584609,48.1296869,525.0
1326,11.5558454,48.1284606,528.0
1327,11.5540999,48.1275706,524.0
1328,11.5780104,48.1380625,524.0
1329,11.5783246,48.1384728,524.0
1330,11.5771804,48.1386155,524.0
1331,11.5786815,48.1379283,524.0
1332,11.5824296,48.1521833,517.0
1333,11.5825388,48.1521666,517.0
1334,11.5838754,48.1519301,515.0
1335,11.5845286,48.1518201,515.0
1336,11.5852583,48.1517129,515.0
1337,11.5943211,48.1254771,533.0
1338,11.5942423,48.1253736,533.0
1339,11.5942871,48.1252129,533.0
1340,11.5942692,48.1249700,531.0
1341,11.5942136,48.1244066,531.0
1342,11.5938147,48.1244057,531.0
1343,11.5936945,48.1243198,533.0
1344,11.5931502,48.1243173,533.0
1345,11.5917546,48.1301064,533.0
1346,11.5949534,48.1266638,533.0
1347,11.5951333,48.1261994,533.0
1348,11.5649967,48.1409367,523.0
1349,11.5716548,48.1532535,516.0
1350,11.5714261,48.1533187,516.0
1351,11.5687924,48.1449448,522.0
1352,11.5919050,48.1273601,534.0
1353,11.5913431,48.1264594,535.0
1354,11.5924423,48.1264868,533.0
1355,11.5863962,48.1257064,530.0
1356,11.5751064,48.1417205,528.0
1357,11.6027624,48.1370776,525.0
1358,11.6024044,48.1370517,525.0
1359,11.6021372,48.1370097,525.0
1360,11.5927808,48.1261997,533.0
1361,11.5946436,48.1306793,530.0
1362,11.5931759,48.1313182,534.0
1363,11.5937262,48.1311012,533.0
1364,11.5819830,48.1368919,521.0
1365,11.5827939,48.1366288,521.0
1366,11.5826220,48.1361900,521.0
1367,11.5832124,48.1366123,521.0
1368,11.5816693,48.1371289,521.0
1369,11.5779472,48.1379599,524.0
1370,11.5745250,48.1422373,524.0
1371,11.5739426,48.1426596,524.0
1372,11.5809098,48.1246107,516.0
1373,11.5819724,48.1229756,519.0
1374,11.5821450,48.1224965,529.0
1375,11.5704671,48.1366315,522.0
1376,11.5923239,48.1295006,533.0
1377,11.5962587,48.1282752,533.0
1378,11.5964980,48.1284114,533.0
1379,11.5912460,48.1283144,533.0
1380,11.5920972,48.1293151,533.0
1381,11.5849747,48.1205652,536.0
1382,11.5927870,48.1235609,533.0
1383,11.5885358,48.1222187,532.0
1384,11.5902861,48.1224509,531.0
1385,11.5889304,48.1249080,538.0
1386,11.5928238,48.1270889,534.0
1387,11.5878729,48.1243195,538.0
1388,11.5845753,48.1204702,536.0
1389,11.5821008,48.1200598,536.0
1390,11.5832963,48.1202716,536.0
1391,11.5890477,48.1247903,538.0
1392,11.5906597,48.1254735,535.0
1393,11.5930158,48.1270377,533.0
1394,11.5913097,48.1257659,535.0
1395,11.5928872,48.1254377,533.0
1396,11.5929160,48.1261818,533.0
1397,11.5910976,48.1235926,533.0
1398,11.5870325,48.1229460,534.0
1399,11.5837117,48.1203361,536.0
1400,11.5856379,48.1212754,535.0
1401,11.5819655,48.1205211,536.0
1402,11.5861237,48.1252111,530.0
1403,11.5952970,48.1261629,533.0
1404,11.5938945,48.1259459,533.0
1405,11.5973876,48.1495355,511.0
1406,11.5974803,48.1495044,511.0
1407,11.5914133,48.1260122,535.0
1408,11.5915154,48.1264064,535.0
1409,11.5913405,48.1261402,535.0
1410,11.5913421,48.1260903,535.0
1411,11.5925234,48.1271734,534.0
1412,11.5816610,48.1447897,517.0
1413,11.5819814,48.1456926,517.0
1414,11.5803689,48.1485661,521.0
1415,11.5675550,48.1534926,517.0
1416,11.5943885,48.1310581,530.0
1417,11.6009437,48.1329965,530.0
1418,11.5510567,48.1368392,522.0
1419,11.5495516,48.1388261,526.0
1420,11.5900074,48.1311131,533.0
1421,11.5897939,48.1318265,528.0
1422,11.5884597,48.1317090,519.0
1423,11.5800557,48.1242262,516.0
1424,11.5805904,48.1241238,516.0
1425,11.5898728,48.1372203,509.0
1426,11.5874586,48.1239350,534.0
1427,11.5815165,48.1479935,516.0
1428,11.5822030,48.1463883,520.0
1429,11.5840802,48.1229077,537.0
1430,11.5710909,48.1348201,519.0
1431,11.5747105,48.1235835,525.0
1432,11.5750504,48.1235055,525.0
1433,11.5795167,48.1359581,520.0
1434,11.5812696,48.1350311,518.0
1435,11.5637743,48.1240792,520.0
1436,11.5627643,48.1227642,520.0
1437,11.5643757,48.1246128,520.0
1438,11.5945988,48.1275394,532.0
1439,11.5934603,48.1421807,515.0
1440,11.5922268,48.1424289,515.0
1441,11.5885657,48.1431741,517.0
1442,11.5874374,48.1434276,518.0
1443,11.5904605,48.1425573,510.0
1444,11.5921017,48.1422241,515.0
1445,11.5933591,48.1419635,515.0
1446,11.5942243,48.1258921,533.0
1447,11.5807254,48.1389731,524.0
1448,11.5758476,48.1436134,528.0
1449,11.5758994,48.1436855,528.0
1450,11.5759610,48.1437149,528.0
1451,11.5764729,48.1436095,528.0
1452,11.5765804,48.1436179,528.0
1453,11.5773445,48.1426568,521.0
1454,11.5737157,48.1434047,524.0
1455,11.5693166,48.1423891,526.0
1456,11.5847966,48.1322428,517.0
1457,11.5836654,48.1443423,514.0
1458,11.5849259,48.1372395,517.0
1459,11.5864909,48.1370937,524.0
1460,11.5860755,48.1353197,522.0
1461,11.5867459,48.1380436,518.0
1462,11.5810860,48.1465162,519.0
1463,11.5811072,48.1467248,519.0
1464,11.5811220,48.1465825,519.0
1465,11.5808759,48.1465553,519.0
1466,11.5806369,48.1458455,519.0
1467,11.5774439,48.1463824,521.0
1468,11.5772012,48.1462895,521.0
1469,11.5759938,48.1412439,521.0
1470,11.5743489,48.1406013,529.0
1471,11.5797222,48.1364616,520.0
1472,11.5797804,48.1367253,520.0
1473,11.5785709,48.1361334,521.0
1474,11.5799271,48.1350323,521.0
1475,11.5725262,48.1434018,521.0
1476,11.5684004,48.1421430,521.0
1477,11.5692726,48.1416505,521.0
1478,11.5699605,48.1418822,526.0
1479,11.5685208,48.1420746,521.0
1480,11.5693755,48.1424057,526.0
1481,11.5688280,48.1419005,526.0
1482,11.5676849,48.1420365,521.0
1483,11.5663347,48.1409358,523.0
1484,11.5557253,48.1262023,527.0
1485,11.5648485,48.1380352,527.0
1486,11.5735697,48.1430621,524.0
1487,11.5733994,48.1432026,524.0
1488,11.5737139,48.1458342,518.0
1489,11.5736209,48.1449758,529.0
1490,11.5732632,48.1443534,529.0
1491,11.5729037,48.1437701,521.0
1492,11.5560369,48.1282813,528.0
1493,11.5600602,48.1301746,525.0
1494,11.5651116,48.1326118,529.0
1495,11.5667052,48.1332796,525.0
1496,11.5898717,48.1401009,518.0
1497,11.5863500,48.1414809,515.0
1498,11.5852018,48.1426968,516.0
1499,11.5796537,48.1231704,516.0
1500,11.5892882,48.1376562,519.0
1501,11.5900869,48.1374720,509.0
1502,11.5835904,48.1415871,516.0
1503,11.5840610,48.1425935,516.0
1504,11.5881154,48.1401832,519.0
1505,11.5879157,48.1406523,519.0
1506,11.5876494,48.1406184,519.0
1507,11.5879923,48.1401767,519.0
1508,11.5864640,48.1406825,515.0
1509,11.5864641,48.1400813,515.0
1510,11.5866571,48.1401661,515.0
1511,11.5862293,48.1399301,515.0
1512,11.5863161,48.1400132,515.0
1513,11.5860457,48.1398200,515.0
1514,11.5856731,48.1414579,515.0
1515,11.5866150,48.1402713,515.0
1516,11.5905106,48.1424574,510.0
1517,11.5937166,48.1427179,515.0
1518,11.5940585,48.1426563,513.0
1519,11.5941958,48.1427231,513.0
1520,11.5943018,48.1431308,513.0
1521,11.5945592,48.1439960,515.0
1522,11.5939507,48.1434488,513.0
1523,11.5870436,48.1393601,518.0
1524,11.5687395,48.1424613,521.0
1525,11.5952781,48.1487154,509.0
1526,11.5952822,48.1487343,509.0
1527,11.5851139,48.1425405,516.0
1528,11.5837395,48.1427280,516.0
1529,11.5858533,48.1415139,515.0
1530,11.5944532,48.1436145,513.0
1531,11.5796530,48.1441628,520.0
1532,11.5795879,48.1440103,520.0
1533,11.5817835,48.1347224,518.0
1534,11.5815965,48.1348065,518.0
1535,11.5736809,48.1340449,518.0
1536,11.5736313,48.1398808,529.0
1537,11.5734405,48.1398462,529.0
1538,11.5801740,48.1390799,524.0
1539,11.5958342,48.1359791,532.0
1540,11.5981441,48.1344833,528.0
1541,11.5850112,48.1324298,517.0
1542,11.5838515,48.1330003,517.0
1543,11.5675269,48.1230625,525.0
1544,11.5833667,48.1329353,517.0
1545,11.5870855,48.1380823,518.0
1546,11.5869760,48.1380067,518.0
1547,11.5868362,48.1379814,518.0
1548,11.5867607,48.1377804,518.0
1549,11.5866930,48.1381584,518.0
1550,11.5757899,48.1503257,521.0
1551,11.5894309,48.1358821,519.0
1552,11.5831084,48.1336713,518.0
1553,11.5573188,48.1374716,527.0
1554,11.5665973,48.1334772,524.0
1555,11.5637453,48.1319055,523.0
1556,11.5624067,48.1312735,527.0
1557,11.5631832,48.1316388,523.0
1558,11.5584088,48.1294091,525.0
1559,11.5543910,48.1274430,528.0
1560,11.5940333,48.1285744,532.0
1561,11.5937987,48.1287417,532.0
1562,11.5937296,48.1286397,534.0
1563,11.5939615,48.1284749,532.0
1564,11.5793642,48.1292212,532.0
1565,11.5824849,48.1308868,522.0
1566,11.5850758,48.1323155,517.0
1567,11.5849862,48.1322350,517.0
1568,11.5896455,48.1367512,509.0
1569,11.5851366,48.1295006,519.0
1570,11.5895598,48.1318115,519.0
1571,11.5896845,48.1317541,528.0
1572,11.5826019,48.1307876,522.0
1573,11.5802018,48.1357747,520.0
1574,11.5823192,48.1404435,518.0
1575,11.5896223,48.1398262,518.0
1576,11.5842007,48.1440745,514.0
1577,11.5829443,48.1410453,518.0
1578,11.5841626,48.1398222,516.0
1579,11.5831276,48.1410542,518.0
1580,11.5828927,48.1412093,518.0
1581,11.5827741,48.1411707,518.0
1582,11.5825000,48.1413319,518.0
1583,11.5831055,48.1413061,518.0
1584,11.5828848,48.1412795,518.0
1585,11.5943570,48.1337082,531.0
1586,11.5870615,48.1396931,515.0
1587,11.5851646,48.1384547,517.0
1588,11.5525044,48.1443310,527.0
1589,11.5535542,48.1440419,527.0
1590,11.5520958,48.1446139,527.0
1591,11.5519928,48.1444707,524.0
1592,11.5519328,48.1444249,524.0
1593,11.5518469,48.1444077,524.0
1594,11.5514334,48.1445258,524.0
1595,11.5507791,48.1447169,524.0
1596,11.5712437,48.1405321,525.0
1597,11.5889355,48.1293235,524.0
1598,11.5889020,48.1299999,524.0
1599,11.5899230,48.1296534,533.0
1600,11.5902740,48.1298936,533.0
1601,11.5904598,48.1299993,533.0
1602,11.5910312,48.1298586,533.0
1603,11.5614267,48.1342222,525.0
1604,11.5627268,48.1321027,523.0
1605,11.5643356,48.1457669,518.0
1606,11.5640725,48.1457963,518.0
1607,11.5646197,48.1462872,519.0
1608,11.5644072,48.1463707,525.0
1609,11.5645326,48.1458065,518.0
1610,11.5647387,48.1461539,519.0
1611,11.5642645,48.1463949,525.0
1612,11.5639346,48.1458504,525.0
1613,11.5636837,48.1462208,525.0
1614,11.5636530,48.1462585,525.0
1615,11.5639312,48.1462730,525.0
1616,11.5638290,48.1460561,525.0
1617,11.5877641,48.1350112,509.0
1618,11.5864868,48.1370393,524.0
1619,11.5938061,48.1253456,533.0
1620,11.5938067,48.1251665,533.0
1621,11.5942214,48.1248501,531.0
1622,11.5869702,48.1391292,518.0
1623,11.5920658,48.1435922,515.0
1624,11.5921273,48.1437162,515.0
1625,11.5923436,48.1436675,515.0
1626,11.5923930,48.1437641,515.0
1627,11.5923347,48.1437775,515.0
1628,11.5923952,48.1438993,515.0
1629,11.5924562,48.1438864,515.0
1630,11.5924481,48.1439961,515.0
1631,11.5922673,48.1440980,515.0
1632,11.5918082,48.1442053,515.0
1633,11.5917300,48.1440927,515.0
1634,11.5917701,48.1443291,515.0
1635,11.5915783,48.1439753,514.0
1636,11.5698394,48.1445153,522.0
1637,11.5694718,48.1442404,522.0
1638,11.5684885,48.1448808,520.0
1639,11.5694535,48.1451328,522.0
1640,11.5688711,48.1443863,522.0
1641,11.5688611,48.1442367,522.0
1642,11.5690486,48.1443368,522.0
1643,11.5689315,48.1442615,522.0
1644,11.5690201,48.1442909,522.0
1645,11.5688014,48.1444287,522.0
1646,11.5694546,48.1449868,522.0
1647,11.5692805,48.1450356,522.0
1648,11.5696973,48.1446531,522.0
1649,11.5696859,48.1447667,522.0
1650,11.5696217,48.1448721,522.0
1651,11.5691702,48.1450442,522.0
1652,11.5688519,48.1449777,522.0
1653,11.5686449,48.1447644,520.0
1654,11.5694902,48.1444027,522.0
1655,11.5691887,48.1443289,522.0
1656,11.5696889,48.1446151,522.0
1657,11.5697510,48.1444859,522.0
1658,11.5697903,48.1445548,522.0
1659,11.5687138,48.1448815,520.0
1660,11.5685730,48.1448935,520.0
1661,11.5685689,48.1447985,520.0
1662,11.5687150,48.1445028,520.0
1663,11.5833672,48.1429870,516.0
1664,11.5980926,48.1323201,535.0
1665,11.5980378,48.1329713,535.0
1666,11.5504182,48.1432445,528.0
1667,11.5528729,48.1427111,541.0
1668,11.5540380,48.1424847,541.0
1669,11.5637050,48.1380733,523.0
1670,11.5842548,48.1439014,514.0
1671,11.5843138,48.1439212,514.0
1672,11.5832986,48.1445071,517.0
1673,11.5795259,48.1200122,529.0
1674,11.5876871,48.1278084,528.0
1675,11.5728328,48.1436573,521.0
1676,11.5734184,48.1449153,529.0
1677,11.5917050,48.1254970,533.0
1678,11.5922027,48.1282738,534.0
1679,11.5490312,48.1363088,524.0
1680,11.5699566,48.1459141,518.0
1681,11.5674950,48.1515107,517.0
1682,11.5744040,48.1449316,529.0
1683,11.5737869,48.1444196,529.0
1684,11.5548801,48.1423191,531.0
1685,11.5819778,48.1413803,518.0
1686,11.5515735,48.1354658,522.0
1687,11.5767017,48.1206570,518.0
1688,11.5524056,48.1285388,524.0
1689,11.5534462,48.1301690,524.0
1690,11.5537084,48.1320119,514.0
1691,11.5504517,48.1360381,522.0
1692,11.5491111,48.1361688,524.0
1693,11.5860080,48.1281699,517.0
1694,11.5595198,48.1413540,527.0
1695,11.5958346,48.1344966,532.0
1696,11.5877424,48.1310805,524.0
1697,11.5595804,48.1414804,527.0
1698,11.5655100,48.1397972,523.0
1699,11.5606844,48.1340593,525.0
1700,11.5651749,48.1394205,527.0
1701,11.5652485,48.1395365,527.0
1702,11.5669226,48.1404216,526.0
1703,11.5653172,48.1260049,523.0
1704,11.5682139,48.1419716,521.0
1705,11.5623747,48.1385402,532.0
1706,11.5637581,48.1384165,523.0
1707,11.5649032,48.1383314,527.0
1708,11.5900880,48.1412853,518.0
1709,11.5585833,48.1415536,527.0
1710,11.5584520,48.1414501,527.0
1711,11.5592232,48.1411676,527.0
1712,11.5594837,48.1413619,527.0
1713,11.5802567,48.1320506,523.0
1714,11.5801992,48.1322482,523.0
1715,11.5653426,48.1295509,524.0
1716,11.5510287,48.1390159,526.0
1717,11.5510248,48.1394014,526.0
1718,11.5511722,48.1398354,520.0
1719,11.5514014,48.1403085,520.0
1720,11.5714335,48.1413403,525.0
1721,11.6000964,48.1407121,531.0
1722,11.5681823,48.1408882,526.0
1723,11.5789404,48.1414973,522.0
1724,11.5559564,48.1389949,525.0
1725,11.5713244,48.1377500,531.0
1726,11.5756832,48.1318115,526.0
1727,11.5680161,48.1340016,524.0
1728,11.5680983,48.1357981,525.0
1729,11.5678469,48.1358413,525.0
1730,11.5667830,48.1365591,525.0
1731,11.5684926,48.1362719,525.0
1732,11.5689765,48.1375368,526.0
1733,11.5711688,48.1373768,525.0
1734,11.5758900,48.1393001,524.0
1735,11.5665336,48.1333132,529.0
1736,11.5756223,48.1346886,520.0
1737,11.5749574,48.1351226,518.0
1738,11.5747833,48.1455437,529.0
1739,11.5746878,48.1454778,529.0
1740,11.5748822,48.1454276,529.0
1741,11.5908076,48.1312637,528.0
1742,11.5903953,48.1312784,528.0
1743,11.5903213,48.1312371,533.0
1744,11.5894459,48.1315058,519.0
1745,11.5673850,48.1347368,524.0
1746,11.5669228,48.1349009,524.0
1747,11.5711423,48.1348525,519.0
1748,11.5657779,48.1350114,524.0
1749,11.5668728,48.1350502,524.0
1750,11.5655130,48.1354230,524.0
1751,11.5652802,48.1352565,524.0
1752,11.5665064,48.1357746,524.0
1753,11.5663705,48.1362028,524.0
1754,11.5666132,48.1369336,524.0
1755,11.5665831,48.1368739,524.0
1756,11.5663296,48.1368720,524.0
1757,11.5662943,48.1369919,524.0
1758,11.5661957,48.1372210,524.0
1759,11.5661614,48.1370075,524.0
1760,11.5660526,48.1366961,524.0
1761,11.5659584,48.1366831,524.0
1762,11.5718965,48.1371092,525.0
1763,11.5719898,48.1370373,525.0
1764,11.5718357,48.1371560,525.0
1765,11.5725068,48.1370196,525.0
1766,11.5727418,48.1368448,525.0
1767,11.5747444,48.1362556,530.0
1768,11.5749306,48.1366979,530.0
1769,11.5745464,48.1364575,530.0
1770,11.5678166,48.1330040,525.0
1771,11.5679035,48.1330287,525.0
1772,11.5666406,48.1355207,524.0
1773,11.5670689,48.1355640,525.0
1774,11.5668106,48.1360542,525.0
1775,11.5664090,48.1368235,524.0
1776,11.5665239,48.1368350,524.0
1777,11.5745442,48.1353246,518.0
1778,11.5737896,48.1355193,530.0
1779,11.5705859,48.1359401,522.0
1780,11.5657447,48.1345011,524.0
1781,11.5660287,48.1342594,524.0
1782,11.5646008,48.1366445,524.0
1783,11.5653638,48.1392195,527.0
1784,11.5654610,48.1391369,527.0
1785,11.5689991,48.1411846,521.0
1786,11.5666006,48.1375046,527.0
1787,11.5732811,48.1356858,530.0
1788,11.5747471,48.1347899,518.0
1789,11.5744865,48.1345670,518.0
1790,11.5755320,48.1346959,520.0
1791,11.5760810,48.1344932,520.0
1792,11.5737824,48.1341116,518.0
1793,11.5784988,48.1344886,526.0
1794,11.5815889,48.1337201,518.0
1795,11.5815365,48.1334323,518.0
1796,11.5601133,48.1383896,526.0
1797,11.5601909,48.1411869,527.0
1798,11.5590523,48.1411080,527.0
1799,11.5609371,48.1399550,524.0
1800,11.5746381,48.1338230,518.0
1801,11.5821519,48.1351765,518.0
1802,11.5825664,48.1344416,518.0
1803,11.5828648,48.1351206,518.0
1804,11.5847045,48.1391819,517.0
1805,11.5846743,48.1392846,517.0
1806,11.5848618,48.1392584,517.0
1807,11.5848462,48.1388795,517.0
1808,11.5843156,48.1441349,514.0
1809,11.5831356,48.1410151,518.0
1810,11.5829803,48.1409743,518.0
1811,11.5836595,48.1438372,514.0
1812,11.5905080,48.1426613,510.0
1813,11.5844408,48.1380801,517.0
1814,11.5696694,48.1528766,517.0
1815,11.5667976,48.1504102,517.0
1816,11.5654467,48.1483265,522.0
1817,11.5847125,48.1391346,517.0
1818,11.5842835,48.1399841,516.0
1819,11.5840488,48.1397663,516.0
1820,11.5832298,48.1408281,518.0
1821,11.5588980,48.1475568,520.0
1822,11.5560689,48.1420676,531.0
1823,11.5560640,48.1420472,531.0
1824,11.5562056,48.1420307,531.0
1825,11.5952889,48.1263432,533.0
1826,11.5728736,48.1354897,525.0
1827,11.5707066,48.1544672,519.0
1828,11.5510246,48.1455871,524.0
1829,11.5983384,48.1410332,526.0
1830,11.5984419,48.1411245,526.0
1831,11.5985928,48.1409395,526.0
1832,11.5986533,48.1410470,526.0
1833,11.5756309,48.1538165,518.0
1834,11.5860722,48.1216082,535.0
1835,11.5859946,48.1217512,535.0
1836,11.5984607,48.1438661,525.0
1837,11.5899253,48.1413097,518.0
1838,11.5818195,48.1522926,517.0
1839,11.5815025,48.1513509,517.0
1840,11.5948227,48.1417808,513.0
1841,11.5841063,48.1426474,516.0
1842,11.5945187,48.1419637,513.0
1843,11.5944286,48.1417497,513.0
1844,11.5828223,48.1541095,517.0
1845,11.5664234,48.1281640,527.0
1846,11.5813841,48.1511019,517.0
1847,11.5809401,48.1501595,520.0
1848,11.5804052,48.1490233,521.0
1849,11.5793960,48.1468688,519.0
1850,11.5790193,48.1460508,521.0
1851,11.5787070,48.1453949,519.0
1852,11.5780127,48.1438748,519.0
1853,11.5777533,48.1433320,521.0
1854,11.5784938,48.1442480,519.0
1855,11.5789575,48.1452441,519.0
1856,11.5789993,48.1453344,519.0
1857,11.5793221,48.1460150,519.0
1858,11.5796954,48.1467987,519.0
1859,11.5803463,48.1482492,521.0
1860,11.5812447,48.1500972,520.0
1861,11.5816952,48.1510325,517.0
1862,11.5823695,48.1521918,517.0
1863,11.5831961,48.1542896,518.0
1864,11.5645882,48.1285107,527.0
1865,11.5689402,48.1218902,526.0
1866,11.5688619,48.1219373,526.0
1867,11.5653243,48.1518407,518.0
1868,11.5660132,48.1516509,518.0
1869,11.5647656,48.1512980,518.0
1870,11.5656457,48.1510496,518.0
1871,11.5946942,48.1338005,531.0
1872,11.5948648,48.1330537,533.0
1873,11.5816798,48.1448336,517.0
1874,11.5858457,48.1434177,518.0
1875,11.5872357,48.1431843,518.0
1876,11.5645948,48.1510294,518.0
1877,11.5533845,48.1437156,541.0
1878,11.5708494,48.1203080,522.0
1879,11.5713568,48.1200732,522.0
1880,11.5803406,48.1213124,521.0
1881,11.5765365,48.1206315,518.0
1882,11.5971611,48.1380498,527.0
1883,11.5961913,48.1359326,532.0
1884,11.5904250,48.1424764,510.0
1885,11.5905541,48.1424480,510.0
1886,11.5912724,48.1422994,510.0
1887,11.5946471,48.1418162,513.0
1888,11.5948654,48.1485617,509.0
1889,11.5949765,48.1486082,509.0
1890,11.5947540,48.1484793,509.0
1891,11.5946028,48.1483238,509.0
1892,11.5945227,48.1482378,509.0
1893,11.5948037,48.1480876,509.0
1894,11.5932539,48.1473864,513.0
1895,11.5838911,48.1426948,516.0
1896,11.5885337,48.1418078,517.0
1897,11.5889632,48.1411115,519.0
1898,11.5966920,48.1368339,532.0
1899,11.5973325,48.1382644,527.0
1900,11.5790236,48.1412866,522.0
1901,11.5800500,48.1410864,517.0
1902,11.5801930,48.1414129,517.0
1903,11.5801361,48.1412829,517.0
1904,11.5791112,48.1414865,522.0
1905,11.5810387,48.1411182,517.0
1906,11.5801464,48.1413064,517.0
1907,11.5810313,48.1411003,517.0
1908,11.5850923,48.1260415,516.0
1909,11.5855335,48.1258962,530.0
1910,11.5931535,48.1365172,517.0
1911,11.5916780,48.1318610,534.0
1912,11.5865009,48.1273446,517.0
1913,11.5865727,48.1273141,517.0
1914,11.5981307,48.1366777,526.0
1915,11.5983234,48.1365967,526.0
1916,11.5985000,48.1366320,526.0
1917,11.5987601,48.1371339,526.0
1918,11.5984305,48.1373162,526.0
1919,11.5966371,48.1365502,532.0
1920,11.5980232,48.1364037,526.0
1921,11.5970651,48.1350792,532.0
1922,11.5974880,48.1337843,532.0
1923,11.5547366,48.1438234,524.0
1924,11.5541682,48.1427540,531.0
1925,11.5543940,48.1427612,531.0
1926,11.5546867,48.1429107,531.0
1927,11.5547741,48.1431188,531.0
1928,11.5546853,48.1433207,531.0
1929,11.5546243,48.1433541,531.0
1930,11.5545176,48.1433903,531.0
1931,11.5526136,48.1419662,541.0
1932,11.5525732,48.1422043,541.0
1933,11.5525609,48.1422256,541.0
1934,11.5727558,48.1487332,516.0
1935,11.5727756,48.1490043,516.0
1936,11.5933496,48.1467703,513.0
1937,11.5884587,48.1429394,517.0
1938,11.5884805,48.1425918,517.0
1939,11.5886167,48.1418008,517.0
1940,11.5887922,48.1412869,519.0
1941,11.5885885,48.1401200,519.0
1942,11.5886679,48.1394512,519.0
1943,11.5883949,48.1383233,519.0
1944,11.5890933,48.1393020,519.0
1945,11.5887144,48.1390800,519.0
1946,11.5889865,48.1373904,519.0
1947,11.5884738,48.1375762,519.0
1948,11.5881240,48.1376927,519.0
1949,11.5877458,48.1377167,519.0
1950,11.5879395,48.1372653,519.0
1951,11.5872513,48.1376771,518.0
1952,11.5878899,48.1379218,519.0
1953,11.5886282,48.1395361,519.0
1954,11.5889482,48.1315866,519.0
1955,11.5733850,48.1392212,529.0
1956,11.5735856,48.1390391,529.0
1957,11.5875730,48.1239021,538.0
1958,11.5869030,48.1429283,518.0
1959,11.5863399,48.1421963,518.0
1960,11.5873598,48.1419642,518.0
1961,11.5867641,48.1420580,518.0
1962,11.5587346,48.1416867,521.0
1963,11.5623554,48.1363344,528.0
1964,11.5624879,48.1374042,528.0
1965,11.5736836,48.1400692,529.0
1966,11.5809927,48.1411271,517.0
1967,11.5809845,48.1411103,517.0
1968,11.5723754,48.1437796,521.0
1969,11.5582223,48.1502623,522.0
1970,11.5496644,48.1387370,526.0
1971,11.5826826,48.1444239,517.0
1972,11.5954703,48.1476110,514.0
1973,11.5957375,48.1477938,514.0
1974,11.5646114,48.1218080,523.0
1975,11.5652717,48.1392629,527.0
1976,11.6001383,48.1407682,531.0
1977,11.5820142,48.1347036,518.0
1978,11.5820994,48.1346563,518.0
1979,11.5815180,48.1349733,518.0
1980,11.5812815,48.1347501,518.0
1981,11.5809922,48.1345934,521.0
1982,11.5826203,48.1351932,518.0
1983,11.5825234,48.1345204,518.0
1984,11.5809105,48.1347078,521.0
1985,11.5812209,48.1346110,521.0
1986,11.5816953,48.1353418,518.0
1987,11.5820537,48.1352360,518.0
1988,11.5759756,48.1313518,526.0
1989,11.5756329,48.1314687,526.0
1990,11.5785395,48.1397567,522.0
1991,11.5778197,48.1400935,522.0
1992,11.5777566,48.1400859,522.0
1993,11.5777009,48.1400964,522.0
1994,11.5776609,48.1401178,522.0
1995,11.5776374,48.1401440,522.0
1996,11.5776286,48.1401846,522.0
1997,11.5776384,48.1402117,522.0
1998,11.5776628,48.1402376,522.0
1999,11.5777057,48.1402592,522.0
2000,11.5777546,48.1402679,522.0
2001,11.5778020,48.1402647,522.0
2002,11.5778495,48.1402485,522.0
2003,11.5780702,48.1401456,522.0
2004,11.5778873,48.1402162,522.0
2005,11.5783958,48.1400806,522.0
2006,11.5783365,48.1401063,522.0
2007,11.5784492,48.1400378,522.0
2008,11.5925033,48.1439845,515.0
2009,11.5808829,48.1365820,520.0
2010,11.5959454,48.1479857,511.0
2011,11.5926141,48.1265264,533.0
2012,11.5743711,48.1456201,529.0
2013,11.5745179,48.1452272,529.0
2014,11.5505752,48.1425467,528.0
2015,11.5507637,48.1425874,528.0
2016,11.5509368,48.1424711,528.0
2017,11.5509372,48.1424259,528.0
2018,11.5508671,48.1423255,528.0
2019,11.5508994,48.1430560,528.0
2020,11.5502082,48.1420398,528.0
2021,11.5511364,48.1420510,528.0
2022,11.5512889,48.1420618,528.0
2023,11.5523809,48.1422801,541.0
2024,11.5526272,48.1426815,541.0
2025,11.5829912,48.1339540,518.0
2026,11.5834704,48.1340835,521.0
2027,11.5850684,48.1343232,521.0
2028,11.5852714,48.1343536,521.0
2029,11.5860887,48.1345126,522.0
2030,11.5858898,48.1344458,522.0
2031,11.5866010,48.1350367,522.0
2032,11.5872502,48.1357188,524.0
2033,11.5873275,48.1358319,524.0
2034,11.5877992,48.1369488,519.0
2035,11.5886041,48.1394493,519.0
2036,11.5896543,48.1316718,528.0
2037,11.5905764,48.1323043,528.0
2038,11.5958809,48.1345248,532.0
2039,11.5958382,48.1347111,532.0
2040,11.5961304,48.1335805,532.0
2041,11.5960733,48.1334024,532.0
2042,11.5963187,48.1338417,532.0
2043,11.5963130,48.1339636,532.0
2044,11.5969435,48.1342972,532.0
2045,11.5978262,48.1352549,532.0
2046,11.5788256,48.1452336,519.0
2047,11.5748411,48.1454084,529.0
2048,11.5613085,48.1394056,532.0
2049,11.5612042,48.1390682,532.0
2050,11.5895379,48.1379840,519.0
2051,11.5753592,48.1430764,528.0
2052,11.5815513,48.1512076,517.0
2053,11.5588862,48.1306104,525.0
2054,11.5588835,48.1302520,525.0
2055,11.5592159,48.1304128,525.0
2056,11.5597149,48.1304426,525.0
2057,11.5591233,48.1310238,525.0
2058,11.5590209,48.1306112,525.0
2059,11.5587295,48.1314584,525.0
2060,11.5590931,48.1314216,525.0
2061,11.5601959,48.1315481,525.0
2062,11.5606507,48.1316388,527.0
2063,11.5615200,48.1318161,527.0
2064,11.5624781,48.1320415,527.0
2065,11.5626349,48.1320784,523.0
2066,11.5602570,48.1325985,525.0
2067,11.5601501,48.1329966,525.0
2068,11.5611803,48.1317622,527.0
2069,11.5608544,48.1323899,527.0
2070,11.5572964,48.1418214,525.0
2071,11.5584516,48.1314703,525.0
2072,11.5581181,48.1329594,525.0
2073,11.5580515,48.1328198,525.0
2074,11.5581047,48.1326646,525.0
2075,11.5583302,48.1325295,525.0
2076,11.5583927,48.1331085,525.0
2077,11.5819742,48.1349229,518.0
2078,11.5653678,48.1335790,524.0
2079,11.5752198,48.1352869,520.0
2080,11.5832377,48.1346153,518.0
2081,11.5833115,48.1347018,518.0
2082,11.5834016,48.1347345,521.0
2083,11.5834567,48.1349266,521.0
2084,11.5664931,48.1480323,522.0
2085,11.5677214,48.1501545,517.0
2086,11.5675944,48.1501923,517.0
2087,11.5682397,48.1500031,517.0
2088,11.5687554,48.1498567,521.0
2089,11.5685394,48.1499184,525.0
2090,11.5735944,48.1434471,524.0
2091,11.5759107,48.1429535,528.0
2092,11.5706818,48.1470343,518.0
2093,11.5712612,48.1479233,516.0
2094,11.5694435,48.1498272,521.0
2095,11.5704260,48.1493871,521.0
2096,11.5708299,48.1492737,521.0
2097,11.5713237,48.1504275,518.0
2098,11.5732752,48.1510312,519.0
2099,11.5637388,48.1457151,518.0
2100,11.5640055,48.1458183,518.0
2101,11.5637824,48.1457935,518.0
2102,11.5640953,48.1463615,525.0
2103,11.5643161,48.1465973,525.0
2104,11.5663199,48.1449712,520.0
2105,11.5666032,48.1454126,520.0
2106,11.5666447,48.1454769,520.0
2107,11.5669072,48.1458845,518.0
2108,11.5670103,48.1460447,518.0
2109,11.5672326,48.1463898,518.0
2110,11.5675285,48.1468492,518.0
2111,11.5688782,48.1399294,521.0
2112,11.5736386,48.1434292,524.0
2113,11.5610301,48.1393430,532.0
2114,11.5624738,48.1393465,532.0
2115,11.5688056,48.1219784,526.0
2116,11.5670477,48.1407683,526.0
2117,11.5714344,48.1481890,516.0
2118,11.5669441,48.1479945,525.0
2119,11.5726465,48.1500583,518.0
2120,11.5697464,48.1407777,521.0
2121,11.5882028,48.1378742,519.0
2122,11.5978922,48.1356748,532.0
2123,11.5991028,48.1355673,526.0
2124,11.5952830,48.1486855,509.0
2125,11.5856884,48.1317845,516.0
2126,11.5857173,48.1318023,516.0
2127,11.5857617,48.1318402,516.0
2128,11.5677979,48.1330316,525.0
2129,11.5827526,48.1338748,518.0
2130,11.5887265,48.1430317,517.0
2131,11.5836778,48.1264925,516.0
2132,11.5833832,48.1264471,516.0
2133,11.5847174,48.1260086,516.0
2134,11.5819303,48.1250919,517.0
2135,11.5846682,48.1261793,516.0
2136,11.5842734,48.1254172,516.0
2137,11.5835055,48.1243944,520.0
2138,11.5819508,48.1249361,519.0
2139,11.5802336,48.1412880,517.0
2140,11.5802237,48.1412651,517.0
2141,11.5804805,48.1412353,517.0
2142,11.5804711,48.1412137,517.0
2143,11.5675491,48.1502053,517.0
2144,11.5679613,48.1508330,517.0
2145,11.5688690,48.1500509,520.0
2146,11.5694962,48.1509303,520.0
2147,11.5691549,48.1505026,520.0
2148,11.5694534,48.1508663,520.0
2149,11.5669491,48.1480025,525.0
2150,11.5681486,48.1498657,525.0
2151,11.5940035,48.1285965,532.0
2152,11.5975974,48.1323107,526.0
2153,11.5990887,48.1355021,526.0
2154,11.5964415,48.1360391,532.0
2155,11.5932521,48.1359689,517.0
2156,11.5963543,48.1358725,532.0
2157,11.5777265,48.1455178,519.0
2158,11.5786582,48.1453064,519.0
2159,11.5788645,48.1453184,519.0
2160,11.5776153,48.1456275,519.0
2161,11.5681269,48.1544050,519.0
2162,11.5683122,48.1548233,519.0
2163,11.5682576,48.1546289,519.0
2164,11.5822249,48.1197312,536.0
2165,11.5820548,48.1213405,529.0
2166,11.5824436,48.1219968,529.0
2167,11.5650647,48.1517659,518.0
2168,11.5634003,48.1451861,518.0
2169,11.5642633,48.1449615,518.0
2170,11.5667466,48.1476822,518.0
2171,11.5813104,48.1224505,529.0
2172,11.5817403,48.1219956,529.0
2173,11.5818932,48.1219338,529.0
2174,11.5497378,48.1375515,526.0
2175,11.5791527,48.1207348,524.0
2176,11.5793432,48.1205690,529.0
2177,11.5794453,48.1206289,529.0
2178,11.5795751,48.1208910,521.0
2179,11.5792947,48.1209010,521.0
2180,11.5804140,48.1214884,521.0
2181,11.5828828,48.1245143,519.0
2182,11.5855947,48.1258760,530.0
2183,11.5863502,48.1259392,530.0
2184,11.5853661,48.1275119,517.0
2185,11.5864826,48.1288331,517.0
2186,11.5868002,48.1287123,517.0
2187,11.5698272,48.1211224,526.0
2188,11.5636197,48.1455203,518.0
2189,11.5808785,48.1245901,516.0
2190,11.5801179,48.1253141,519.0
2191,11.5810063,48.1246731,516.0
2192,11.5836474,48.1266040,516.0
2193,11.5681912,48.1525606,517.0
2194,11.5683799,48.1528395,517.0
2195,11.5681955,48.1528957,517.0
2196,11.5680645,48.1529350,517.0
2197,11.5685374,48.1530784,517.0
2198,11.5679881,48.1533687,517.0
2199,11.5681818,48.1533112,517.0
2200,11.5715270,48.1532900,516.0
2201,11.5650091,48.1222199,523.0
2202,11.5668542,48.1258689,523.0
2203,11.5669117,48.1260606,523.0
2204,11.5661375,48.1267156,523.0
2205,11.5666670,48.1272484,522.0
2206,11.5672535,48.1281844,522.0
2207,11.5680929,48.1288939,522.0
2208,11.5678225,48.1282798,522.0
2209,11.5729427,48.1239838,525.0
2210,11.5650069,48.1378729,527.0
2211,11.5648208,48.1378850,527.0
2212,11.5653384,48.1378483,527.0
2213,11.5676181,48.1229842,525.0
2214,11.5642070,48.1214108,520.0
2215,11.5598879,48.1438941,520.0
2216,11.5611530,48.1446383,521.0
2217,11.5607582,48.1443121,521.0
2218,11.5608282,48.1444293,521.0
2219,11.5609964,48.1443821,521.0
2220,11.5610524,48.1444693,521.0
2221,11.5772607,48.1365454,521.0
2222,11.5774487,48.1364425,521.0
2223,11.5785697,48.1370568,521.0
2224,11.5662023,48.1232769,521.0
2225,11.5660297,48.1231706,521.0
2226,11.5657764,48.1229848,521.0
2227,11.5650911,48.1226707,523.0
2228,11.5650837,48.1228183,523.0
2229,11.5733278,48.1445464,529.0
2230,11.5782716,48.1522896,514.0
2231,11.5860034,48.1257670,530.0
2232,11.6004568,48.1341171,530.0
2233,11.6017987,48.1383598,528.0
2234,11.5761724,48.1550193,517.0
2235,11.6005447,48.1357178,527.0
2236,11.5990336,48.1357040,526.0
2237,11.5980528,48.1364997,526.0
2238,11.5657546,48.1513545,518.0
2239,11.5658243,48.1513326,518.0
2240,11.5749441,48.1352999,518.0
2241,11.5749667,48.1356044,530.0
2242,11.5748616,48.1359494,530.0
2243,11.5749022,48.1431433,524.0
2244,11.5753982,48.1445267,519.0
2245,11.5749282,48.1452162,529.0
2246,11.5756430,48.1450695,519.0
2247,11.5756003,48.1459196,520.0
2248,11.5672270,48.1478252,518.0
2249,11.5670690,48.1475906,518.0
2250,11.5669589,48.1323410,525.0
2251,11.5670412,48.1323276,525.0
2252,11.5743865,48.1320141,517.0
2253,11.5751751,48.1321762,526.0
2254,11.5748225,48.1320249,517.0
2255,11.5745763,48.1318791,517.0
2256,11.5748607,48.1319979,517.0
2257,11.5752731,48.1322449,526.0
2258,11.5705644,48.1414358,521.0
2259,11.5712443,48.1417580,521.0
2260,11.5719860,48.1418690,521.0
2261,11.5710432,48.1422282,521.0
2262,11.5706103,48.1420871,526.0
2263,11.5727448,48.1427709,521.0
2264,11.5730588,48.1422039,524.0
2265,11.5733243,48.1431402,524.0
2266,11.5724367,48.1426771,521.0
2267,11.5718517,48.1404169,525.0
2268,11.5725107,48.1355492,525.0
2269,11.5724528,48.1355200,525.0
2270,11.5730970,48.1355951,530.0
2271,11.5726188,48.1353716,519.0
2272,11.5726886,48.1354000,519.0
2273,11.5789383,48.1219444,516.0
2274,11.5691188,48.1348651,522.0
2275,11.5690607,48.1349180,522.0
2276,11.5690085,48.1349655,522.0
2277,11.5689411,48.1350113,522.0
2278,11.5677129,48.1351165,524.0
2279,11.5669197,48.1358492,525.0
2280,11.5609968,48.1403671,524.0
2281,11.5610435,48.1408495,524.0
2282,11.5639442,48.1384023,523.0
2283,11.5678230,48.1353228,524.0
2284,11.5682431,48.1352402,524.0
2285,11.5682978,48.1353097,524.0
2286,11.5683620,48.1354667,525.0
2287,11.5688813,48.1342078,522.0
2288,11.5687344,48.1342724,524.0
2289,11.5685763,48.1343740,524.0
2290,11.5643007,48.1393404,523.0
2291,11.5641816,48.1395164,523.0
2292,11.5643211,48.1398383,534.0
2293,11.5809614,48.1243281,516.0
2294,11.5812639,48.1244212,519.0
2295,11.5813366,48.1241770,519.0
2296,11.5815249,48.1237063,519.0
2297,11.5820307,48.1230332,519.0
2298,11.5810237,48.1242466,516.0
2299,11.5805952,48.1246360,516.0
2300,11.5809535,48.1241943,516.0
2301,11.5811099,48.1244270,516.0
2302,11.5821408,48.1230379,519.0
2303,11.5802297,48.1250144,519.0
2304,11.5809008,48.1242903,516.0
2305,11.5817666,48.1233855,519.0
2306,11.5563523,48.1423054,525.0
2307,11.5564775,48.1425277,525.0
2308,11.5565464,48.1422848,525.0
2309,11.5565916,48.1423834,525.0
2310,11.5586351,48.1389876,526.0
2311,11.5576920,48.1446396,524.0
2312,11.5577968,48.1446171,524.0
2313,11.5575352,48.1443195,524.0
2314,11.5576313,48.1442968,524.0
2315,11.5575120,48.1443235,524.0
2316,11.5576837,48.1446412,524.0
2317,11.5758434,48.1488033,517.0
2318,11.5764813,48.1486230,517.0
2319,11.5755099,48.1482545,517.0
2320,11.5759681,48.1478303,520.0
2321,11.5686743,48.1498794,525.0
2322,11.5577827,48.1259715,525.0
2323,11.5578660,48.1260336,525.0
2324,11.5584176,48.1265744,528.0
2325,11.5591677,48.1414312,527.0
2326,11.5605328,48.1412856,524.0
2327,11.5604586,48.1411229,524.0
2328,11.5605603,48.1412172,524.0
2329,11.5605436,48.1411933,524.0
2330,11.5584733,48.1414960,527.0
2331,11.5593861,48.1412844,527.0
2332,11.5614709,48.1244875,523.0
2333,11.5745000,48.1482430,519.0
2334,11.5732801,48.1462067,518.0
2335,11.5547276,48.1423527,531.0
2336,11.5548652,48.1426207,531.0
2337,11.5778705,48.1430953,521.0
2338,11.5713301,48.1491333,516.0
2339,11.6006313,48.1406025,531.0
2340,11.5790598,48.1457586,519.0
2341,11.5645168,48.1468979,525.0
2342,11.5936828,48.1420027,515.0
2343,11.5776959,48.1429595,521.0
2344,11.5878202,48.1432116,517.0
2345,11.5763626,48.1477122,520.0
2346,11.5617151,48.1425033,524.0
2347,11.5754887,48.1454057,519.0
2348,11.5662011,48.1481146,522.0
2349,11.5709776,48.1467733,517.0
2350,11.5893111,48.1429026,517.0
2351,11.5547613,48.1424203,531.0
2352,11.5540608,48.1425278,541.0
2353,11.5528855,48.1427398,541.0
2354,11.5504390,48.1432860,528.0
2355,11.5653095,48.1457741,520.0
2356,11.5564988,48.1457058,524.0
2357,11.5531031,48.1449983,527.0
2358,11.5532471,48.1451971,527.0
2359,11.5530565,48.1449357,527.0
2360,11.5550306,48.1443812,524.0
2361,11.5554074,48.1441787,524.0
2362,11.5517456,48.1444209,524.0
2363,11.5545806,48.1428309,531.0
2364,11.5547385,48.1429789,531.0
2365,11.5565325,48.1439660,524.0
2366,11.5531986,48.1451307,527.0
2367,11.5535202,48.1450297,527.0
2368,11.5521887,48.1428538,541.0
2369,11.5522010,48.1428878,541.0
2370,11.5522107,48.1429144,541.0
2371,11.5523592,48.1434563,541.0
2372,11.5528572,48.1422100,541.0
2373,11.5502234,48.1389953,526.0
2374,11.5530842,48.1421738,541.0
2375,11.5533212,48.1421155,541.0
2376,11.5536493,48.1420581,541.0
2377,11.5642517,48.1426711,520.0
2378,11.5650906,48.1424310,528.0
2379,11.5506924,48.1442240,524.0
2380,11.5504961,48.1434467,528.0
2381,11.5761781,48.1412054,521.0
2382,11.5524316,48.1423290,541.0
2383,11.5526101,48.1426520,541.0
2384,11.5508060,48.1427335,528.0
2385,11.5522962,48.1422967,541.0
2386,11.5746377,48.1458728,518.0
2387,11.5747369,48.1461790,518.0
2388,11.5748886,48.1464803,518.0
2389,11.5788997,48.1453957,519.0
2390,11.5861487,48.1398505,515.0
2391,11.5865637,48.1401230,515.0
2392,11.5522028,48.1422065,541.0
2393,11.5524919,48.1422850,541.0
2394,11.5525373,48.1422511,541.0
2395,11.5806704,48.1256857,519.0
2396,11.5591418,48.1475092,520.0
2397,11.5584692,48.1502578,524.0
2398,11.5580572,48.1510091,522.0
2399,11.5589699,48.1468330,520.0
2400,11.5577106,48.1508304,522.0
2401,11.5580015,48.1502464,522.0
2402,11.5586308,48.1476022,520.0
2403,11.5557955,48.1481766,524.0
2404,11.5556434,48.1479802,524.0
2405,11.5584393,48.1465258,520.0
2406,11.5495569,48.1375536,526.0
2407,11.5499064,48.1375505,526.0
2408,11.5891186,48.1372791,519.0
2409,11.5573993,48.1391034,527.0
2410,11.5510278,48.1390782,526.0
2411,11.5559541,48.1390988,525.0
2412,11.5496112,48.1387913,526.0
2413,11.5584632,48.1260184,528.0
2414,11.5672766,48.1230636,525.0
2415,11.5617748,48.1250276,527.0
2416,11.5586417,48.1391121,526.0
2417,11.5516576,48.1389760,526.0
2418,11.5734493,48.1449654,529.0
2419,11.5733564,48.1448170,529.0
2420,11.5734474,48.1447466,529.0
2421,11.5737369,48.1448929,529.0
2422,11.5736302,48.1447382,529.0
2423,11.5726245,48.1451524,521.0
2424,11.5590116,48.1476746,520.0
2425,11.5587850,48.1477066,520.0
2426,11.5587149,48.1474464,520.0
2427,11.5752964,48.1194293,518.0
2428,11.5753947,48.1195614,518.0
2429,11.5725057,48.1207154,522.0
2430,11.5714982,48.1211384,516.0
2431,11.5737364,48.1200619,521.0
2432,11.5692111,48.1216852,526.0
2433,11.5713325,48.1210386,516.0
2434,11.5724267,48.1205986,522.0
2435,11.5630630,48.1415279,534.0
2436,11.5503752,48.1431584,528.0
2437,11.5549605,48.1442641,524.0
2438,11.5559629,48.1441370,524.0
2439,11.5531406,48.1450513,527.0
2440,11.5731158,48.1402386,529.0
2441,11.5885094,48.1398418,519.0
2442,11.5882533,48.1394522,519.0
2443,11.5886598,48.1286713,528.0
2444,11.5902229,48.1282533,533.0
2445,11.5900927,48.1281354,533.0
2446,11.5883670,48.1287343,528.0
2447,11.5902792,48.1282346,533.0
2448,11.5887858,48.1285473,528.0
2449,11.5882201,48.1287617,528.0
2450,11.5888347,48.1286919,528.0
2451,11.5904101,48.1281928,533.0
2452,11.5808285,48.1502103,520.0
2453,11.5812327,48.1511026,520.0
2454,11.5492164,48.1446474,522.0
2455,11.5584428,48.1301521,525.0
2456,11.5584493,48.1299855,525.0
2457,11.5821828,48.1521857,517.0
2458,11.5820360,48.1525337,517.0
2459,11.5823677,48.1524715,517.0
2460,11.5822341,48.1525353,517.0
2461,11.5820952,48.1525435,517.0
2462,11.5856725,48.1398336,515.0
2463,11.5855843,48.1398603,515.0
2464,11.5741992,48.1483280,519.0
2465,11.5922539,48.1512448,509.0
2466,11.5665652,48.1401066,523.0
2467,11.5880227,48.1402540,519.0
2468,11.5880654,48.1402122,519.0
2469,11.5880506,48.1401830,519.0
2470,11.5866249,48.1402444,515.0
2471,11.5869942,48.1397691,515.0
2472,11.5669273,48.1275221,522.0
2473,11.5667477,48.1273312,522.0
2474,11.5662330,48.1308285,524.0
2475,11.5699764,48.1507970,520.0
2476,11.5652324,48.1434621,528.0
2477,11.5711464,48.1524721,516.0
2478,11.5706206,48.1517749,520.0
2479,11.5725514,48.1547618,520.0
2480,11.5679372,48.1476271,518.0
2481,11.5720787,48.1540723,516.0
2482,11.5716104,48.1532662,516.0
2483,11.5666830,48.1453899,520.0
2484,11.5701289,48.1507610,520.0
2485,11.5707824,48.1517303,520.0
2486,11.5712376,48.1524487,516.0
2487,11.5654124,48.1434054,528.0
2488,11.5722546,48.1540206,516.0
2489,11.5727046,48.1547158,520.0
2490,11.5862385,48.1511506,510.0
2491,11.5851031,48.1499993,518.0
2492,11.5753122,48.1487952,517.0
2493,11.5750522,48.1488715,517.0
2494,11.5540516,48.1395515,526.0
2495,11.5539490,48.1391881,526.0
2496,11.5739643,48.1277597,516.0
2497,11.5752203,48.1281751,521.0
2498,11.5869919,48.1357954,524.0
2499,11.5909691,48.1367264,509.0
2500,11.5505039,48.1420396,528.0
2501,11.5498667,48.1420585,527.0
2502,11.5509254,48.1420419,528.0
2503,11.5491818,48.1421072,527.0
2504,11.5794178,48.1369958,520.0
2505,11.5793051,48.1361953,520.0
2506,11.5731583,48.1239790,525.0
2507,11.5730132,48.1239885,525.0
2508,11.5745624,48.1236178,525.0
2509,11.5731245,48.1238788,525.0
2510,11.5731697,48.1239245,525.0
2511,11.5730875,48.1238660,525.0
2512,11.5731530,48.1238991,525.0
2513,11.5730981,48.1239844,525.0
2514,11.5731727,48.1239522,525.0
2515,11.5730463,48.1238622,525.0
2516,11.5566788,48.1420789,525.0
2517,11.5566619,48.1419606,525.0
2518,11.5809346,48.1468507,519.0
2519,11.5717383,48.1532295,516.0
2520,11.5710664,48.1524926,516.0
2521,11.5693512,48.1496887,521.0
2522,11.5665083,48.1454396,520.0
2523,11.5680967,48.1475801,518.0
2524,11.5715728,48.1529782,516.0
2525,11.5719063,48.1534986,516.0
2526,11.5722155,48.1486494,516.0
2527,11.5731396,48.1483918,519.0
2528,11.5726951,48.1486247,516.0
2529,11.5737446,48.1482237,519.0
2530,11.5726421,48.1485280,516.0
2531,11.5735416,48.1482787,519.0
2532,11.5776999,48.1461202,521.0
2533,11.5782741,48.1477200,521.0
2534,11.5697066,48.1450147,522.0
2535,11.5774173,48.1487321,519.0
2536,11.5769893,48.1480741,517.0
2537,11.5696590,48.1445497,522.0
2538,11.5685875,48.1443779,520.0
2539,11.6011536,48.1386698,528.0
2540,11.5754566,48.1551336,517.0
2541,11.5752536,48.1551804,517.0
2542,11.5753930,48.1543252,517.0
2543,11.5806505,48.1448697,520.0
2544,11.5807011,48.1449834,520.0
2545,11.5808349,48.1448314,520.0
2546,11.5809136,48.1449410,520.0
2547,11.5584695,48.1466244,520.0
2548,11.5579549,48.1456912,524.0
2549,11.5567853,48.1435275,525.0
2550,11.5569805,48.1438606,524.0
2551,11.5595305,48.1452165,520.0
2552,11.5598010,48.1442211,520.0
2553,11.5594493,48.1474319,520.0
2554,11.5585014,48.1467564,520.0
2555,11.6000520,48.1406525,531.0
2556,11.6014311,48.1405412,531.0
2557,11.5985033,48.1408974,526.0
2558,11.6014408,48.1403433,531.0
2559,11.5540357,48.1423677,541.0
2560,11.5526489,48.1427236,541.0
2561,11.5509126,48.1431018,528.0
2562,11.5526334,48.1426936,541.0
2563,11.5509062,48.1430796,528.0
2564,11.5526643,48.1427536,541.0
2565,11.5504053,48.1432185,528.0
2566,11.5503894,48.1431865,528.0
2567,11.5540043,48.1424178,541.0
2568,11.5540183,48.1424450,541.0
2569,11.5509183,48.1431214,528.0
2570,11.5947898,48.1425737,513.0
2571,11.5858943,48.1434788,518.0
2572,11.5987739,48.1410166,526.0
2573,11.5885107,48.1422877,517.0
2574,11.5950224,48.1433232,513.0
2575,11.5971598,48.1418206,519.0
2576,11.5973793,48.1413665,523.0
2577,11.5827441,48.1444576,517.0
2578,11.5746050,48.1456637,529.0
2579,11.5823774,48.1445778,517.0
2580,11.5749448,48.1455169,529.0
2581,11.5743102,48.1447585,529.0
2582,11.5744029,48.1456517,529.0
2583,11.5731902,48.1459198,518.0
2584,11.5740357,48.1458164,529.0
2585,11.5746869,48.1452914,529.0
2586,11.5763633,48.1458128,519.0
2587,11.5773565,48.1457246,519.0
2588,11.5753508,48.1456147,519.0
2589,11.5744845,48.1456947,529.0
2590,11.5830636,48.1445059,517.0
2591,11.5528299,48.1426281,541.0
2592,11.5528430,48.1426514,541.0
2593,11.5528573,48.1426812,541.0
2594,11.5732549,48.1418891,524.0
2595,11.5732213,48.1420159,524.0
2596,11.5589781,48.1466055,520.0
2597,11.5590985,48.1467344,520.0
2598,11.5585752,48.1466383,520.0
2599,11.5587060,48.1466072,520.0
2600,11.5588741,48.1466143,520.0
2601,11.5585487,48.1464144,520.0
2602,11.5590518,48.1465808,520.0
2603,11.5591151,48.1465476,520.0
2604,11.5586365,48.1466156,520.0
2605,11.5585363,48.1466671,520.0
2606,11.5587621,48.1466041,520.0
2607,11.5588345,48.1466096,520.0
2608,11.5753110,48.1554012,517.0
2609,11.5808635,48.1496233,521.0
2610,11.5553140,48.1500294,526.0
2611,11.5492488,48.1388844,526.0
2612,11.5854259,48.1284587,517.0
2613,11.5851878,48.1282969,517.0
2614,11.5876352,48.1312334,524.0
2615,11.5982925,48.1346537,528.0
2616,11.6015231,48.1332541,530.0
2617,11.6002259,48.1322913,530.0
2618,11.5994684,48.1309293,534.0
2619,11.5976164,48.1319031,526.0
2620,11.5997817,48.1323517,535.0
2621,11.5996332,48.1309953,534.0
2622,11.6017643,48.1336466,530.0
2623,11.5965525,48.1349245,532.0
2624,11.6011093,48.1318335,530.0
2625,11.5971579,48.1341516,532.0
2626,11.5994344,48.1323611,535.0
2627,11.5977147,48.1341078,532.0
2628,11.6011993,48.1319073,530.0
2629,11.6000136,48.1309001,531.0
2630,11.5846528,48.1323660,517.0
2631,11.5822092,48.1345683,518.0
2632,11.5897578,48.1309823,533.0
2633,11.5913964,48.1302024,533.0
2634,11.5929051,48.1293512,533.0
2635,11.5831179,48.1354911,521.0
2636,11.5963503,48.1311532,531.0
2637,11.5927622,48.1292911,533.0
2638,11.5858021,48.1318716,516.0
2639,11.5892274,48.1317239,519.0
2640,11.5842626,48.1318408,517.0
2641,11.5961357,48.1311712,531.0
2642,11.5828264,48.1340380,518.0
2643,11.5941033,48.1410064,514.0
2644,11.5962061,48.1480665,511.0
2645,11.5898530,48.1375495,521.0
2646,11.5927044,48.1390941,514.0
2647,11.5856719,48.1329869,516.0
2648,11.5852486,48.1341440,521.0
2649,11.5944118,48.1465206,514.0
2650,11.5955524,48.1482901,509.0
2651,11.5850404,48.1340157,521.0
2652,11.5945281,48.1464943,514.0
2653,11.5890050,48.1370321,519.0
2654,11.6017653,48.1420539,527.0
2655,11.5569531,48.1434869,525.0
2656,11.5588022,48.1478814,520.0
2657,11.5582613,48.1505634,522.0
2658,11.5582729,48.1498164,528.0
2659,11.5587381,48.1502147,524.0
2660,11.5580904,48.1503398,522.0
2661,11.5629771,48.1465524,525.0
2662,11.5578891,48.1509302,522.0
2663,11.5577216,48.1509597,522.0
2664,11.5583340,48.1503725,524.0
2665,11.5567084,48.1436906,525.0
2666,11.5578583,48.1509155,522.0
2667,11.5615431,48.1469823,520.0
2668,11.5577643,48.1456353,524.0
2669,11.5567888,48.1437963,524.0
2670,11.5588613,48.1475625,520.0
2671,11.5571519,48.1438062,524.0
2672,11.5579432,48.1506423,522.0
2673,11.5575588,48.1478078,523.0
2674,11.5573304,48.1503625,522.0
2675,11.5604203,48.1470517,520.0
2676,11.5614165,48.1467744,520.0
2677,11.5573669,48.1502630,522.0
2678,11.5592823,48.1488972,519.0
2679,11.5575040,48.1502068,522.0
2680,11.5559507,48.1421170,531.0
2681,11.5572995,48.1504596,522.0
2682,11.5578554,48.1507934,522.0
2683,11.5583776,48.1501376,524.0
2684,11.5590176,48.1473822,520.0
2685,11.5638660,48.1459190,525.0
2686,11.5581631,48.1501433,522.0
2687,11.5573984,48.1502367,522.0
2688,11.5591142,48.1516311,524.0
2689,11.5563695,48.1491384,528.0
2690,11.5590401,48.1501339,524.0
2691,11.5580585,48.1508802,522.0
2692,11.5578844,48.1510513,522.0
2693,11.5576759,48.1501374,522.0
2694,11.5559326,48.1420145,531.0
2695,11.5819181,48.1523665,517.0
2696,11.5820578,48.1521880,517.0
2697,11.5795009,48.1467106,519.0
2698,11.5806022,48.1490647,521.0
2699,11.5796018,48.1469258,519.0
2700,11.5805219,48.1488930,521.0
2701,11.6015493,48.1356705,527.0
2702,11.5991772,48.1355662,526.0
2703,11.5990291,48.1355688,526.0
2704,11.5960034,48.1359643,532.0
2705,11.5963880,48.1359368,532.0
2706,11.5978879,48.1357848,532.0
2707,11.5880262,48.1374461,519.0
2708,11.5841972,48.1370876,517.0
2709,11.5846750,48.1384051,517.0
2710,11.5846254,48.1393765,517.0
2711,11.5844995,48.1384367,517.0
2712,11.5847259,48.1394143,517.0
2713,11.5821216,48.1520693,517.0
2714,11.5581576,48.1432747,525.0
2715,11.5702493,48.1363861,522.0
2716,11.5709364,48.1369581,525.0
2717,11.5600611,48.1378755,526.0
2718,11.5575745,48.1303037,526.0
2719,11.5964978,48.1287079,533.0
2720,11.5912561,48.1320430,528.0
2721,11.5861543,48.1317581,516.0
2722,11.5679257,48.1543270,519.0
2723,11.5586932,48.1262785,528.0
2724,11.5573842,48.1284828,529.0
2725,11.5550719,48.1279650,528.0
2726,11.5570720,48.1287721,529.0
2727,11.5569743,48.1288633,529.0
2728,11.5589262,48.1280410,526.0
2729,11.5598313,48.1278906,526.0
2730,11.5602180,48.1288697,526.0
2731,11.5598367,48.1280239,526.0
2732,11.5594666,48.1280626,526.0
2733,11.5590934,48.1280805,526.0
2734,11.5594649,48.1279003,526.0
2735,11.5596880,48.1280394,526.0
2736,11.5593120,48.1280788,526.0
2737,11.5584115,48.1280386,526.0
2738,11.5597027,48.1287144,526.0
2739,11.5601293,48.1286407,526.0
2740,11.5596826,48.1278937,526.0
2741,11.5706653,48.1323929,521.0
2742,11.5668824,48.1365627,525.0
2743,11.5703202,48.1316943,521.0
2744,11.5690724,48.1361502,522.0
2745,11.5612654,48.1413953,524.0
2746,11.5603842,48.1421246,521.0
2747,11.5606747,48.1414765,524.0
2748,11.5611847,48.1414000,524.0
2749,11.5613364,48.1413728,524.0
2750,11.5611455,48.1413990,524.0
2751,11.5722897,48.1268011,521.0
2752,11.5587986,48.1291016,526.0
2753,11.5591406,48.1306748,525.0
2754,11.5587946,48.1293270,525.0
2755,11.5932147,48.1363908,517.0
2756,11.5982070,48.1345302,528.0
2757,11.5934483,48.1365392,517.0
2758,11.5934086,48.1364249,517.0
2759,11.5935716,48.1367132,517.0
2760,11.5935280,48.1366692,517.0
2761,11.5980914,48.1357246,526.0
2762,11.5953729,48.1359768,526.0
2763,11.5934247,48.1364857,517.0
2764,11.5935026,48.1366346,517.0
2765,11.6001528,48.1356999,527.0
2766,11.5981095,48.1355941,526.0
2767,11.5934061,48.1363356,517.0
2768,11.5630010,48.1305961,525.0
2769,11.5624752,48.1311997,526.0
2770,11.5679070,48.1322374,525.0
2771,11.5674515,48.1317536,525.0
2772,11.5622819,48.1296090,526.0
2773,11.5624782,48.1305744,526.0
2774,11.5625056,48.1308576,525.0
2775,11.5626096,48.1304168,525.0
2776,11.5625281,48.1310447,525.0
2777,11.5642024,48.1361042,525.0
2778,11.5657423,48.1339080,524.0
2779,11.5557978,48.1327189,524.0
2780,11.5607739,48.1324242,527.0
2781,11.5604702,48.1324891,527.0
2782,11.5594123,48.1316107,525.0
2783,11.5594571,48.1318690,525.0
2784,11.5594724,48.1314644,525.0
2785,11.5593954,48.1317079,525.0
2786,11.5501676,48.1362649,522.0
2787,11.5555636,48.1345493,530.0
2788,11.5555640,48.1349158,530.0
2789,11.5480537,48.1384237,526.0
2790,11.5489660,48.1390266,526.0
2791,11.5498469,48.1390008,526.0
2792,11.5498460,48.1389520,526.0
2793,11.5497349,48.1389424,526.0
2794,11.5500034,48.1389985,526.0
2795,11.5497514,48.1390026,526.0
2796,11.5494551,48.1389146,526.0
2797,11.5498451,48.1388993,526.0
2798,11.5496482,48.1389347,526.0
2799,11.5498126,48.1376740,526.0
2800,11.5498467,48.1389893,526.0
2801,11.5495517,48.1389269,526.0
2802,11.5498462,48.1389624,526.0
2803,11.5579865,48.1392893,527.0
2804,11.5607452,48.1394097,532.0
2805,11.5563180,48.1419785,525.0
2806,11.5608341,48.1395141,532.0
2807,11.5586439,48.1391850,526.0
2808,11.5575159,48.1391636,527.0
2809,11.5603261,48.1393551,526.0
2810,11.5602105,48.1392246,526.0
2811,11.5577279,48.1392568,527.0
2812,11.5563499,48.1420988,525.0
2813,11.5609228,48.1394370,532.0
2814,11.5560729,48.1391438,525.0
2815,11.5596269,48.1392055,526.0
2816,11.5588547,48.1393227,526.0
2817,11.5599021,48.1393475,526.0
2818,11.5586465,48.1393258,526.0
2819,11.5612992,48.1408920,524.0
2820,11.5573976,48.1392307,527.0
2821,11.5675781,48.1348359,524.0
2822,11.5684389,48.1363248,525.0
2823,11.5683570,48.1362636,525.0
2824,11.5935220,48.1321926,534.0
2825,11.5960729,48.1334659,532.0
2826,11.5935515,48.1323497,534.0
2827,11.5853824,48.1353793,521.0
2828,11.5846646,48.1353112,521.0
2829,11.5861125,48.1353515,522.0
2830,11.5864664,48.1350892,522.0
2831,11.5860137,48.1353357,522.0
2832,11.5847089,48.1354101,521.0
2833,11.5861244,48.1352903,522.0
2834,11.5851346,48.1353855,521.0
2835,11.5624957,48.1406457,524.0
2836,11.5654329,48.1397356,523.0
2837,11.5613137,48.1410561,524.0
2838,11.5636385,48.1339721,523.0
2839,11.5635271,48.1342722,523.0
2840,11.5663580,48.1378959,527.0
2841,11.5659309,48.1366624,524.0
2842,11.5653610,48.1366762,524.0
2843,11.5659459,48.1366026,524.0
2844,11.5600400,48.1509904,524.0
2845,11.5603403,48.1509494,524.0
2846,11.5821637,48.1525427,517.0
2847,11.5819847,48.1522156,517.0
2848,11.5933900,48.1365497,517.0
2849,11.5676724,48.1350400,524.0
2850,11.5673128,48.1350557,524.0
2851,11.5863871,48.1303412,521.0
2852,11.5871151,48.1287714,517.0
2853,11.5871643,48.1290905,517.0
2854,11.5566888,48.1495904,528.0
2855,11.5607861,48.1410489,524.0
2856,11.5562144,48.1420518,531.0
2857,11.5886197,48.1374004,519.0
2858,11.5886994,48.1373969,519.0
2859,11.5886578,48.1375149,519.0
2860,11.5890647,48.1367483,519.0
2861,11.5889294,48.1365719,519.0
2862,11.5878631,48.1386363,519.0
2863,11.5780856,48.1372408,521.0
2864,11.5773848,48.1367523,521.0
2865,11.5763559,48.1318146,526.0
2866,11.5760462,48.1331843,526.0
2867,11.5798019,48.1251151,519.0
2868,11.5762641,48.1334878,520.0
2869,11.5805297,48.1482117,521.0
2870,11.5611401,48.1413700,524.0
2871,11.5615912,48.1400871,524.0
2872,11.5608106,48.1412970,524.0
2873,11.5582748,48.1421860,525.0
2874,11.5580880,48.1418008,525.0
2875,11.5588309,48.1416697,521.0
2876,11.5760533,48.1336580,520.0
2877,11.5794661,48.1338154,521.0
2878,11.5783277,48.1366413,521.0
2879,11.5799589,48.1287114,518.0
2880,11.5562483,48.1387232,525.0
2881,11.5652018,48.1225326,523.0
2882,11.5656817,48.1229020,523.0
2883,11.5651302,48.1226131,523.0
2884,11.5655358,48.1227547,523.0
2885,11.5640514,48.1438061,518.0
2886,11.5639213,48.1427686,520.0
2887,11.5626701,48.1224905,520.0
2888,11.5757345,48.1531624,518.0
2889,11.5531360,48.1340481,523.0
2890,11.5498287,48.1360518,524.0
2891,11.5485047,48.1376580,526.0
2892,11.5495273,48.1367877,524.0
2893,11.5497623,48.1370046,524.0
2894,11.5496123,48.1366547,524.0
2895,11.5494227,48.1366236,524.0
2896,11.5535116,48.1335950,523.0
2897,11.5748103,48.1342655,518.0
2898,11.5575263,48.1304440,526.0
2899,11.5735670,48.1390986,529.0
2900,11.5712712,48.1373397,525.0
2901,11.5995682,48.1306971,534.0
2902,11.5584169,48.1464804,520.0
2903,11.5564154,48.1421526,525.0
2904,11.5563125,48.1422380,525.0
2905,11.5565192,48.1420856,525.0
2906,11.5647110,48.1240998,521.0
2907,11.5650281,48.1238021,521.0
2908,11.5652575,48.1239229,521.0
2909,11.5647063,48.1239077,521.0
2910,11.5638283,48.1244750,520.0
2911,11.5644774,48.1216623,520.0
2912,11.5646424,48.1241221,521.0
2913,11.5651140,48.1229025,523.0
2914,11.5690533,48.1218327,526.0
2915,11.5704078,48.1205153,516.0
2916,11.5728736,48.1194721,522.0
2917,11.5713599,48.1192019,522.0
2918,11.5711045,48.1201775,522.0
2919,11.5639795,48.1276850,527.0
2920,11.5633497,48.1286365,527.0
2921,11.5635336,48.1289492,527.0
2922,11.5489160,48.1383596,526.0
2923,11.5533049,48.1351901,523.0
2924,11.5535677,48.1351785,523.0
2925,11.5658581,48.1251431,523.0
2926,11.5662217,48.1254365,523.0
2927,11.5656961,48.1248434,521.0
2928,11.5663984,48.1255543,523.0
2929,11.5643680,48.1513229,518.0
2930,11.5630612,48.1440955,518.0
2931,11.5624412,48.1442744,521.0
2932,11.5773021,48.1194146,524.0
2933,11.5763260,48.1207403,518.0
2934,11.5586465,48.1291022,526.0
2935,11.5530949,48.1376191,526.0
2936,11.5530890,48.1375191,526.0
2937,11.5531103,48.1378778,526.0
2938,11.5532265,48.1366186,523.0
2939,11.5680895,48.1293417,521.0
2940,11.5699086,48.1298513,526.0
2941,11.5699373,48.1263479,519.0
2942,11.5681688,48.1289446,522.0
2943,11.5705195,48.1283097,522.0
2944,11.5698486,48.1262880,519.0
2945,11.5679204,48.1315841,525.0
2946,11.5704402,48.1283114,522.0
2947,11.5689632,48.1309297,526.0
2948,11.5697185,48.1285356,522.0
2949,11.5692732,48.1279138,522.0
2950,11.5706097,48.1283368,522.0
2951,11.5680795,48.1250611,523.0
2952,11.5798974,48.1339532,521.0
2953,11.5801160,48.1214178,521.0
2954,11.5532542,48.1374270,523.0
2955,11.5498102,48.1367441,524.0
2956,11.5493117,48.1361078,524.0
2957,11.5882225,48.1252896,531.0
2958,11.5874168,48.1255306,530.0
2959,11.5831466,48.1266859,517.0
2960,11.5818525,48.1272993,517.0
2961,11.5826195,48.1268935,517.0
2962,11.5811236,48.1277473,518.0
2963,11.5753948,48.1282614,521.0
2964,11.5759977,48.1283197,521.0
2965,11.5731377,48.1301550,522.0
2966,11.5658465,48.1400504,523.0
2967,11.5650252,48.1390098,527.0
2968,11.5613789,48.1410004,524.0
2969,11.5563645,48.1421882,525.0
2970,11.5614772,48.1421797,524.0
2971,11.5594403,48.1427471,521.0
2972,11.5602124,48.1426740,521.0
2973,11.5602750,48.1424483,521.0
2974,11.5605467,48.1423876,524.0
2975,11.5816089,48.1238195,519.0
2976,11.5816888,48.1238428,519.0
2977,11.5816710,48.1238376,519.0
2978,11.5817879,48.1238708,519.0
2979,11.5815435,48.1247270,519.0
2980,11.5782138,48.1301433,519.0
2981,11.5711148,48.1346846,519.0
2982,11.5711887,48.1346280,519.0
2983,11.5711342,48.1345940,519.0
2984,11.5710111,48.1347640,519.0
2985,11.5710625,48.1346466,519.0
2986,11.5709555,48.1347250,519.0
2987,11.5764186,48.1204198,518.0
2988,11.5613116,48.1412070,524.0
2989,11.5612245,48.1411060,524.0
2990,11.5754612,48.1283023,521.0
2991,11.5671599,48.1409251,526.0
2992,11.5670574,48.1407938,526.0
2993,11.5666104,48.1405794,523.0
2994,11.5858460,48.1214972,535.0
2995,11.5902378,48.1227467,531.0
2996,11.5860573,48.1209053,535.0
2997,11.5861282,48.1210076,535.0
2998,11.5859705,48.1208935,535.0
2999,11.5861215,48.1210336,535.0
3000,11.5859996,48.1208875,535.0
3001,11.5861030,48.1210437,535.0
3002,11.5856007,48.1211814,535.0
3003,11.5854769,48.1210447,535.0
3004,11.5796282,48.1346895,521.0
3005,11.5804424,48.1349752,521.0
3006,11.5794686,48.1345328,521.0
3007,11.5779447,48.1344440,526.0
3008,11.5795768,48.1338861,521.0
3009,11.5806517,48.1349804,521.0
3010,11.5893642,48.1378102,519.0
3011,11.5805095,48.1347020,521.0
3012,11.5629998,48.1363315,525.0
3013,11.5735724,48.1398517,529.0
3014,11.5729157,48.1399818,525.0
3015,11.5716063,48.1403981,525.0
3016,11.5713808,48.1404932,525.0
3017,11.5716780,48.1405012,525.0
3018,11.5617544,48.1515903,521.0
3019,11.5646432,48.1369799,524.0
3020,11.5632837,48.1373961,525.0
3021,11.5728402,48.1443812,521.0
3022,11.5722327,48.1445517,521.0
3023,11.5720827,48.1418978,521.0
3024,11.5725256,48.1420273,521.0
3025,11.5874333,48.1531310,515.0
3026,11.5715280,48.1466175,517.0
3027,11.5713392,48.1461615,517.0
3028,11.5690153,48.1419962,526.0
3029,11.5652701,48.1366832,524.0
3030,11.5666323,48.1336660,524.0
3031,11.5645234,48.1363246,525.0
3032,11.5693216,48.1410321,521.0
3033,11.5678560,48.1404337,526.0
3034,11.5657916,48.1343124,524.0
3035,11.5668365,48.1333257,525.0
3036,11.5651303,48.1325938,529.0
3037,11.5672609,48.1325790,525.0
3038,11.5665642,48.1333244,529.0
3039,11.5647166,48.1373388,524.0
3040,11.5668921,48.1335196,524.0
3041,11.5673300,48.1336087,524.0
3042,11.5693720,48.1409712,521.0
3043,11.5688404,48.1337085,522.0
3044,11.5654491,48.1379076,527.0
3045,11.5670301,48.1406811,526.0
3046,11.5663785,48.1406956,523.0
3047,11.5647471,48.1380387,527.0
3048,11.5644072,48.1363252,525.0
3049,11.5659151,48.1396041,523.0
3050,11.5645848,48.1373923,524.0
3051,11.5660204,48.1331197,529.0
3052,11.5665230,48.1334047,524.0
3053,11.5652653,48.1373624,524.0
3054,11.5698100,48.1340163,522.0
3055,11.5649914,48.1393277,527.0
3056,11.5668300,48.1330727,525.0
3057,11.5653210,48.1397696,523.0
3058,11.5664810,48.1333904,524.0
3059,11.5654634,48.1397624,523.0
3060,11.5675816,48.1335616,524.0
3061,11.5646261,48.1364225,524.0
3062,11.5602447,48.1322991,525.0
3063,11.5599318,48.1322432,525.0
3064,11.5604529,48.1323895,527.0
3065,11.5604565,48.1324466,527.0
3066,11.5604228,48.1323478,527.0
3067,11.5661735,48.1415342,523.0
3068,11.5662458,48.1411875,523.0
3069,11.5995426,48.1307532,534.0
3070,11.5993353,48.1310734,534.0
3071,11.5993995,48.1310040,534.0
3072,11.5996167,48.1306533,534.0
3073,11.5995149,48.1308657,534.0
3074,11.5995676,48.1308522,534.0
3075,11.5994732,48.1310444,534.0
3076,11.5996963,48.1309419,534.0
3077,11.5993640,48.1310906,534.0
3078,11.5976105,48.1340072,532.0
3079,11.5973896,48.1331746,526.0
3080,11.5986550,48.1315414,535.0
3081,11.5976159,48.1323105,526.0
3082,11.5976795,48.1322223,526.0
3083,11.5975510,48.1323833,526.0
3084,11.5973379,48.1334375,532.0
3085,11.5978211,48.1320993,526.0
3086,11.5973085,48.1333031,526.0
3087,11.5975653,48.1323545,526.0
3088,11.5975693,48.1323103,526.0
3089,11.5964036,48.1359667,532.0
3090,11.6017387,48.1385903,528.0
3091,11.5891472,48.1373412,519.0
3092,11.5929479,48.1366179,517.0
3093,11.5891598,48.1373687,519.0
3094,11.5886364,48.1375220,519.0
3095,11.5889011,48.1374170,519.0
3096,11.5897435,48.1372526,509.0
3097,11.5929588,48.1366417,517.0
3098,11.5812718,48.1388552,521.0
3099,11.5846428,48.1382399,517.0
3100,11.5833020,48.1384669,521.0
3101,11.5801788,48.1390918,524.0
3102,11.5821651,48.1387124,521.0
3103,11.5812943,48.1388801,521.0
3104,11.5833088,48.1384945,521.0
3105,11.5817264,48.1387681,521.0
3106,11.5799342,48.1391096,524.0
3107,11.5867791,48.1378293,518.0
3108,11.5844705,48.1382721,517.0
3109,11.5844662,48.1382442,517.0
3110,11.5784223,48.1394300,524.0
3111,11.5736779,48.1399295,529.0
3112,11.5736134,48.1398717,529.0
3113,11.5695326,48.1408952,521.0
3114,11.5696383,48.1407883,521.0
3115,11.5694412,48.1408107,521.0
3116,11.5696849,48.1408085,521.0
3117,11.5705448,48.1406607,521.0
3118,11.5624600,48.1405961,524.0
3119,11.5653457,48.1396514,523.0
3120,11.5612950,48.1408438,524.0
3121,11.5730953,48.1365578,530.0
3122,11.5609741,48.1394201,532.0
3123,11.5586452,48.1392432,526.0
3124,11.5586461,48.1392700,526.0
3125,11.5973534,48.1335117,532.0
3126,11.5721610,48.1405014,525.0
3127,11.5718863,48.1404703,525.0
3128,11.5718021,48.1403473,525.0
3129,11.5714504,48.1405106,525.0
3130,11.5719102,48.1402495,525.0
3131,11.5501467,48.1389964,526.0
3132,11.5588553,48.1391877,526.0
3133,11.5683653,48.1410016,526.0
3134,11.5650727,48.1391843,527.0
3135,11.5608331,48.1392686,532.0
3136,11.5624802,48.1393224,532.0
3137,11.5608826,48.1394629,532.0
3138,11.5650296,48.1374355,524.0
3139,11.5610571,48.1394182,532.0
3140,11.5618824,48.1393801,532.0
3141,11.5609059,48.1394210,532.0
3142,11.5651256,48.1393100,527.0
3143,11.5609371,48.1392946,532.0
3144,11.5650706,48.1374432,524.0
3145,11.5651177,48.1374536,524.0
3146,11.5610967,48.1393880,532.0
3147,11.5609896,48.1393184,532.0
3148,11.5611213,48.1394160,532.0
3149,11.5610713,48.1393186,532.0
3150,11.5611142,48.1392640,532.0
3151,11.5665623,48.1405737,523.0
3152,11.5649946,48.1374293,524.0
3153,11.5662574,48.1406511,523.0
3154,11.5649722,48.1378755,527.0
3155,11.5666729,48.1406534,526.0
3156,11.5655112,48.1390466,527.0
3157,11.5666257,48.1406530,523.0
3158,11.5652342,48.1392769,527.0
3159,11.5649101,48.1365108,524.0
3160,11.5648477,48.1364824,524.0
3161,11.5648841,48.1364986,524.0
3162,11.5651849,48.1378597,527.0
3163,11.5651517,48.1378626,527.0
3164,11.5676627,48.1414863,526.0
3165,11.5608966,48.1412167,524.0
3166,11.5689945,48.1410106,521.0
3167,11.5690355,48.1409713,521.0
3168,11.5691421,48.1410728,521.0
3169,11.5663703,48.1408298,523.0
3170,11.5669974,48.1405622,526.0
3171,11.5670214,48.1406373,526.0
3172,11.5650962,48.1392453,527.0
3173,11.5651952,48.1392899,527.0
3174,11.5611516,48.1410545,524.0
3175,11.5669688,48.1404979,526.0
3176,11.5613092,48.1409877,524.0
3177,11.5664374,48.1333742,524.0
3178,11.5661164,48.1341804,524.0
3179,11.5663322,48.1332369,529.0
3180,11.5660756,48.1342187,524.0
3181,11.5664873,48.1332956,529.0
3182,11.5664378,48.1332760,529.0
3183,11.5664047,48.1333617,524.0
3184,11.5663324,48.1333337,524.0
3185,11.5664539,48.1332827,529.0
3186,11.5659733,48.1343030,524.0
3187,11.5657070,48.1330722,529.0
3188,11.5661242,48.1332509,529.0
3189,11.5602855,48.1424936,521.0
3190,11.5602514,48.1426144,521.0
3191,11.5588770,48.1468367,520.0
3192,11.5591509,48.1465240,520.0
3193,11.5595363,48.1451274,520.0
3194,11.5597943,48.1442464,520.0
3195,11.5591851,48.1465524,520.0
3196,11.5588319,48.1467499,520.0
3197,11.5595751,48.1451171,520.0
3198,11.5602353,48.1425154,521.0
3199,11.5588538,48.1467756,520.0
3200,11.5602044,48.1426318,521.0
3201,11.5695654,48.1285814,522.0
3202,11.5696736,48.1444717,522.0
3203,11.5693708,48.1450163,522.0
3204,11.5694175,48.1443712,522.0
3205,11.5697572,48.1445891,522.0
3206,11.5686363,48.1447191,520.0
3207,11.5693381,48.1443480,522.0
3208,11.5678629,48.1426914,521.0
3209,11.5688484,48.1442740,522.0
3210,11.5679029,48.1426805,521.0
3211,11.5676112,48.1414705,526.0
3212,11.5675425,48.1415122,526.0
3213,11.5675650,48.1414786,526.0
3214,11.5676508,48.1419804,521.0
3215,11.5784897,48.1299296,519.0
3216,11.5754426,48.1321226,526.0
3217,11.5777747,48.1286353,513.0
3218,11.5747783,48.1333012,517.0
3219,11.5751512,48.1323329,526.0
3220,11.5754155,48.1284698,521.0
3221,11.5783177,48.1300622,519.0
3222,11.5947693,48.1280476,532.0
3223,11.5626399,48.1222581,520.0
3224,11.5648110,48.1435841,528.0
3225,11.5648634,48.1436669,528.0
3226,11.5847515,48.1324488,517.0
3227,11.5654375,48.1323065,529.0
3228,11.5832341,48.1302099,522.0
3229,11.5843852,48.1298766,519.0
3230,11.5831181,48.1303141,522.0
3231,11.5828053,48.1521164,517.0
3232,11.5590259,48.1475467,520.0
3233,11.5620576,48.1478849,520.0
3234,11.5653288,48.1529295,520.0
3235,11.5939795,48.1288923,532.0
3236,11.5938148,48.1288766,532.0
3237,11.5955294,48.1301859,530.0
3238,11.5976679,48.1319378,526.0
3239,11.5964552,48.1312329,531.0
3240,11.5963238,48.1311588,531.0
3241,11.5940433,48.1286395,532.0
3242,11.5941789,48.1290856,532.0
3243,11.5939265,48.1286518,532.0
3244,11.5955750,48.1302749,530.0
3245,11.5939162,48.1288155,532.0
3246,11.5941853,48.1288520,532.0
3247,11.5945622,48.1292648,530.0
3248,11.5956086,48.1302615,530.0
3249,11.5955537,48.1302194,530.0
3250,11.5939552,48.1286307,532.0
3251,11.5954144,48.1302320,530.0
3252,11.5963768,48.1311476,531.0
3253,11.5962581,48.1311658,531.0
3254,11.5977193,48.1321914,526.0
3255,11.5935869,48.1288897,534.0
3256,11.5955542,48.1302588,530.0
3257,11.5938777,48.1287483,532.0
3258,11.5977010,48.1319687,526.0
3259,11.5980105,48.1320038,535.0
3260,11.5937190,48.1288756,534.0
3261,11.5943317,48.1290208,532.0
3262,11.5604095,48.1325093,525.0
3263,11.5938664,48.1285437,532.0
3264,11.5906220,48.1255356,535.0
3265,11.5905917,48.1255688,535.0
3266,11.5914794,48.1256407,535.0
3267,11.5887466,48.1250430,531.0
3268,11.5889757,48.1248616,538.0
3269,11.5912361,48.1258050,535.0
3270,11.5869379,48.1229729,534.0
3271,11.5938257,48.1284773,532.0
3272,11.5869018,48.1229842,534.0
3273,11.5921866,48.1263078,533.0
3274,11.5929559,48.1270539,533.0
3275,11.5891801,48.1249348,538.0
3276,11.5890045,48.1248313,538.0
3277,11.5938990,48.1285201,532.0
3278,11.5920078,48.1262014,533.0
3279,11.5925626,48.1265605,533.0
3280,11.5879737,48.1242789,538.0
3281,11.5888863,48.1249537,538.0
3282,11.5925182,48.1265899,533.0
3283,11.5929185,48.1270641,533.0
3284,11.5938616,48.1284593,532.0
3285,11.5879336,48.1242742,538.0
3286,11.5875552,48.1239072,538.0
3287,11.5946795,48.1491189,509.0
3288,11.5947890,48.1490528,509.0
3289,11.5562786,48.1324430,525.0
3290,11.5554813,48.1325454,524.0
3291,11.5559177,48.1324982,524.0
3292,11.5560313,48.1324456,524.0
3293,11.5557513,48.1326143,524.0
3294,11.5555062,48.1316436,524.0
3295,11.5556653,48.1325062,524.0
3296,11.5560823,48.1316480,524.0
3297,11.5560946,48.1322927,524.0
3298,11.5892532,48.1245860,538.0
3299,11.5725909,48.1413182,525.0
3300,11.5779191,48.1472689,521.0
3301,11.5787081,48.1484454,519.0
3302,11.5782088,48.1477379,521.0
3303,11.5724171,48.1353040,519.0
3304,11.5744649,48.1361806,530.0
3305,11.5732667,48.1358845,530.0
3306,11.5734454,48.1357649,530.0
3307,11.5745188,48.1361601,530.0
3308,11.5743147,48.1362182,530.0
3309,11.5963463,48.1271005,533.0
3310,11.5973340,48.1277277,533.0
3311,11.5976906,48.1290625,533.0
3312,11.5980059,48.1290387,537.0
3313,11.5982258,48.1289725,537.0
3314,11.5973361,48.1292888,531.0
3315,11.5972724,48.1293300,531.0
3316,11.5984967,48.1290280,537.0
3317,11.5983894,48.1289618,537.0
3318,11.5926724,48.1315009,534.0
3319,11.5925209,48.1313122,534.0
3320,11.5921642,48.1305102,533.0
3321,11.5726558,48.1488379,516.0
3322,11.5726105,48.1487740,516.0
3323,11.5727233,48.1489510,516.0
3324,11.5907020,48.1276264,533.0
3325,11.5891662,48.1279317,528.0
3326,11.5944547,48.1335357,531.0
3327,11.5946055,48.1337756,531.0
3328,11.5944614,48.1340158,531.0
3329,11.5944789,48.1339889,531.0
3330,11.5946348,48.1339002,531.0
3331,11.5990590,48.1293560,534.0
3332,11.5584714,48.1391820,526.0
3333,11.5676970,48.1333693,524.0
3334,11.5855645,48.1509490,510.0
3335,11.5853132,48.1504971,515.0
3336,11.5805672,48.1506999,520.0
3337,11.5857771,48.1511974,510.0
3338,11.5981005,48.1366178,526.0
3339,11.5986762,48.1372337,526.0
3340,11.5987345,48.1370238,526.0
3341,11.5985381,48.1370732,526.0
3342,11.6015448,48.1392315,528.0
3343,11.6010206,48.1387732,528.0
3344,11.6011332,48.1387124,528.0
3345,11.6005217,48.1388806,528.0
3346,11.6001651,48.1389344,528.0
3347,11.6004212,48.1388783,528.0
3348,11.6000793,48.1389690,528.0
3349,11.6004226,48.1396921,531.0
3350,11.5556587,48.1286099,528.0
3351,11.5532556,48.1300706,524.0
3352,11.5547544,48.1287446,528.0
3353,11.5557360,48.1287278,528.0
3354,11.5538869,48.1301380,524.0
3355,11.5538748,48.1293489,524.0
3356,11.5557409,48.1288473,528.0
3357,11.5540541,48.1286185,524.0
3358,11.5588410,48.1294009,525.0
3359,11.5535608,48.1301066,524.0
3360,11.5584071,48.1289244,526.0
3361,11.5541907,48.1290327,528.0
3362,11.6021994,48.1367657,525.0
3363,11.6012053,48.1362537,527.0
3364,11.6020715,48.1372717,527.0
3365,11.6015224,48.1365960,527.0
3366,11.6016655,48.1370007,527.0
3367,11.6011493,48.1371408,527.0
3368,11.6009106,48.1367775,527.0
3369,11.5784869,48.1235015,519.0
3370,11.5804130,48.1238458,516.0
3371,11.5724733,48.1267320,521.0
3372,11.5901814,48.1276229,533.0
3373,11.5902637,48.1276176,533.0
3374,11.5903552,48.1276156,533.0
3375,11.5996485,48.1399096,526.0
3376,11.5918243,48.1301554,533.0
3377,11.5915201,48.1290637,533.0
3378,11.5916880,48.1290000,534.0
3379,11.5917966,48.1289617,534.0
3380,11.5905825,48.1281439,533.0
3381,11.5693679,48.1487862,521.0
3382,11.5688635,48.1489292,521.0
3383,11.5692334,48.1505307,520.0
3384,11.5714495,48.1482122,516.0
3385,11.5693894,48.1488218,521.0
3386,11.5681052,48.1498006,525.0
3387,11.5689369,48.1489066,521.0
3388,11.5945152,48.1309999,530.0
3389,11.5490191,48.1375671,526.0
3390,11.5845983,48.1500562,515.0
3391,11.6011051,48.1356480,527.0
3392,11.6004792,48.1355697,527.0
3393,11.6006346,48.1356131,527.0
3394,11.5988303,48.1333278,535.0
3395,11.5991952,48.1338375,528.0
3396,11.5981039,48.1329485,535.0
3397,11.5961504,48.1314434,526.0
3398,11.5962928,48.1319076,526.0
3399,11.5945969,48.1323860,533.0
3400,11.5600450,48.1384607,526.0
3401,11.5589787,48.1384091,526.0
3402,11.5592207,48.1384586,526.0
3403,11.5595179,48.1384838,526.0
3404,11.5587843,48.1384056,526.0
3405,11.5593295,48.1384902,526.0
3406,11.5596087,48.1384807,526.0
3407,11.5586253,48.1384144,526.0
3408,11.5591616,48.1384254,526.0
3409,11.5601230,48.1384571,526.0
3410,11.5590835,48.1384112,526.0
3411,11.5598303,48.1384705,526.0
3412,11.5592704,48.1384730,526.0
3413,11.5993684,48.1291448,537.0
3414,11.5974906,48.1357727,532.0
3415,11.6020947,48.1359174,525.0
3416,11.6022976,48.1358025,525.0
3417,11.6009662,48.1357386,527.0
3418,11.6011440,48.1358664,527.0
3419,11.5959177,48.1345344,532.0
3420,11.5962530,48.1341767,532.0
3421,11.5962163,48.1341701,532.0
3422,11.5961861,48.1342264,532.0
3423,11.5960381,48.1344878,532.0
3424,11.5967632,48.1342500,532.0
3425,11.5966892,48.1342972,532.0
3426,11.5957386,48.1341551,531.0
3427,11.5957786,48.1340777,531.0
3428,11.5946230,48.1333721,531.0
3429,11.5932492,48.1324521,534.0
3430,11.5932804,48.1323527,534.0
3431,11.5932836,48.1322739,534.0
3432,11.5932300,48.1325226,534.0
3433,11.5929516,48.1293860,533.0
3434,11.5929862,48.1294112,533.0
3435,11.6012611,48.1423804,527.0
3436,11.5714769,48.1499850,516.0
3437,11.5716877,48.1503259,518.0
3438,11.5723821,48.1501321,518.0
3439,11.5716230,48.1502214,518.0
3440,11.5701081,48.1484936,521.0
3441,11.5701520,48.1485607,521.0
3442,11.5883520,48.1226838,532.0
3443,11.5827530,48.1222865,529.0
3444,11.5828491,48.1219450,529.0
3445,11.5825250,48.1220833,529.0
3446,11.5827736,48.1219776,529.0
3447,11.5830477,48.1204243,536.0
3448,11.5995017,48.1343703,528.0
3449,11.5893745,48.1301720,524.0
3450,11.5890931,48.1302725,524.0
3451,11.5888069,48.1293603,524.0
3452,11.5885473,48.1294923,524.0
3453,11.5890709,48.1293552,524.0
3454,11.5892851,48.1293052,524.0
3455,11.5896626,48.1292473,533.0
3456,11.5877202,48.1278564,528.0
3457,11.5878977,48.1278010,528.0
3458,11.5878326,48.1278213,528.0
3459,11.5748074,48.1452451,529.0
3460,11.5741176,48.1440423,529.0
3461,11.5745102,48.1447132,529.0
3462,11.5637872,48.1504404,518.0
3463,11.5630684,48.1506426,518.0
3464,11.5636270,48.1504812,518.0
3465,11.5634507,48.1505288,518.0
3466,11.5631205,48.1506278,518.0
3467,11.5995710,48.1323937,535.0
3468,11.6001366,48.1326331,530.0
3469,11.5976603,48.1349804,532.0
3470,11.5947016,48.1333000,533.0
3471,11.5942348,48.1308699,530.0
3472,11.5911239,48.1262052,535.0
3473,11.5911278,48.1261287,535.0
3474,11.5913988,48.1259259,535.0
3475,11.5912742,48.1264382,535.0
3476,11.5911793,48.1260719,535.0
3477,11.5913415,48.1259804,535.0
3478,11.5914865,48.1259438,535.0
3479,11.5914150,48.1259105,535.0
3480,11.5914700,48.1259592,535.0
3481,11.5977474,48.1356553,532.0
3482,11.5977395,48.1357318,532.0
3483,11.5976048,48.1349137,532.0
3484,11.5998554,48.1398518,526.0
3485,11.5994871,48.1382249,526.0
3486,11.5989342,48.1383925,526.0
3487,11.5991056,48.1383405,526.0
3488,11.6010642,48.1361045,527.0
3489,11.6010123,48.1361189,527.0
3490,11.5817486,48.1305940,522.0
3491,11.5822928,48.1310336,522.0
3492,11.5819044,48.1306859,522.0
3493,11.5822619,48.1309023,522.0
3494,11.5713179,48.1368508,525.0
3495,11.5938059,48.1254019,533.0
3496,11.5939826,48.1258682,533.0
3497,11.5666606,48.1308538,524.0
3498,11.5656825,48.1531817,520.0
3499,11.5655248,48.1532271,520.0
3500,11.5661301,48.1539008,520.0
3501,11.5659387,48.1539556,520.0
3502,11.5650256,48.1522044,520.0
3503,11.5648823,48.1522298,520.0
3504,11.5629732,48.1490240,519.0
3505,11.5628242,48.1490635,519.0
3506,11.5635786,48.1499704,519.0
3507,11.5642748,48.1511194,518.0
3508,11.5641711,48.1511469,518.0
3509,11.5615901,48.1468507,520.0
3510,11.5613501,48.1469176,520.0
3511,11.5621937,48.1480856,519.0
3512,11.5675595,48.1300074,521.0
3513,11.5680405,48.1301121,521.0
3514,11.5832730,48.1203269,536.0
3515,11.5815841,48.1348649,518.0
3516,11.5929998,48.1313848,534.0
3517,11.5928864,48.1312532,534.0
3518,11.5927719,48.1311096,533.0
3519,11.5847945,48.1279311,517.0
3520,11.5849217,48.1281522,517.0
3521,11.5855128,48.1277735,517.0
3522,11.5847089,48.1277379,517.0
3523,11.5882938,48.1226154,532.0
3524,11.5893125,48.1236556,538.0
3525,11.5901358,48.1238535,533.0
3526,11.5902211,48.1238236,533.0
3527,11.5905936,48.1237214,533.0
3528,11.5882053,48.1226178,532.0
3529,11.5883834,48.1228029,532.0
3530,11.5884152,48.1225598,532.0
3531,11.5876396,48.1254741,531.0
3532,11.5864384,48.1260981,530.0
3533,11.5884110,48.1252129,531.0
3534,11.5857449,48.1242869,534.0
3535,11.5858595,48.1244500,534.0
3536,11.5859812,48.1247438,534.0
3537,11.5902504,48.1226311,531.0
3538,11.5909527,48.1237454,533.0
3539,11.5909214,48.1236722,533.0
3540,11.5915912,48.1252316,535.0
3541,11.5566057,48.1427876,525.0
3542,11.5809131,48.1243874,516.0
3543,11.5797975,48.1231358,516.0
3544,11.5856114,48.1263846,530.0
3545,11.5866075,48.1272994,517.0
3546,11.5860933,48.1268450,530.0
3547,11.5853740,48.1263801,516.0
3548,11.5855601,48.1263841,530.0
3549,11.5906761,48.1282382,533.0
3550,11.5909961,48.1283506,533.0
3551,11.5910478,48.1285358,533.0
3552,11.5911168,48.1284938,533.0
3553,11.5909653,48.1285363,533.0
3554,11.5818011,48.1219625,529.0
3555,11.5743976,48.1223978,516.0
3556,11.5765593,48.1210938,518.0
3557,11.5761902,48.1212399,518.0
3558,11.5790049,48.1232124,519.0
3559,11.5790838,48.1233243,519.0
3560,11.5789352,48.1231197,519.0
3561,11.5596325,48.1269911,528.0
3562,11.5613576,48.1268254,527.0
3563,11.5597561,48.1257205,528.0
3564,11.5613078,48.1266726,527.0
3565,11.5611835,48.1262904,527.0
3566,11.5794725,48.1210945,521.0
3567,11.5562398,48.1280099,528.0
3568,11.5560595,48.1279594,528.0
3569,11.5560288,48.1279345,528.0
3570,11.5563948,48.1279926,529.0
3571,11.5730721,48.1213313,516.0
3572,11.5995674,48.1354261,526.0
3573,11.6010125,48.1357769,527.0
3574,11.6022090,48.1358374,525.0
3575,11.5810882,48.1242917,516.0
3576,11.5811133,48.1243094,516.0
3577,11.5508747,48.1429679,528.0
3578,11.5681851,48.1499208,525.0
3579,11.5704152,48.1340100,522.0
3580,11.5700430,48.1340459,522.0
3581,11.5696658,48.1341729,522.0
3582,11.5539848,48.1423798,541.0
3583,11.5540900,48.1424781,541.0
3584,11.5564226,48.1455843,524.0
3585,11.5651525,48.1366797,524.0
3586,11.5776894,48.1429483,521.0
3587,11.5772817,48.1430458,521.0
3588,11.5808987,48.1467726,519.0
3589,11.5492462,48.1362463,524.0
3590,11.5560573,48.1392203,525.0
3591,11.5575223,48.1269528,525.0
3592,11.5611317,48.1261312,527.0
3593,11.5681808,48.1402046,526.0
3594,11.5713256,48.1396696,525.0
3595,11.5702648,48.1398080,521.0
3596,11.5712125,48.1396170,525.0
3597,11.5571958,48.1286654,529.0
3598,11.5585411,48.1280397,526.0
3599,11.5587363,48.1280395,526.0
3600,11.5809820,48.1365106,520.0
3601,11.5815209,48.1368725,521.0
3602,11.5795064,48.1339599,521.0
3603,11.5798041,48.1339607,521.0
3604,11.5748428,48.1333212,517.0
3605,11.5749803,48.1333259,517.0
3606,11.5797119,48.1339640,521.0
3607,11.5760988,48.1331837,526.0
3608,11.5693039,48.1215691,526.0
3609,11.5505363,48.1432055,528.0
3610,11.5503374,48.1432733,528.0
3611,11.5505920,48.1437931,524.0
3612,11.5619274,48.1250798,527.0
3613,11.5617513,48.1251712,527.0
3614,11.5616796,48.1278158,526.0
3615,11.5586807,48.1264030,528.0
3616,11.5820615,48.1505456,517.0
3617,11.5806543,48.1503473,520.0
3618,11.5820396,48.1507324,517.0
3619,11.5776834,48.1439448,519.0
3620,11.5773937,48.1434052,521.0
3621,11.5527909,48.1345362,523.0
3622,11.5529672,48.1350757,523.0
3623,11.5519471,48.1352411,510.0
3624,11.5984446,48.1432163,528.0
3625,11.5995645,48.1456485,525.0
3626,11.5989704,48.1451080,525.0
3627,11.5869077,48.1392930,518.0
3628,11.5932884,48.1366475,517.0
3629,11.5960206,48.1346460,532.0
3630,11.5895304,48.1316303,519.0
3631,11.5894997,48.1317106,519.0
3632,11.5959060,48.1416437,523.0
3633,11.5515361,48.1368321,522.0
3634,11.5684487,48.1421148,521.0
3635,11.5978683,48.1357273,532.0
3636,11.5860351,48.1344840,522.0
3637,11.5691076,48.1311484,526.0
3638,11.5884888,48.1430779,517.0
3639,11.5884491,48.1430858,517.0
3640,11.5888386,48.1411297,519.0
3641,11.5755298,48.1283640,521.0
3642,11.5574234,48.1236682,525.0
3643,11.5577672,48.1239416,525.0
3644,11.5600126,48.1240561,523.0
3645,11.5579401,48.1244313,525.0
3646,11.5576159,48.1251563,525.0
3647,11.5569092,48.1245202,525.0
3648,11.5577438,48.1240365,525.0
3649,11.5576444,48.1245843,525.0
3650,11.5576733,48.1240692,525.0
3651,11.5595160,48.1243426,523.0
3652,11.5578676,48.1253474,525.0
3653,11.5586465,48.1235489,523.0
3654,11.5591311,48.1232829,523.0
3655,11.5816347,48.1381706,521.0
3656,11.5777225,48.1433376,521.0
3657,11.5779766,48.1438817,519.0
3658,11.5567799,48.1459213,523.0
3659,11.5608259,48.1324102,527.0
3660,11.5603216,48.1325446,525.0
3661,11.5593192,48.1327831,525.0
3662,11.5593794,48.1327854,525.0
3663,11.5592720,48.1327876,525.0
3664,11.5594176,48.1327888,525.0
3665,11.5594597,48.1327934,525.0
3666,11.5595299,48.1328034,525.0
3667,11.5592197,48.1328068,525.0
3668,11.5595720,48.1328158,525.0
3669,11.5591692,48.1328349,525.0
3670,11.5596108,48.1328461,525.0
3671,11.5591138,48.1328844,525.0
3672,11.5596226,48.1328698,525.0
3673,11.5596331,48.1329424,525.0
3674,11.5539507,48.1391123,526.0
3675,11.5515417,48.1429824,528.0
3676,11.5577234,48.1392894,527.0
3677,11.5577050,48.1394208,527.0
3678,11.5576185,48.1394590,527.0
3679,11.5577380,48.1394228,527.0
3680,11.5576081,48.1394820,527.0
3681,11.5577684,48.1394316,527.0
3682,11.5577932,48.1394463,527.0
3683,11.5576099,48.1395059,527.0
3684,11.5578098,48.1394654,527.0
3685,11.5576237,48.1395281,527.0
3686,11.5578167,48.1394871,527.0
3687,11.5576480,48.1395458,527.0
3688,11.5578131,48.1395090,527.0
3689,11.5576798,48.1395570,527.0
3690,11.5577154,48.1395604,527.0
3691,11.5577166,48.1397052,530.0
3692,11.5576861,48.1397380,530.0
3693,11.5576130,48.1397547,530.0
3694,11.5574669,48.1397646,530.0
3695,11.5572528,48.1397812,530.0
3696,11.5774816,48.1429985,521.0
3697,11.5654908,48.1517946,518.0
3698,11.5652386,48.1514249,518.0
3699,11.5652811,48.1514902,518.0
3700,11.5653333,48.1515703,518.0
3701,11.5682904,48.1401633,526.0
3702,11.5708167,48.1406016,521.0
3703,11.5692568,48.1401770,521.0
3704,11.5692924,48.1402658,521.0
3705,11.5678988,48.1403908,526.0
3706,11.5691867,48.1400095,521.0
3707,11.5693527,48.1408252,521.0
3708,11.5687264,48.1400874,526.0
3709,11.5589648,48.1482085,519.0
3710,11.5691865,48.1423048,526.0
3711,11.5687104,48.1424280,521.0
3712,11.5669619,48.1404849,526.0
3713,11.5649669,48.1386925,527.0
3714,11.5650020,48.1389023,527.0
3715,11.5650208,48.1389939,527.0
3716,11.5650417,48.1390977,527.0
3717,11.5650548,48.1391365,527.0
3718,11.5652027,48.1394672,527.0
3719,11.5652766,48.1395685,527.0
3720,11.5654091,48.1397137,523.0
3721,11.5655457,48.1398217,523.0
3722,11.5654917,48.1390917,527.0
3723,11.5654259,48.1391763,527.0
3724,11.5653296,48.1392385,527.0
3725,11.5717029,48.1314538,520.0
3726,11.5713842,48.1314813,520.0
3727,11.5798762,48.1251638,519.0
3728,11.5648251,48.1425068,528.0
3729,11.5567971,48.1420719,525.0
3730,11.5962574,48.1360493,532.0
3731,11.5830082,48.1541912,518.0
3732,11.5665492,48.1546802,520.0
3733,11.5879797,48.1418670,517.0
3734,11.5833712,48.1343106,521.0
3735,11.5823916,48.1348266,518.0
3736,11.5920707,48.1392872,514.0
3737,11.5871141,48.1396070,515.0
3738,11.5829881,48.1403087,518.0
3739,11.5916507,48.1415014,518.0
3740,11.5834774,48.1429627,516.0
3741,11.5867060,48.1382227,518.0
3742,11.5935137,48.1399420,517.0
3743,11.5930369,48.1412718,517.0
3744,11.5788427,48.1268206,519.0
3745,11.5808502,48.1277689,518.0
3746,11.5746731,48.1197614,521.0
3747,11.5740726,48.1200822,521.0
3748,11.5740999,48.1201076,521.0
3749,11.5740202,48.1200240,521.0
3750,11.5742629,48.1202059,521.0
3751,11.5741947,48.1201751,521.0
3752,11.5735664,48.1198959,521.0
3753,11.5762191,48.1205745,518.0
3754,11.5760516,48.1204746,518.0
3755,11.5820726,48.1201243,536.0
3756,11.5814342,48.1237852,519.0
3757,11.5813621,48.1238526,519.0
3758,11.5812188,48.1240054,516.0
3759,11.5811395,48.1241025,516.0
3760,11.5704948,48.1308917,526.0
3761,11.5705880,48.1309091,526.0
3762,11.5706819,48.1309369,526.0
3763,11.5760462,48.1314513,526.0
3764,11.5759718,48.1314528,526.0
3765,11.5760820,48.1314541,526.0
3766,11.5759340,48.1314575,526.0
3767,11.5761173,48.1314591,526.0
3768,11.5758971,48.1314646,526.0
3769,11.5761848,48.1314759,526.0
3770,11.5758276,48.1314864,526.0
3771,11.5762165,48.1314875,526.0
3772,11.5757957,48.1315006,526.0
3773,11.5762464,48.1315010,526.0
3774,11.5757661,48.1315170,526.0
3775,11.5763005,48.1315341,526.0
3776,11.5763241,48.1315536,526.0
3777,11.5757162,48.1315546,526.0
3778,11.5756961,48.1315752,526.0
3779,11.5756791,48.1315971,526.0
3780,11.5763620,48.1315967,526.0
3781,11.5763760,48.1316200,526.0
3782,11.5763864,48.1316440,526.0
3783,11.5756552,48.1316436,526.0
3784,11.5756484,48.1316678,526.0
3785,11.5763962,48.1316936,526.0
3786,11.5763955,48.1317186,526.0
3787,11.5756457,48.1317169,526.0
3788,11.5756498,48.1317414,526.0
3789,11.5763829,48.1317679,526.0
3790,11.5756575,48.1317655,526.0
3791,11.5763711,48.1317917,526.0
3792,11.5756686,48.1317889,526.0
3793,11.5763373,48.1318363,526.0
3794,11.5757010,48.1318331,526.0
3795,11.5763156,48.1318567,526.0
3796,11.5757219,48.1318534,526.0
3797,11.5757457,48.1318722,526.0
3798,11.5762654,48.1318917,526.0
3799,11.5762377,48.1319061,526.0
3800,11.5758042,48.1319063,526.0
3801,11.5758388,48.1319208,526.0
3802,11.5761768,48.1319295,526.0
3803,11.5761442,48.1319382,526.0
3804,11.5758756,48.1319327,526.0
3805,11.5761105,48.1319449,526.0
3806,11.5759539,48.1319481,526.0
3807,11.5759944,48.1319515,526.0
3808,11.5760353,48.1319519,526.0
3809,11.5671093,48.1323033,525.0
3810,11.5654125,48.1391873,527.0
3811,11.5653970,48.1391992,527.0
3812,11.5653814,48.1392094,527.0
3813,11.5653477,48.1392289,527.0
3814,11.5727168,48.1282717,521.0
3815,11.5727912,48.1283126,521.0
3816,11.5725049,48.1295030,520.0
3817,11.5733385,48.1286791,516.0
3818,11.5729436,48.1283983,516.0
3819,11.5727054,48.1293637,520.0
3820,11.5733055,48.1286003,516.0
3821,11.5730933,48.1290830,516.0
3822,11.5733420,48.1287304,516.0
3823,11.5725713,48.1294546,520.0
3824,11.5730675,48.1284673,516.0
3825,11.5728658,48.1292486,520.0
3826,11.5731783,48.1285296,516.0
3827,11.5730206,48.1291403,516.0
3828,11.5733499,48.1289337,516.0
3829,11.5823632,48.1259904,517.0
3830,11.5802781,48.1260491,519.0
3831,11.5824384,48.1259444,517.0
3832,11.5809536,48.1247116,516.0
3833,11.5814696,48.1251814,517.0
3834,11.5789600,48.1301187,519.0
3835,11.5792885,48.1303784,532.0
3836,11.5793436,48.1305541,532.0
3837,11.5787230,48.1299486,519.0
3838,11.5794215,48.1304450,532.0
3839,11.5795157,48.1304852,532.0
3840,11.5797431,48.1307159,532.0
3841,11.5797008,48.1306402,532.0
3842,11.5796391,48.1307953,532.0
3843,11.5785890,48.1298526,519.0
3844,11.5794861,48.1304598,532.0
3845,11.5798178,48.1306093,532.0
3846,11.5796518,48.1306654,532.0
3847,11.5796582,48.1304439,532.0
3848,11.5794403,48.1304838,532.0
3849,11.5787922,48.1299982,519.0
3850,11.5794707,48.1305098,532.0
3851,11.5769581,48.1306205,523.0
3852,11.5768757,48.1311916,523.0
3853,11.5770434,48.1306751,523.0
3854,11.5770345,48.1312869,526.0
3855,11.5772660,48.1308174,519.0
3856,11.5775039,48.1317161,523.0
3857,11.5770800,48.1314414,526.0
3858,11.5771889,48.1307681,519.0
3859,11.5771097,48.1313677,523.0
3860,11.5767969,48.1311480,523.0
3861,11.5640223,48.1393179,523.0
3862,11.5629211,48.1393675,523.0
3863,11.5625882,48.1394050,523.0
3864,11.5605618,48.1412420,524.0
3865,11.5586148,48.1415776,527.0
3866,11.5586622,48.1416464,527.0
3867,11.5586834,48.1416615,527.0
3868,11.5587012,48.1416741,521.0
3869,11.5486981,48.1360159,524.0
3870,11.5488868,48.1359864,524.0
3871,11.5491110,48.1360173,524.0
3872,11.5492957,48.1360351,524.0
3873,11.5490283,48.1360712,524.0
3874,11.5489917,48.1361691,524.0
3875,11.5873134,48.1441867,515.0
3876,11.5766883,48.1448573,519.0
3877,11.5945730,48.1281625,532.0
3878,11.5943521,48.1282033,532.0
3879,11.5931453,48.1290332,534.0
3880,11.5718763,48.1352111,519.0
3881,11.5943953,48.1336414,531.0
3882,11.5869763,48.1286778,517.0
3883,11.5868971,48.1286917,517.0
3884,11.5870766,48.1287131,517.0
3885,11.5872021,48.1289630,517.0
3886,11.5872256,48.1290235,517.0
3887,11.5872081,48.1290734,517.0
3888,11.5870447,48.1291197,517.0
3889,11.5866354,48.1292087,521.0
3890,11.5866316,48.1293621,521.0
3891,11.5888431,48.1310896,524.0
3892,11.5880448,48.1312421,524.0
3893,11.5890987,48.1312763,519.0
3894,11.5945330,48.1490596,509.0
3895,11.5947309,48.1495271,509.0
3896,11.5943641,48.1497391,509.0
3897,11.5791057,48.1443205,519.0
3898,11.5791612,48.1444458,519.0
3899,11.5796682,48.1444639,520.0
3900,11.5794979,48.1445023,520.0
3901,11.5943741,48.1489528,509.0
3902,11.5943937,48.1489994,509.0
3903,11.5938074,48.1490524,509.0
3904,11.5944254,48.1490808,509.0
3905,11.5944645,48.1491746,509.0
3906,11.5941517,48.1492299,509.0
3907,11.5945689,48.1494256,509.0
3908,11.5944380,48.1494474,509.0
3909,11.5946167,48.1495462,509.0
3910,11.5946398,48.1496009,509.0
3911,11.5938447,48.1495932,509.0
3912,11.5946528,48.1496454,509.0
3913,11.5938134,48.1496494,509.0
3914,11.5946355,48.1496949,509.0
3915,11.5878998,48.1377112,519.0
3916,11.5705649,48.1468914,518.0
3917,11.5719158,48.1489689,516.0
3918,11.5732596,48.1510353,519.0
3919,11.5962830,48.1337468,532.0
3920,11.5967110,48.1349829,532.0
3921,11.5949948,48.1498713,509.0
3922,11.5773791,48.1373321,521.0
3923,11.5701027,48.1373146,522.0
3924,11.5701936,48.1373359,522.0
3925,11.5703713,48.1374309,522.0
3926,11.5706334,48.1374438,522.0
3927,11.5704672,48.1374486,522.0
3928,11.5711385,48.1395676,531.0
3929,11.5823395,48.1356229,521.0
3930,11.5815218,48.1356972,521.0
3931,11.5815947,48.1360046,521.0
3932,11.5806380,48.1369554,520.0
3933,11.5833072,48.1369298,521.0
3934,11.5803247,48.1372034,520.0
3935,11.5817751,48.1348538,518.0
3936,11.5824572,48.1349317,518.0
3937,11.5826035,48.1349899,518.0
3938,11.5834224,48.1355596,517.0
3939,11.5835679,48.1357045,517.0
3940,11.5840591,48.1364225,517.0
3941,11.5841843,48.1367225,517.0
3942,11.5846054,48.1380476,517.0
3943,11.5798712,48.1245863,516.0
3944,11.5796503,48.1308353,532.0
3945,11.5806968,48.1317140,523.0
3946,11.5807819,48.1317872,523.0
3947,11.5807612,48.1316398,523.0
3948,11.5809325,48.1315161,523.0
3949,11.5812025,48.1314108,523.0
3950,11.5892370,48.1394347,519.0
3951,11.5817743,48.1335487,518.0
3952,11.5809548,48.1331887,523.0
3953,11.5811680,48.1331526,523.0
3954,11.5809282,48.1329309,523.0
3955,11.5807713,48.1330263,523.0
3956,11.5808486,48.1329689,523.0
3957,11.5810855,48.1331863,523.0
3958,11.5677470,48.1329863,525.0
3959,11.5677524,48.1330204,525.0
3960,11.5676585,48.1330436,525.0
3961,11.5676460,48.1330059,525.0
3962,11.5710779,48.1334066,519.0
3963,11.5718624,48.1333245,520.0
3964,11.5743851,48.1355822,530.0
3965,11.5743302,48.1354348,530.0
3966,11.5743021,48.1353559,518.0
3967,11.5744319,48.1357088,530.0
3968,11.5745518,48.1354063,518.0
3969,11.5745768,48.1355578,530.0
3970,11.5745791,48.1356651,530.0
3971,11.5748509,48.1357997,530.0
3972,11.5747194,48.1362452,530.0
3973,11.5748597,48.1361165,530.0
3974,11.5749586,48.1355117,530.0
3975,11.5749483,48.1353754,518.0
3976,11.5652574,48.1352953,524.0
3977,11.5652895,48.1357670,524.0
3978,11.5646765,48.1362631,524.0
3979,11.5647239,48.1364226,524.0
3980,11.5657564,48.1394316,527.0
3981,11.5661929,48.1398198,523.0
3982,11.5673451,48.1404024,526.0
3983,11.5712911,48.1293450,520.0
3984,11.5709610,48.1289075,521.0
3985,11.5713510,48.1293788,520.0
3986,11.5709937,48.1288831,521.0
3987,11.5709636,48.1291567,521.0
3988,11.5705525,48.1286592,522.0
3989,11.5710970,48.1292334,520.0
3990,11.5711656,48.1292728,520.0
3991,11.5711503,48.1291907,520.0
3992,11.5678458,48.1445175,520.0
3993,11.5678318,48.1441658,520.0
3994,11.5677920,48.1440935,520.0
3995,11.5683563,48.1443908,520.0
3996,11.5684965,48.1443464,520.0
3997,11.5682778,48.1445302,520.0
3998,11.5680208,48.1442137,520.0
3999,11.5683480,48.1446376,520.0
4000,11.5677404,48.1440051,520.0
4001,11.5694944,48.1450287,522.0
4002,11.5689299,48.1328426,521.0
4003,11.5708529,48.1411840,525.0
4004,11.5559732,48.1346616,530.0
4005,11.5834826,48.1428069,516.0
4006,11.5836643,48.1432412,516.0
4007,11.5837000,48.1436222,516.0
4008,11.5830341,48.1442691,517.0
4009,11.5809145,48.1448430,520.0
4010,11.5809280,48.1448767,520.0
4011,11.5776966,48.1455382,519.0
4012,11.5777102,48.1455807,519.0
4013,11.5729446,48.1428604,524.0
4014,11.5731972,48.1430332,524.0
4015,11.5749277,48.1414811,529.0
4016,11.5750183,48.1415100,521.0
4017,11.5720418,48.1415463,525.0
4018,11.5724724,48.1416706,521.0
4019,11.5814158,48.1415224,518.0
4020,11.5662567,48.1340132,524.0
4021,11.5661832,48.1341056,524.0
4022,11.5658836,48.1343745,524.0
4023,11.5661117,48.1345007,524.0
4024,11.5673614,48.1405594,526.0
4025,11.5664925,48.1405569,523.0
4026,11.5858877,48.1435418,518.0
4027,11.5655843,48.1391290,527.0
4028,11.5789446,48.1352877,526.0
4029,11.5789886,48.1355784,521.0
4030,11.5671008,48.1324801,525.0
4031,11.5962491,48.1403440,523.0
4032,11.5959779,48.1403461,523.0
4033,11.5963898,48.1403813,523.0
4034,11.5958263,48.1403894,514.0
4035,11.5965360,48.1404754,523.0
4036,11.5956859,48.1404815,514.0
4037,11.5956222,48.1405805,514.0
4038,11.5966131,48.1406036,523.0
4039,11.5956058,48.1406589,514.0
4040,11.5956224,48.1407489,514.0
4041,11.5968486,48.1410290,523.0
4042,11.5969244,48.1410963,523.0
4043,11.5970728,48.1411518,523.0
4044,11.5971906,48.1411631,523.0
4045,11.5958799,48.1413652,523.0
4046,11.5957969,48.1415087,514.0
4047,11.5957432,48.1415519,514.0
4048,11.5739088,48.1200680,521.0
4049,11.5731838,48.1460765,518.0
4050,11.5733345,48.1461370,518.0
4051,11.5631726,48.1363294,525.0
4052,11.5589838,48.1477910,520.0
4053,11.5587306,48.1487202,519.0
4054,11.5584395,48.1498099,519.0
4055,11.5661124,48.1405695,523.0
4056,11.5671780,48.1406315,526.0
4057,11.5673985,48.1406260,526.0
4058,11.5675854,48.1406432,526.0
4059,11.5658769,48.1340204,524.0
4060,11.5658506,48.1341819,524.0
4061,11.5639644,48.1341753,523.0
4062,11.5636987,48.1342036,523.0
4063,11.5652411,48.1375052,527.0
4064,11.5946414,48.1490237,509.0
4065,11.5948497,48.1495020,509.0
4066,11.5938163,48.1429987,513.0
4067,11.5863328,48.1512626,510.0
4068,11.5863735,48.1513111,510.0
4069,11.5858632,48.1513829,510.0
4070,11.5866230,48.1515607,510.0
4071,11.5861070,48.1518388,510.0
4072,11.5872864,48.1521414,515.0
4073,11.5879560,48.1526023,510.0
4074,11.5869237,48.1525967,515.0
4075,11.5879441,48.1526522,510.0
4076,11.5876068,48.1528621,510.0
4077,11.5874834,48.1376215,518.0
4078,11.5875251,48.1377291,519.0
4079,11.5876885,48.1377186,519.0
4080,11.5985317,48.1371701,526.0
4081,11.5983896,48.1372317,526.0
4082,11.5943344,48.1282502,532.0
4083,11.5938115,48.1284225,532.0
4084,11.5939154,48.1285082,532.0
4085,11.5938194,48.1285142,532.0
4086,11.5938111,48.1285591,532.0
4087,11.5938141,48.1285815,532.0
4088,11.5938266,48.1286521,532.0
4089,11.5748234,48.1415149,529.0
4090,11.5741277,48.1417291,524.0
4091,11.5747197,48.1422670,524.0
4092,11.5741089,48.1416893,524.0
4093,11.5745646,48.1421759,524.0
4094,11.5744612,48.1421282,524.0
4095,11.5746813,48.1421829,524.0
4096,11.5783731,48.1385460,524.0
4097,11.5851938,48.1294689,519.0
4098,11.5976724,48.1357406,532.0
4099,11.5970615,48.1358619,532.0
4100,11.5960042,48.1361302,532.0
4101,11.5958016,48.1362177,526.0
4102,11.5956610,48.1363037,526.0
4103,11.5955153,48.1364252,526.0
4104,11.5931658,48.1366372,517.0
4105,11.5933146,48.1367000,517.0
4106,11.5953491,48.1366992,526.0
4107,11.5934379,48.1367972,517.0
4108,11.5952248,48.1368254,526.0
4109,11.5950704,48.1369285,526.0
4110,11.5936532,48.1369479,517.0
4111,11.5949063,48.1370092,526.0
4112,11.5938634,48.1370373,526.0
4113,11.5946720,48.1370838,526.0
4114,11.5940863,48.1370881,526.0
4115,11.5944044,48.1371096,526.0
4116,11.5739124,48.1433530,524.0
4117,11.5827630,48.1445810,517.0
4118,11.5733782,48.1463232,518.0
4119,11.5742363,48.1476463,518.0
4120,11.5560425,48.1418311,531.0
4121,11.5888280,48.1365776,519.0
4122,11.5904609,48.1388781,521.0
4123,11.5905875,48.1390291,521.0
4124,11.5906705,48.1391520,521.0
4125,11.5909258,48.1396720,518.0
4126,11.5934794,48.1450500,515.0
4127,11.5668393,48.1403255,526.0
4128,11.5675077,48.1404183,526.0
4129,11.5663774,48.1407708,523.0
4130,11.5689194,48.1408834,521.0
4131,11.5689748,48.1409037,521.0
4132,11.5689330,48.1410814,521.0
4133,11.5686644,48.1412077,526.0
4134,11.5689556,48.1412356,521.0
4135,11.5689400,48.1414020,521.0
4136,11.5690040,48.1414520,521.0
4137,11.5675575,48.1414897,526.0
4138,11.5711647,48.1416235,525.0
4139,11.5715336,48.1416481,525.0
4140,11.5659723,48.1418986,528.0
4141,11.5727451,48.1420907,521.0
4142,11.5709959,48.1421081,521.0
4143,11.5729054,48.1421372,521.0
4144,11.5656819,48.1422025,528.0
4145,11.5710964,48.1422449,521.0
4146,11.5708357,48.1423297,521.0
4147,11.5732392,48.1423572,524.0
4148,11.5726133,48.1437157,521.0
4149,11.5708764,48.1441994,521.0
4150,11.5731217,48.1458910,518.0
4151,11.5732728,48.1459414,518.0
4152,11.5836396,48.1416551,516.0
4153,11.5762139,48.1278548,521.0
4154,11.5559773,48.1325295,524.0
4155,11.5559176,48.1325803,524.0
4156,11.5558511,48.1326394,524.0
4157,11.5861728,48.1216061,535.0
4158,11.5869551,48.1218361,535.0
4159,11.5874000,48.1219472,535.0
4160,11.5878735,48.1220443,532.0
4161,11.5898760,48.1239964,533.0
4162,11.5878214,48.1241745,538.0
4163,11.5820069,48.1202396,536.0
4164,11.5819544,48.1203058,536.0
4165,11.5818704,48.1203899,536.0
4166,11.5878633,48.1244372,538.0
4167,11.5821399,48.1526003,517.0
4168,11.5646036,48.1365468,524.0
4169,11.5646952,48.1372270,524.0
4170,11.5711775,48.1211675,516.0
4171,11.5692477,48.1216212,526.0
4172,11.5645475,48.1216294,520.0
4173,11.5650464,48.1219052,523.0
4174,11.5669949,48.1239373,525.0
4175,11.5572402,48.1501646,522.0
4176,11.5597916,48.1519216,524.0
4177,11.5799119,48.1233148,516.0
4178,11.5795393,48.1231980,516.0
4179,11.5797706,48.1233931,516.0
4180,11.5637328,48.1382533,523.0
4181,11.5778235,48.1266107,519.0
4182,11.5779930,48.1266183,519.0
4183,11.5776702,48.1267184,519.0
4184,11.5777811,48.1267835,519.0
4185,11.5764172,48.1276622,521.0
4186,11.5765176,48.1277211,521.0
4187,11.5874124,48.1376394,518.0
4188,11.5874595,48.1377376,518.0
4189,11.5873008,48.1377609,518.0
4190,11.5867691,48.1378026,518.0
4191,11.5867898,48.1378577,518.0
4192,11.5846475,48.1382639,517.0
4193,11.5775391,48.1426618,521.0
4194,11.5774143,48.1426514,521.0
4195,11.5970967,48.1343704,532.0
4196,11.5972069,48.1344489,532.0
4197,11.5973078,48.1345467,532.0
4198,11.5773204,48.1462802,521.0
4199,11.5774039,48.1463142,521.0
4200,11.5534304,48.1334566,523.0
4201,11.5601767,48.1410756,527.0
4202,11.5609991,48.1246564,523.0
4203,11.5572816,48.1242720,525.0
4204,11.5613210,48.1244640,523.0
4205,11.5609796,48.1246235,523.0
4206,11.5607378,48.1248006,523.0
4207,11.5607075,48.1247748,523.0
4208,11.5613549,48.1245038,523.0
4209,11.5534054,48.1270127,526.0
4210,11.5731809,48.1322307,517.0
4211,11.5873158,48.1347250,522.0
4212,11.5542252,48.1451883,524.0
4213,11.5534237,48.1454433,527.0
4214,11.5533455,48.1458203,527.0
4215,11.5522503,48.1458226,527.0
4216,11.5524023,48.1460279,523.0
4217,11.5524584,48.1461037,523.0
4218,11.5516061,48.1462919,524.0
4219,11.5664216,48.1507454,518.0
4220,11.5668607,48.1514243,517.0
4221,11.5669142,48.1505978,517.0
4222,11.5663094,48.1515830,518.0
4223,11.5908594,48.1322314,528.0
4224,11.5907085,48.1322466,528.0
4225,11.5984345,48.1328330,535.0
4226,11.5964562,48.1311181,531.0
4227,11.5953867,48.1359121,526.0
4228,11.5953835,48.1360438,526.0
4229,11.5955120,48.1362977,526.0
4230,11.5955986,48.1363479,526.0
4231,11.5933709,48.1446882,515.0
4232,11.5931980,48.1440362,515.0
4233,11.5939010,48.1457363,515.0
4234,11.5932655,48.1442175,515.0
4235,11.5935541,48.1452294,515.0
4236,11.5939553,48.1455227,515.0
4237,11.5947082,48.1453662,515.0
4238,11.5941760,48.1454640,515.0
4239,11.5795049,48.1519368,520.0
4240,11.5774371,48.1525282,514.0
4241,11.5859443,48.1216278,535.0
4242,11.5977208,48.1350498,532.0
4243,11.5977867,48.1351497,532.0
4244,11.5978039,48.1351905,532.0
4245,11.5978912,48.1355663,532.0
4246,11.5979598,48.1356179,526.0
4247,11.5559476,48.1392616,525.0
4248,11.5559313,48.1394955,525.0
4249,11.5558810,48.1397112,519.0
4250,11.5559758,48.1397100,519.0
4251,11.5818505,48.1452477,517.0
4252,11.5845486,48.1465131,516.0
4253,11.5847621,48.1470108,516.0
4254,11.5848583,48.1474691,516.0
4255,11.5848928,48.1479147,516.0
4256,11.5849001,48.1483543,518.0
4257,11.5848556,48.1488712,518.0
4258,11.5845158,48.1499354,518.0
4259,11.5659722,48.1421871,528.0
4260,11.5849159,48.1205013,536.0
4261,11.5858277,48.1216684,535.0
4262,11.5899489,48.1252675,535.0
4263,11.5927407,48.1268069,533.0
4264,11.5963998,48.1311935,531.0
4265,11.5975053,48.1325651,526.0
4266,11.5985712,48.1346294,528.0
4267,11.5982920,48.1346384,528.0
4268,11.5611664,48.1392418,532.0
4269,11.5608106,48.1412287,524.0
4270,11.5772316,48.1207422,524.0
4271,11.5773448,48.1207837,524.0
4272,11.5781654,48.1212232,516.0
4273,11.5793036,48.1222923,521.0
4274,11.5794778,48.1225310,521.0
4275,11.5490136,48.1382701,526.0
4276,11.5589008,48.1266013,528.0
4277,11.5615800,48.1280457,526.0
4278,11.5968638,48.1375604,527.0
4279,11.5969707,48.1377840,527.0
4280,11.5981872,48.1392552,526.0
4281,11.5983093,48.1395739,526.0
4282,11.5984526,48.1402986,526.0
4283,11.5988754,48.1412191,526.0
4284,11.5991099,48.1413921,526.0
4285,11.5993625,48.1416858,528.0
4286,11.5996036,48.1421506,528.0
4287,11.6004667,48.1443780,523.0
4288,11.5763068,48.1277485,521.0
4289,11.5764088,48.1278054,521.0
4290,11.5761908,48.1278430,521.0
4291,11.5763016,48.1278997,521.0
4292,11.5760859,48.1279279,521.0
4293,11.5761978,48.1279909,521.0
4294,11.5756923,48.1283636,521.0
4295,11.5755186,48.1283535,521.0
4296,11.5703263,48.1308786,526.0
4297,11.5700657,48.1309073,526.0
4298,11.5703853,48.1308801,526.0
4299,11.5700094,48.1309196,526.0
4300,11.5699778,48.1309445,526.0
4301,11.5713273,48.1312621,520.0
4302,11.5716818,48.1312337,520.0
4303,11.5684284,48.1313549,525.0
4304,11.5682864,48.1313986,525.0
4305,11.5681590,48.1314454,525.0
4306,11.5680889,48.1314761,525.0
4307,11.5680212,48.1314973,525.0
4308,11.5680296,48.1315089,525.0
4309,11.5679707,48.1315451,525.0
4310,11.5676888,48.1317957,525.0
4311,11.5675513,48.1318997,525.0
4312,11.5675738,48.1319167,525.0
4313,11.5674344,48.1320231,525.0
4314,11.5668210,48.1322931,525.0
4315,11.5671295,48.1323120,525.0
4316,11.5668257,48.1322988,525.0
4317,11.5671040,48.1323398,525.0
4318,11.5670918,48.1323573,525.0
4319,11.5670747,48.1324351,525.0
4320,11.5670890,48.1324656,525.0
4321,11.5960825,48.1481035,511.0
4322,11.5959361,48.1474391,509.0
4323,11.5961362,48.1479428,511.0
4324,11.5821188,48.1200631,536.0
4325,11.5820285,48.1202054,536.0
4326,11.5819784,48.1202767,536.0
4327,11.5819303,48.1203316,536.0
4328,11.5819066,48.1203548,536.0
4329,11.5818285,48.1204489,536.0
4330,11.5818064,48.1204689,536.0
4331,11.5817562,48.1204741,536.0
4332,11.5816765,48.1205374,536.0
4333,11.5817850,48.1205426,536.0
4334,11.5816350,48.1205815,536.0
4335,11.5817343,48.1205894,536.0
4336,11.5815956,48.1206272,536.0
4337,11.5816882,48.1206389,536.0
4338,11.5816725,48.1206589,536.0
4339,11.5815614,48.1206762,536.0
4340,11.5816491,48.1206903,536.0
4341,11.5816331,48.1207151,536.0
4342,11.5815294,48.1207245,536.0
4343,11.5816181,48.1207404,536.0
4344,11.5816018,48.1207676,536.0
4345,11.5815066,48.1207773,536.0
4346,11.5815864,48.1207971,536.0
4347,11.5815759,48.1208234,536.0
4348,11.5814833,48.1208306,536.0
4349,11.5815644,48.1208503,529.0
4350,11.5815550,48.1208783,529.0
4351,11.5814685,48.1208831,529.0
4352,11.5815465,48.1209086,529.0
4353,11.5815428,48.1209354,529.0
4354,11.5814566,48.1209382,529.0
4355,11.5815400,48.1209676,529.0
4356,11.5814517,48.1209865,529.0
4357,11.5815375,48.1210011,529.0
4358,11.5815378,48.1210230,529.0
4359,11.5814505,48.1210422,529.0
4360,11.5815395,48.1210546,529.0
4361,11.5815416,48.1210888,529.0
4362,11.5815457,48.1211238,529.0
4363,11.5814551,48.1210946,529.0
4364,11.5815482,48.1211398,529.0
4365,11.5814626,48.1211500,529.0
4366,11.5815565,48.1211693,529.0
4367,11.5815687,48.1212053,529.0
4368,11.5814798,48.1212036,529.0
4369,11.5815838,48.1212434,529.0
4370,11.5814972,48.1212561,529.0
4371,11.5816004,48.1212799,529.0
4372,11.5815186,48.1213050,529.0
4373,11.5816159,48.1213110,529.0
4374,11.5815464,48.1213530,529.0
4375,11.5816438,48.1213550,529.0
4376,11.5815757,48.1214044,529.0
4377,11.5816751,48.1214007,529.0
4378,11.5816088,48.1214557,529.0
4379,11.5817792,48.1215437,529.0
4380,11.5816805,48.1215555,529.0
4381,11.5819047,48.1217091,529.0
4382,11.5818246,48.1217577,529.0
4383,11.5820406,48.1218955,529.0
4384,11.5819419,48.1219205,529.0
4385,11.5821574,48.1220726,529.0
4386,11.5820559,48.1220879,529.0
4387,11.5821794,48.1221100,529.0
4388,11.5820832,48.1221360,529.0
4389,11.5822053,48.1221597,529.0
4390,11.5822256,48.1222019,529.0
4391,11.5821092,48.1221914,529.0
4392,11.5822418,48.1222405,529.0
4393,11.5821443,48.1222577,529.0
4394,11.5822573,48.1222823,529.0
4395,11.5821590,48.1222976,529.0
4396,11.5822744,48.1223338,529.0
4397,11.5821756,48.1223476,529.0
4398,11.5822853,48.1223710,529.0
4399,11.5821860,48.1223830,529.0
4400,11.5822944,48.1224074,529.0
4401,11.5821946,48.1224175,529.0
4402,11.5823028,48.1224483,529.0
4403,11.5822024,48.1224555,529.0
4404,11.5823077,48.1224892,529.0
4405,11.5822081,48.1224948,529.0
4406,11.5823114,48.1225269,529.0
4407,11.5823133,48.1225626,529.0
4408,11.5822142,48.1226114,529.0
4409,11.5823112,48.1226118,529.0
4410,11.5823066,48.1226603,529.0
4411,11.5822967,48.1227101,529.0
4412,11.5822843,48.1227570,529.0
4413,11.5821950,48.1227243,529.0
4414,11.5822654,48.1228069,529.0
4415,11.5821174,48.1228938,529.0
4416,11.5822326,48.1228887,529.0
4417,11.5801903,48.1249354,516.0
4418,11.5799577,48.1250891,519.0
4419,11.5800352,48.1251258,519.0
4420,11.5799143,48.1251382,519.0
4421,11.5799332,48.1251623,519.0
4422,11.5799024,48.1251810,519.0
4423,11.5794877,48.1254585,519.0
4424,11.5791075,48.1257196,519.0
4425,11.5699779,48.1459080,518.0
4426,11.5706051,48.1468802,518.0
4427,11.5714274,48.1482179,516.0
4428,11.5719612,48.1489562,516.0
4429,11.5720790,48.1491800,516.0
4430,11.5726276,48.1500636,518.0
4431,11.5732908,48.1510271,519.0
4432,11.5737094,48.1517367,519.0
4433,11.5740262,48.1521708,518.0
4434,11.5742038,48.1525075,518.0
4435,11.5747498,48.1532963,518.0
4436,11.5747160,48.1533061,518.0
4437,11.5751956,48.1539927,518.0
4438,11.5751606,48.1540033,518.0
4439,11.5753827,48.1551453,517.0
4440,11.5753317,48.1551576,517.0
4441,11.5754856,48.1544771,517.0
4442,11.5754623,48.1545882,517.0
4443,11.5664841,48.1499263,522.0
4444,11.5788773,48.1218866,516.0
4445,11.5781769,48.1264185,519.0
4446,11.5930849,48.1270199,533.0
4447,11.5811950,48.1278677,518.0
4448,11.5978875,48.1357271,532.0
4449,11.5979339,48.1360820,526.0
4450,11.5979853,48.1362807,526.0
4451,11.5980036,48.1364070,526.0
4452,11.5981206,48.1366132,526.0
4453,11.5981116,48.1366820,526.0
4454,11.5983167,48.1371281,526.0
4455,11.5981932,48.1371487,526.0
4456,11.5984115,48.1372270,526.0
4457,11.5984497,48.1373121,526.0
4458,11.5986856,48.1378507,526.0
4459,11.5989524,48.1383870,526.0
4460,11.5992614,48.1391552,526.0
4461,11.5996672,48.1399046,526.0
4462,11.5997280,48.1400745,526.0
4463,11.5999220,48.1404350,526.0
4464,11.5999797,48.1405410,526.0
4465,11.6001161,48.1407081,531.0
4466,11.6000769,48.1407162,531.0
4467,11.6012637,48.1420513,527.0
4468,11.6011419,48.1420945,527.0
4469,11.6012014,48.1422377,527.0
4470,11.6012342,48.1423104,527.0
4471,11.6012835,48.1424593,527.0
4472,11.6012957,48.1425394,527.0
4473,11.6013069,48.1436404,527.0
4474,11.5977705,48.1351201,532.0
4475,11.5979144,48.1356266,532.0
4476,11.5978771,48.1356335,532.0
4477,11.5979052,48.1357269,532.0
4478,11.5847872,48.1266317,516.0
4479,11.5872028,48.1271895,517.0
4480,11.5868713,48.1296934,521.0
4481,11.5870199,48.1299559,521.0
4482,11.5892268,48.1316314,519.0
4483,11.5893649,48.1316521,519.0
4484,11.5894282,48.1316634,519.0
4485,11.5895770,48.1317058,519.0
4486,11.5895675,48.1317395,519.0
4487,11.5894903,48.1317450,519.0
4488,11.5895342,48.1317605,519.0
4489,11.5896692,48.1318684,528.0
4490,11.5897674,48.1319349,528.0
4491,11.5898620,48.1320049,528.0
4492,11.5904996,48.1323434,528.0
4493,11.5904641,48.1323615,528.0
4494,11.5904324,48.1323776,528.0
4495,11.5903923,48.1323980,528.0
4496,11.5905153,48.1324793,528.0
4497,11.5907150,48.1324950,528.0
4498,11.5907728,48.1325473,528.0
4499,11.5906521,48.1325478,528.0
4500,11.5907524,48.1325697,528.0
4501,11.5912391,48.1327092,528.0
4502,11.5937422,48.1335297,526.0
4503,11.5940610,48.1336242,531.0
4504,11.5943641,48.1336962,531.0
4505,11.5945968,48.1337900,531.0
4506,11.5946861,48.1338141,531.0
4507,11.5962567,48.1341630,532.0
4508,11.5962112,48.1341821,532.0
4509,11.5964214,48.1342024,532.0
4510,11.5967580,48.1342636,532.0
4511,11.5968643,48.1342720,532.0
4512,11.5969540,48.1342858,532.0
4513,11.5970164,48.1343277,532.0
4514,11.5971555,48.1344080,532.0
4515,11.5972606,48.1344976,532.0
4516,11.5976473,48.1349363,532.0
4517,11.5877793,48.1312588,519.0
4518,11.5875327,48.1314827,519.0
4519,11.5879060,48.1315903,519.0
4520,11.5876352,48.1315930,519.0
4521,11.5875492,48.1316102,519.0
4522,11.5882008,48.1316570,519.0
4523,11.5886279,48.1316674,519.0
4524,11.5859605,48.1318111,516.0
4525,11.5858701,48.1318405,516.0
4526,11.5859472,48.1319683,516.0
4527,11.5855143,48.1321208,516.0
4528,11.5849178,48.1323464,517.0
4529,11.5829363,48.1336147,518.0
4530,11.5734523,48.1323764,517.0
4531,11.5735898,48.1324552,517.0
4532,11.5762266,48.1331786,526.0
4533,11.5762572,48.1331824,526.0
4534,11.5761600,48.1331860,526.0
4535,11.5759900,48.1331899,526.0
4536,11.5762794,48.1332041,526.0
4537,11.5762302,48.1332105,526.0
4538,11.5765038,48.1332567,526.0
4539,11.5747174,48.1332709,517.0
4540,11.5749075,48.1333400,518.0
4541,11.5815623,48.1334874,518.0
4542,11.5819824,48.1336344,518.0
4543,11.5820737,48.1336683,518.0
4544,11.5819924,48.1336802,518.0
4545,11.5820720,48.1336817,518.0
4546,11.5819247,48.1336829,518.0
4547,11.5818577,48.1336890,518.0
4548,11.5822234,48.1337055,518.0
4549,11.5815866,48.1337067,518.0
4550,11.5822979,48.1337262,518.0
4551,11.5811576,48.1337736,521.0
4552,11.5807380,48.1338325,521.0
4553,11.5826936,48.1338546,518.0
4554,11.5793703,48.1339426,521.0
4555,11.5796327,48.1339508,521.0
4556,11.5794334,48.1339518,521.0
4557,11.5796426,48.1339777,521.0
4558,11.5829789,48.1338411,518.0
4559,11.5827442,48.1338866,518.0
4560,11.5829394,48.1338913,518.0
4561,11.5829189,48.1339151,518.0
4562,11.5829003,48.1339390,518.0
4563,11.5833227,48.1340569,518.0
4564,11.5833904,48.1340704,521.0
4565,11.5834648,48.1340964,521.0
4566,11.5850640,48.1343363,521.0
4567,11.5852758,48.1343405,521.0
4568,11.5859590,48.1344575,522.0
4569,11.5861356,48.1345470,522.0
4570,11.5861804,48.1345928,522.0
4571,11.5866184,48.1350300,522.0
4572,11.5865836,48.1350435,522.0
4573,11.5872673,48.1357116,524.0
4574,11.5872331,48.1357259,524.0
4575,11.5872931,48.1357749,524.0
4576,11.5877798,48.1369525,519.0
4577,11.5883768,48.1383289,519.0
4578,11.5887006,48.1390393,519.0
4579,11.5887378,48.1390919,519.0
4580,11.5887276,48.1391329,519.0
4581,11.5888253,48.1391363,519.0
4582,11.5887348,48.1391796,519.0
4583,11.5887307,48.1392303,519.0
4584,11.5887214,48.1392770,519.0
4585,11.5887063,48.1393358,519.0
4586,11.5886424,48.1394491,519.0
4587,11.5885507,48.1397177,519.0
4588,11.5885369,48.1397478,519.0
4589,11.5885224,48.1397807,519.0
4590,11.5885115,48.1398123,519.0
4591,11.5885129,48.1398763,519.0
4592,11.5885166,48.1399113,519.0
4593,11.5885267,48.1399452,519.0
4594,11.5885384,48.1399821,519.0
4595,11.5886107,48.1401293,519.0
4596,11.5885688,48.1401227,519.0
4597,11.5888222,48.1408778,519.0
4598,11.5888313,48.1409227,519.0
4599,11.5888426,48.1409687,519.0
4600,11.5888609,48.1411271,519.0
4601,11.5888206,48.1411317,519.0
4602,11.5886045,48.1418015,517.0
4603,11.5885988,48.1418598,517.0
4604,11.5885789,48.1419213,517.0
4605,11.5885609,48.1419882,517.0
4606,11.5885469,48.1420525,517.0
4607,11.5885261,48.1421639,517.0
4608,11.5884932,48.1424391,517.0
4609,11.5884714,48.1427012,517.0
4610,11.5885961,48.1432191,517.0
4611,11.5886367,48.1432626,517.0
4612,11.5886999,48.1433076,517.0
4613,11.5887382,48.1433285,517.0
4614,11.5887875,48.1433514,517.0
4615,11.5888940,48.1433920,517.0
4616,11.5892704,48.1435183,517.0
4617,11.5894287,48.1435733,517.0
4618,11.5895876,48.1436309,510.0
4619,11.5897816,48.1437046,510.0
4620,11.5899734,48.1437798,514.0
4621,11.5901609,48.1438555,514.0
4622,11.5904123,48.1438975,514.0
4623,11.5903703,48.1439454,514.0
4624,11.5904859,48.1439992,514.0
4625,11.5906279,48.1440671,514.0
4626,11.5907662,48.1441367,514.0
4627,11.5908941,48.1442059,514.0
4628,11.5910155,48.1442760,514.0
4629,11.5913383,48.1444763,514.0
4630,11.5914048,48.1445179,514.0
4631,11.5915630,48.1446222,514.0
4632,11.5917101,48.1447298,515.0
4633,11.5918488,48.1448381,515.0
4634,11.5919858,48.1449504,515.0
4635,11.5921164,48.1450710,515.0
4636,11.5922408,48.1451954,515.0
4637,11.5923508,48.1453132,515.0
4638,11.5924667,48.1454478,515.0
4639,11.5925734,48.1455725,515.0
4640,11.5926654,48.1456964,515.0
4641,11.5928367,48.1459470,513.0
4642,11.5929266,48.1460884,513.0
4643,11.5930935,48.1465355,513.0
4644,11.5929727,48.1465565,513.0
4645,11.5929315,48.1465651,513.0
4646,11.5928495,48.1466768,513.0
4647,11.5928926,48.1467715,513.0
4648,11.5930150,48.1471477,513.0
4649,11.5930990,48.1473134,513.0
4650,11.5932128,48.1474822,513.0
4651,11.5933886,48.1477118,513.0
4652,11.5934640,48.1478048,513.0
4653,11.5935360,48.1478793,513.0
4654,11.5935980,48.1479353,510.0
4655,11.5939874,48.1481995,509.0
4656,11.5940272,48.1482275,509.0
4657,11.5941323,48.1483172,509.0
4658,11.5941935,48.1483716,509.0
4659,11.5942459,48.1484138,509.0
4660,11.5943018,48.1484829,509.0
4661,11.5943678,48.1485464,509.0
4662,11.5944439,48.1486535,509.0
4663,11.5945401,48.1488283,509.0
4664,11.5945609,48.1488663,509.0
4665,11.5946643,48.1489385,509.0
4666,11.5947179,48.1489442,509.0
4667,11.5948948,48.1490210,509.0
4668,11.5948640,48.1490249,509.0
4669,11.5948216,48.1490407,509.0
4670,11.5952635,48.1491563,509.0
4671,11.5954348,48.1492312,509.0
4672,11.5955946,48.1493134,509.0
4673,11.5957424,48.1493986,509.0
4674,11.5573488,48.1346833,525.0
4675,11.5651500,48.1360804,524.0
4676,11.5671804,48.1293400,521.0
4677,11.5671641,48.1293955,521.0
4678,11.5671605,48.1294642,521.0
4679,11.5949680,48.1470365,514.0
4680,11.5951960,48.1484308,509.0
4681,11.5595706,48.1283895,526.0
4682,11.5589522,48.1291010,526.0
4683,11.5621144,48.1291653,526.0
4684,11.5604325,48.1418187,524.0
4685,11.5604957,48.1418788,524.0
4686,11.5600966,48.1418157,521.0
4687,11.5596311,48.1418982,521.0
4688,11.5589505,48.1420559,521.0
4689,11.5565012,48.1425766,525.0
4690,11.5874306,48.1436248,518.0
4691,11.5873841,48.1441105,515.0
4692,11.5839961,48.1454406,514.0
4693,11.5846806,48.1468186,516.0
4694,11.5848986,48.1481464,518.0
4695,11.5849952,48.1500089,515.0
4696,11.5845022,48.1500261,515.0
4697,11.5806941,48.1215779,521.0
4698,11.5815909,48.1221803,529.0
4699,11.5830528,48.1224705,529.0
4700,11.5817345,48.1347967,518.0
4701,11.5816166,48.1348415,518.0
4702,11.5822245,48.1348488,518.0
4703,11.5775878,48.1429729,521.0
4704,11.5656080,48.1263426,523.0
4705,11.5670802,48.1270685,523.0
4706,11.5671938,48.1280246,522.0
4707,11.5672382,48.1296294,521.0
4708,11.5677064,48.1297919,521.0
4709,11.5663794,48.1308926,524.0
4710,11.5803387,48.1239581,516.0
4711,11.5739845,48.1331182,517.0
4712,11.5740021,48.1332078,517.0
4713,11.5954071,48.1303213,530.0
4714,11.5945544,48.1321948,533.0
4715,11.5612249,48.1245624,523.0
4716,11.5995078,48.1355689,526.0
4717,11.6002742,48.1355858,527.0
4718,11.6018717,48.1356813,527.0
4719,11.6022649,48.1356838,525.0
4720,11.6020678,48.1357957,527.0
4721,11.5903884,48.1257248,535.0
4722,11.5905481,48.1256322,535.0
4723,11.5904984,48.1256836,535.0
4724,11.5902574,48.1255051,535.0
4725,11.5901631,48.1256263,535.0
4726,11.5903058,48.1254446,535.0
4727,11.5541540,48.1423411,541.0
4728,11.5542092,48.1424630,531.0
4729,11.5534427,48.1425881,541.0
4730,11.5668711,48.1335137,524.0
4731,11.5587516,48.1265573,528.0
4732,11.5588017,48.1265660,528.0
4733,11.5903196,48.1254275,535.0
4734,11.5841870,48.1299517,519.0
4735,11.5845273,48.1382328,517.0
4736,11.5845352,48.1382600,517.0
4737,11.5978954,48.1356501,532.0
4738,11.5719563,48.1466769,517.0
4739,11.5718631,48.1465272,517.0
4740,11.5713009,48.1468594,517.0
4741,11.5712085,48.1467084,517.0
4742,11.5712239,48.1478661,517.0
4743,11.5707285,48.1451367,522.0
4744,11.5705559,48.1447870,522.0
4745,11.5707659,48.1452047,522.0
4746,11.5713828,48.1440538,521.0
4747,11.5703373,48.1451689,522.0
4748,11.5697644,48.1450170,522.0
4749,11.5707089,48.1450991,522.0
4750,11.5716691,48.1444842,521.0
4751,11.5716987,48.1445314,521.0
4752,11.5707391,48.1452667,522.0
4753,11.5702758,48.1443715,522.0
4754,11.5706577,48.1453231,522.0
4755,11.5697623,48.1456136,522.0
4756,11.5696506,48.1449843,522.0
4757,11.5704525,48.1451692,522.0
4758,11.5709916,48.1441661,521.0
4759,11.5830268,48.1409035,518.0
4760,11.5831700,48.1409214,518.0
4761,11.5828647,48.1411519,518.0
4762,11.5830368,48.1411384,518.0
4763,11.5831109,48.1411423,518.0
4764,11.5829627,48.1412284,518.0
4765,11.5829281,48.1414256,518.0
4766,11.5831486,48.1416138,518.0
4767,11.5832431,48.1417106,514.0
4768,11.5842343,48.1439945,514.0
4769,11.5843348,48.1440100,514.0
4770,11.5589114,48.1480645,519.0
4771,11.5590018,48.1480802,519.0
4772,11.5590842,48.1480805,519.0
4773,11.5590313,48.1480862,519.0
4774,11.5588750,48.1481961,519.0
4775,11.5591273,48.1482066,519.0
4776,11.5590745,48.1482128,519.0
4777,11.5590167,48.1482146,519.0
4778,11.5584135,48.1499124,519.0
4779,11.5625343,48.1438606,518.0
4780,11.5629669,48.1430846,520.0
4781,11.5634576,48.1428043,520.0
4782,11.5961082,48.1403413,523.0
4783,11.5959027,48.1403619,523.0
4784,11.5957534,48.1404266,514.0
4785,11.5964687,48.1404273,523.0
4786,11.5983732,48.1409580,526.0
4787,11.5968817,48.1410646,523.0
4788,11.5986638,48.1411070,526.0
4789,11.5969672,48.1411189,523.0
4790,11.5970107,48.1411356,523.0
4791,11.5985143,48.1411597,526.0
4792,11.5958592,48.1412633,523.0
4793,11.5958494,48.1414422,523.0
4794,11.5971914,48.1414704,523.0
4795,11.5971341,48.1415565,523.0
4796,11.5959912,48.1416859,519.0
4797,11.5961232,48.1418461,519.0
4798,11.5962538,48.1421178,519.0
4799,11.5972423,48.1423202,519.0
4800,11.5971946,48.1423849,519.0
4801,11.5969517,48.1425123,519.0
4802,11.5967270,48.1425301,519.0
4803,11.5636685,48.1504699,518.0
4804,11.5684282,48.1446500,520.0
4805,11.5611971,48.1245197,523.0
4806,11.5520263,48.1360882,522.0
4807,11.5917784,48.1417007,515.0
4808,11.5680910,48.1225921,513.0
4809,11.5675219,48.1232167,525.0
4810,11.5672921,48.1232460,525.0
4811,11.5663605,48.1235659,521.0
4812,11.5649859,48.1244653,521.0
4813,11.5736037,48.1272623,516.0
4814,11.5739314,48.1273420,516.0
4815,11.5754737,48.1274098,521.0
4816,11.5750612,48.1274707,521.0
4817,11.5753551,48.1275064,521.0
4818,11.5755418,48.1275450,521.0
4819,11.5762455,48.1278710,521.0
4820,11.5560912,48.1279828,528.0
4821,11.5912791,48.1408582,518.0
4822,11.5892180,48.1413986,519.0
4823,11.5892391,48.1415990,519.0
4824,11.5917657,48.1416820,515.0
4825,11.5917966,48.1417346,515.0
4826,11.5916068,48.1417250,510.0
4827,11.5916939,48.1417640,515.0
4828,11.5912222,48.1417925,510.0
4829,11.5913905,48.1417810,510.0
4830,11.5908222,48.1418728,510.0
4831,11.5911476,48.1419021,510.0
4832,11.5906952,48.1419254,510.0
4833,11.5902038,48.1419693,510.0
4834,11.5903862,48.1419848,510.0
4835,11.5902222,48.1420125,510.0
4836,11.5898776,48.1420299,510.0
4837,11.5902600,48.1420978,510.0
4838,11.5901639,48.1421143,510.0
4839,11.5894566,48.1421088,517.0
4840,11.5890569,48.1423259,517.0
4841,11.5639371,48.1242312,520.0
4842,11.5557922,48.1347559,530.0
4843,11.5669492,48.1259415,523.0
4844,11.5721339,48.1269353,521.0
4845,11.5740922,48.1443388,529.0
4846,11.5654673,48.1407914,523.0
4847,11.5644975,48.1410907,534.0
4848,11.5638784,48.1412784,534.0
4849,11.5736784,48.1220014,516.0
4850,11.5832378,48.1476773,520.0
4851,11.5818218,48.1530974,517.0
4852,11.5614804,48.1468794,520.0
4853,11.5756944,48.1193417,518.0
4854,11.5756880,48.1199554,518.0
4855,11.5764806,48.1206228,518.0
4856,11.5828265,48.1268125,517.0
4857,11.5787254,48.1217396,516.0
4858,11.5790604,48.1220563,516.0
4859,11.5749714,48.1351686,518.0
4860,11.5771037,48.1207179,524.0
4861,11.5799781,48.1236537,516.0
4862,11.5803406,48.1239596,516.0
4863,11.5822219,48.1270886,517.0
4864,11.5776193,48.1224881,516.0
4865,11.5610127,48.1409168,524.0
4866,11.5609931,48.1409430,524.0
4867,11.5610541,48.1409274,524.0
4868,11.5610569,48.1409430,524.0
4869,11.5609778,48.1409578,524.0
4870,11.5609548,48.1409757,524.0
4871,11.5610669,48.1409980,524.0
4872,11.5609114,48.1410019,524.0
4873,11.5610725,48.1410253,524.0
4874,11.5609678,48.1410341,524.0
4875,11.5610213,48.1410328,524.0
4876,11.5610365,48.1410326,524.0
4877,11.5608381,48.1410427,524.0
4878,11.5610665,48.1410339,524.0
4879,11.5611144,48.1410415,524.0
4880,11.5611252,48.1410446,524.0
4881,11.5610783,48.1410615,524.0
4882,11.5611952,48.1410807,524.0
4883,11.5612069,48.1410895,524.0
4884,11.5610836,48.1410936,524.0
4885,11.5605017,48.1411522,524.0
4886,11.5612729,48.1411534,524.0
4887,11.5609560,48.1412203,524.0
4888,11.5610224,48.1412368,524.0
4889,11.5610742,48.1412607,524.0
4890,11.5647668,48.1375952,527.0
4891,11.5611328,48.1392745,532.0
4892,11.5610755,48.1392684,532.0
4893,11.5650605,48.1393208,527.0
4894,11.5670620,48.1404073,526.0
4895,11.5668352,48.1404353,526.0
4896,11.5667815,48.1404434,526.0
4897,11.5667253,48.1404528,526.0
4898,11.5665571,48.1404827,523.0
4899,11.5665216,48.1404896,523.0
4900,11.5662199,48.1405429,523.0
4901,11.5752076,48.1430986,528.0
4902,11.5735866,48.1430997,524.0
4903,11.5734927,48.1432957,524.0
4904,11.5862700,48.1216315,535.0
4905,11.5537085,48.1296979,524.0
4906,11.5564433,48.1312301,526.0
4907,11.5568414,48.1314778,525.0
4908,11.5543082,48.1316533,524.0
4909,11.5536858,48.1316723,514.0
4910,11.5535798,48.1316755,514.0
4911,11.5700335,48.1200489,516.0
4912,11.5702195,48.1202918,516.0
4913,11.5824841,48.1201723,536.0
4914,11.5824974,48.1201314,536.0
4915,11.5823982,48.1204391,536.0
4916,11.5919699,48.1262947,533.0
4917,11.5908858,48.1260201,535.0
4918,11.5924411,48.1266418,533.0
4919,11.5920366,48.1262460,533.0
4920,11.5857348,48.1264776,530.0
4921,11.5920574,48.1262309,533.0
4922,11.5912834,48.1258493,535.0
4923,11.5912650,48.1258633,535.0
4924,11.5918395,48.1263801,533.0
4925,11.5908740,48.1263172,535.0
4926,11.5923627,48.1268722,533.0
4927,11.5911973,48.1259165,535.0
4928,11.5919495,48.1265359,533.0
4929,11.5907827,48.1260489,535.0
4930,11.5907480,48.1260809,535.0
4931,11.5922446,48.1267003,533.0
4932,11.5907775,48.1261901,535.0
4933,11.5907399,48.1261185,535.0
4934,11.5615809,48.1247888,523.0
4935,11.5620442,48.1253586,527.0
4936,11.5722805,48.1352814,519.0
4937,11.5727785,48.1354446,525.0
4938,11.5725862,48.1305638,520.0
4939,11.5761101,48.1550239,517.0
4940,11.5746412,48.1458411,518.0
4941,11.5661922,48.1447723,520.0
4942,11.5700999,48.1461356,518.0
4943,11.5690298,48.1464321,518.0
4944,11.5679686,48.1465450,518.0
4945,11.5674256,48.1466894,518.0
4946,11.5676106,48.1468270,518.0
4947,11.5710880,48.1483052,516.0
4948,11.5877689,48.1279271,528.0
4949,11.5584179,48.1415865,527.0
4950,11.5594695,48.1415459,527.0
4951,11.5847911,48.1404484,516.0
4952,11.5740989,48.1222719,516.0
4953,11.5745527,48.1220160,516.0
4954,11.5847584,48.1231963,520.0
4955,11.5848846,48.1233048,520.0
4956,11.5849523,48.1233731,520.0
4957,11.5850862,48.1235082,520.0
4958,11.5857117,48.1278180,517.0
4959,11.5891810,48.1318913,519.0
4960,11.5901050,48.1365436,509.0
4961,11.5936524,48.1254420,533.0
4962,11.5923812,48.1298515,533.0
4963,11.5926395,48.1296894,533.0
4964,11.5922673,48.1297740,533.0
4965,11.5926199,48.1296518,533.0
4966,11.5925503,48.1295923,533.0
4967,11.5924653,48.1298632,533.0
4968,11.5790568,48.1269186,519.0
4969,11.5690523,48.1329402,521.0
4970,11.5693838,48.1333982,522.0
4971,11.5692432,48.1339374,522.0
4972,11.5822981,48.1525163,517.0
4973,11.5670163,48.1328044,525.0
4974,11.5683542,48.1325957,525.0
4975,11.5673557,48.1327017,525.0
4976,11.5671078,48.1328896,525.0
4977,11.5672043,48.1327651,525.0
4978,11.5672386,48.1327435,525.0
4979,11.5672632,48.1326417,525.0
4980,11.5672979,48.1327174,525.0
4981,11.5670897,48.1327215,525.0
4982,11.5667274,48.1332403,525.0
4983,11.5675824,48.1326090,525.0
4984,11.5674080,48.1326149,525.0
4985,11.5671541,48.1326827,525.0
4986,11.5613842,48.1416256,524.0
4987,11.5614392,48.1417888,524.0
4988,11.5661161,48.1416773,528.0
4989,11.5627997,48.1348140,523.0
4990,11.5625822,48.1349476,523.0
4991,11.5627943,48.1345559,523.0
4992,11.5622710,48.1345578,525.0
4993,11.5628044,48.1349457,523.0
4994,11.5622629,48.1349542,525.0
4995,11.5623062,48.1349465,525.0
4996,11.5682149,48.1337176,524.0
4997,11.5676515,48.1326902,525.0
4998,11.5681400,48.1326870,525.0
4999,11.5609247,48.1255127,527.0
5000,11.5828167,48.1463087,520.0
5001,11.5678576,48.1473602,518.0
5002,11.5677950,48.1473788,518.0
5003,11.5943953,48.1282244,532.0
5004,11.5948001,48.1266280,533.0
5005,11.5862006,48.1413198,515.0
5006,11.5862225,48.1414986,515.0
5007,11.5925874,48.1296184,533.0
5008,11.5923153,48.1298067,533.0
5009,11.5910356,48.1231238,533.0
5010,11.5899437,48.1238600,533.0
5011,11.5900118,48.1239979,533.0
5012,11.5897756,48.1240903,533.0
5013,11.5625179,48.1426582,520.0
5014,11.5629096,48.1427210,520.0
5015,11.5637298,48.1428040,520.0
5016,11.5636065,48.1428094,520.0
5017,11.5632156,48.1427791,520.0
5018,11.5631132,48.1427641,520.0
5019,11.5624873,48.1425681,524.0
5020,11.5628265,48.1427586,520.0
5021,11.5626134,48.1427052,520.0
5022,11.5626890,48.1426463,520.0
5023,11.5625606,48.1425959,520.0
5024,11.5628090,48.1426872,520.0
5025,11.5623716,48.1425140,524.0
5026,11.5617851,48.1426289,524.0
5027,11.5622669,48.1424989,524.0
5028,11.5622127,48.1425133,524.0
5029,11.5504735,48.1421831,528.0
5030,11.5495320,48.1422426,527.0
5031,11.5497193,48.1422302,527.0
5032,11.5499065,48.1422177,527.0
5033,11.5500937,48.1422052,528.0
5034,11.5675077,48.1466676,518.0
5035,11.5822942,48.1530020,517.0
5036,11.5594488,48.1413314,527.0
5037,11.5626426,48.1442149,518.0
5038,11.5667116,48.1504344,517.0
5039,11.5746422,48.1482654,519.0
5040,11.5767363,48.1476712,520.0
5041,11.5749741,48.1464845,518.0
5042,11.5827622,48.1541203,517.0
5043,11.5818582,48.1297811,522.0
5044,11.5828541,48.1303160,522.0
5045,11.5995213,48.1343038,528.0
5046,11.5899555,48.1310857,533.0
5047,11.5903554,48.1311044,533.0
5048,11.5899715,48.1312581,528.0
5049,11.5976375,48.1331003,526.0
5050,11.5705707,48.1407048,521.0
5051,11.5821905,48.1387641,521.0
5052,11.5879528,48.1372958,519.0
5053,11.5833187,48.1385402,521.0
5054,11.5717407,48.1402775,525.0
5055,11.5602049,48.1391652,526.0
5056,11.5813277,48.1389245,521.0
5057,11.5599134,48.1394038,526.0
5058,11.5868001,48.1378840,518.0
5059,11.5867467,48.1377430,518.0
5060,11.5676094,48.1319415,525.0
5061,11.5690924,48.1311255,526.0
5062,11.5675155,48.1318672,525.0
5063,11.5796145,48.1339250,521.0
5064,11.5877414,48.1369571,519.0
5065,11.5749052,48.1333652,518.0
5066,11.5731368,48.1322655,517.0
5067,11.5625389,48.1407058,534.0
5068,11.5610276,48.1408853,524.0
5069,11.5691659,48.1408960,521.0
5070,11.5610467,48.1408865,524.0
5071,11.5611552,48.1392547,532.0
5072,11.5624417,48.1405706,524.0
5073,11.5605875,48.1392548,532.0
5074,11.5884995,48.1374004,519.0
5075,11.5898396,48.1373063,509.0
5076,11.5891914,48.1374374,519.0
5077,11.5974119,48.1323079,526.0
5078,11.5885635,48.1375475,519.0
5079,11.5876321,48.1377215,519.0
5080,11.5875928,48.1375917,519.0
5081,11.5979660,48.1320324,535.0
5082,11.5584433,48.1393380,526.0
5083,11.5832782,48.1542762,518.0
5084,11.5827810,48.1530780,517.0
5085,11.5832784,48.1383982,521.0
5086,11.5817311,48.1387113,521.0
5087,11.5812295,48.1387995,524.0
5088,11.5798840,48.1390507,524.0
5089,11.6003542,48.1301610,531.0
5090,11.6007770,48.1303803,531.0
5091,11.5995310,48.1308077,534.0
5092,11.5997967,48.1309589,534.0
5093,11.5970715,48.1333762,532.0
5094,11.5867744,48.1378169,518.0
5095,11.5847751,48.1382502,517.0
5096,11.5689335,48.1400523,521.0
5097,11.5884882,48.1401336,519.0
5098,11.5929714,48.1461060,513.0
5099,11.5980624,48.1366872,526.0
5100,11.5642812,48.1476871,525.0
5101,11.5635274,48.1479022,525.0
5102,11.5651918,48.1479340,522.0
5103,11.5649163,48.1480146,522.0
5104,11.5645281,48.1480698,519.0
5105,11.5645594,48.1481184,519.0
5106,11.5642284,48.1482147,519.0
5107,11.5644102,48.1484929,519.0
5108,11.5644163,48.1485023,519.0
5109,11.5644563,48.1485635,519.0
5110,11.5644802,48.1486002,519.0
5111,11.5640183,48.1486866,519.0
5112,11.5653938,48.1482466,522.0
5113,11.5576025,48.1479397,528.0
5114,11.5600060,48.1280038,526.0
5115,11.5612873,48.1278872,526.0
5116,11.5616596,48.1277537,526.0
5117,11.5702990,48.1307866,526.0
5118,11.5883436,48.1383391,519.0
5119,11.5887811,48.1391137,519.0
5120,11.5720371,48.1367443,525.0
5121,11.5880481,48.1314923,519.0
5122,11.5822539,48.1222731,529.0
5123,11.5819536,48.1217762,529.0
5124,11.5643160,48.1511085,518.0
5125,11.5641848,48.1510413,518.0
5126,11.5639828,48.1511975,518.0
5127,11.5639430,48.1512087,518.0
5128,11.5987306,48.1346202,528.0
5129,11.5977169,48.1349631,532.0
5130,11.5981839,48.1365992,526.0
5131,11.5984791,48.1372078,526.0
5132,11.5984910,48.1373008,526.0
5133,11.5990588,48.1383547,526.0
5134,11.5997346,48.1398861,526.0
5135,11.6001517,48.1407010,531.0
5136,11.5585048,48.1415199,527.0
5137,11.5614909,48.1419062,524.0
5138,11.5613436,48.1419456,524.0
5139,11.5616389,48.1419703,524.0
5140,11.5616897,48.1420339,524.0
5141,11.5612950,48.1420923,524.0
5142,11.5616105,48.1421974,524.0
5143,11.5613577,48.1421821,524.0
5144,11.5615157,48.1422321,524.0
5145,11.5790298,48.1441324,519.0
5146,11.5797864,48.1444347,520.0
5147,11.5799194,48.1447057,520.0
5148,11.5618800,48.1426040,524.0
5149,11.5623053,48.1432722,524.0
5150,11.5621879,48.1433055,524.0
5151,11.5631309,48.1437033,520.0
5152,11.5628942,48.1437717,518.0
5153,11.5627105,48.1438149,518.0
5154,11.5626753,48.1438241,518.0
5155,11.5628462,48.1441559,518.0
5156,11.5833492,48.1330771,517.0
5157,11.5815797,48.1336660,518.0
5158,11.5828851,48.1339596,518.0
5159,11.5830878,48.1339862,518.0
5160,11.5852875,48.1343189,521.0
5161,11.5850535,48.1343586,521.0
5162,11.5861578,48.1344885,522.0
5163,11.5866663,48.1350113,522.0
5164,11.5865434,48.1350592,522.0
5165,11.5867263,48.1351685,522.0
5166,11.5875136,48.1373390,519.0
5167,11.5914693,48.1445026,514.0
5168,11.5930237,48.1465476,513.0
5169,11.5744331,48.1328458,517.0
5170,11.5762215,48.1331397,526.0
5171,11.5763228,48.1331498,526.0
5172,11.5762320,48.1332250,526.0
5173,11.5834032,48.1389495,517.0
5174,11.5784511,48.1394918,524.0
5175,11.5779781,48.1394961,524.0
5176,11.5858808,48.1421229,518.0
5177,11.5760014,48.1478818,520.0
5178,11.5713250,48.1482442,516.0
5179,11.5726458,48.1488236,516.0
5180,11.5751540,48.1488418,517.0
5181,11.5538484,48.1335548,523.0
5182,11.5535467,48.1336294,523.0
5183,11.5536309,48.1336862,523.0
5184,11.5536567,48.1338247,523.0
5185,11.5538611,48.1338695,523.0
5186,11.5526290,48.1349011,523.0
5187,11.5523197,48.1351663,523.0
5188,11.5531639,48.1352514,523.0
5189,11.5517608,48.1355181,522.0
5190,11.5512409,48.1357739,522.0
5191,11.5808109,48.1526583,518.0
5192,11.5603848,48.1509559,524.0
5193,11.5604689,48.1509864,521.0
5194,11.5771654,48.1390119,524.0
5195,11.5662380,48.1403542,523.0
5196,11.5662749,48.1403878,523.0
5197,11.5669480,48.1404598,526.0
5198,11.5674348,48.1405625,526.0
5199,11.5661895,48.1406527,523.0
5200,11.5679709,48.1407701,526.0
5201,11.5703526,48.1465264,518.0
5202,11.5698838,48.1461948,518.0
5203,11.5735396,48.1398503,529.0
5204,11.5737572,48.1400259,529.0
5205,11.5575907,48.1479053,523.0
5206,11.5585556,48.1487526,519.0
5207,11.5611415,48.1245413,523.0
5208,11.5611758,48.1245840,523.0
5209,11.5818230,48.1509710,517.0
5210,11.5754916,48.1455145,519.0
5211,11.5741949,48.1440055,529.0
5212,11.5743063,48.1439491,529.0
5213,11.5767098,48.1455664,519.0
5214,11.5664253,48.1262130,523.0
5215,11.5665424,48.1264578,523.0
5216,11.5566277,48.1425473,525.0
5217,11.5572215,48.1435438,525.0
5218,11.5572666,48.1436042,525.0
5219,11.5581889,48.1454972,524.0
5220,11.5583428,48.1484374,519.0
5221,11.5576818,48.1485176,528.0
5222,11.5575962,48.1494804,528.0
5223,11.5642157,48.1464767,525.0
5224,11.5689342,48.1421093,526.0
5225,11.5689125,48.1421434,526.0
5226,11.5689539,48.1422225,526.0
5227,11.5690814,48.1422652,526.0
5228,11.5678572,48.1426293,521.0
5229,11.5679210,48.1427499,521.0
5230,11.5689081,48.1399945,521.0
5231,11.5818365,48.1235100,519.0
5232,11.5811902,48.1243633,516.0
5233,11.5813343,48.1245430,519.0
5234,11.5839287,48.1457956,514.0
5235,11.5846813,48.1480110,518.0
5236,11.5810180,48.1243646,516.0
5237,11.5814374,48.1246376,519.0
5238,11.5865564,48.1527445,515.0
5239,11.5849676,48.1532826,518.0
5240,11.5804346,48.1371295,520.0
5241,11.5805172,48.1372255,520.0
5242,11.5698057,48.1520062,520.0
5243,11.5699225,48.1521885,517.0
5244,11.5685330,48.1523679,517.0
5245,11.5663799,48.1529857,520.0
5246,11.5657576,48.1519996,518.0
5247,11.5673411,48.1527075,517.0
5248,11.5672016,48.1524861,517.0
5249,11.5680318,48.1539438,517.0
5250,11.5716265,48.1542035,520.0
5251,11.5717765,48.1544505,520.0
5252,11.5498632,48.1366421,524.0
5253,11.5499298,48.1365326,524.0
5254,11.5503070,48.1361486,522.0
5255,11.5566631,48.1495986,528.0
5256,11.5564866,48.1496550,528.0
5257,11.5608714,48.1503827,521.0
5258,11.5601215,48.1504559,524.0
5259,11.5602702,48.1504830,524.0
5260,11.5599445,48.1504848,524.0
5261,11.5598588,48.1504981,524.0
5262,11.5616345,48.1514055,521.0
5263,11.5618370,48.1517171,521.0
5264,11.5618836,48.1517886,521.0
5265,11.5569668,48.1498439,528.0
5266,11.5568849,48.1498669,528.0
5267,11.5568582,48.1498745,528.0
5268,11.5568281,48.1498839,528.0
5269,11.5566899,48.1499275,528.0
5270,11.5564931,48.1499900,528.0
5271,11.5570846,48.1500239,522.0
5272,11.5563501,48.1500331,522.0
5273,11.5570119,48.1500460,522.0
5274,11.5562902,48.1500534,522.0
5275,11.5569846,48.1500545,522.0
5276,11.5569689,48.1500593,522.0
5277,11.5568148,48.1501054,522.0
5278,11.5566186,48.1501679,522.0
5279,11.5564760,48.1502115,522.0
5280,11.5610407,48.1244123,523.0
5281,11.5597340,48.1242268,523.0
5282,11.5615560,48.1221161,528.0
5283,11.5603111,48.1247396,523.0
5284,11.5545169,48.1276595,528.0
5285,11.5550267,48.1271835,528.0
5286,11.5546209,48.1275808,528.0
5287,11.5542790,48.1275235,528.0
5288,11.5548846,48.1273818,528.0
5289,11.5549503,48.1268640,527.0
5290,11.5546479,48.1272597,528.0
5291,11.5574810,48.1257168,525.0
5292,11.5568750,48.1259758,525.0
5293,11.5572047,48.1258533,525.0
5294,11.5571966,48.1258927,525.0
5295,11.5574502,48.1256908,525.0
5296,11.5622062,48.1216792,528.0
5297,11.5625109,48.1216561,520.0
5298,11.5626978,48.1247128,520.0
5299,11.5623655,48.1241659,523.0
5300,11.5624996,48.1240925,523.0
5301,11.5627777,48.1248250,520.0
5302,11.5623682,48.1242411,523.0
5303,11.5624057,48.1235213,523.0
5304,11.5631839,48.1232457,520.0
5305,11.5629127,48.1239349,520.0
5306,11.5545846,48.1288089,528.0
5307,11.5568812,48.1289482,529.0
5308,11.5548392,48.1290678,528.0
5309,11.5566151,48.1290559,529.0
5310,11.5546722,48.1288980,528.0
5311,11.5567531,48.1290650,529.0
5312,11.5562533,48.1289180,529.0
5313,11.5617359,48.1279975,526.0
5314,11.5622462,48.1279337,526.0
5315,11.5630380,48.1281389,527.0
5316,11.5624686,48.1279098,526.0
5317,11.5619008,48.1279770,526.0
5318,11.5623563,48.1279199,526.0
5319,11.5624332,48.1284605,526.0
5320,11.5630908,48.1282544,527.0
5321,11.5629232,48.1278650,527.0
5322,11.5631206,48.1283267,527.0
5323,11.5545605,48.1268175,527.0
5324,11.5544334,48.1270282,527.0
5325,11.5544072,48.1269252,527.0
5326,11.5540033,48.1273651,524.0
5327,11.5543657,48.1270495,527.0
5328,11.5545719,48.1266233,527.0
5329,11.5543433,48.1271111,528.0
5330,11.5541136,48.1272812,524.0
5331,11.5543942,48.1269715,527.0
5332,11.5623483,48.1297911,526.0
5333,11.5614353,48.1286515,526.0
5334,11.5594963,48.1289993,526.0
5335,11.5596429,48.1293413,525.0
5336,11.5596037,48.1292934,525.0
5337,11.5613116,48.1283446,526.0
5338,11.5551979,48.1266646,527.0
5339,11.5557652,48.1266706,527.0
5340,11.5578747,48.1291531,529.0
5341,11.5580196,48.1290095,529.0
5342,11.5601580,48.1279897,526.0
5343,11.5604354,48.1274246,526.0
5344,11.5601070,48.1277368,526.0
5345,11.5601197,48.1276939,526.0
5346,11.5557179,48.1264034,527.0
5347,11.5552970,48.1264044,527.0
5348,11.5534365,48.1281647,524.0
5349,11.5496390,48.1374099,524.0
5350,11.5497928,48.1374058,524.0
5351,11.5496642,48.1376609,526.0
5352,11.5591063,48.1441930,520.0
5353,11.5595377,48.1441008,520.0
5354,11.5596966,48.1441194,520.0
5355,11.5598254,48.1441347,520.0
5356,11.5510425,48.1395024,526.0
5357,11.5510833,48.1396330,520.0
5358,11.5524240,48.1390618,526.0
5359,11.5524186,48.1384806,526.0
5360,11.5906486,48.1391196,521.0
5361,11.5833400,48.1386843,517.0
5362,11.5833619,48.1388270,517.0
5363,11.5834836,48.1391309,517.0
5364,11.5836100,48.1393334,517.0
5365,11.5836912,48.1394297,517.0
5366,11.5562761,48.1356765,527.0
5367,11.5573177,48.1346876,525.0
5368,11.5569909,48.1347329,525.0
5369,11.5569481,48.1351452,525.0
5370,11.5568528,48.1351574,525.0
5371,11.5570405,48.1349874,525.0
5372,11.5562723,48.1357947,527.0
5373,11.5558390,48.1356781,523.0
5374,11.5566642,48.1351804,525.0
5375,11.5566301,48.1353878,525.0
5376,11.5570166,48.1351880,525.0
5377,11.5584819,48.1355127,524.0
5378,11.5564390,48.1348084,525.0
5379,11.5570352,48.1349015,525.0
5380,11.5570405,48.1350536,525.0
5381,11.5570169,48.1353854,525.0
5382,11.5565971,48.1351679,525.0
5383,11.5570175,48.1351328,525.0
5384,11.5565470,48.1351270,525.0
5385,11.5616700,48.1344666,525.0
5386,11.5613232,48.1339849,525.0
5387,11.5613125,48.1340258,525.0
5388,11.5612441,48.1339046,525.0
5389,11.5618285,48.1348256,525.0
5390,11.5607955,48.1338723,525.0
5391,11.5617986,48.1356121,528.0
5392,11.5618006,48.1346219,525.0
5393,11.5619363,48.1349652,525.0
5394,11.5615237,48.1339529,525.0
5395,11.5611730,48.1338742,525.0
5396,11.5619133,48.1349298,525.0
5397,11.5613083,48.1342261,525.0
5398,11.5616611,48.1342208,525.0
5399,11.5618945,48.1351572,525.0
5400,11.5617879,48.1355137,528.0
5401,11.5558556,48.1360161,523.0
5402,11.5860697,48.1398213,515.0
5403,11.5861014,48.1398273,515.0
5404,11.5861287,48.1398377,515.0
5405,11.5861857,48.1398816,515.0
5406,11.5862773,48.1399837,515.0
5407,11.5940785,48.1286869,532.0
5408,11.5938926,48.1287753,532.0
5409,11.5956375,48.1302502,530.0
5410,11.5504382,48.1439577,524.0
5411,11.5506259,48.1439325,524.0
5412,11.5746574,48.1290290,516.0
5413,11.5713552,48.1306444,520.0
5414,11.5795347,48.1328280,523.0
5415,11.5744280,48.1296546,522.0
5416,11.5747463,48.1298390,522.0
5417,11.5745799,48.1300096,522.0
5418,11.5744362,48.1279756,516.0
5419,11.5740696,48.1282565,516.0
5420,11.5743203,48.1280962,516.0
5421,11.5712302,48.1278365,521.0
5422,11.5728875,48.1263395,521.0
5423,11.5743399,48.1280851,516.0
5424,11.5727181,48.1271769,521.0
5425,11.5713802,48.1276869,521.0
5426,11.5730053,48.1268660,516.0
5427,11.5746068,48.1300687,522.0
5428,11.5742244,48.1297877,522.0
5429,11.5745854,48.1301070,522.0
5430,11.5742527,48.1297547,522.0
5431,11.5739300,48.1295679,522.0
5432,11.5738262,48.1284324,516.0
5433,11.5725550,48.1266277,521.0
5434,11.5691914,48.1298789,526.0
5435,11.5674938,48.1270414,523.0
5436,11.5687756,48.1300060,526.0
5437,11.5688561,48.1300096,526.0
5438,11.5685137,48.1300992,521.0
5439,11.5671219,48.1271923,522.0
5440,11.5674801,48.1269071,523.0
5441,11.5672967,48.1271367,522.0
5442,11.5674882,48.1270758,523.0
5443,11.5681897,48.1302443,521.0
5444,11.5687102,48.1300112,521.0
5445,11.5659078,48.1255781,523.0
5446,11.5652512,48.1249377,521.0
5447,11.5661465,48.1256551,523.0
5448,11.5654733,48.1252827,523.0
5449,11.5663294,48.1256019,523.0
5450,11.5662705,48.1256413,523.0
5451,11.5656670,48.1254569,523.0
5452,11.5650152,48.1244954,521.0
5453,11.5650983,48.1246279,521.0
5454,11.5656197,48.1245028,521.0
5455,11.5653344,48.1251060,523.0
5456,11.5660344,48.1244525,521.0
5457,11.5659502,48.1244627,521.0
5458,11.5704822,48.1266029,519.0
5459,11.5706949,48.1268874,519.0
5460,11.5706117,48.1264237,519.0
5461,11.5705758,48.1268488,519.0
5462,11.5705185,48.1266469,519.0
5463,11.5754822,48.1346820,520.0
5464,11.5718146,48.1272536,521.0
5465,11.5716251,48.1274427,521.0
5466,11.5708187,48.1303512,526.0
5467,11.5795766,48.1339631,521.0
5468,11.5791100,48.1292331,519.0
5469,11.5793942,48.1293703,532.0
5470,11.5791854,48.1293726,532.0
5471,11.5798207,48.1307020,532.0
5472,11.5824929,48.1310072,522.0
5473,11.5750376,48.1320771,526.0
5474,11.5881811,48.1376804,519.0
5475,11.5880145,48.1377061,519.0
5476,11.5879116,48.1378982,519.0
5477,11.5868748,48.1379808,518.0
5478,11.5867993,48.1379955,518.0
5479,11.5870632,48.1380549,518.0
5480,11.5867123,48.1381056,518.0
5481,11.5866938,48.1381968,518.0
5482,11.5882133,48.1383925,519.0
5483,11.5879744,48.1385410,519.0
5484,11.5868191,48.1386348,518.0
5485,11.5868937,48.1389056,518.0
5486,11.5876366,48.1389522,519.0
5487,11.5875620,48.1391104,519.0
5488,11.5874471,48.1393737,518.0
5489,11.5865920,48.1263238,530.0
5490,11.5859761,48.1266939,530.0
5491,11.5843960,48.1268105,516.0
5492,11.5850285,48.1268289,516.0
5493,11.5852724,48.1271790,517.0
5494,11.5865894,48.1272836,517.0
5495,11.5868939,48.1291487,517.0
5496,11.5836322,48.1280487,517.0
5497,11.5782148,48.1324699,523.0
5498,11.5761125,48.1278026,521.0
5499,11.5763801,48.1279372,521.0
5500,11.5794161,48.1291771,532.0
5501,11.5789909,48.1291791,519.0
5502,11.5790738,48.1292167,519.0
5503,11.5794338,48.1293909,532.0
5504,11.5791418,48.1294071,519.0
5505,11.5642020,48.1360355,525.0
5506,11.5642034,48.1362638,525.0
5507,11.5642038,48.1363266,525.0
5508,11.5646118,48.1364862,524.0
5509,11.5651336,48.1365061,524.0
5510,11.5651701,48.1367901,524.0
5511,11.5695302,48.1411069,521.0
5512,11.5712250,48.1416421,525.0
5513,11.5691706,48.1417104,526.0
5514,11.5712656,48.1417276,521.0
5515,11.5709786,48.1421323,521.0
5516,11.5708392,48.1421642,521.0
5517,11.5732017,48.1421810,524.0
5518,11.5708835,48.1422626,521.0
5519,11.5735093,48.1425514,524.0
5520,11.5735451,48.1429983,524.0
5521,11.5744608,48.1432324,524.0
5522,11.5736515,48.1432465,524.0
5523,11.5737584,48.1435158,524.0
5524,11.5736535,48.1435425,524.0
5525,11.5731263,48.1435782,524.0
5526,11.5736903,48.1435985,524.0
5527,11.5728867,48.1437387,521.0
5528,11.5717123,48.1439591,521.0
5529,11.5716595,48.1439743,521.0
5530,11.5718958,48.1440457,521.0
5531,11.5739617,48.1443733,529.0
5532,11.5938990,48.1288853,532.0
5533,11.5763388,48.1428652,528.0
5534,11.5753438,48.1430192,528.0
5535,11.5752952,48.1430869,528.0
5536,11.5751503,48.1431070,528.0
5537,11.5746649,48.1446769,529.0
5538,11.5787598,48.1450968,519.0
5539,11.5791465,48.1453049,519.0
5540,11.5747854,48.1453720,529.0
5541,11.5785136,48.1453385,519.0
5542,11.5773276,48.1453716,519.0
5543,11.5773533,48.1454369,519.0
5544,11.5773670,48.1454785,519.0
5545,11.5744511,48.1455831,529.0
5546,11.5775946,48.1455380,519.0
5547,11.5771447,48.1455268,519.0
5548,11.5789511,48.1455157,519.0
5549,11.5772223,48.1455383,519.0
5550,11.5744821,48.1456330,529.0
5551,11.5762005,48.1456498,519.0
5552,11.5730951,48.1459048,518.0
5553,11.5731144,48.1461173,518.0
5554,11.5733292,48.1461657,518.0
5555,11.5810250,48.1364818,520.0
5556,11.5809458,48.1364191,520.0
5557,11.5808530,48.1363089,520.0
5558,11.5825187,48.1367636,521.0
5559,11.5857409,48.1258356,530.0
5560,11.5858887,48.1264280,530.0
5561,11.5852018,48.1264505,516.0
5562,11.5852104,48.1266277,516.0
5563,11.5852303,48.1268417,516.0
5564,11.5642235,48.1463954,525.0
5565,11.5622828,48.1432786,524.0
5566,11.5505734,48.1423353,528.0
5567,11.5756194,48.1282754,521.0
5568,11.5755915,48.1284825,521.0
5569,11.5793016,48.1462846,519.0
5570,11.5794799,48.1466658,519.0
5571,11.5792299,48.1469122,519.0
5572,11.5796210,48.1469673,519.0
5573,11.5576032,48.1252203,525.0
5574,11.5579115,48.1254740,525.0
5575,11.5582825,48.1254173,525.0
5576,11.5574698,48.1257073,525.0
5577,11.5575679,48.1257902,525.0
5578,11.5813621,48.1305139,522.0
5579,11.5814714,48.1304377,522.0
5580,11.5721215,48.1366771,525.0
5581,11.5725936,48.1369528,525.0
5582,11.5717649,48.1370332,525.0
5583,11.5719574,48.1370623,525.0
5584,11.5705003,48.1371215,522.0
5585,11.5703696,48.1371868,522.0
5586,11.5701777,48.1372587,522.0
5587,11.5701458,48.1373164,522.0
5588,11.5698046,48.1373851,522.0
5589,11.5692033,48.1375099,526.0
5590,11.5691936,48.1376737,526.0
5591,11.5691236,48.1376856,526.0
5592,11.5839735,48.1238497,520.0
5593,11.5840772,48.1239078,520.0
5594,11.5841427,48.1239456,520.0
5595,11.5842366,48.1239967,520.0
5596,11.5842366,48.1240835,520.0
5597,11.5839064,48.1242475,520.0
5598,11.5823035,48.1350622,518.0
5599,11.5895009,48.1315364,519.0
5600,11.5900461,48.1311331,533.0
5601,11.5840901,48.1373185,517.0
5602,11.5836692,48.1374060,517.0
5603,11.5836877,48.1375293,517.0
5604,11.5902152,48.1310732,533.0
5605,11.5903212,48.1311320,533.0
5606,11.5905671,48.1313688,528.0
5607,11.5875078,48.1305060,524.0
5608,11.5877159,48.1309732,524.0
5609,11.5879072,48.1312969,519.0
5610,11.5871782,48.1293714,521.0
5611,11.5874698,48.1297997,521.0
5612,11.5872777,48.1298595,521.0
5613,11.5871506,48.1298994,521.0
5614,11.5870120,48.1299419,521.0
5615,11.5843674,48.1269400,516.0
5616,11.5844118,48.1270039,516.0
5617,11.5843716,48.1270650,516.0
5618,11.5843134,48.1270881,517.0
5619,11.5853081,48.1273413,517.0
5620,11.5848033,48.1274810,517.0
5621,11.5882267,48.1276986,528.0
5622,11.5882944,48.1277907,528.0
5623,11.5856232,48.1278212,517.0
5624,11.5879567,48.1278957,528.0
5625,11.5877842,48.1279493,528.0
5626,11.5655039,48.1239342,521.0
5627,11.5642406,48.1244504,520.0
5628,11.5583162,48.1263510,525.0
5629,11.5579171,48.1265788,525.0
5630,11.5561820,48.1280077,528.0
5631,11.5580286,48.1265797,525.0
5632,11.5560641,48.1280820,528.0
5633,11.5567967,48.1276308,529.0
5634,11.5584737,48.1261610,528.0
5635,11.5923629,48.1295281,533.0
5636,11.5600549,48.1484838,519.0
5637,11.5601671,48.1486565,519.0
5638,11.5753115,48.1282203,521.0
5639,11.5753378,48.1282332,521.0
5640,11.5779987,48.1537319,514.0
5641,11.5862203,48.1358417,524.0
5642,11.5932637,48.1308421,533.0
5643,11.5918666,48.1301849,533.0
5644,11.5928344,48.1311873,533.0
5645,11.5920867,48.1307585,533.0
5646,11.5922531,48.1309366,533.0
5647,11.5927637,48.1310348,533.0
5648,11.5927244,48.1310466,533.0
5649,11.5925869,48.1313142,534.0
5650,11.5922448,48.1314041,534.0
5651,11.5931037,48.1314511,534.0
5652,11.5927157,48.1314855,534.0
5653,11.5921969,48.1314952,534.0
5654,11.5922455,48.1315368,534.0
5655,11.5921030,48.1315840,534.0
5656,11.5922020,48.1315788,534.0
5657,11.5922594,48.1316505,534.0
5658,11.5918191,48.1316846,534.0
5659,11.5917902,48.1317226,534.0
5660,11.5916207,48.1317816,528.0
5661,11.5915855,48.1317939,528.0
5662,11.5916405,48.1318101,528.0
5663,11.5918261,48.1318074,534.0
5664,11.5912008,48.1319279,528.0
5665,11.5911688,48.1319390,528.0
5666,11.5911959,48.1319714,528.0
5667,11.5907456,48.1320865,528.0
5668,11.5907061,48.1321423,528.0
5669,11.5509940,48.1446541,524.0
5670,11.5531964,48.1361754,523.0
5671,11.5599002,48.1492915,519.0
5672,11.5596989,48.1493243,519.0
5673,11.5595280,48.1493505,519.0
5674,11.5594543,48.1493636,519.0
5675,11.5876483,48.1314741,519.0
5676,11.5877667,48.1315334,519.0
5677,11.5878134,48.1315033,519.0
5678,11.5878663,48.1315725,519.0
5679,11.5876711,48.1316147,519.0
5680,11.5863052,48.1317250,516.0
5681,11.5893225,48.1317407,519.0
5682,11.5891659,48.1318575,519.0
5683,11.5892186,48.1335573,509.0
5684,11.5904843,48.1337922,525.0
5685,11.5904491,48.1338024,525.0
5686,11.5813723,48.1305069,522.0
5687,11.5880217,48.1305283,524.0
5688,11.5881792,48.1308540,524.0
5689,11.5882353,48.1309058,524.0
5690,11.5882623,48.1309200,524.0
5691,11.5883176,48.1311142,524.0
5692,11.5831417,48.1312715,519.0
5693,11.5932548,48.1361582,517.0
5694,11.5802329,48.1530349,518.0
5695,11.5806587,48.1533359,518.0
5696,11.5820571,48.1530492,517.0
5697,11.5782995,48.1538751,514.0
5698,11.5808100,48.1527115,518.0
5699,11.5813195,48.1544065,518.0
5700,11.5811486,48.1539926,518.0
5701,11.5945597,48.1340262,531.0
5702,11.5959241,48.1346473,532.0
5703,11.5961235,48.1352947,532.0
5704,11.5943906,48.1355792,526.0
5705,11.5941314,48.1355930,526.0
5706,11.5946281,48.1356041,526.0
5707,11.5938647,48.1356516,526.0
5708,11.5936326,48.1357521,517.0
5709,11.5954926,48.1359397,526.0
5710,11.5953740,48.1359913,526.0
5711,11.5932925,48.1360833,517.0
5712,11.5955392,48.1363179,526.0
5713,11.5931825,48.1364896,517.0
5714,11.5932357,48.1366555,517.0
5715,11.5937497,48.1369927,517.0
5716,11.5948026,48.1370467,526.0
5717,11.5939748,48.1370672,526.0
5718,11.5945418,48.1371019,526.0
5719,11.5942483,48.1371033,526.0
5720,11.5844082,48.1540522,518.0
5721,11.5794966,48.1553931,518.0
5722,11.5944392,48.1340523,531.0
5723,11.5945553,48.1341465,531.0
5724,11.5946174,48.1341919,531.0
5725,11.5948957,48.1342913,531.0
5726,11.5949296,48.1343476,531.0
5727,11.5964768,48.1361067,532.0
5728,11.5966163,48.1364927,532.0
5729,11.5919288,48.1329454,534.0
5730,11.5919205,48.1329589,534.0
5731,11.5918768,48.1330082,534.0
5732,11.5922386,48.1330456,534.0
5733,11.5917830,48.1331139,534.0
5734,11.5928316,48.1332376,534.0
5735,11.5934259,48.1334293,526.0
5736,11.5941882,48.1336616,531.0
5737,11.5941803,48.1336740,531.0
5738,11.5941041,48.1337794,531.0
5739,11.5940424,48.1338649,531.0
5740,11.5938091,48.1341881,531.0
5741,11.5922914,48.1330630,534.0
5742,11.5922818,48.1330746,534.0
5743,11.5922167,48.1331706,534.0
5744,11.5921637,48.1332490,534.0
5745,11.5912571,48.1322033,528.0
5746,11.5921955,48.1235290,533.0
5747,11.5922062,48.1236024,533.0
5748,11.5922125,48.1236317,533.0
5749,11.5921477,48.1237428,533.0
5750,11.5900778,48.1238798,533.0
5751,11.5912821,48.1245226,533.0
5752,11.5904800,48.1274676,533.0
5753,11.5903472,48.1274980,533.0
5754,11.5905119,48.1275178,533.0
5755,11.5905710,48.1276223,533.0
5756,11.5890031,48.1299681,524.0
5757,11.6014932,48.1387096,528.0
5758,11.6015164,48.1393867,528.0
5759,11.5927662,48.1262982,533.0
5760,11.5926778,48.1264573,533.0
5761,11.5788334,48.1333560,526.0
5762,11.5810080,48.1410438,517.0
5763,11.5811336,48.1413519,517.0
5764,11.5810614,48.1411732,517.0
5765,11.5613117,48.1411783,524.0
5766,11.5771957,48.1365936,521.0
5767,11.5773219,48.1367053,521.0
5768,11.5784578,48.1386776,524.0
5769,11.5785021,48.1386642,524.0
5770,11.5665804,48.1337476,524.0
5771,11.5761198,48.1412176,521.0
5772,11.5805294,48.1384511,524.0
5773,11.5856515,48.1376992,518.0
5774,11.5808709,48.1516340,520.0
5775,11.5816727,48.1479616,516.0
5776,11.5816866,48.1479974,516.0
5777,11.5820733,48.1464083,520.0
5778,11.5811365,48.1466564,519.0
5779,11.5801481,48.1504544,520.0
5780,11.5793797,48.1507239,520.0
5781,11.5808820,48.1510171,520.0
5782,11.5803435,48.1512058,520.0
5783,11.5800212,48.1512810,520.0
5784,11.5798254,48.1512995,520.0
5785,11.5797642,48.1512903,520.0
5786,11.5797147,48.1512665,520.0
5787,11.5803610,48.1504092,520.0
5788,11.5809353,48.1480304,521.0
5789,11.5808575,48.1478605,519.0
5790,11.5813365,48.1480321,516.0
5791,11.5815445,48.1479878,516.0
5792,11.5830204,48.1469708,520.0
5793,11.5820384,48.1464334,520.0
5794,11.5829388,48.1467054,520.0
5795,11.5819541,48.1464975,520.0
5796,11.5818727,48.1465366,520.0
5797,11.5817994,48.1465648,520.0
5798,11.5817001,48.1465855,520.0
5799,11.5849432,48.1372799,517.0
5800,11.5531284,48.1360658,523.0
5801,11.5886187,48.1394492,519.0
5802,11.5882157,48.1244154,538.0
5803,11.5792929,48.1546763,518.0
5804,11.5788554,48.1547251,519.0
5805,11.5938780,48.1493487,509.0
5806,11.5938937,48.1494834,509.0
5807,11.5828335,48.1447327,517.0
5808,11.5809939,48.1450019,520.0
5809,11.5999726,48.1355741,526.0
5810,11.5762739,48.1377568,524.0
5811,11.5763096,48.1378290,524.0
5812,11.5763540,48.1379176,524.0
5813,11.5763903,48.1379924,524.0
5814,11.5764367,48.1380877,524.0
5815,11.5764504,48.1381139,524.0
5816,11.5995596,48.1355694,526.0
5817,11.5997210,48.1356947,526.0
5818,11.5994706,48.1356916,526.0
5819,11.5987016,48.1357193,526.0
5820,11.5761695,48.1205536,518.0
5821,11.5777099,48.1209712,516.0
5822,11.5783999,48.1214381,516.0
5823,11.5792055,48.1221940,521.0
5824,11.5793970,48.1224093,521.0
5825,11.5795354,48.1226483,521.0
5826,11.5826581,48.1443690,517.0
5827,11.5771516,48.1483237,519.0
5828,11.5768709,48.1484065,517.0
5829,11.5767340,48.1484481,517.0
5830,11.5764276,48.1485400,517.0
5831,11.5757645,48.1486694,517.0
5832,11.5747979,48.1485017,519.0
5833,11.5747002,48.1485305,519.0
5834,11.5760545,48.1479648,517.0
5835,11.5832297,48.1454652,517.0
5836,11.5869328,48.1443729,515.0
5837,11.5735230,48.1358005,530.0
5838,11.5743954,48.1361086,530.0
5839,11.5760349,48.1479350,517.0
5840,11.5764925,48.1485195,517.0
5841,11.5770378,48.1483576,517.0
5842,11.5760090,48.1478955,520.0
5843,11.5749067,48.1489434,519.0
5844,11.5750684,48.1488967,517.0
5845,11.5749589,48.1489285,519.0
5846,11.5747579,48.1489886,519.0
5847,11.5753237,48.1487920,517.0
5848,11.5754963,48.1487440,517.0
5849,11.5756469,48.1487021,517.0
5850,11.5835242,48.1486084,518.0
5851,11.5830540,48.1486786,516.0
5852,11.5823686,48.1488092,516.0
5853,11.5734402,48.1202585,521.0
5854,11.5730794,48.1204026,521.0
5855,11.5712995,48.1211278,516.0
5856,11.5701461,48.1214808,526.0
5857,11.5696044,48.1216479,526.0
5858,11.5691464,48.1217926,526.0
5859,11.5664795,48.1226492,523.0
5860,11.5676549,48.1232908,525.0
5861,11.5687783,48.1238780,514.0
5862,11.5655470,48.1241692,521.0
5863,11.5614380,48.1246015,523.0
5864,11.5619186,48.1251990,527.0
5865,11.5572416,48.1272180,529.0
5866,11.5569599,48.1274780,529.0
5867,11.5565316,48.1278750,529.0
5868,11.5561354,48.1279987,528.0
5869,11.5563171,48.1280050,529.0
5870,11.5560507,48.1280040,528.0
5871,11.5560774,48.1281590,528.0
5872,11.5557492,48.1282868,528.0
5873,11.5561183,48.1284628,528.0
5874,11.5557868,48.1285363,528.0
5875,11.5557372,48.1286657,528.0
5876,11.5668605,48.1308384,521.0
5877,11.5692061,48.1400556,521.0
5878,11.5742473,48.1419934,524.0
5879,11.5713543,48.1252352,521.0
5880,11.5701443,48.1273499,522.0
5881,11.5788449,48.1392621,524.0
5882,11.5788768,48.1393170,524.0
5883,11.5672941,48.1246572,525.0
5884,11.5672645,48.1247640,525.0
5885,11.5671969,48.1247846,525.0
5886,11.5667874,48.1247405,525.0
5887,11.5869298,48.1379914,518.0
5888,11.5870197,48.1380277,518.0
5889,11.5869044,48.1379845,518.0
5890,11.5869980,48.1380157,518.0
5891,11.5869512,48.1379981,518.0
5892,11.5870412,48.1380405,518.0
5893,11.5867676,48.1380179,518.0
5894,11.5867294,48.1380706,518.0
5895,11.5871850,48.1433230,518.0
5896,11.5872088,48.1433528,518.0
5897,11.5867748,48.1433848,518.0
5898,11.5867141,48.1434518,518.0
5899,11.5859272,48.1436032,518.0
5900,11.5827848,48.1446279,517.0
5901,11.5613278,48.1401507,524.0
5902,11.5611500,48.1395192,532.0
5903,11.5524248,48.1390473,526.0
5904,11.5586955,48.1296672,525.0
5905,11.5701399,48.1284042,522.0
5906,11.5683531,48.1289335,522.0
5907,11.5671621,48.1294336,521.0
5908,11.5671640,48.1294864,521.0
5909,11.5636908,48.1393296,523.0
5910,11.5604291,48.1420271,524.0
5911,11.5542898,48.1427488,531.0
5912,11.5544923,48.1427905,531.0
5913,11.5546389,48.1428675,531.0
5914,11.5547670,48.1430538,531.0
5915,11.5547607,48.1431976,531.0
5916,11.5601804,48.1411045,527.0
5917,11.5994440,48.1341933,528.0
5918,11.5593030,48.1460541,520.0
5919,11.5588340,48.1459982,520.0
5920,11.5586029,48.1456070,520.0
5921,11.5581643,48.1457193,524.0
5922,11.5582796,48.1456845,524.0
5923,11.5583435,48.1456671,520.0
5924,11.5585193,48.1456256,520.0
5925,11.5589813,48.1460152,520.0
5926,11.5591777,48.1460387,520.0
5927,11.5592836,48.1460519,520.0
5928,11.5611191,48.1445807,521.0
5929,11.5610225,48.1444231,521.0
5930,11.5613819,48.1445735,521.0
5931,11.5524253,48.1390048,526.0
5932,11.5872815,48.1272877,517.0
5933,11.5875429,48.1271998,528.0
5934,11.5877404,48.1270936,528.0
5935,11.5882577,48.1269198,531.0
5936,11.5885618,48.1268090,531.0
5937,11.5888379,48.1267250,531.0
5938,11.5889043,48.1267168,531.0
5939,11.5890896,48.1266818,531.0
5940,11.5892534,48.1266687,531.0
5941,11.5893060,48.1266832,531.0
5942,11.5894845,48.1268613,531.0
5943,11.5892312,48.1269641,531.0
5944,11.5891182,48.1269122,531.0
5945,11.5890423,48.1268414,531.0
5946,11.5889673,48.1267448,531.0
5947,11.5894137,48.1267707,531.0
5948,11.5873594,48.1272604,517.0
5949,11.5623399,48.1425007,524.0
5950,11.5624809,48.1426255,524.0
5951,11.5628705,48.1427443,520.0
5952,11.5627186,48.1427501,520.0
5953,11.5627748,48.1427617,520.0
5954,11.5704553,48.1343212,522.0
5955,11.5555219,48.1478079,525.0
5956,11.5558979,48.1475503,525.0
5957,11.5558603,48.1476988,525.0
5958,11.5560635,48.1477395,525.0
5959,11.5545047,48.1482718,524.0
5960,11.5555026,48.1477820,525.0
5961,11.5550626,48.1471646,525.0
5962,11.5544725,48.1481744,524.0
5963,11.5541580,48.1474660,523.0
5964,11.5559089,48.1476448,525.0
5965,11.5553007,48.1474978,525.0
5966,11.5580681,48.1433045,525.0
5967,11.5599521,48.1436542,521.0
5968,11.5600316,48.1433570,521.0
5969,11.5596747,48.1433283,521.0
5970,11.5586244,48.1440661,520.0
5971,11.5596076,48.1436218,521.0
5972,11.5598689,48.1439656,520.0
5973,11.5591785,48.1434643,521.0
5974,11.5597471,48.1444225,520.0
5975,11.5590229,48.1437865,520.0
5976,11.5586641,48.1441205,520.0
5977,11.5804625,48.1487661,521.0
5978,11.5807954,48.1494777,521.0
5979,11.5854014,48.1414384,516.0
5980,11.5935042,48.1261594,533.0
5981,11.5936556,48.1261038,533.0
5982,11.5502808,48.1417807,528.0
5983,11.5506715,48.1417942,528.0
5984,11.5508809,48.1418047,528.0
5985,11.5515700,48.1418701,528.0
5986,11.5519326,48.1419137,528.0
5987,11.5523336,48.1419030,541.0
5988,11.5526208,48.1419234,541.0
5989,11.5545927,48.1419480,531.0
5990,11.5546172,48.1419908,531.0
5991,11.5536425,48.1420061,541.0
5992,11.5541561,48.1420113,541.0
5993,11.5523802,48.1420192,541.0
5994,11.5525695,48.1420357,541.0
5995,11.5526013,48.1420388,541.0
5996,11.5527395,48.1420496,541.0
5997,11.5531430,48.1420758,541.0
5998,11.5676379,48.1297387,521.0
5999,11.5558375,48.1356190,523.0
6000,11.5664861,48.1379172,527.0
6001,11.5669036,48.1228730,513.0
6002,11.5672495,48.1232696,525.0
6003,11.5669280,48.1234122,525.0
6004,11.5669609,48.1236734,525.0
6005,11.5819900,48.1307374,522.0
6006,11.5825593,48.1310330,522.0
6007,11.5766701,48.1280801,521.0
6008,11.5832193,48.1340273,518.0
6009,11.5842618,48.1325584,517.0
6010,11.5713771,48.1252467,521.0
6011,11.5707030,48.1256506,519.0
6012,11.5852431,48.1326295,517.0
6013,11.5794506,48.1359747,520.0
6014,11.5795863,48.1359404,520.0
6015,11.5818867,48.1502741,517.0
6016,11.5816453,48.1501480,517.0
6017,11.5809912,48.1510585,520.0
6018,11.5805524,48.1506089,520.0
6019,11.5819964,48.1503890,517.0
6020,11.5813478,48.1500961,517.0
6021,11.5807846,48.1509643,520.0
6022,11.5815500,48.1501217,517.0
6023,11.5682188,48.1376734,530.0
6024,11.5679785,48.1371246,525.0
6025,11.5701404,48.1365339,522.0
6026,11.5697273,48.1369116,522.0
6027,11.5700701,48.1365401,522.0
6028,11.5699199,48.1365491,522.0
6029,11.5695818,48.1366176,522.0
6030,11.5706521,48.1367603,522.0
6031,11.5703247,48.1364711,522.0
6032,11.5704751,48.1367442,522.0
6033,11.5699541,48.1373501,522.0
6034,11.5705616,48.1366973,522.0
6035,11.5709196,48.1365926,525.0
6036,11.5697732,48.1392846,526.0
6037,11.5700584,48.1398481,521.0
6038,11.5717422,48.1414357,525.0
6039,11.5722430,48.1416087,525.0
6040,11.5796705,48.1368004,520.0
6041,11.5785098,48.1369755,521.0
6042,11.5706607,48.1201117,516.0
6043,11.5691532,48.1209707,526.0
6044,11.5591119,48.1411168,527.0
6045,11.5605594,48.1236755,523.0
6046,11.5834260,48.1347468,521.0
6047,11.5858220,48.1358785,524.0
6048,11.5842605,48.1362479,517.0
6049,11.5820249,48.1387264,521.0
6050,11.5816842,48.1384482,521.0
6051,11.5818902,48.1373096,521.0
6052,11.5832609,48.1370806,521.0
6053,11.5760052,48.1465433,520.0
6054,11.5767027,48.1449934,519.0
6055,11.5767376,48.1451384,519.0
6056,11.5753210,48.1517326,521.0
6057,11.5748125,48.1520456,519.0
6058,11.5749521,48.1520230,519.0
6059,11.5752186,48.1515335,521.0
6060,11.5754162,48.1519499,521.0
6061,11.5756142,48.1516802,521.0
6062,11.5744083,48.1527957,518.0
6063,11.5732841,48.1496083,519.0
6064,11.5745979,48.1506597,519.0
6065,11.5734548,48.1497612,519.0
6066,11.5733721,48.1496392,519.0
6067,11.5747527,48.1526996,518.0
6068,11.5728890,48.1504335,518.0
6069,11.5724961,48.1498255,516.0
6070,11.5726288,48.1500309,518.0
6071,11.5658450,48.1440787,520.0
6072,11.5676435,48.1437311,521.0
6073,11.5669622,48.1439137,520.0
6074,11.5619246,48.1430014,524.0
6075,11.5619958,48.1429834,524.0
6076,11.5663539,48.1439370,520.0
6077,11.5648986,48.1427588,528.0
6078,11.5657628,48.1441035,520.0
6079,11.5617093,48.1444811,521.0
6080,11.5685063,48.1436769,521.0
6081,11.5677722,48.1438833,520.0
6082,11.5660213,48.1441562,520.0
6083,11.5613271,48.1431647,524.0
6084,11.5663406,48.1440658,520.0
6085,11.5634029,48.1405067,534.0
6086,11.5639199,48.1412657,534.0
6087,11.5652134,48.1447155,520.0
6088,11.5661102,48.1446446,520.0
6089,11.5660094,48.1446719,520.0
6090,11.5653081,48.1448628,520.0
6091,11.5613979,48.1488650,519.0
6092,11.5627323,48.1495833,519.0
6093,11.5652317,48.1479985,522.0
6094,11.5631472,48.1494549,519.0
6095,11.5630327,48.1495019,519.0
6096,11.5646479,48.1470946,519.0
6097,11.5641620,48.1472264,525.0
6098,11.5609895,48.1489680,519.0
6099,11.5604813,48.1470364,520.0
6100,11.5603614,48.1468410,520.0
6101,11.5604853,48.1471515,520.0
6102,11.5611534,48.1483760,519.0
6103,11.5621032,48.1478713,520.0
6104,11.5617426,48.1479709,519.0
6105,11.5606073,48.1488526,519.0
6106,11.5607012,48.1485046,519.0
6107,11.5601476,48.1449448,520.0
6108,11.5605477,48.1487507,519.0
6109,11.5608097,48.1486790,519.0
6110,11.5600986,48.1466089,520.0
6111,11.5605477,48.1471343,520.0
6112,11.5612544,48.1485471,519.0
6113,11.5609379,48.1486366,519.0
6114,11.5611746,48.1487377,519.0
6115,11.5617293,48.1493756,519.0
6116,11.5618121,48.1493540,519.0
6117,11.5716377,48.1413981,525.0
6118,11.5744165,48.1422209,524.0
6119,11.5799723,48.1451331,520.0
6120,11.5804277,48.1438289,520.0
6121,11.5800956,48.1459150,519.0
6122,11.5799906,48.1451750,520.0
6123,11.5800772,48.1453735,520.0
6124,11.5800289,48.1457160,520.0
6125,11.5727937,48.1340025,519.0
6126,11.5729258,48.1341000,518.0
6127,11.5911776,48.1405641,518.0
6128,11.5735743,48.1490486,519.0
6129,11.5733172,48.1486359,519.0
6130,11.5736444,48.1484844,519.0
6131,11.5739838,48.1490242,519.0
6132,11.5732877,48.1485839,519.0
6133,11.5659318,48.1503407,518.0
6134,11.5660980,48.1506066,518.0
6135,11.5720798,48.1502165,518.0
6136,11.5683090,48.1512746,517.0
6137,11.5661089,48.1519013,518.0
6138,11.5682673,48.1512867,517.0
6139,11.5663840,48.1505263,518.0
6140,11.5721879,48.1505040,518.0
6141,11.5663842,48.1523397,520.0
6142,11.5669390,48.1521848,517.0
6143,11.5684038,48.1514399,517.0
6144,11.5667785,48.1519347,517.0
6145,11.5662266,48.1520887,520.0
6146,11.5661792,48.1503172,518.0
6147,11.5722064,48.1504337,518.0
6148,11.5616337,48.1518590,521.0
6149,11.5632125,48.1514144,518.0
6150,11.5630530,48.1511890,518.0
6151,11.5663275,48.1502862,518.0
6152,11.5664634,48.1505040,518.0
6153,11.5810937,48.1241545,516.0
6154,11.5812566,48.1242912,519.0
6155,11.5810502,48.1244766,516.0
6156,11.5586516,48.1448774,520.0
6157,11.5596506,48.1447774,520.0
6158,11.5582090,48.1450528,524.0
6159,11.5588688,48.1448148,520.0
6160,11.5574688,48.1457223,524.0
6161,11.5579675,48.1451564,524.0
6162,11.5538468,48.1467552,523.0
6163,11.5530559,48.1470028,523.0
6164,11.5568716,48.1462108,523.0
6165,11.5578802,48.1452017,524.0
6166,11.5584182,48.1449651,520.0
6167,11.5590468,48.1447660,520.0
6168,11.5567148,48.1459401,523.0
6169,11.5617310,48.1461672,520.0
6170,11.5625118,48.1464634,525.0
6171,11.5625715,48.1465671,525.0
6172,11.5619534,48.1464398,520.0
6173,11.5621679,48.1459244,520.0
6174,11.5620549,48.1465931,520.0
6175,11.5621206,48.1466937,520.0
6176,11.5618178,48.1462877,520.0
6177,11.5713116,48.1509728,518.0
6178,11.5716278,48.1509044,518.0
6179,11.5711372,48.1510193,518.0
6180,11.5713903,48.1509702,518.0
6181,11.5560936,48.1450430,524.0
6182,11.5562962,48.1450460,524.0
6183,11.5563176,48.1449649,524.0
6184,11.5556589,48.1451764,524.0
6185,11.5649005,48.1358856,524.0
6186,11.5647982,48.1358561,524.0
6187,11.5643701,48.1357329,525.0
6188,11.5977728,48.1350904,532.0
6189,11.5977637,48.1351094,532.0
6190,11.5883143,48.1431136,517.0
6191,11.5733569,48.1289011,516.0
6192,11.5733220,48.1289622,516.0
6193,11.5731241,48.1290823,516.0
6194,11.5731500,48.1290823,516.0
6195,11.5661772,48.1379828,527.0
6196,11.5661821,48.1378644,527.0
6197,11.5662699,48.1384314,527.0
6198,11.5662377,48.1382166,527.0
6199,11.5863947,48.1535836,515.0
6200,11.5564053,48.1387225,527.0
6201,11.5559462,48.1387255,525.0
6202,11.5733728,48.1239420,525.0
6203,11.5759087,48.1222752,518.0
6204,11.5774590,48.1222773,516.0
6205,11.5760621,48.1221952,518.0
6206,11.5762799,48.1220974,518.0
6207,11.5760678,48.1222573,518.0
6208,11.5759343,48.1221811,518.0
6209,11.5762609,48.1221553,518.0
6210,11.5759172,48.1222441,518.0
6211,11.5878501,48.1243425,538.0
6212,11.5875154,48.1246338,538.0
6213,11.5874269,48.1244686,534.0
6214,11.5885551,48.1221534,532.0
6215,11.5905213,48.1224241,531.0
6216,11.5886463,48.1220175,532.0
6217,11.5639444,48.1438374,518.0
6218,11.5641557,48.1437756,518.0
6219,11.5847478,48.1282620,517.0
6220,11.5800123,48.1364839,520.0
6221,11.5801124,48.1365822,520.0
6222,11.5778032,48.1493261,519.0
6223,11.5777044,48.1493546,519.0
6224,11.5775330,48.1494059,519.0
6225,11.5762404,48.1221594,518.0
6226,11.5760464,48.1222554,518.0
6227,11.5797684,48.1305588,532.0
6228,11.5797696,48.1307030,532.0
6229,11.5797201,48.1307272,532.0
6230,11.5676504,48.1477057,518.0
6231,11.5675017,48.1474649,518.0
6232,11.5674413,48.1487683,525.0
6233,11.5673137,48.1485700,525.0
6234,11.5676565,48.1491027,525.0
6235,11.5678515,48.1494029,525.0
6236,11.5671844,48.1483690,525.0
6237,11.5670749,48.1481966,525.0
6238,11.5660618,48.1484752,522.0
6239,11.5667002,48.1494541,525.0
6240,11.5680249,48.1496753,525.0
6241,11.5669952,48.1499623,525.0
6242,11.5668638,48.1497529,525.0
6243,11.5689472,48.1498026,521.0
6244,11.5663149,48.1488632,522.0
6245,11.5689306,48.1490325,521.0
6246,11.5685821,48.1491321,525.0
6247,11.5684276,48.1482500,525.0
6248,11.5681854,48.1483212,525.0
6249,11.5655162,48.1508453,518.0
6250,11.5655843,48.1509517,518.0
6251,11.5661145,48.1518193,518.0
6252,11.5660500,48.1517176,518.0
6253,11.5945157,48.1330017,533.0
6254,11.5945715,48.1329820,533.0
6255,11.5849925,48.1378285,517.0
6256,11.5596131,48.1447732,520.0
6257,11.5559166,48.1378822,525.0
6258,11.5573386,48.1378609,527.0
6259,11.5674129,48.1477727,518.0
6260,11.5668953,48.1479187,525.0
6261,11.5775993,48.1427672,521.0
6262,11.5483953,48.1359060,524.0
6263,11.5507945,48.1358273,522.0
6264,11.5504893,48.1359318,522.0
6265,11.5500768,48.1360194,522.0
6266,11.5485069,48.1360375,524.0
6267,11.5492041,48.1360272,524.0
6268,11.5494185,48.1360423,524.0
6269,11.5495852,48.1360490,524.0
6270,11.5495479,48.1360872,524.0
6271,11.5494766,48.1360945,524.0
6272,11.5492105,48.1361151,524.0
6273,11.5491907,48.1362112,524.0
6274,11.5488794,48.1362202,524.0
6275,11.5490906,48.1363485,524.0
6276,11.5738016,48.1436338,524.0
6277,11.5737413,48.1436790,524.0
6278,11.5719036,48.1199417,522.0
6279,11.5788636,48.1452861,519.0
6280,11.5788813,48.1453245,519.0
6281,11.5752638,48.1455098,519.0
6282,11.5775818,48.1455550,519.0
6283,11.5774376,48.1455668,519.0
6284,11.5771755,48.1455760,519.0
6285,11.5774534,48.1456308,519.0
6286,11.5771763,48.1456594,519.0
6287,11.5695635,48.1449234,522.0
6288,11.5507555,48.1421737,528.0
6289,11.5506598,48.1421735,528.0
6290,11.5505650,48.1421791,528.0
6291,11.5503746,48.1421865,528.0
6292,11.5502810,48.1421928,528.0
6293,11.5501874,48.1421990,528.0
6294,11.5500001,48.1422115,528.0
6295,11.5517817,48.1421300,528.0
6296,11.5498129,48.1422239,527.0
6297,11.5496256,48.1422364,527.0
6298,11.5498146,48.1425978,527.0
6299,11.5557828,48.1465556,525.0
6300,11.5558692,48.1465751,525.0
6301,11.5554674,48.1466599,525.0
6302,11.5554338,48.1467264,525.0
6303,11.5559819,48.1467267,525.0
6304,11.5559582,48.1468006,525.0
6305,11.5558419,48.1468364,525.0
6306,11.5557833,48.1468915,525.0
6307,11.5555636,48.1469012,525.0
6308,11.5556434,48.1469240,525.0
6309,11.5559376,48.1474502,525.0
6310,11.5543772,48.1479196,524.0
6311,11.5539122,48.1479694,524.0
6312,11.5539631,48.1480036,524.0
6313,11.5544203,48.1480365,524.0
6314,11.5535657,48.1480401,524.0
6315,11.5544285,48.1480585,524.0
6316,11.5540046,48.1480959,524.0
6317,11.5540139,48.1481165,524.0
6318,11.5540221,48.1481387,524.0
6319,11.5540688,48.1482547,524.0
6320,11.5541083,48.1483514,524.0
6321,11.5647016,48.1512030,518.0
6322,11.5888092,48.1374505,519.0
6323,11.5891793,48.1374111,519.0
6324,11.5510184,48.1446470,524.0
6325,11.5613130,48.1466077,520.0
6326,11.5607238,48.1456902,521.0
6327,11.5600912,48.1447107,520.0
6328,11.5633943,48.1350415,523.0
6329,11.5639006,48.1458744,525.0
6330,11.5626164,48.1438393,518.0
6331,11.5634495,48.1451736,518.0
6332,11.5636403,48.1451239,518.0
6333,11.5683955,48.1482594,525.0
6334,11.5736802,48.1485345,519.0
6335,11.5736878,48.1485481,519.0
6336,11.5733258,48.1486498,519.0
6337,11.5737665,48.1486730,519.0
6338,11.5733858,48.1487459,519.0
6339,11.5738235,48.1487691,519.0
6340,11.5734629,48.1488698,519.0
6341,11.5738927,48.1488804,519.0
6342,11.5735320,48.1489807,519.0
6343,11.5688789,48.1490472,521.0
6344,11.5502339,48.1440136,524.0
6345,11.5977653,48.1323135,526.0
6346,11.5999175,48.1325290,535.0
6347,11.5883575,48.1227370,532.0
6348,11.5746624,48.1325467,517.0
6349,11.5747658,48.1326082,517.0
6350,11.5669254,48.1323390,525.0
6351,11.5581525,48.1298465,526.0
6352,11.5584516,48.1299277,525.0
6353,11.5731737,48.1461939,518.0
6354,11.5614875,48.1346555,525.0
6355,11.5610396,48.1346695,525.0
6356,11.5607439,48.1346793,525.0
6357,11.5616721,48.1348320,525.0
6358,11.5615023,48.1348123,525.0
6359,11.5621698,48.1349710,525.0
6360,11.5618150,48.1354231,528.0
6361,11.5619206,48.1354303,528.0
6362,11.5623674,48.1354627,528.0
6363,11.5624700,48.1355467,528.0
6364,11.5628785,48.1355760,525.0
6365,11.5555942,48.1391422,525.0
6366,11.5553398,48.1391565,525.0
6367,11.5555949,48.1392029,525.0
6368,11.5558129,48.1392145,525.0
6369,11.5559494,48.1392177,525.0
6370,11.5591539,48.1515952,524.0
6371,11.5634421,48.1342144,523.0
6372,11.5625725,48.1345564,523.0
6373,11.5651935,48.1346828,524.0
6374,11.5651437,48.1347551,524.0
6375,11.5654690,48.1347576,524.0
6376,11.5655586,48.1347829,524.0
6377,11.5654232,48.1348317,524.0
6378,11.5655152,48.1348558,524.0
6379,11.5557963,48.1299357,527.0
6380,11.5557948,48.1300792,527.0
6381,11.5683078,48.1301911,521.0
6382,11.5684715,48.1301174,521.0
6383,11.5691070,48.1299088,526.0
6384,11.5689402,48.1299772,526.0
6385,11.6015522,48.1332725,530.0
6386,11.5494703,48.1375550,526.0
6387,11.5488684,48.1375907,526.0
6388,11.5563458,48.1387226,527.0
6389,11.5731032,48.1261601,516.0
6390,11.5663170,48.1225601,523.0
6391,11.5660759,48.1227713,523.0
6392,11.5667579,48.1227953,513.0
6393,11.5665131,48.1230083,521.0
6394,11.5726147,48.1265747,521.0
6395,11.5641919,48.1395915,534.0
6396,11.5635652,48.1291620,527.0
6397,11.5636551,48.1291316,527.0
6398,11.5633715,48.1292204,525.0
6399,11.5632514,48.1292593,525.0
6400,11.5633374,48.1292316,525.0
6401,11.5630787,48.1293098,525.0
6402,11.5634560,48.1295769,525.0
6403,11.5632570,48.1296335,525.0
6404,11.5638617,48.1294423,525.0
6405,11.5843353,48.1376819,517.0
6406,11.5844743,48.1376303,517.0
6407,11.5705685,48.1283203,522.0
6408,11.5704785,48.1283079,522.0
6409,11.5697991,48.1262743,519.0
6410,11.5692027,48.1257812,519.0
6411,11.5677705,48.1423558,521.0
6412,11.5575680,48.1302530,526.0
6413,11.5575746,48.1303319,526.0
6414,11.5881727,48.1372339,519.0
6415,11.5883853,48.1372456,519.0
6416,11.5879338,48.1372521,519.0
6417,11.5884765,48.1372812,519.0
6418,11.5878341,48.1372742,519.0
6419,11.5877454,48.1372950,519.0
6420,11.5885423,48.1373137,519.0
6421,11.5876513,48.1373241,519.0
6422,11.5876231,48.1373413,519.0
6423,11.5886027,48.1373727,519.0
6424,11.5875680,48.1373838,519.0
6425,11.5875283,48.1374262,519.0
6426,11.5874895,48.1375045,518.0
6427,11.5886542,48.1375481,519.0
6428,11.5874700,48.1375595,518.0
6429,11.5874636,48.1375876,518.0
6430,11.5886482,48.1376129,519.0
6431,11.5874685,48.1376255,518.0
6432,11.5886327,48.1376630,519.0
6433,11.5885647,48.1377506,519.0
6434,11.5875627,48.1377561,519.0
6435,11.5885191,48.1377815,519.0
6436,11.5876251,48.1377988,519.0
6437,11.5884566,48.1378141,519.0
6438,11.5876548,48.1378180,519.0
6439,11.5877000,48.1378425,519.0
6440,11.5883542,48.1378472,519.0
6441,11.5883228,48.1378552,519.0
6442,11.5877676,48.1378692,519.0
6443,11.5878480,48.1378882,519.0
6444,11.5882063,48.1378841,519.0
6445,11.5881033,48.1378996,519.0
6446,11.5880593,48.1379034,519.0
6447,11.5880209,48.1379052,519.0
6448,11.5879727,48.1379079,519.0
6449,11.5753872,48.1282577,521.0
6450,11.5735009,48.1301312,522.0
6451,11.5598935,48.1443970,520.0
6452,11.5602269,48.1449209,520.0
6453,11.5588054,48.1467201,520.0
6454,11.5946386,48.1330418,533.0
6455,11.5942283,48.1332548,533.0
6456,11.5943500,48.1331920,533.0
6457,11.5945324,48.1330097,533.0
6458,11.5939613,48.1327364,533.0
6459,11.5942937,48.1332528,533.0
6460,11.5939959,48.1331580,533.0
6461,11.5707560,48.1492944,521.0
6462,11.5692612,48.1495429,521.0
6463,11.5681121,48.1477564,518.0
6464,11.5583176,48.1463392,523.0
6465,11.5602014,48.1472328,520.0
6466,11.5576315,48.1477941,523.0
6467,11.5566419,48.1479395,528.0
6468,11.5558290,48.1391430,525.0
6469,11.5588216,48.1297257,525.0
6470,11.5591053,48.1298565,525.0
6471,11.5559503,48.1388255,525.0
6472,11.5559539,48.1389436,525.0
6473,11.5518697,48.1398099,520.0
6474,11.5520224,48.1401158,520.0
6475,11.5811883,48.1414570,517.0
6476,11.5630569,48.1437247,520.0
6477,11.5631164,48.1438231,518.0
6478,11.5917570,48.1440864,515.0
6479,11.5918192,48.1442028,515.0
6480,11.5759026,48.1463853,520.0
6481,11.5979056,48.1359172,532.0
6482,11.5979091,48.1359426,532.0
6483,11.5979301,48.1360602,526.0
6484,11.5979368,48.1360932,526.0
6485,11.5749507,48.1353965,518.0
6486,11.5748609,48.1359691,530.0
6487,11.5743077,48.1360786,530.0
6488,11.5938930,48.1256846,533.0
6489,11.5939266,48.1257477,533.0
6490,11.5698022,48.1411998,521.0
6491,11.5882740,48.1372345,519.0
6492,11.5875956,48.1377795,519.0
6493,11.5794571,48.1392184,524.0
6494,11.5778414,48.1395185,524.0
6495,11.5783053,48.1394341,524.0
6496,11.5627361,48.1488265,519.0
6497,11.5610751,48.1421789,524.0
6498,11.5610842,48.1422893,524.0
6499,11.5607206,48.1423188,524.0
6500,11.5607965,48.1424016,524.0
6501,11.5592931,48.1428815,521.0
6502,11.5579181,48.1433543,525.0
6503,11.5575836,48.1434653,525.0
6504,11.5564099,48.1438026,524.0
6505,11.5977475,48.1320161,526.0
6506,11.5975137,48.1318438,526.0
6507,11.5807432,48.1245267,516.0
6508,11.5817772,48.1217732,529.0
6509,11.5758214,48.1436075,528.0
6510,11.5757616,48.1436154,528.0
6511,11.5758737,48.1436399,528.0
6512,11.5626320,48.1261040,524.0
6513,11.5625011,48.1261432,524.0
6514,11.5624590,48.1261561,527.0
6515,11.5623769,48.1261836,527.0
6516,11.5621578,48.1262552,527.0
6517,11.5621227,48.1261943,527.0
6518,11.5619911,48.1263027,527.0
6519,11.5618785,48.1263311,527.0
6520,11.5630478,48.1266794,524.0
6521,11.5632539,48.1269259,524.0
6522,11.5626623,48.1278894,527.0
6523,11.5683101,48.1446135,520.0
6524,11.5682852,48.1445888,520.0
6525,11.5682741,48.1445605,520.0
6526,11.5683989,48.1443680,520.0
6527,11.5683116,48.1444585,520.0
6528,11.5509180,48.1423659,528.0
6529,11.5508476,48.1423192,528.0
6530,11.5500199,48.1423785,528.0
6531,11.5503889,48.1423497,528.0
6532,11.5501121,48.1423713,528.0
6533,11.5508326,48.1425287,528.0
6534,11.5503544,48.1425615,528.0
6535,11.5507579,48.1423209,528.0
6536,11.5509042,48.1423476,528.0
6537,11.5498354,48.1423929,527.0
6538,11.5506657,48.1423281,528.0
6539,11.5507975,48.1423171,528.0
6540,11.5504812,48.1423425,528.0
6541,11.5502044,48.1423641,528.0
6542,11.5496508,48.1424073,527.0
6543,11.5502966,48.1423569,528.0
6544,11.5497431,48.1424001,527.0
6545,11.5499276,48.1423857,527.0
6546,11.5509027,48.1425064,528.0
6547,11.5495586,48.1424145,527.0
6548,11.5574063,48.1290654,529.0
6549,11.5593849,48.1299855,525.0
6550,11.5645812,48.1325374,523.0
6551,11.5656710,48.1346116,524.0
6552,11.5638452,48.1373939,525.0
6553,11.5854662,48.1380263,518.0
6554,11.5855418,48.1380979,518.0
6555,11.5841222,48.1435001,516.0
6556,11.5886236,48.1220922,532.0
6557,11.5622249,48.1417922,524.0
6558,11.5580455,48.1331302,525.0
6559,11.5637965,48.1274958,527.0
6560,11.5579309,48.1332216,525.0
6561,11.5708583,48.1212629,516.0
6562,11.5710712,48.1211988,516.0
6563,11.5561067,48.1345619,530.0
6564,11.5559918,48.1346488,530.0
6565,11.5609589,48.1401244,524.0
6566,11.5638408,48.1275452,527.0
6567,11.5584177,48.1268022,528.0
6568,11.5584170,48.1269436,528.0
6569,11.5693055,48.1450853,522.0
6570,11.5799875,48.1386577,524.0
6571,11.5797263,48.1387560,524.0
6572,11.5630951,48.1512509,518.0
6573,11.5631632,48.1513458,518.0
6574,11.5650007,48.1388898,527.0
6575,11.5655220,48.1387785,527.0
6576,11.5682684,48.1463298,518.0
6577,11.5673654,48.1465960,518.0
6578,11.5678237,48.1455167,520.0
6579,11.5675922,48.1465302,518.0
6580,11.5586965,48.1421048,521.0
6581,11.5587346,48.1421863,521.0
6582,11.5589603,48.1429967,521.0
6583,11.5669257,48.1497354,525.0
6584,11.5577993,48.1395292,527.0
6585,11.5577769,48.1395454,527.0
6586,11.5577479,48.1395562,527.0
6587,11.5576400,48.1394397,527.0
6588,11.5576700,48.1394265,527.0
6589,11.5640558,48.1463369,525.0
6590,11.5622743,48.1447831,521.0
6591,11.5631730,48.1448412,518.0
6592,11.5620472,48.1448508,521.0
6593,11.5624507,48.1450485,521.0
6594,11.5811737,48.1342068,521.0
6595,11.5809123,48.1342207,521.0
6596,11.5806865,48.1342306,521.0
6597,11.5814559,48.1343020,518.0
6598,11.5805945,48.1343060,521.0
6599,11.5805728,48.1344329,521.0
6600,11.5805679,48.1345126,521.0
6601,11.5805661,48.1345885,521.0
6602,11.5934847,48.1473119,513.0
6603,11.5931667,48.1474124,513.0
6604,11.5937968,48.1476753,514.0
6605,11.5935538,48.1477761,513.0
6606,11.5672402,48.1308225,521.0
6607,11.5674764,48.1318099,525.0
6608,11.5685123,48.1325342,525.0
6609,11.5663823,48.1311470,524.0
6610,11.5907038,48.1367818,509.0
6611,11.5979597,48.1357262,526.0
6612,11.5755534,48.1283882,521.0
6613,11.5612845,48.1244211,523.0
6614,11.5817782,48.1360190,521.0
6615,11.5836597,48.1373669,517.0
6616,11.5615720,48.1494199,519.0
6617,11.5836635,48.1242667,520.0
6618,11.5835782,48.1242966,520.0
6619,11.5834629,48.1243382,520.0
6620,11.5829963,48.1304413,522.0
6621,11.5659139,48.1514746,518.0
6622,11.5973899,48.1330712,526.0
6623,11.5851861,48.1276420,517.0
6624,11.5852255,48.1277163,517.0
6625,11.5852631,48.1277872,517.0
6626,11.5851249,48.1278235,517.0
6627,11.5941691,48.1426830,513.0
6628,11.5624371,48.1363341,528.0
6629,11.5701204,48.1308963,526.0
6630,11.5638337,48.1411362,534.0
6631,11.5885682,48.1373307,519.0
6632,11.5585471,48.1260225,528.0
6633,11.5798696,48.1332744,523.0
6634,11.5804219,48.1335617,521.0
6635,11.5804477,48.1336398,521.0
6636,11.5817684,48.1336993,518.0
6637,11.5804931,48.1337770,521.0
6638,11.5805217,48.1338636,521.0
6639,11.5765250,48.1200304,518.0
6640,11.5646244,48.1510838,518.0
6641,11.5707171,48.1409533,521.0
6642,11.5705826,48.1407250,521.0
6643,11.5573446,48.1477297,523.0
6644,11.5927865,48.1311265,533.0
6645,11.5611020,48.1219048,528.0
6646,11.5623567,48.1363951,528.0
6647,11.5623599,48.1365361,528.0
6648,11.5623619,48.1366224,528.0
6649,11.5624707,48.1367078,528.0
6650,11.5624868,48.1371746,528.0
6651,11.5624874,48.1373004,528.0
6652,11.5814420,48.1352002,518.0
6653,11.5680853,48.1497692,525.0
6654,11.5678936,48.1494690,525.0
6655,11.5675626,48.1489567,525.0
6656,11.5674798,48.1488282,525.0
6657,11.5676504,48.1490932,525.0
6658,11.5672373,48.1484512,525.0
6659,11.5686815,48.1486459,525.0
6660,11.5691510,48.1497451,521.0
6661,11.5658473,48.1370884,524.0
6662,11.5660251,48.1371090,524.0
6663,11.5658353,48.1371093,524.0
6664,11.5655470,48.1371133,524.0
6665,11.5658707,48.1371212,524.0
6666,11.5655791,48.1371310,524.0
6667,11.5658954,48.1375147,527.0
6668,11.5660508,48.1375639,527.0
6669,11.5658932,48.1375755,527.0
6670,11.5660992,48.1375820,527.0
6671,11.5659086,48.1376994,527.0
6672,11.5659202,48.1377095,527.0
6673,11.5656698,48.1377157,527.0
6674,11.5656476,48.1377271,527.0
6675,11.5575504,48.1479695,528.0
6676,11.5576705,48.1481147,528.0
6677,11.5883079,48.1310733,524.0
6678,11.5879524,48.1312802,519.0
6679,11.5689105,48.1421851,526.0
6680,11.5671121,48.1280233,522.0
6681,11.5764313,48.1209578,518.0
6682,11.5802428,48.1490669,521.0
6683,11.5930723,48.1366332,517.0
6684,11.5752448,48.1193600,518.0
6685,11.5755002,48.1194229,518.0
6686,11.5754520,48.1194426,518.0
6687,11.5752128,48.1195401,518.0
6688,11.5751632,48.1195603,518.0
6689,11.5754367,48.1196178,518.0
6690,11.5712678,48.1209997,516.0
6691,11.5716067,48.1210057,516.0
6692,11.5715567,48.1210254,516.0
6693,11.5712282,48.1211510,516.0
6694,11.5715581,48.1211745,516.0
6695,11.5676026,48.1229966,525.0
6696,11.5672004,48.1230233,525.0
6697,11.5667883,48.1235856,525.0
6698,11.5672887,48.1238472,525.0
6699,11.5676558,48.1240423,525.0
6700,11.5669398,48.1335336,524.0
6701,11.5665507,48.1335626,524.0
6702,11.5663309,48.1404554,523.0
6703,11.5666556,48.1404652,523.0
6704,11.5671328,48.1405575,526.0
6705,11.5667024,48.1405782,526.0
6706,11.5675713,48.1405806,526.0
6707,11.5676423,48.1406021,526.0
6708,11.5667418,48.1406520,526.0
6709,11.5663883,48.1332570,529.0
6710,11.5659253,48.1343398,524.0
6711,11.5657973,48.1344463,524.0
6712,11.5647704,48.1360739,524.0
6713,11.5649710,48.1365423,524.0
6714,11.5643913,48.1373930,525.0
6715,11.5649334,48.1374200,524.0
6716,11.5658933,48.1395788,527.0
6717,11.5641783,48.1289056,527.0
6718,11.5640274,48.1289524,527.0
6719,11.5640091,48.1289931,527.0
6720,11.5650224,48.1291122,527.0
6721,11.5643307,48.1291131,527.0
6722,11.5648862,48.1291551,527.0
6723,11.5647991,48.1291816,524.0
6724,11.5642047,48.1292589,525.0
6725,11.5642667,48.1293430,525.0
6726,11.5649742,48.1294182,524.0
6727,11.5580996,48.1264110,525.0
6728,11.5777635,48.1427227,521.0
6729,11.5741770,48.1199604,521.0
6730,11.5739458,48.1200534,521.0
6731,11.5738649,48.1200859,521.0
6732,11.5736651,48.1201673,521.0
6733,11.5617189,48.1249620,523.0
6734,11.5620659,48.1250426,527.0
6735,11.5616484,48.1251058,527.0
6736,11.5619757,48.1252716,527.0
6737,11.5560817,48.1282414,528.0
6738,11.5557055,48.1282657,528.0
6739,11.5561571,48.1284810,528.0
6740,11.5557968,48.1298801,527.0
6741,11.5559726,48.1299977,527.0
6742,11.5557944,48.1301170,527.0
6743,11.5544995,48.1308324,527.0
6744,11.5553931,48.1314330,524.0
6745,11.5555765,48.1324611,524.0
6746,11.5557218,48.1325639,524.0
6747,11.5554254,48.1325817,524.0
6748,11.5584839,48.1326558,525.0
6749,11.5582645,48.1327761,525.0
6750,11.5588087,48.1328499,525.0
6751,11.5557988,48.1329918,524.0
6752,11.5585031,48.1330078,525.0
6753,11.5585042,48.1331581,525.0
6754,11.5557988,48.1336727,530.0
6755,11.5585598,48.1344124,523.0
6756,11.5558059,48.1344440,530.0
6757,11.5587507,48.1344936,523.0
6758,11.5583497,48.1345469,523.0
6759,11.5585678,48.1346517,523.0
6760,11.5557916,48.1347065,530.0
6761,11.5560256,48.1348650,530.0
6762,11.5554694,48.1349274,530.0
6763,11.5557975,48.1350368,530.0
6764,11.5558037,48.1353302,530.0
6765,11.5558624,48.1362803,523.0
6766,11.5493421,48.1363184,524.0
6767,11.5566776,48.1363779,527.0
6768,11.5560426,48.1363827,523.0
6769,11.5558689,48.1364970,523.0
6770,11.5495264,48.1365262,524.0
6771,11.5496307,48.1373274,524.0
6772,11.5558974,48.1373378,523.0
6773,11.5497893,48.1373573,524.0
6774,11.5561120,48.1374924,523.0
6775,11.5556857,48.1374975,523.0
6776,11.5500184,48.1375506,526.0
6777,11.5509485,48.1375440,526.0
6778,11.5559068,48.1376104,525.0
6779,11.5498161,48.1377216,526.0
6780,11.5496676,48.1377387,526.0
6781,11.5496854,48.1381444,526.0
6782,11.5498340,48.1382682,526.0
6783,11.5498426,48.1387545,526.0
6784,11.5494675,48.1388505,526.0
6785,11.5494040,48.1388613,526.0
6786,11.5498449,48.1388880,526.0
6787,11.5500044,48.1389702,526.0
6788,11.5499873,48.1389682,526.0
6789,11.5559557,48.1390286,525.0
6790,11.5559518,48.1391554,525.0
6791,11.5559508,48.1391814,525.0
6792,11.5559448,48.1393213,525.0
6793,11.5596961,48.1450800,520.0
6794,11.5733645,48.1510060,519.0
6795,11.5732107,48.1510492,519.0
6796,11.5690720,48.1433240,526.0
6797,11.5689614,48.1434820,526.0
6798,11.5689972,48.1434933,526.0
6799,11.5689228,48.1435347,526.0
6800,11.5688717,48.1435870,526.0
6801,11.5688201,48.1436206,526.0
6802,11.5687659,48.1436470,526.0
6803,11.5686964,48.1436725,521.0
6804,11.5685333,48.1437195,521.0
6805,11.5896036,48.1367678,509.0
6806,11.5675733,48.1469169,518.0
6807,11.5516592,48.1390228,526.0
6808,11.5683048,48.1424702,521.0
6809,11.5685736,48.1424955,521.0
6810,11.5683248,48.1425004,521.0
6811,11.5681537,48.1425119,521.0
6812,11.5681739,48.1425430,521.0
6813,11.5683607,48.1425547,521.0
6814,11.5682087,48.1425964,521.0
6815,11.5853487,48.1373551,517.0
6816,11.5850361,48.1374053,517.0
6817,11.5832584,48.1354109,518.0
6818,11.5841024,48.1317389,517.0
6819,11.5836934,48.1329794,517.0
6820,11.5835571,48.1330978,517.0
6821,11.5860035,48.1332605,516.0
6822,11.5828037,48.1338054,518.0
6823,11.5827712,48.1338495,518.0
6824,11.5827618,48.1338623,518.0
6825,11.5826565,48.1340220,518.0
6826,11.5825524,48.1341635,518.0
6827,11.5776951,48.1344293,526.0
6828,11.5822622,48.1345172,518.0
6829,11.5798276,48.1345747,521.0
6830,11.5794782,48.1345779,521.0
6831,11.5813711,48.1346340,518.0
6832,11.5811056,48.1347256,521.0
6833,11.5793726,48.1350801,521.0
6834,11.5661120,48.1428632,528.0
6835,11.5661677,48.1429594,528.0
6836,11.5662551,48.1431098,528.0
6837,11.5613302,48.1286708,526.0
6838,11.5614209,48.1288884,526.0
6839,11.5638646,48.1411827,534.0
6840,11.5630595,48.1414298,534.0
6841,11.5614128,48.1417094,524.0
6842,11.5614968,48.1417922,524.0
6843,11.5616066,48.1418323,524.0
6844,11.5617306,48.1418590,524.0
6845,11.5619259,48.1418915,524.0
6846,11.5659059,48.1366148,524.0
6847,11.5551656,48.1388533,525.0
6848,11.5545321,48.1389661,525.0
6849,11.5545272,48.1390634,525.0
6850,11.5549792,48.1389768,525.0
6851,11.5545379,48.1388444,525.0
6852,11.5545205,48.1391305,525.0
6853,11.5753705,48.1550726,517.0
6854,11.5753307,48.1552836,517.0
6855,11.5753261,48.1553091,517.0
6856,11.5744302,48.1553523,518.0
6857,11.5732351,48.1509691,519.0
6858,11.5731793,48.1510581,519.0
6859,11.5733159,48.1510946,519.0
6860,11.5736332,48.1517586,519.0
6861,11.5718946,48.1488952,516.0
6862,11.5720159,48.1489408,516.0
6863,11.5718053,48.1489999,516.0
6864,11.5719713,48.1490132,516.0
6865,11.5725585,48.1500828,518.0
6866,11.5675796,48.1419892,521.0
6867,11.5679876,48.1426583,521.0
6868,11.5677743,48.1427154,521.0
6869,11.5609111,48.1533683,520.0
6870,11.5605494,48.1521672,520.0
6871,11.5669117,48.1332087,525.0
6872,11.5703517,48.1318258,521.0
6873,11.5701940,48.1318368,521.0
6874,11.5705290,48.1318476,521.0
6875,11.5707008,48.1318770,521.0
6876,11.5699316,48.1318940,521.0
6877,11.5708661,48.1319245,520.0
6878,11.5706998,48.1320409,521.0
6879,11.5704589,48.1321663,521.0
6880,11.5690066,48.1322270,521.0
6881,11.5686939,48.1325403,525.0
6882,11.5688143,48.1326027,521.0
6883,11.5675155,48.1326088,525.0
6884,11.5688406,48.1326335,521.0
6885,11.5690910,48.1326600,521.0
6886,11.5689736,48.1327018,521.0
6887,11.5688439,48.1327581,521.0
6888,11.5679443,48.1337620,524.0
6889,11.5680603,48.1337751,524.0
6890,11.5681783,48.1337852,524.0
6891,11.5721129,48.1502688,518.0
6892,11.5721102,48.1502696,518.0
6893,11.5716542,48.1503353,518.0
6894,11.5721784,48.1503774,518.0
6895,11.5716878,48.1503885,518.0
6896,11.5716940,48.1503982,518.0
6897,11.5721860,48.1503979,518.0
6898,11.5717560,48.1504963,518.0
6899,11.5717635,48.1505135,518.0
6900,11.5718320,48.1505234,518.0
6901,11.5722177,48.1505537,518.0
6902,11.5722541,48.1505884,518.0
6903,11.5719191,48.1505915,518.0
6904,11.5659366,48.1515149,518.0
6905,11.5658857,48.1340356,524.0
6906,11.5628852,48.1523527,518.0
6907,11.5624005,48.1524695,520.0
6908,11.5624904,48.1524811,520.0
6909,11.5625454,48.1524131,518.0
6910,11.5628684,48.1523269,518.0
6911,11.5625749,48.1524400,518.0
6912,11.5624743,48.1524480,520.0
6913,11.5793762,48.1369544,520.0
6914,11.5795163,48.1370968,520.0
6915,11.5795172,48.1371193,520.0
6916,11.5798730,48.1371489,520.0
6917,11.5796563,48.1372491,520.0
6918,11.5790644,48.1384327,524.0
6919,11.5831940,48.1379050,521.0
6920,11.5831250,48.1303088,522.0
6921,11.5803842,48.1259769,519.0
6922,11.5804597,48.1260272,519.0
6923,11.5962530,48.1299189,531.0
6924,11.5964362,48.1298203,531.0
6925,11.5599185,48.1514226,524.0
6926,11.5601758,48.1513861,524.0
6927,11.5720484,48.1214326,516.0
6928,11.5722701,48.1211772,516.0
6929,11.5723264,48.1212488,516.0
6930,11.5720035,48.1214092,516.0
6931,11.5722513,48.1212631,516.0
6932,11.5587958,48.1388166,526.0
6933,11.5586228,48.1388152,526.0
6934,11.5612223,48.1352684,525.0
6935,11.5608134,48.1352817,525.0
6936,11.5747727,48.1438293,529.0
6937,11.5998267,48.1342831,528.0
6938,11.6000412,48.1345766,530.0
6939,11.5993250,48.1327726,535.0
6940,11.5995226,48.1327122,535.0
6941,11.5707098,48.1303869,526.0
6942,11.5708117,48.1304227,526.0
6943,11.5709850,48.1304642,520.0
6944,11.5706977,48.1303636,526.0
6945,11.5707366,48.1304030,526.0
6946,11.5709604,48.1304136,520.0
6947,11.5603974,48.1497550,519.0
6948,11.5622597,48.1492259,519.0
6949,11.5642478,48.1486627,519.0
6950,11.5849799,48.1426537,516.0
6951,11.5851354,48.1430072,516.0
6952,11.5850791,48.1427441,516.0
6953,11.5850679,48.1430508,516.0
6954,11.5851220,48.1429732,516.0
6955,11.5851438,48.1426137,516.0
6956,11.5852138,48.1430209,516.0
6957,11.5850952,48.1427817,516.0
6958,11.5854472,48.1429730,518.0
6959,11.5922791,48.1417600,515.0
6960,11.5918777,48.1418652,515.0
6961,11.5916680,48.1415293,517.0
6962,11.5778745,48.1238357,519.0
6963,11.5777017,48.1236916,519.0
6964,11.5778103,48.1237820,519.0
6965,11.5776401,48.1236382,519.0
6966,11.5778155,48.1237864,519.0
6967,11.5512931,48.1397790,520.0
6968,11.5511451,48.1397736,520.0
6969,11.5515152,48.1390320,526.0
6970,11.5518103,48.1390417,526.0
6971,11.5607588,48.1392649,532.0
6972,11.5607212,48.1394063,532.0
6973,11.5868999,48.1353508,522.0
6974,11.5884288,48.1374011,519.0
6975,11.5882567,48.1374105,519.0
6976,11.5826884,48.1339727,518.0
6977,11.5828352,48.1340263,518.0
6978,11.5837590,48.1341268,521.0
6979,11.5887808,48.1323018,519.0
6980,11.5545285,48.1390469,525.0
6981,11.5891246,48.1318294,519.0
6982,11.5786427,48.1469916,521.0
6983,11.5786817,48.1470612,521.0
6984,11.5786167,48.1470789,521.0
6985,11.5893535,48.1322921,519.0
6986,11.5827058,48.1342274,518.0
6987,11.5635787,48.1311865,525.0
6988,11.5637468,48.1312287,525.0
6989,11.5635163,48.1313276,523.0
6990,11.5632349,48.1315961,523.0
6991,11.5628282,48.1316119,523.0
6992,11.5632502,48.1317606,523.0
6993,11.5710299,48.1317864,520.0
6994,11.5631745,48.1318411,523.0
6995,11.5631914,48.1318492,523.0
6996,11.5629176,48.1318579,523.0
6997,11.5696272,48.1320003,521.0
6998,11.5637382,48.1321101,523.0
6999,11.5714255,48.1322250,520.0
7000,11.5677209,48.1326131,525.0
7001,11.5741114,48.1328242,517.0
7002,11.5744362,48.1330613,517.0
7003,11.5733647,48.1333463,518.0
7004,11.5737390,48.1333901,518.0
7005,11.5734090,48.1335788,518.0
7006,11.5737494,48.1335910,518.0
7007,11.5730534,48.1338001,518.0
7008,11.5733184,48.1338322,518.0
7009,11.5728404,48.1339593,519.0
7010,11.5762094,48.1344593,520.0
7011,11.5798161,48.1346467,521.0
7012,11.5754219,48.1346516,520.0
7013,11.5757016,48.1346674,520.0
7014,11.5799191,48.1346703,521.0
7015,11.5800398,48.1346873,521.0
7016,11.5812351,48.1448759,520.0
7017,11.5979228,48.1364138,526.0
7018,11.5755544,48.1543113,517.0
7019,11.5762907,48.1543257,517.0
7020,11.5776810,48.1202694,524.0
7021,11.5817256,48.1204910,536.0
7022,11.5778569,48.1206630,524.0
7023,11.5779791,48.1209651,516.0
7024,11.5779520,48.1210377,516.0
7025,11.5780552,48.1211547,516.0
7026,11.5814193,48.1217006,529.0
7027,11.5791431,48.1217748,516.0
7028,11.5787635,48.1217794,516.0
7029,11.5789737,48.1219777,516.0
7030,11.5822153,48.1225538,529.0
7031,11.5821547,48.1228230,529.0
7032,11.5819613,48.1231044,519.0
7033,11.5819932,48.1232746,519.0
7034,11.5797074,48.1232821,516.0
7035,11.5816376,48.1235720,519.0
7036,11.5817097,48.1236799,519.0
7037,11.5802571,48.1237108,516.0
7038,11.5805621,48.1239555,516.0
7039,11.5791129,48.1240396,519.0
7040,11.5808926,48.1241574,516.0
7041,11.5808380,48.1244540,516.0
7042,11.5813157,48.1244862,519.0
7043,11.5809881,48.1245196,516.0
7044,11.5794206,48.1245213,516.0
7045,11.5812693,48.1245239,519.0
7046,11.5789505,48.1247385,519.0
7047,11.5806434,48.1247439,516.0
7048,11.5795798,48.1247693,516.0
7049,11.5799980,48.1252309,519.0
7050,11.5797980,48.1252348,519.0
7051,11.5797039,48.1253015,519.0
7052,11.5787132,48.1254116,519.0
7053,11.5790149,48.1256611,519.0
7054,11.5786625,48.1260675,519.0
7055,11.5829879,48.1260717,517.0
7056,11.5844391,48.1262507,516.0
7057,11.5845748,48.1262892,516.0
7058,11.5842920,48.1262993,516.0
7059,11.5780647,48.1263484,519.0
7060,11.5833132,48.1263808,517.0
7061,11.5780238,48.1264572,519.0
7062,11.5837850,48.1264592,516.0
7063,11.5781140,48.1265128,519.0
7064,11.5783733,48.1265422,519.0
7065,11.5832959,48.1266371,517.0
7066,11.5832571,48.1266490,517.0
7067,11.5775848,48.1267841,519.0
7068,11.5827772,48.1268303,517.0
7069,11.5827060,48.1268585,517.0
7070,11.5823618,48.1270113,517.0
7071,11.5772285,48.1270624,519.0
7072,11.5768570,48.1273372,521.0
7073,11.5769654,48.1273842,521.0
7074,11.5814922,48.1275057,517.0
7075,11.5813004,48.1276251,517.0
7076,11.5750744,48.1287200,521.0
7077,11.5731724,48.1299237,522.0
7078,11.5734306,48.1299380,522.0
7079,11.5732050,48.1299442,522.0
7080,11.5733915,48.1299670,522.0
7081,11.5733975,48.1300658,522.0
7082,11.5732407,48.1300787,522.0
7083,11.5734536,48.1301014,522.0
7084,11.5732041,48.1301053,522.0
7085,11.5721874,48.1308591,520.0
7086,11.5702565,48.1318306,521.0
7087,11.5685397,48.1331801,525.0
7088,11.5688639,48.1337777,522.0
7089,11.5690912,48.1337856,522.0
7090,11.5683414,48.1337887,524.0
7091,11.5686173,48.1337892,524.0
7092,11.5684897,48.1337919,524.0
7093,11.5692441,48.1338068,522.0
7094,11.5681294,48.1338660,524.0
7095,11.5696268,48.1338898,522.0
7096,11.5680593,48.1339599,524.0
7097,11.5699391,48.1340014,522.0
7098,11.5677093,48.1343838,524.0
7099,11.5712617,48.1349265,519.0
7100,11.5713853,48.1349994,519.0
7101,11.5715200,48.1350661,519.0
7102,11.5717871,48.1351816,519.0
7103,11.5719961,48.1352377,519.0
7104,11.5722447,48.1352755,519.0
7105,11.5881000,48.1243498,538.0
7106,11.5976384,48.1319178,526.0
7107,11.5964293,48.1311282,531.0
7108,11.5963002,48.1311613,531.0
7109,11.5985523,48.1314715,535.0
7110,11.5979788,48.1320241,535.0
7111,11.5976429,48.1322545,526.0
7112,11.5975351,48.1340324,532.0
7113,11.5506165,48.1387248,526.0
7114,11.5506144,48.1387918,526.0
7115,11.5506102,48.1389156,526.0
7116,11.5506042,48.1389871,526.0
7117,11.5548098,48.1395591,525.0
7118,11.5624799,48.1392879,532.0
7119,11.5524320,48.1388387,526.0
7120,11.5524270,48.1389813,526.0
7121,11.5562501,48.1374900,527.0
7122,11.5559088,48.1376653,525.0
7123,11.5559539,48.1389286,525.0
7124,11.6002184,48.1406874,531.0
7125,11.5999688,48.1407359,526.0
7126,11.5726603,48.1214833,516.0
7127,11.5725016,48.1216757,516.0
7128,11.5724654,48.1216503,516.0
7129,11.5726951,48.1215066,516.0
7130,11.5690492,48.1351088,522.0
7131,11.5688316,48.1352111,522.0
7132,11.5682748,48.1352805,524.0
7133,11.5739109,48.1359575,530.0
7134,11.5737074,48.1358856,530.0
7135,11.5611468,48.1352709,525.0
7136,11.5609278,48.1352780,525.0
7137,11.5561736,48.1356769,523.0
7138,11.5559864,48.1356776,523.0
7139,11.5767107,48.1281009,521.0
7140,11.5750706,48.1466441,520.0
7141,11.5714332,48.1463179,517.0
7142,11.5714111,48.1464189,517.0
7143,11.5714178,48.1464302,517.0
7144,11.5714869,48.1465477,517.0
7145,11.5740175,48.1296209,522.0
7146,11.5741737,48.1297097,522.0
7147,11.5619570,48.1479124,520.0
7148,11.5618545,48.1479403,519.0
7149,11.5746913,48.1527170,518.0
7150,11.5745073,48.1527681,518.0
7151,11.5733176,48.1286291,516.0
7152,11.5750485,48.1281193,521.0
7153,11.5757233,48.1283410,521.0
7154,11.5962714,48.1341091,532.0
7155,11.5961298,48.1341531,532.0
7156,11.5918984,48.1329850,534.0
7157,11.5689565,48.1443562,522.0
7158,11.5762153,48.1330892,526.0
7159,11.5763763,48.1331262,526.0
7160,11.5761109,48.1331842,526.0
7161,11.5763994,48.1332322,526.0
7162,11.5762367,48.1332572,526.0
7163,11.5769102,48.1333548,520.0
7164,11.5921907,48.1393943,514.0
7165,11.5924607,48.1396769,517.0
7166,11.5917308,48.1405776,517.0
7167,11.5917751,48.1407084,517.0
7168,11.5916998,48.1407201,517.0
7169,11.5524477,48.1385266,526.0
7170,11.5524367,48.1387472,526.0
7171,11.5733242,48.1496236,519.0
7172,11.5726082,48.1497946,516.0
7173,11.5715298,48.1509314,518.0
7174,11.5746654,48.1362227,530.0
7175,11.5746349,48.1362847,530.0
7176,11.5747010,48.1363027,530.0
7177,11.5745770,48.1364061,530.0
7178,11.5746349,48.1364225,530.0
7179,11.5746121,48.1364703,530.0
7180,11.5746542,48.1365133,530.0
7181,11.5745059,48.1365365,530.0
7182,11.5745313,48.1365889,530.0
7183,11.5748820,48.1366343,530.0
7184,11.5749293,48.1366648,530.0
7185,11.5748001,48.1367421,530.0
7186,11.5748567,48.1367498,530.0
7187,11.5855779,48.1446893,515.0
7188,11.5800422,48.1457559,520.0
7189,11.5800870,48.1458894,519.0
7190,11.5730881,48.1510823,519.0
7191,11.5709712,48.1309870,520.0
7192,11.5713443,48.1312706,520.0
7193,11.5715866,48.1313111,520.0
7194,11.5714615,48.1314147,520.0
7195,11.5716763,48.1314398,520.0
7196,11.5724437,48.1318432,520.0
7197,11.5759309,48.1282553,521.0
7198,11.5754804,48.1283194,521.0
7199,11.5782553,48.1263618,519.0
7200,11.5780948,48.1263672,519.0
7201,11.5782529,48.1264664,519.0
7202,11.5617046,48.1424753,524.0
7203,11.5794106,48.1451411,520.0
7204,11.5936658,48.1420063,515.0
7205,11.5753389,48.1453960,519.0
7206,11.5581500,48.1416440,530.0
7207,11.5671526,48.1233231,525.0
7208,11.5670751,48.1233571,525.0
7209,11.5608458,48.1253711,527.0
7210,11.5579161,48.1416908,525.0
7211,11.5614912,48.1252495,527.0
7212,11.5616779,48.1250960,527.0
7213,11.5583030,48.1296149,526.0
7214,11.5583494,48.1303343,525.0
7215,11.5582954,48.1296545,526.0
7216,11.5582992,48.1298325,526.0
7217,11.5583013,48.1299325,526.0
7218,11.5584242,48.1305974,525.0
7219,11.5565369,48.1419757,525.0
7220,11.5802080,48.1391560,524.0
7221,11.5954474,48.1359277,526.0
7222,11.5953779,48.1359472,526.0
7223,11.5955511,48.1359524,526.0
7224,11.5956775,48.1359742,526.0
7225,11.5959175,48.1359753,532.0
7226,11.5957374,48.1359793,526.0
7227,11.5954217,48.1361497,526.0
7228,11.5954647,48.1362501,526.0
7229,11.5956300,48.1363254,526.0
7230,11.5583842,48.1500840,524.0
7231,11.5579332,48.1502406,522.0
7232,11.5580772,48.1503717,522.0
7233,11.5580833,48.1508517,522.0
7234,11.5581289,48.1510452,522.0
7235,11.5890616,48.1373749,519.0
7236,11.5957528,48.1341280,531.0
7237,11.5957494,48.1341344,531.0
7238,11.5582996,48.1504689,522.0
7239,11.5580130,48.1505164,522.0
7240,11.5582160,48.1506514,522.0
7241,11.5581632,48.1507392,522.0
7242,11.5878035,48.1313733,519.0
7243,11.5847072,48.1323420,517.0
7244,11.5848012,48.1324254,517.0
7245,11.5963709,48.1341954,532.0
7246,11.5595824,48.1450270,520.0
7247,11.5612982,48.1411842,524.0
7248,11.5611145,48.1412668,524.0
7249,11.5610948,48.1412762,524.0
7250,11.5607479,48.1412394,524.0
7251,11.5857896,48.1214371,535.0
7252,11.5861218,48.1216011,535.0
7253,11.5860132,48.1217819,535.0
7254,11.5748992,48.1349959,518.0
7255,11.5861024,48.1345078,522.0
7256,11.5870857,48.1299190,521.0
7257,11.5882067,48.1308881,524.0
7258,11.5882787,48.1309293,524.0
7259,11.5882843,48.1309390,524.0
7260,11.5902489,48.1234547,533.0
7261,11.5894886,48.1236168,538.0
7262,11.5889464,48.1248916,538.0
7263,11.5874838,48.1255136,530.0
7264,11.5857168,48.1258423,530.0
7265,11.5888246,48.1237881,538.0
7266,11.5538694,48.1424070,541.0
7267,11.5557102,48.1391427,525.0
7268,11.5561934,48.1392229,525.0
7269,11.5603614,48.1424628,521.0
7270,11.5603720,48.1425673,521.0
7271,11.5600930,48.1425891,521.0
7272,11.5600821,48.1426748,521.0
7273,11.5601734,48.1428213,521.0
7274,11.5561711,48.1418884,531.0
7275,11.5560442,48.1418952,531.0
7276,11.5562686,48.1421621,525.0
7277,11.5561173,48.1421915,531.0
7278,11.5625933,48.1406157,534.0
7279,11.5704269,48.1518310,520.0
7280,11.5657829,48.1531543,520.0
7281,11.5679017,48.1525492,517.0
7282,11.5761141,48.1502334,521.0
7283,11.5706426,48.1516851,520.0
7284,11.5708085,48.1517227,520.0
7285,11.5707391,48.1518357,520.0
7286,11.5751895,48.1321896,526.0
7287,11.5746695,48.1325510,517.0
7288,11.5741577,48.1328580,517.0
7289,11.5743937,48.1328739,517.0
7290,11.5742949,48.1329445,517.0
7291,11.5742590,48.1329571,517.0
7292,11.5742798,48.1329731,517.0
7293,11.5741649,48.1329992,517.0
7294,11.5743919,48.1330290,517.0
7295,11.5742305,48.1330484,517.0
7296,11.5736215,48.1333711,518.0
7297,11.5736894,48.1334268,518.0
7298,11.5803328,48.1490427,521.0
7299,11.5700271,48.1392244,526.0
7300,11.5699597,48.1396507,521.0
7301,11.5652327,48.1358630,524.0
7302,11.5663937,48.1361061,524.0
7303,11.5663768,48.1362251,524.0
7304,11.5573802,48.1387126,527.0
7305,11.5572330,48.1387155,527.0
7306,11.5571197,48.1387195,527.0
7307,11.5570806,48.1387199,527.0
7308,11.5571539,48.1374744,527.0
7309,11.5571068,48.1374752,527.0
7310,11.5573265,48.1376231,527.0
7311,11.5586379,48.1390389,526.0
7312,11.5584362,48.1391825,526.0
7313,11.5589035,48.1393230,526.0
7314,11.5566874,48.1374829,527.0
7315,11.5584773,48.1324116,525.0
7316,11.5871718,48.1218931,535.0
7317,11.5876359,48.1219999,532.0
7318,11.5882173,48.1221027,532.0
7319,11.5902624,48.1223072,531.0
7320,11.5815583,48.1365642,521.0
7321,11.5817892,48.1367211,521.0
7322,11.5813039,48.1369036,521.0
7323,11.5765291,48.1428258,528.0
7324,11.5991084,48.1356214,526.0
7325,11.5991100,48.1356490,526.0
7326,11.5991291,48.1356996,526.0
7327,11.5563339,48.1367109,527.0
7328,11.5562097,48.1367116,523.0
7329,11.5560273,48.1367123,523.0
7330,11.5558762,48.1367131,523.0
7331,11.5864648,48.1273599,517.0
7332,11.5863109,48.1274251,517.0
7333,11.5865265,48.1274331,517.0
7334,11.5851304,48.1500914,515.0
7335,11.5852181,48.1503155,515.0
7336,11.5899468,48.1223441,531.0
7337,11.5738350,48.1340759,518.0
7338,11.5786419,48.1298904,519.0
7339,11.5781429,48.1301966,519.0
7340,11.5952987,48.1367624,526.0
7341,11.5954595,48.1365057,526.0
7342,11.5951499,48.1368794,526.0
7343,11.5949896,48.1369731,526.0
7344,11.5930555,48.1365735,517.0
7345,11.5932335,48.1362252,517.0
7346,11.5934717,48.1358617,517.0
7347,11.5705424,48.1213579,526.0
7348,11.5721410,48.1214809,516.0
7349,11.5707779,48.1203539,516.0
7350,11.5560980,48.1387243,525.0
7351,11.5991482,48.1357203,526.0
7352,11.5995308,48.1357291,526.0
7353,11.5991158,48.1356745,526.0
7354,11.5991748,48.1357387,526.0
7355,11.5994042,48.1357450,526.0
7356,11.5995629,48.1355093,526.0
7357,11.5996537,48.1356938,526.0
7358,11.5994689,48.1357412,526.0
7359,11.5991597,48.1357308,526.0
7360,11.5992072,48.1357450,526.0
7361,11.5992529,48.1357482,526.0
7362,11.5993252,48.1357488,526.0
7363,11.5806380,48.1330597,523.0
7364,11.5805308,48.1331378,523.0
7365,11.5805061,48.1332060,523.0
7366,11.5810405,48.1383031,524.0
7367,11.5808053,48.1383034,524.0
7368,11.5742066,48.1343860,518.0
7369,11.5746523,48.1341638,518.0
7370,11.5742682,48.1344258,518.0
7371,11.5725426,48.1354397,525.0
7372,11.5726047,48.1354704,525.0
7373,11.5756704,48.1319614,526.0
7374,11.5711046,48.1320490,520.0
7375,11.5724267,48.1328000,520.0
7376,11.5740548,48.1331694,517.0
7377,11.5735530,48.1334688,518.0
7378,11.5696335,48.1547834,519.0
7379,11.5700765,48.1554729,519.0
7380,11.5795381,48.1294452,532.0
7381,11.5788253,48.1392325,524.0
7382,11.5985469,48.1409236,526.0
7383,11.5985708,48.1409303,526.0
7384,11.5986123,48.1409509,526.0
7385,11.5986287,48.1409644,526.0
7386,11.5983942,48.1409436,526.0
7387,11.5986416,48.1409794,526.0
7388,11.5983566,48.1409748,526.0
7389,11.5986558,48.1410125,526.0
7390,11.5983450,48.1409934,526.0
7391,11.5983389,48.1410131,526.0
7392,11.5986566,48.1410298,526.0
7393,11.5983437,48.1410530,526.0
7394,11.5986458,48.1410636,526.0
7395,11.5983544,48.1410718,526.0
7396,11.5983906,48.1411037,526.0
7397,11.5984148,48.1411157,526.0
7398,11.5984710,48.1411296,526.0
7399,11.5985011,48.1411311,526.0
7400,11.5942103,48.1284581,532.0
7401,11.5896314,48.1315218,528.0
7402,11.5711234,48.1251123,521.0
7403,11.5705978,48.1255972,519.0
7404,11.5626287,48.1380868,523.0
7405,11.5626267,48.1381106,523.0
7406,11.5626236,48.1379581,523.0
7407,11.5667444,48.1235625,525.0
7408,11.5580501,48.1327740,525.0
7409,11.5583111,48.1327839,525.0
7410,11.5583113,48.1329370,525.0
7411,11.5581511,48.1329863,525.0
7412,11.5582854,48.1330683,525.0
7413,11.5582968,48.1330726,525.0
7414,11.5559362,48.1346809,530.0
7415,11.5585006,48.1265691,528.0
7416,11.5584242,48.1266329,528.0
7417,11.5891351,48.1247045,538.0
7418,11.5749417,48.1350843,518.0
7419,11.5739734,48.1354453,530.0
7420,11.5590497,48.1516548,524.0
7421,11.5703255,48.1308591,526.0
7422,11.5759209,48.1502168,521.0
7423,11.5758596,48.1503062,521.0
7424,11.5680911,48.1524100,517.0
7425,11.5680434,48.1525102,517.0
7426,11.5904487,48.1420394,510.0
7427,11.5900410,48.1421320,510.0
7428,11.5897552,48.1421861,510.0
7429,11.5892737,48.1422782,517.0
7430,11.5781353,48.1264290,519.0
7431,11.5781519,48.1264559,519.0
7432,11.5725159,48.1498200,516.0
7433,11.5690746,48.1443334,522.0
7434,11.5688360,48.1444029,522.0
7435,11.5694915,48.1449694,522.0
7436,11.5692467,48.1450398,522.0
7437,11.5694713,48.1450886,522.0
7438,11.5693928,48.1451118,522.0
7439,11.5697831,48.1456070,522.0
7440,11.5679764,48.1475475,518.0
7441,11.5681539,48.1475641,518.0
7442,11.5671916,48.1477726,518.0
7443,11.5668622,48.1478675,518.0
7444,11.5745402,48.1481147,519.0
7445,11.5747112,48.1481842,519.0
7446,11.5725567,48.1485523,516.0
7447,11.5821463,48.1520943,517.0
7448,11.5819175,48.1521481,517.0
7449,11.5664179,48.1504309,518.0
7450,11.5663378,48.1504523,518.0
7451,11.5660510,48.1505306,518.0
7452,11.5653858,48.1507320,518.0
7453,11.5744250,48.1527910,518.0
7454,11.5717868,48.1529451,516.0
7455,11.5718479,48.1529549,516.0
7456,11.5716649,48.1529561,516.0
7457,11.5719078,48.1529719,516.0
7458,11.5719927,48.1530212,516.0
7459,11.5720269,48.1530535,516.0
7460,11.5721225,48.1532093,516.0
7461,11.5721311,48.1532451,516.0
7462,11.5721279,48.1533217,516.0
7463,11.5721169,48.1533576,516.0
7464,11.5720910,48.1533930,516.0
7465,11.5719770,48.1534653,516.0
7466,11.5880785,48.1372381,519.0
7467,11.5880234,48.1373472,519.0
7468,11.5879388,48.1373533,519.0
7469,11.5880976,48.1373879,519.0
7470,11.5881559,48.1374218,519.0
7471,11.5879221,48.1374235,519.0
7472,11.5879062,48.1374791,519.0
7473,11.5882897,48.1376417,519.0
7474,11.5882422,48.1376953,519.0
7475,11.5886119,48.1377010,519.0
7476,11.5879911,48.1377071,519.0
7477,11.5880503,48.1377347,519.0
7478,11.5882160,48.1377376,519.0
7479,11.5881124,48.1377693,519.0
7480,11.5881821,48.1378284,519.0
7481,11.5833204,48.1385518,521.0
7482,11.5813333,48.1389316,521.0
7483,11.5725857,48.1498007,516.0
7484,11.5719049,48.1513497,518.0
7485,11.5721043,48.1502553,518.0
7486,11.5716600,48.1503336,518.0
7487,11.5716773,48.1503717,518.0
7488,11.5713516,48.1504711,518.0
7489,11.5850402,48.1343850,521.0
7490,11.5622088,48.1294309,526.0
7491,11.5964957,48.1358857,532.0
7492,11.5965336,48.1359809,532.0
7493,11.5899161,48.1372120,509.0
7494,11.5789583,48.1218525,516.0
7495,11.5579720,48.1243262,525.0
7496,11.5578758,48.1243760,525.0
7497,11.5591121,48.1246862,523.0
7498,11.5654879,48.1386137,527.0
7499,11.5590229,48.1474682,520.0
7500,11.5590505,48.1475302,520.0
7501,11.5502361,48.1431869,528.0
7502,11.5503050,48.1431644,528.0
7503,11.5503258,48.1431559,528.0
7504,11.5503554,48.1431403,528.0
7505,11.5503937,48.1431183,528.0
7506,11.5504320,48.1431030,528.0
7507,11.5504737,48.1430920,528.0
7508,11.5506566,48.1430503,528.0
7509,11.5507246,48.1430182,528.0
7510,11.5507476,48.1429933,528.0
7511,11.5507509,48.1429677,528.0
7512,11.5507498,48.1429370,528.0
7513,11.5506851,48.1427009,528.0
7514,11.5506818,48.1426768,528.0
7515,11.5506829,48.1426387,528.0
7516,11.5507005,48.1426044,528.0
7517,11.5507125,48.1425846,528.0
7518,11.5507564,48.1425569,528.0
7519,11.5507859,48.1425444,528.0
7520,11.5507072,48.1425378,528.0
7521,11.5507320,48.1425423,528.0
7522,11.5507421,48.1425472,528.0
7523,11.5507622,48.1425672,528.0
7524,11.5507629,48.1425763,528.0
7525,11.5750836,48.1414251,521.0
7526,11.5749515,48.1414695,529.0
7527,11.5713110,48.1395870,525.0
7528,11.5723096,48.1392831,531.0
7529,11.5957729,48.1340896,531.0
7530,11.5684144,48.1333722,524.0
7531,11.5846484,48.1204685,536.0
7532,11.5680021,48.1542385,519.0
7533,11.5680892,48.1543584,519.0
7534,11.5904661,48.1412196,518.0
7535,11.5917807,48.1414978,517.0
7536,11.5923124,48.1415854,517.0
7537,11.5922040,48.1416304,517.0
7538,11.5922237,48.1417746,515.0
7539,11.5924056,48.1417901,515.0
7540,11.5919841,48.1418373,515.0
7541,11.5896362,48.1432275,510.0
7542,11.5890257,48.1433452,517.0
7543,11.5888488,48.1433765,517.0
7544,11.5614149,48.1488939,519.0
7545,11.5614932,48.1490102,519.0
7546,11.5615859,48.1491511,519.0
7547,11.5616651,48.1492742,519.0
7548,11.5776744,48.1491264,519.0
7549,11.5773115,48.1492266,519.0
7550,11.5770158,48.1493140,517.0
7551,11.5680783,48.1352723,524.0
7552,11.5678953,48.1353083,524.0
7553,11.5694065,48.1362126,522.0
7554,11.5695348,48.1362607,522.0
7555,11.5677613,48.1343164,524.0
7556,11.5594555,48.1315053,525.0
7557,11.5924164,48.1427392,515.0
7558,11.5557851,48.1247957,528.0
7559,11.5799692,48.1203882,529.0
7560,11.5800181,48.1204585,529.0
7561,11.5803232,48.1213640,521.0
7562,11.5798512,48.1214245,521.0
7563,11.5802052,48.1214070,521.0
7564,11.5800148,48.1214486,521.0
7565,11.5804605,48.1215172,521.0
7566,11.5795132,48.1216277,521.0
7567,11.5793228,48.1217015,521.0
7568,11.5816551,48.1217501,529.0
7569,11.5818181,48.1219573,529.0
7570,11.5779552,48.1209068,516.0
7571,11.5797097,48.1213058,521.0
7572,11.5798025,48.1215255,521.0
7573,11.5793074,48.1210330,521.0
7574,11.5791968,48.1210773,521.0
7575,11.5793623,48.1210932,521.0
7576,11.5793943,48.1211283,521.0
7577,11.5806019,48.1215604,521.0
7578,11.5827333,48.1245804,519.0
7579,11.5556116,48.1264043,527.0
7580,11.5554217,48.1264044,527.0
7581,11.5673988,48.1271042,522.0
7582,11.5671943,48.1271693,522.0
7583,11.5545615,48.1273204,528.0
7584,11.5544142,48.1274263,528.0
7585,11.5570148,48.1352375,525.0
7586,11.5570164,48.1353512,525.0
7587,11.5559895,48.1360165,523.0
7588,11.5561714,48.1360171,523.0
7589,11.5778397,48.1232075,519.0
7590,11.5633877,48.1451670,518.0
7591,11.5800570,48.1494942,521.0
7592,11.5799019,48.1492365,521.0
7593,11.5798646,48.1505221,520.0
7594,11.5613856,48.1331365,527.0
7595,11.5614948,48.1331489,527.0
7596,11.5595236,48.1343945,523.0
7597,11.5597905,48.1343602,523.0
7598,11.5594131,48.1344086,523.0
7599,11.5590414,48.1441508,520.0
7600,11.5593610,48.1440888,520.0
7601,11.5590277,48.1441286,520.0
7602,11.5852385,48.1206595,536.0
7603,11.5855532,48.1207336,542.0
7604,11.5853432,48.1208013,536.0
7605,11.5859786,48.1208082,542.0
7606,11.5853580,48.1208213,536.0
7607,11.5852960,48.1208473,537.0
7608,11.5865954,48.1208548,535.0
7609,11.5857238,48.1208851,535.0
7610,11.5856380,48.1208878,535.0
7611,11.5852380,48.1208719,537.0
7612,11.5854115,48.1209734,537.0
7613,11.5861201,48.1209944,535.0
7614,11.5853541,48.1209965,537.0
7615,11.5857554,48.1211456,535.0
7616,11.5853967,48.1210412,537.0
7617,11.5836206,48.1207586,536.0
7618,11.5821979,48.1217260,529.0
7619,11.5822169,48.1217540,529.0
7620,11.5830381,48.1217790,529.0
7621,11.5828442,48.1218625,529.0
7622,11.5824657,48.1220202,529.0
7623,11.5826272,48.1221953,529.0
7624,11.5798589,48.1232409,516.0
7625,11.5776006,48.1363838,521.0
7626,11.5776118,48.1245198,519.0
7627,11.5775028,48.1245770,519.0
7628,11.5812039,48.1258140,519.0
7629,11.5813621,48.1259205,517.0
7630,11.5812991,48.1259594,517.0
7631,11.5812016,48.1260269,519.0
7632,11.5857502,48.1286463,517.0
7633,11.5856718,48.1286975,517.0
7634,11.5854183,48.1288631,517.0
7635,11.5874098,48.1355173,524.0
7636,11.5872610,48.1355687,524.0
7637,11.5872076,48.1355871,524.0
7638,11.5871652,48.1356031,524.0
7639,11.5871467,48.1356101,524.0
7640,11.5595390,48.1419195,521.0
7641,11.5595745,48.1420129,521.0
7642,11.5575174,48.1432907,525.0
7643,11.5575792,48.1433688,525.0
7644,11.5576433,48.1434455,525.0
7645,11.5731356,48.1506311,519.0
7646,11.5731240,48.1506341,519.0
7647,11.5730504,48.1506528,519.0
7648,11.5730335,48.1506571,519.0
7649,11.5613505,48.1517741,521.0
7650,11.5614354,48.1519148,521.0
7651,11.5641443,48.1444518,518.0
7652,11.5613963,48.1433165,524.0
7653,11.5638291,48.1440083,518.0
7654,11.5620725,48.1443785,521.0
7655,11.5637483,48.1438947,518.0
7656,11.5619206,48.1441385,521.0
7657,11.5619953,48.1442552,521.0
7658,11.5618100,48.1439650,521.0
7659,11.5616698,48.1440053,521.0
7660,11.5576817,48.1501157,522.0
7661,11.5577072,48.1499938,528.0
7662,11.5576562,48.1496468,528.0
7663,11.5576318,48.1495325,528.0
7664,11.5576599,48.1502168,522.0
7665,11.5576696,48.1484669,528.0
7666,11.5566606,48.1494155,528.0
7667,11.5567658,48.1495682,528.0
7668,11.5565580,48.1494458,528.0
7669,11.5552049,48.1494970,524.0
7670,11.5565777,48.1494405,528.0
7671,11.5562250,48.1495583,524.0
7672,11.5567511,48.1495469,528.0
7673,11.5563781,48.1495046,528.0
7674,11.5563243,48.1497068,528.0
7675,11.5574270,48.1443406,524.0
7676,11.5557596,48.1451474,524.0
7677,11.5537257,48.1467913,523.0
7678,11.5542125,48.1475450,525.0
7679,11.5559719,48.1450778,524.0
7680,11.5583260,48.1436571,525.0
7681,11.5575869,48.1446652,524.0
7682,11.5592974,48.1509525,524.0
7683,11.5596190,48.1505387,524.0
7684,11.5587598,48.1510854,524.0
7685,11.5594147,48.1508810,524.0
7686,11.5592318,48.1510049,524.0
7687,11.5708177,48.1503824,520.0
7688,11.5709155,48.1505414,518.0
7689,11.5594117,48.1506534,524.0
7690,11.5600897,48.1381574,526.0
7691,11.5626431,48.1222812,520.0
7692,11.5562707,48.1360174,527.0
7693,11.5562692,48.1359230,527.0
7694,11.5585982,48.1357337,524.0
7695,11.5607559,48.1356258,528.0
7696,11.5602991,48.1356442,524.0
7697,11.5607400,48.1354440,528.0
7698,11.5607310,48.1356274,528.0
7699,11.5603732,48.1354620,524.0
7700,11.5587330,48.1357337,524.0
7701,11.5605330,48.1356370,528.0
7702,11.5588881,48.1357321,524.0
7703,11.5608304,48.1354416,528.0
7704,11.5601210,48.1356498,524.0
7705,11.5605187,48.1354516,528.0
7706,11.5594624,48.1357233,524.0
7707,11.5601081,48.1354693,524.0
7708,11.5591421,48.1357332,524.0
7709,11.5607723,48.1349219,525.0
7710,11.5608495,48.1356202,528.0
7711,11.5600156,48.1354732,524.0
7712,11.5596405,48.1356949,524.0
7713,11.5592369,48.1357325,524.0
7714,11.5745886,48.1439360,529.0
7715,11.5753768,48.1444792,519.0
7716,11.5755536,48.1436604,528.0
7717,11.5759337,48.1437115,528.0
7718,11.5749821,48.1437840,529.0
7719,11.5745592,48.1438755,529.0
7720,11.5745812,48.1443392,529.0
7721,11.5746668,48.1445241,529.0
7722,11.5998232,48.1397650,526.0
7723,11.5995998,48.1398147,526.0
7724,11.5555470,48.1480888,524.0
7725,11.5558771,48.1480383,524.0
7726,11.5782724,48.1324494,523.0
7727,11.5783176,48.1325037,523.0
7728,11.5784181,48.1326244,523.0
7729,11.5784850,48.1327047,523.0
7730,11.5798743,48.1287859,518.0
7731,11.5614267,48.1318352,527.0
7732,11.5799490,48.1467464,519.0
7733,11.5797747,48.1467838,519.0
7734,11.5827397,48.1377135,521.0
7735,11.5823270,48.1377448,521.0
7736,11.5817639,48.1377976,521.0
7737,11.5816699,48.1378082,521.0
7738,11.5815990,48.1378134,521.0
7739,11.5828658,48.1381841,521.0
7740,11.5744988,48.1441612,529.0
7741,11.5947345,48.1360539,526.0
7742,11.5946091,48.1360751,526.0
7743,11.5948475,48.1361435,526.0
7744,11.5952361,48.1361883,526.0
7745,11.5949252,48.1362460,526.0
7746,11.5949394,48.1363674,526.0
7747,11.5949005,48.1364995,526.0
7748,11.5947574,48.1365289,526.0
7749,11.5933568,48.1364662,517.0
7750,11.5932511,48.1365729,517.0
7751,11.5934242,48.1366162,517.0
7752,11.5945846,48.1490374,509.0
7753,11.5947755,48.1495178,509.0
7754,11.5664705,48.1400360,523.0
7755,11.5872628,48.1442478,515.0
7756,11.5789182,48.1268580,519.0
7757,11.5963994,48.1423891,519.0
7758,11.5590011,48.1463225,520.0
7759,11.5581393,48.1435262,525.0
7760,11.5582475,48.1435501,525.0
7761,11.5589946,48.1464942,520.0
7762,11.5580763,48.1434427,525.0
7763,11.5581349,48.1433959,525.0
7764,11.5592504,48.1462650,520.0
7765,11.5588697,48.1465180,520.0
7766,11.5590298,48.1464152,520.0
7767,11.5579944,48.1433289,525.0
7768,11.5581504,48.1434173,525.0
7769,11.5583729,48.1437218,521.0
7770,11.5589283,48.1465183,520.0
7771,11.5592086,48.1447503,520.0
7772,11.5588014,48.1464872,520.0
7773,11.5581151,48.1450922,524.0
7774,11.5582142,48.1435045,525.0
7775,11.5587932,48.1464027,520.0
7776,11.5589174,48.1463422,520.0
7777,11.5580601,48.1434209,525.0
7778,11.5587854,48.1464472,520.0
7779,11.5588351,48.1463656,520.0
7780,11.5584488,48.1438256,520.0
7781,11.5580916,48.1434635,525.0
7782,11.5587994,48.1448341,520.0
7783,11.5606642,48.1333697,525.0
7784,11.5604243,48.1333446,525.0
7785,11.5603552,48.1333630,523.0
7786,11.5603251,48.1333925,523.0
7787,11.5602772,48.1335474,523.0
7788,11.5577062,48.1333867,525.0
7789,11.5585239,48.1336017,523.0
7790,11.5946122,48.1489459,509.0
7791,11.5947529,48.1490713,509.0
7792,11.5947114,48.1490926,509.0
7793,11.5798151,48.1246166,516.0
7794,11.5604119,48.1520885,522.0
7795,11.5602721,48.1521495,522.0
7796,11.5604477,48.1522509,520.0
7797,11.5772720,48.1366697,521.0
7798,11.5671222,48.1452639,520.0
7799,11.5683689,48.1460577,518.0
7800,11.5679920,48.1454713,520.0
7801,11.5679772,48.1453901,520.0
7802,11.5677940,48.1450757,520.0
7803,11.5673650,48.1451947,520.0
7804,11.5662725,48.1439597,520.0
7805,11.5663086,48.1440160,520.0
7806,11.5630440,48.1466627,525.0
7807,11.5687068,48.1490960,525.0
7808,11.5663497,48.1503217,518.0
7809,11.5662703,48.1503444,518.0
7810,11.5659718,48.1504025,518.0
7811,11.5668148,48.1506292,517.0
7812,11.5666692,48.1506752,517.0
7813,11.5824640,48.1412795,518.0
7814,11.5676179,48.1348837,524.0
7815,11.5645576,48.1357868,525.0
7816,11.5647283,48.1358360,524.0
7817,11.5841313,48.1237206,520.0
7818,11.5837289,48.1240679,520.0
7819,11.5835828,48.1241731,520.0
7820,11.5775672,48.1491537,519.0
7821,11.5577648,48.1485075,528.0
7822,11.5875847,48.1432576,517.0
7823,11.5878031,48.1432151,517.0
7824,11.5776835,48.1395451,524.0
7825,11.5865288,48.1375323,518.0
7826,11.5986228,48.1357205,526.0
7827,11.5971810,48.1357581,532.0
7828,11.5728800,48.1269862,521.0
7829,11.5726173,48.1270402,521.0
7830,11.5728002,48.1270809,521.0
7831,11.5727722,48.1271136,521.0
7832,11.5730588,48.1272398,516.0
7833,11.5726203,48.1272808,521.0
7834,11.5624730,48.1367753,528.0
7835,11.5624796,48.1369669,528.0
7836,11.5642193,48.1373933,525.0
7837,11.5636381,48.1373942,525.0
7838,11.5634838,48.1373953,525.0
7839,11.5634848,48.1374977,525.0
7840,11.5634860,48.1376244,523.0
7841,11.5638527,48.1377116,523.0
7842,11.5636555,48.1377187,523.0
7843,11.5634858,48.1377209,523.0
7844,11.5634882,48.1377383,523.0
7845,11.5636266,48.1377446,523.0
7846,11.5635052,48.1377557,523.0
7847,11.5635963,48.1377611,523.0
7848,11.5635526,48.1377652,523.0
7849,11.5590292,48.1303107,525.0
7850,11.5591078,48.1312596,525.0
7851,11.5592780,48.1311657,525.0
7852,11.5591243,48.1310776,525.0
7853,11.5588828,48.1304431,525.0
7854,11.5601714,48.1329172,525.0
7855,11.5626132,48.1320733,523.0
7856,11.5581457,48.1308793,526.0
7857,11.5582989,48.1308795,526.0
7858,11.5584356,48.1308796,525.0
7859,11.5574801,48.1311835,526.0
7860,11.5572408,48.1318618,525.0
7861,11.5572399,48.1321095,525.0
7862,11.5572518,48.1321210,525.0
7863,11.5572223,48.1322911,525.0
7864,11.5571099,48.1325824,525.0
7865,11.5571620,48.1320338,525.0
7866,11.5571606,48.1317693,525.0
7867,11.5584597,48.1317656,525.0
7868,11.5572483,48.1321417,525.0
7869,11.5609066,48.1322894,527.0
7870,11.5601815,48.1321251,525.0
7871,11.5602056,48.1320723,525.0
7872,11.5601332,48.1320115,525.0
7873,11.5600983,48.1319381,525.0
7874,11.5600983,48.1318897,525.0
7875,11.5601157,48.1318548,525.0
7876,11.5601493,48.1318262,525.0
7877,11.5602002,48.1318047,525.0
7878,11.5602834,48.1317725,525.0
7879,11.5604577,48.1317179,527.0
7880,11.5611264,48.1318660,527.0
7881,11.5610220,48.1317253,527.0
7882,11.5616359,48.1318434,527.0
7883,11.5605232,48.1311996,526.0
7884,11.5604171,48.1311507,526.0
7885,11.5572005,48.1313765,525.0
7886,11.5571698,48.1314086,525.0
7887,11.5571576,48.1314564,525.0
7888,11.5571551,48.1316807,525.0
7889,11.5575187,48.1317683,525.0
7890,11.5571570,48.1315084,525.0
7891,11.5593029,48.1308464,525.0
7892,11.5591356,48.1307759,525.0
7893,11.5592586,48.1311147,525.0
7894,11.5594832,48.1309964,525.0
7895,11.5594014,48.1310720,525.0
7896,11.5592665,48.1311355,525.0
7897,11.5593874,48.1311284,525.0
7898,11.5594866,48.1310756,525.0
7899,11.5595711,48.1310210,525.0
7900,11.5599124,48.1307100,525.0
7901,11.5602986,48.1309082,525.0
7902,11.5599709,48.1315221,525.0
7903,11.5596564,48.1314857,525.0
7904,11.5597851,48.1313538,525.0
7905,11.5598686,48.1314055,525.0
7906,11.5597346,48.1314056,525.0
7907,11.5594526,48.1306996,525.0
7908,11.5591917,48.1309563,525.0
7909,11.5591274,48.1309407,525.0
7910,11.5610541,48.1318500,527.0
7911,11.5608393,48.1322742,527.0
7912,11.5594116,48.1311155,525.0
7913,11.5617763,48.1318764,527.0
7914,11.5619070,48.1318386,527.0
7915,11.5619888,48.1317974,527.0
7916,11.5621055,48.1317016,527.0
7917,11.5619708,48.1319222,527.0
7918,11.5620022,48.1318739,527.0
7919,11.5620659,48.1318610,527.0
7920,11.5621430,48.1318784,527.0
7921,11.5621745,48.1319084,527.0
7922,11.5621707,48.1319692,527.0
7923,11.5620910,48.1318666,527.0
7924,11.5620648,48.1319443,527.0
7925,11.5799317,48.1492860,521.0
7926,11.5569833,48.1472994,523.0
7927,11.5570954,48.1472875,523.0
7928,11.5571745,48.1472937,523.0
7929,11.5572228,48.1473134,523.0
7930,11.5572523,48.1473456,523.0
7931,11.5572764,48.1473948,523.0
7932,11.5573116,48.1474987,523.0
7933,11.5574175,48.1476874,523.0
7934,11.5574255,48.1477178,523.0
7935,11.5574512,48.1478243,523.0
7936,11.5573354,48.1477013,523.0
7937,11.5573751,48.1478360,523.0
7938,11.5577471,48.1473975,523.0
7939,11.5578663,48.1476359,523.0
7940,11.5579136,48.1477399,523.0
7941,11.5578607,48.1476247,523.0
7942,11.5555072,48.1477882,525.0
7943,11.5557063,48.1477846,525.0
7944,11.5556497,48.1477917,525.0
7945,11.5558361,48.1489031,524.0
7946,11.5558801,48.1488900,524.0
7947,11.5560823,48.1488371,524.0
7948,11.5561367,48.1488204,524.0
7949,11.5562264,48.1487945,524.0
7950,11.5575580,48.1502088,522.0
7951,11.5684840,48.1462331,518.0
7952,11.5682491,48.1463002,518.0
7953,11.5861771,48.1316638,516.0
7954,11.5863502,48.1316627,516.0
7955,11.5864012,48.1316727,516.0
7956,11.5864415,48.1316805,516.0
7957,11.5860934,48.1316819,516.0
7958,11.5859660,48.1317177,516.0
7959,11.5858513,48.1317571,516.0
7960,11.5857695,48.1318032,516.0
7961,11.5857572,48.1318618,516.0
7962,11.5807266,48.1493306,521.0
7963,11.5809506,48.1492837,521.0
7964,11.5808479,48.1493058,521.0
7965,11.5810283,48.1492676,521.0
7966,11.5839638,48.1500374,515.0
7967,11.5828012,48.1517493,517.0
7968,11.5835947,48.1507132,515.0
7969,11.5832296,48.1515873,517.0
7970,11.5832457,48.1515388,517.0
7971,11.5826088,48.1518415,517.0
7972,11.5834830,48.1517192,515.0
7973,11.5824853,48.1514698,517.0
7974,11.5841660,48.1506776,515.0
7975,11.5826088,48.1517702,517.0
7976,11.5835377,48.1519889,515.0
7977,11.5825395,48.1516529,517.0
7978,11.5837465,48.1505360,515.0
7979,11.5830270,48.1509089,517.0
7980,11.5834455,48.1517643,515.0
7981,11.5831904,48.1516096,517.0
7982,11.5831792,48.1513913,517.0
7983,11.5835981,48.1507244,515.0
7984,11.5832432,48.1515658,517.0
7985,11.5831277,48.1512395,517.0
7986,11.5826799,48.1517984,517.0
7987,11.5831058,48.1510967,517.0
7988,11.5826568,48.1519518,517.0
7989,11.5824923,48.1515534,517.0
7990,11.5831341,48.1516307,517.0
7991,11.5827343,48.1521298,517.0
7992,11.5825701,48.1517028,517.0
7993,11.5834899,48.1516882,515.0
7994,11.5824909,48.1515361,517.0
7995,11.5829957,48.1508498,517.0
7996,11.5844428,48.1515498,515.0
7997,11.5831451,48.1513068,517.0
7998,11.5835558,48.1517088,515.0
7999,11.5837954,48.1506979,515.0
8000,11.5831184,48.1511898,517.0
8001,11.5834606,48.1517322,515.0
8002,11.5838043,48.1507233,515.0
8003,11.5838951,48.1516293,515.0
8004,11.5827293,48.1517760,517.0
8005,11.5830670,48.1509941,517.0
8006,11.5835492,48.1505625,515.0
8007,11.5829403,48.1507582,517.0
8008,11.5836789,48.1491141,518.0
8009,11.5826995,48.1492512,516.0
8010,11.5829402,48.1467101,520.0
8011,11.5834159,48.1466408,516.0
8012,11.5837140,48.1492253,518.0
8013,11.5834761,48.1484520,518.0
8014,11.5832643,48.1477636,520.0
8015,11.5830400,48.1470344,520.0
8016,11.5828033,48.1462652,520.0
8017,11.5832780,48.1473855,520.0
8018,11.5831533,48.1474028,520.0
8019,11.5602491,48.1337834,523.0
8020,11.5597253,48.1337127,523.0
8021,11.5602700,48.1336076,523.0
8022,11.5597389,48.1336120,523.0
8023,11.5612218,48.1339928,525.0
8024,11.5606824,48.1339904,525.0
8025,11.5607853,48.1339906,525.0
8026,11.5613120,48.1340476,525.0
8027,11.5613112,48.1340854,525.0
8028,11.5616777,48.1338811,525.0
8029,11.5618152,48.1338892,525.0
8030,11.5614388,48.1339664,525.0
8031,11.5616396,48.1338989,525.0
8032,11.5612849,48.1339460,525.0
8033,11.5588957,48.1351098,523.0
8034,11.5585804,48.1351017,523.0
8035,11.5589466,48.1350186,523.0
8036,11.5589467,48.1349421,523.0
8037,11.5585913,48.1355115,524.0
8038,11.5649397,48.1489970,522.0
8039,11.5648694,48.1488873,522.0
8040,11.5647820,48.1487499,522.0
8041,11.5651250,48.1489891,522.0
8042,11.5649626,48.1490335,522.0
8043,11.5645917,48.1485687,522.0
8044,11.5650247,48.1486843,522.0
8045,11.5647226,48.1486527,522.0
8046,11.5646348,48.1486361,522.0
8047,11.5650941,48.1487705,522.0
8048,11.5649048,48.1484804,522.0
8049,11.5649436,48.1485478,522.0
8050,11.5647618,48.1488504,522.0
8051,11.5647150,48.1487680,522.0
8052,11.5646603,48.1485494,522.0
8053,11.5647010,48.1486172,522.0
8054,11.5663372,48.1529179,520.0
8055,11.5662719,48.1528144,520.0
8056,11.5660175,48.1524113,520.0
8057,11.5659540,48.1523107,520.0
8058,11.5658531,48.1521507,520.0
8059,11.5657939,48.1520571,518.0
8060,11.5599980,48.1508893,524.0
8061,11.5602667,48.1506295,524.0
8062,11.5587949,48.1502006,524.0
8063,11.5594332,48.1505109,524.0
8064,11.5595140,48.1505579,524.0
8065,11.5602056,48.1504760,524.0
8066,11.5590479,48.1502830,524.0
8067,11.5605818,48.1505772,521.0
8068,11.5853449,48.1315884,517.0
8069,11.5769579,48.1427369,528.0
8070,11.5598901,48.1514263,524.0
8071,11.5661617,48.1486283,522.0
8072,11.5674463,48.1465725,518.0
8073,11.5698741,48.1457865,522.0
8074,11.5698526,48.1457923,522.0
8075,11.5694811,48.1458903,518.0
8076,11.5692840,48.1459422,518.0
8077,11.5684753,48.1461722,518.0
8078,11.5673614,48.1456476,520.0
8079,11.5798130,48.1491860,521.0
8080,11.5975686,48.1323103,526.0
8081,11.5797075,48.1317979,523.0
8082,11.5706763,48.1201279,516.0
8083,11.5707787,48.1202345,516.0
8084,11.5886427,48.1375199,519.0
8085,11.5886477,48.1374683,519.0
8086,11.5886367,48.1374379,519.0
8087,11.5886490,48.1373991,519.0
8088,11.5886120,48.1373879,519.0
8089,11.5885937,48.1374004,519.0
8090,11.5874810,48.1376625,518.0
8091,11.5874953,48.1376907,518.0
8092,11.5875347,48.1377284,519.0
8093,11.5875481,48.1377457,519.0
8094,11.5874984,48.1376970,518.0
8095,11.5874745,48.1376495,518.0
8096,11.5886788,48.1375060,519.0
8097,11.5886332,48.1374284,519.0
8098,11.5886529,48.1374828,519.0
8099,11.5888943,48.1373911,519.0
8100,11.5601045,48.1435209,521.0
8101,11.5602762,48.1435422,521.0
8102,11.5599918,48.1435068,521.0
8103,11.5804425,48.1511815,520.0
8104,11.5802690,48.1512232,520.0
8105,11.5802855,48.1510995,520.0
8106,11.5800020,48.1505868,520.0
8107,11.5797862,48.1501035,520.0
8108,11.5797410,48.1483745,521.0
8109,11.5796864,48.1484367,521.0
8110,11.5794386,48.1484851,521.0
8111,11.5794972,48.1479514,521.0
8112,11.5797388,48.1484038,521.0
8113,11.5753996,48.1519037,521.0
8114,11.5753553,48.1517844,521.0
8115,11.5752457,48.1515891,521.0
8116,11.5752924,48.1516899,521.0
8117,11.5794349,48.1479167,521.0
8118,11.5792163,48.1474872,519.0
8119,11.5807350,48.1476114,519.0
8120,11.5490123,48.1383023,526.0
8121,11.5594553,48.1329230,525.0
8122,11.5594457,48.1329651,525.0
8123,11.5593856,48.1332172,525.0
8124,11.5593923,48.1334222,523.0
8125,11.5633557,48.1352654,523.0
8126,11.5807763,48.1517830,520.0
8127,11.5802051,48.1518257,520.0
8128,11.5801562,48.1517439,520.0
8129,11.5807112,48.1516800,520.0
8130,11.5802648,48.1519215,520.0
8131,11.5806532,48.1515968,520.0
8132,11.5802891,48.1519609,520.0
8133,11.5695304,48.1548107,519.0
8134,11.5790917,48.1512942,521.0
8135,11.5789808,48.1513268,521.0
8136,11.5771568,48.1518231,521.0
8137,11.5787654,48.1513894,521.0
8138,11.5787219,48.1513970,521.0
8139,11.5769907,48.1518616,521.0
8140,11.5770934,48.1518358,521.0
8141,11.5773197,48.1517904,521.0
8142,11.5788125,48.1516398,521.0
8143,11.5785251,48.1514313,521.0
8144,11.5786039,48.1516608,521.0
8145,11.5692599,48.1548856,519.0
8146,11.5687949,48.1488224,521.0
8147,11.5682019,48.1483164,525.0
8148,11.5563069,48.1363807,527.0
8149,11.5562483,48.1363812,523.0
8150,11.5562444,48.1362006,523.0
8151,11.5562470,48.1363209,523.0
8152,11.5565673,48.1363787,527.0
8153,11.5561541,48.1367118,523.0
8154,11.5562442,48.1361934,523.0
8155,11.5562428,48.1361308,523.0
8156,11.5617485,48.1331776,527.0
8157,11.5616775,48.1334701,525.0
8158,11.5616742,48.1335036,525.0
8159,11.5616782,48.1335296,525.0
8160,11.5616861,48.1335529,525.0
8161,11.5617017,48.1335721,525.0
8162,11.5617218,48.1335855,525.0
8163,11.5617694,48.1334853,525.0
8164,11.5618123,48.1334916,525.0
8165,11.5618485,48.1335050,525.0
8166,11.5618659,48.1335193,525.0
8167,11.5618753,48.1335381,525.0
8168,11.5618747,48.1335573,525.0
8169,11.5618580,48.1335740,525.0
8170,11.5618338,48.1335882,525.0
8171,11.5618069,48.1335972,525.0
8172,11.5617794,48.1335994,525.0
8173,11.5617479,48.1335958,525.0
8174,11.5785309,48.1373028,521.0
8175,11.5987098,48.1346770,528.0
8176,11.5987760,48.1347642,528.0
8177,11.6001789,48.1355821,527.0
8178,11.6001756,48.1357009,527.0
8179,11.5993892,48.1355679,526.0
8180,11.5684137,48.1352367,524.0
8181,11.5686247,48.1351499,524.0
8182,11.5684802,48.1352101,524.0
8183,11.5646374,48.1340192,524.0
8184,11.5645936,48.1344372,524.0
8185,11.5647492,48.1344417,524.0
8186,11.5653634,48.1340872,524.0
8187,11.5647720,48.1342752,524.0
8188,11.5997825,48.1401757,526.0
8189,11.5993255,48.1402776,526.0
8190,11.5925103,48.1507849,509.0
8191,11.5925921,48.1507538,509.0
8192,11.5928439,48.1508138,509.0
8193,11.5921254,48.1514686,509.0
8194,11.5929990,48.1511713,509.0
8195,11.5929771,48.1510471,509.0
8196,11.5927464,48.1509787,509.0
8197,11.5926277,48.1511909,509.0
8198,11.5926003,48.1513365,509.0
8199,11.5648221,48.1344587,524.0
8200,11.5648415,48.1342813,524.0
8201,11.5647010,48.1340038,524.0
8202,11.5644212,48.1347207,523.0
8203,11.5643139,48.1347096,523.0
8204,11.5643576,48.1344513,523.0
8205,11.5641862,48.1341282,523.0
8206,11.5641257,48.1344990,523.0
8207,11.5643069,48.1344693,523.0
8208,11.5641362,48.1341403,523.0
8209,11.5771130,48.1371138,521.0
8210,11.5595253,48.1447639,520.0
8211,11.5593081,48.1447526,520.0
8212,11.5581381,48.1450825,524.0
8213,11.5580556,48.1451159,524.0
8214,11.5613632,48.1466904,520.0
8215,11.5703070,48.1511616,520.0
8216,11.5702068,48.1511912,520.0
8217,11.5700512,48.1512349,520.0
8218,11.5695886,48.1513566,520.0
8219,11.5676175,48.1509320,517.0
8220,11.5715308,48.1519611,518.0
8221,11.5717361,48.1519052,518.0
8222,11.5719564,48.1522409,516.0
8223,11.5609307,48.1412169,524.0
8224,11.5609135,48.1412158,524.0
8225,11.5608589,48.1412204,524.0
8226,11.5608709,48.1412188,524.0
8227,11.5542830,48.1271557,528.0
8228,11.5541381,48.1272631,524.0
8229,11.5552469,48.1268916,527.0
8230,11.5552435,48.1268119,527.0
8231,11.5552979,48.1265384,527.0
8232,11.5556642,48.1266782,527.0
8233,11.5557728,48.1267074,527.0
8234,11.5552885,48.1267183,527.0
8235,11.5550551,48.1266924,527.0
8236,11.5555802,48.1275831,528.0
8237,11.5552650,48.1275987,528.0
8238,11.5547934,48.1274471,528.0
8239,11.5546455,48.1275617,528.0
8240,11.5545968,48.1267376,527.0
8241,11.5544879,48.1269413,527.0
8242,11.5681890,48.1376057,530.0
8243,11.5681478,48.1375113,530.0
8244,11.6005664,48.1356080,527.0
8245,11.5976132,48.1323105,526.0
8246,11.5563469,48.1454636,524.0
8247,11.5576613,48.1496876,528.0
8248,11.5576664,48.1497217,528.0
8249,11.5577017,48.1499568,528.0
8250,11.5560850,48.1447077,524.0
8251,11.5568050,48.1447272,524.0
8252,11.5565432,48.1448575,524.0
8253,11.5566698,48.1448293,524.0
8254,11.5559186,48.1447596,524.0
8255,11.5568042,48.1447765,524.0
8256,11.5564851,48.1438969,524.0
8257,11.5567711,48.1446616,524.0
8258,11.5566369,48.1441150,524.0
8259,11.5563190,48.1449080,524.0
8260,11.5565236,48.1439528,524.0
8261,11.5562076,48.1446667,524.0
8262,11.5560303,48.1447248,524.0
8263,11.5567533,48.1448079,524.0
8264,11.5558204,48.1447934,524.0
8265,11.5564561,48.1448768,524.0
8266,11.5560816,48.1368286,523.0
8267,11.5563990,48.1369185,527.0
8268,11.5558802,48.1368316,523.0
8269,11.5558833,48.1369220,523.0
8270,11.5561816,48.1369233,523.0
8271,11.5560318,48.1369220,523.0
8272,11.5560298,48.1368295,523.0
8273,11.5576467,48.1483712,528.0
8274,11.5575576,48.1479995,528.0
8275,11.5631399,48.1269716,524.0
8276,11.5629380,48.1270581,524.0
8277,11.5628160,48.1270795,524.0
8278,11.5625826,48.1271095,527.0
8279,11.5705287,48.1467987,518.0
8280,11.5675783,48.1416452,526.0
8281,11.5672445,48.1416862,521.0
8282,11.5672468,48.1417595,521.0
8283,11.5670029,48.1417878,521.0
8284,11.5763286,48.1205997,518.0
8285,11.5764474,48.1206177,518.0
8286,11.5736815,48.1355858,530.0
8287,11.5669887,48.1330835,525.0
8288,11.5642424,48.1457698,518.0
8289,11.5644678,48.1457852,518.0
8290,11.5643214,48.1463872,525.0
8291,11.5647517,48.1461120,519.0
8292,11.5647215,48.1461872,519.0
8293,11.5645787,48.1463103,525.0
8294,11.5646656,48.1462535,519.0
8295,11.5747749,48.1506915,519.0
8296,11.5748345,48.1507867,519.0
8297,11.5748951,48.1508816,519.0
8298,11.5747292,48.1506228,519.0
8299,11.5680833,48.1326907,525.0
8300,11.5680820,48.1326176,525.0
8301,11.5682798,48.1325151,525.0
8302,11.5834759,48.1534320,518.0
8303,11.5835067,48.1533972,518.0
8304,11.5838970,48.1533148,518.0
8305,11.5838367,48.1531717,518.0
8306,11.5829415,48.1535523,517.0
8307,11.5828592,48.1535722,517.0
8308,11.5827282,48.1536039,517.0
8309,11.5839279,48.1526568,518.0
8310,11.5839949,48.1527896,518.0
8311,11.5836120,48.1529051,518.0
8312,11.5808783,48.1496548,521.0
8313,11.5813732,48.1495498,516.0
8314,11.5814892,48.1498008,516.0
8315,11.5817601,48.1497451,516.0
8316,11.5816441,48.1494941,516.0
8317,11.5810049,48.1496267,521.0
8318,11.5825695,48.1483725,516.0
8319,11.5830094,48.1483081,516.0
8320,11.5830630,48.1483251,516.0
8321,11.5834206,48.1482716,518.0
8322,11.5847900,48.1405276,516.0
8323,11.5820093,48.1464673,520.0
8324,11.5494029,48.1361014,524.0
8325,11.5491600,48.1363959,524.0
8326,11.5654868,48.1328863,529.0
8327,11.5888892,48.1247897,538.0
8328,11.5889402,48.1248184,538.0
8329,11.5888438,48.1247642,538.0
8330,11.5585522,48.1512675,524.0
8331,11.5718438,48.1394249,531.0
8332,11.5716814,48.1391698,531.0
8333,11.5717905,48.1393412,531.0
8334,11.5717961,48.1393502,531.0
8335,11.5891340,48.1249134,538.0
8336,11.5890527,48.1248756,538.0
8337,11.6011378,48.1362280,527.0
8338,11.6007383,48.1363369,527.0
8339,11.6006891,48.1362450,527.0
8340,11.6010814,48.1361439,527.0
8341,11.5654318,48.1329492,529.0
8342,11.5689136,48.1412798,521.0
8343,11.5688682,48.1412974,521.0
8344,11.5605645,48.1525788,520.0
8345,11.5590929,48.1516791,524.0
8346,11.5708807,48.1483619,516.0
8347,11.5771425,48.1241456,519.0
8348,11.5734380,48.1418131,524.0
8349,11.5732049,48.1419897,524.0
8350,11.5820241,48.1265765,517.0
8351,11.5619644,48.1366624,528.0
8352,11.5619583,48.1363362,528.0
8353,11.5790394,48.1232613,519.0
8354,11.5779743,48.1210031,516.0
8355,11.5778294,48.1210334,516.0
8356,11.5780945,48.1211753,516.0
8357,11.5807544,48.1411772,517.0
8358,11.5807472,48.1411583,517.0
8359,11.5726204,48.1354573,525.0
8360,11.5725573,48.1354265,525.0
8361,11.5624915,48.1464315,520.0
8362,11.5624084,48.1463015,520.0
8363,11.5558620,48.1326290,524.0
8364,11.5558429,48.1326507,524.0
8365,11.5559929,48.1325111,524.0
8366,11.5559618,48.1325456,524.0
8367,11.5557056,48.1325409,524.0
8368,11.5555441,48.1324304,524.0
8369,11.5556141,48.1324845,524.0
8370,11.5558530,48.1325115,524.0
8371,11.5557749,48.1325151,524.0
8372,11.5560867,48.1323540,524.0
8373,11.5560604,48.1315885,524.0
8374,11.5555227,48.1315846,524.0
8375,11.5866824,48.1264531,530.0
8376,11.5946700,48.1266155,533.0
8377,11.5947392,48.1266177,533.0
8378,11.5950385,48.1266832,533.0
8379,11.5893626,48.1306574,524.0
8380,11.5821507,48.1463881,520.0
8381,11.5807970,48.1465716,519.0
8382,11.5800088,48.1467341,519.0
8383,11.5802765,48.1466789,519.0
8384,11.5819626,48.1457899,517.0
8385,11.5798319,48.1463489,519.0
8386,11.5827003,48.1463239,520.0
8387,11.5753528,48.1551519,517.0
8388,11.5861848,48.1509020,510.0
8389,11.5862735,48.1510579,510.0
8390,11.5859030,48.1511846,510.0
8391,11.5796178,48.1475427,519.0
8392,11.5758160,48.1529172,518.0
8393,11.5579389,48.1254585,525.0
8394,11.5576390,48.1256180,525.0
8395,11.5579002,48.1259912,525.0
8396,11.5575944,48.1261742,525.0
8397,11.5572564,48.1261796,525.0
8398,11.5571144,48.1254034,525.0
8399,11.5567334,48.1256067,525.0
8400,11.5557535,48.1254295,527.0
8401,11.5573636,48.1256177,525.0
8402,11.5678406,48.1337476,524.0
8403,11.5962843,48.1340617,532.0
8404,11.5642442,48.1511280,518.0
8405,11.5573252,48.1445537,524.0
8406,11.5624200,48.1516373,521.0
8407,11.5735844,48.1356542,530.0
8408,11.5581087,48.1393071,527.0
8409,11.5934260,48.1404530,517.0
8410,11.5817610,48.1479443,516.0
8411,11.5809694,48.1481086,521.0
8412,11.5846487,48.1495233,518.0
8413,11.5839029,48.1498392,518.0
8414,11.5826893,48.1471428,520.0
8415,11.5842151,48.1497953,518.0
8416,11.5829697,48.1471017,520.0
8417,11.5842415,48.1496717,518.0
8418,11.5842689,48.1495291,518.0
8419,11.5830568,48.1470891,520.0
8420,11.5845040,48.1494976,518.0
8421,11.5731834,48.1421932,524.0
8422,11.5739445,48.1363362,530.0
8423,11.5832211,48.1476229,520.0
8424,11.5833441,48.1476061,516.0
8425,11.5656845,48.1330624,529.0
8426,11.5564799,48.1374863,527.0
8427,11.5510772,48.1375432,526.0
8428,11.5706241,48.1287027,522.0
8429,11.5708764,48.1284991,521.0
8430,11.5661445,48.1519579,518.0
8431,11.5662082,48.1520595,518.0
8432,11.5828437,48.1245306,519.0
8433,11.5595660,48.1447685,520.0
8434,11.5809992,48.1242284,516.0
8435,11.5798592,48.1251527,519.0
8436,11.5782206,48.1263869,519.0
8437,11.5573451,48.1257429,525.0
8438,11.5557885,48.1297889,527.0
8439,11.5557932,48.1301970,527.0
8440,11.5557983,48.1328557,524.0
8441,11.5699586,48.1461749,518.0
8442,11.5678337,48.1467628,518.0
8443,11.5665608,48.1453491,520.0
8444,11.5548299,48.1440128,524.0
8445,11.5531197,48.1441551,527.0
8446,11.5978207,48.1360221,532.0
8447,11.5978384,48.1360197,532.0
8448,11.5976391,48.1360466,532.0
8449,11.5978164,48.1360226,532.0
8450,11.5975390,48.1360601,532.0
8451,11.5979205,48.1360086,526.0
8452,11.5533041,48.1451002,527.0
8453,11.5598227,48.1436420,521.0
8454,11.5596323,48.1436242,521.0
8455,11.5599089,48.1433475,521.0
8456,11.5597086,48.1433320,521.0
8457,11.5986072,48.1411018,526.0
8458,11.5984863,48.1409186,526.0
8459,11.5984515,48.1409228,526.0
8460,11.5985719,48.1411188,526.0
8461,11.5704018,48.1290666,522.0
8462,11.5588487,48.1415006,527.0
8463,11.5820549,48.1505241,517.0
8464,11.5584229,48.1421575,521.0
8465,11.5584568,48.1422424,521.0
8466,11.5557984,48.1345375,530.0
8467,11.5661787,48.1373578,524.0
8468,11.5663096,48.1373491,524.0
8469,11.5662529,48.1373527,524.0
8470,11.5663848,48.1373413,524.0
8471,11.5593911,48.1440862,520.0
8472,11.5597862,48.1442765,520.0
8473,11.5590599,48.1441803,520.0
8474,11.5592151,48.1441620,520.0
8475,11.5592303,48.1441308,520.0
8476,11.5769233,48.1369948,523.0
8477,11.5554933,48.1310289,527.0
8478,11.5557806,48.1310289,527.0
8479,11.5532800,48.1441133,527.0
8480,11.5602198,48.1387304,526.0
8481,11.5602767,48.1387287,526.0
8482,11.5601603,48.1387340,526.0
8483,11.5600552,48.1385352,526.0
8484,11.5599949,48.1385383,526.0
8485,11.5601333,48.1385334,526.0
8486,11.5566859,48.1281651,529.0
8487,11.5567587,48.1280959,529.0
8488,11.5566705,48.1280546,529.0
8489,11.5565245,48.1279862,529.0
8490,11.5564455,48.1279490,529.0
8491,11.5500892,48.1425793,528.0
8492,11.5496419,48.1426094,527.0
8493,11.5499038,48.1425918,527.0
8494,11.5497476,48.1426930,527.0
8495,11.5495571,48.1427037,527.0
8496,11.5570292,48.1254489,525.0
8497,11.5628509,48.1233638,520.0
8498,11.5630938,48.1232782,520.0
8499,11.5704737,48.1200571,516.0
8500,11.5705501,48.1201543,516.0
8501,11.5794750,48.1211109,521.0
8502,11.5741523,48.1282040,516.0
8503,11.5578931,48.1291350,529.0
8504,11.5579623,48.1290671,529.0
8505,11.5583639,48.1264101,528.0
8506,11.5583246,48.1265803,525.0
8507,11.5587788,48.1265610,528.0
8508,11.5603698,48.1273892,526.0
8509,11.5601083,48.1276159,526.0
8510,11.5599447,48.1275268,526.0
8511,11.5603316,48.1275143,526.0
8512,11.5585191,48.1280384,526.0
8513,11.5580128,48.1288508,529.0
8514,11.5594724,48.1269058,528.0
8515,11.5595917,48.1269694,528.0
8516,11.5594726,48.1264965,528.0
8517,11.5591711,48.1267453,528.0
8518,11.5583783,48.1298213,525.0
8519,11.5584440,48.1296067,525.0
8520,11.5605985,48.1288017,526.0
8521,11.5606897,48.1290293,526.0
8522,11.5607031,48.1291162,526.0
8523,11.5605099,48.1291488,526.0
8524,11.5607332,48.1284014,526.0
8525,11.5606749,48.1284148,526.0
8526,11.5608053,48.1287647,526.0
8527,11.5601485,48.1282752,526.0
8528,11.5602437,48.1285102,526.0
8529,11.5602390,48.1285339,526.0
8530,11.5601753,48.1285988,526.0
8531,11.5602814,48.1288584,526.0
8532,11.5592386,48.1285983,526.0
8533,11.5591695,48.1286986,526.0
8534,11.5593071,48.1290337,526.0
8535,11.5595969,48.1286076,526.0
8536,11.5594002,48.1286444,526.0
8537,11.5595142,48.1284023,526.0
8538,11.5597372,48.1289557,526.0
8539,11.5634043,48.1314345,523.0
8540,11.5633422,48.1314055,523.0
8541,11.5632314,48.1313539,523.0
8542,11.5630185,48.1312546,523.0
8543,11.5635821,48.1312818,523.0
8544,11.5626591,48.1303850,525.0
8545,11.5626014,48.1301330,525.0
8546,11.5632673,48.1308867,525.0
8547,11.5589758,48.1259472,528.0
8548,11.5586437,48.1260751,528.0
8549,11.5588319,48.1260001,528.0
8550,11.5587714,48.1260221,528.0
8551,11.5579285,48.1265681,525.0
8552,11.5578484,48.1266433,525.0
8553,11.5642865,48.1242442,520.0
8554,11.5624921,48.1249201,523.0
8555,11.5617206,48.1251398,527.0
8556,11.5615472,48.1251928,527.0
8557,11.5606573,48.1254649,527.0
8558,11.5568541,48.1289729,529.0
8559,11.5566995,48.1285987,529.0
8560,11.5573127,48.1283629,529.0
8561,11.5570814,48.1287504,529.0
8562,11.5574313,48.1284187,529.0
8563,11.5570692,48.1282485,529.0
8564,11.5567198,48.1285798,529.0
8565,11.5566025,48.1286894,529.0
8566,11.5577734,48.1267145,525.0
8567,11.5578580,48.1267547,525.0
8568,11.5580490,48.1268456,525.0
8569,11.5581268,48.1267454,525.0
8570,11.5577481,48.1267385,525.0
8571,11.5578332,48.1267785,525.0
8572,11.5580195,48.1268662,525.0
8573,11.5579511,48.1270009,525.0
8574,11.5578353,48.1270374,525.0
8575,11.5577587,48.1271108,529.0
8576,11.5575775,48.1270264,525.0
8577,11.5574882,48.1269849,525.0
8578,11.5576386,48.1272144,529.0
8579,11.5577020,48.1271518,529.0
8580,11.5577034,48.1271198,529.0
8581,11.5574650,48.1270069,525.0
8582,11.5575544,48.1270493,525.0
8583,11.5580481,48.1264559,525.0
8584,11.5580536,48.1261635,525.0
8585,11.5585237,48.1261357,528.0
8586,11.5634453,48.1246026,520.0
8587,11.5652160,48.1338807,524.0
8588,11.5779481,48.1497031,519.0
8589,11.5780723,48.1497385,519.0
8590,11.5779983,48.1496275,519.0
8591,11.5781284,48.1496509,519.0
8592,11.5582414,48.1363544,527.0
8593,11.5818155,48.1502251,517.0
8594,11.5805876,48.1507526,520.0
8595,11.5812284,48.1239235,516.0
8596,11.5809886,48.1236247,516.0
8597,11.5810047,48.1238073,516.0
8598,11.5810608,48.1238365,516.0
8599,11.5811985,48.1239079,516.0
8600,11.5812736,48.1239470,519.0
8601,11.5754385,48.1544004,517.0
8602,11.5754130,48.1543583,517.0
8603,11.5754592,48.1544489,517.0
8604,11.5913065,48.1230885,533.0
8605,11.5946022,48.1266281,533.0
8606,11.5666876,48.1379940,530.0
8607,11.5665826,48.1378682,527.0
8608,11.5769486,48.1216058,518.0
8609,11.5769516,48.1216098,518.0
8610,11.5987922,48.1310911,534.0
8611,11.5989290,48.1311869,534.0
8612,11.5990659,48.1312792,535.0
8613,11.5986618,48.1310066,534.0
8614,11.5630088,48.1495084,519.0
8615,11.5628532,48.1495506,519.0
8616,11.5949928,48.1278107,532.0
8617,11.5951825,48.1279311,532.0
8618,11.5619648,48.1286608,526.0
8619,11.5684949,48.1280997,522.0
8620,11.5682072,48.1284237,522.0
8621,11.5679245,48.1284846,522.0
8622,11.5680203,48.1284643,522.0
8623,11.5563872,48.1298930,526.0
8624,11.5563044,48.1298987,526.0
8625,11.5562838,48.1297663,526.0
8626,11.5563010,48.1298768,526.0
8627,11.5563839,48.1298718,526.0
8628,11.5563667,48.1297627,526.0
8629,11.5563067,48.1293983,526.0
8630,11.5563199,48.1295861,526.0
8631,11.5564059,48.1296725,526.0
8632,11.5561094,48.1297043,527.0
8633,11.5563563,48.1296968,526.0
8634,11.5563989,48.1299670,526.0
8635,11.5562743,48.1297053,526.0
8636,11.5563159,48.1299730,526.0
8637,11.5569175,48.1292579,526.0
8638,11.5570785,48.1290407,529.0
8639,11.5571733,48.1289564,529.0
8640,11.5569230,48.1291790,526.0
8641,11.5565745,48.1423421,525.0
8642,11.5789584,48.1414935,522.0
8643,11.5535373,48.1434071,541.0
8644,11.5531292,48.1427950,541.0
8645,11.5531868,48.1433289,541.0
8646,11.5534342,48.1433084,541.0
8647,11.5532276,48.1427640,541.0
8648,11.5534469,48.1433978,541.0
8649,11.5535929,48.1432919,541.0
8650,11.5533762,48.1432258,541.0
8651,11.5536079,48.1433727,541.0
8652,11.5535150,48.1432699,541.0
8653,11.5534042,48.1433631,541.0
8654,11.5994960,48.1352005,528.0
8655,11.5995703,48.1353852,528.0
8656,11.5582457,48.1487660,528.0
8657,11.5584768,48.1487544,519.0
8658,11.5585535,48.1487609,519.0
8659,11.5606561,48.1423443,524.0
8660,11.5627834,48.1412304,534.0
8661,11.5605937,48.1422387,524.0
8662,11.5986855,48.1409236,526.0
8663,11.5648133,48.1473622,519.0
8664,11.5914728,48.1235124,533.0
8665,11.5913193,48.1231590,533.0
8666,11.5913419,48.1232850,533.0
8667,11.5914284,48.1233134,533.0
8668,11.5914489,48.1234122,533.0
8669,11.5914833,48.1235494,533.0
8670,11.5915008,48.1236021,533.0
8671,11.5636905,48.1273836,527.0
8672,11.5620118,48.1254926,527.0
8673,11.5619947,48.1254982,527.0
8674,11.5617626,48.1255736,527.0
8675,11.5616148,48.1255852,527.0
8676,11.5617361,48.1255822,527.0
8677,11.5621220,48.1254573,527.0
8678,11.5779276,48.1531042,514.0
8679,11.5790562,48.1547027,519.0
8680,11.5701080,48.1508511,520.0
8681,11.5850253,48.1534750,518.0
8682,11.5509312,48.1424042,528.0
8683,11.5703525,48.1204496,516.0
8684,11.5696043,48.1210290,526.0
8685,11.5498218,48.1426428,527.0
8686,11.5910389,48.1225623,531.0
8687,11.5910004,48.1226899,531.0
8688,11.5909952,48.1227070,531.0
8689,11.5909599,48.1228379,531.0
8690,11.5909421,48.1228473,531.0
8691,11.5905459,48.1227911,531.0
8692,11.5905176,48.1227869,531.0
8693,11.5506079,48.1389413,526.0
8694,11.5587981,48.1291293,526.0
8695,11.5638399,48.1363276,525.0
8696,11.5638399,48.1363850,525.0
8697,11.5638386,48.1364985,525.0
8698,11.5638386,48.1365343,525.0
8699,11.5637457,48.1365377,525.0
8700,11.5785777,48.1482315,519.0
8701,11.5770843,48.1480479,519.0
8702,11.5772248,48.1480083,519.0
8703,11.5769656,48.1480364,517.0
8704,11.5772634,48.1479976,519.0
8705,11.5800064,48.1477913,519.0
8706,11.5798662,48.1474917,519.0
8707,11.5797088,48.1475240,519.0
8708,11.5794003,48.1475859,519.0
8709,11.5792808,48.1476131,519.0
8710,11.5793046,48.1479550,521.0
8711,11.5794176,48.1481713,521.0
8712,11.5792492,48.1482201,521.0
8713,11.5795226,48.1475616,519.0
8714,11.5777589,48.1478600,521.0
8715,11.5777434,48.1478330,521.0
8716,11.5778904,48.1477939,521.0
8717,11.5738149,48.1433770,524.0
8718,11.5773551,48.1475133,521.0
8719,11.5773092,48.1474365,521.0
8720,11.5777316,48.1473200,521.0
8721,11.5777741,48.1473905,521.0
8722,11.5778617,48.1475359,521.0
8723,11.5778759,48.1475596,521.0
8724,11.5777013,48.1473282,521.0
8725,11.5777418,48.1473996,521.0
8726,11.5778070,48.1475103,521.0
8727,11.5778415,48.1475682,521.0
8728,11.5777076,48.1476585,521.0
8729,11.5776460,48.1475528,521.0
8730,11.5775834,48.1474449,521.0
8731,11.5775410,48.1473718,521.0
8732,11.5774488,48.1477269,521.0
8733,11.5773867,48.1476256,521.0
8734,11.5773229,48.1475220,521.0
8735,11.5772764,48.1474461,521.0
8736,11.5659688,48.1492838,522.0
8737,11.5653977,48.1529088,520.0
8738,11.5651780,48.1529735,520.0
8739,11.5679189,48.1529731,517.0
8740,11.5676441,48.1528342,517.0
8741,11.5677381,48.1529879,517.0
8742,11.5678450,48.1529938,517.0
8743,11.5677879,48.1530096,517.0
8744,11.5675793,48.1527312,517.0
8745,11.5675312,48.1526549,517.0
8746,11.5771131,48.1482644,519.0
8747,11.5769976,48.1482969,517.0
8748,11.5773519,48.1449579,519.0
8749,11.5771852,48.1449872,519.0
8750,11.5775715,48.1461570,521.0
8751,11.5774736,48.1462178,521.0
8752,11.5840953,48.1506860,515.0
8753,11.5575858,48.1256466,525.0
8754,11.5576792,48.1257289,525.0
8755,11.5570416,48.1254423,525.0
8756,11.5573831,48.1257240,525.0
8757,11.5574139,48.1257500,525.0
8758,11.5577927,48.1260715,525.0
8759,11.5575302,48.1299609,526.0
8760,11.5978888,48.1355531,532.0
8761,11.5826870,48.1503299,517.0
8762,11.5547375,48.1436083,531.0
8763,11.5546092,48.1435714,531.0
8764,11.5547337,48.1432619,531.0
8765,11.5546391,48.1436306,531.0
8766,11.5547055,48.1435489,531.0
8767,11.5702536,48.1507262,520.0
8768,11.5708601,48.1504514,518.0
8769,11.5600120,48.1433554,521.0
8770,11.5600133,48.1435095,521.0
8771,11.5599322,48.1436523,521.0
8772,11.5598033,48.1441321,520.0
8773,11.5598080,48.1442673,520.0
8774,11.5539504,48.1391229,526.0
8775,11.5545220,48.1391158,525.0
8776,11.5554003,48.1391675,525.0
8777,11.5554974,48.1391476,525.0
8778,11.5628929,48.1411981,534.0
8779,11.5604881,48.1418618,524.0
8780,11.5591855,48.1465452,520.0
8781,11.5592270,48.1462704,520.0
8782,11.5586305,48.1416002,527.0
8783,11.5510286,48.1390245,526.0
8784,11.5716980,48.1391932,531.0
8785,11.5603168,48.1435470,521.0
8786,11.5516472,48.1367106,522.0
8787,11.5523251,48.1367045,523.0
8788,11.5819838,48.1209064,529.0
8789,11.5820900,48.1214749,529.0
8790,11.5824492,48.1206869,536.0
8791,11.5849331,48.1233537,520.0
8792,11.5565241,48.1324842,525.0
8793,11.5549253,48.1322160,524.0
8794,11.5690135,48.1505417,520.0
8795,11.5683498,48.1507254,517.0
8796,11.5680998,48.1508559,517.0
8797,11.5687214,48.1506745,517.0
8798,11.5687151,48.1506243,517.0
8799,11.5681435,48.1508521,517.0
8800,11.5681188,48.1508565,517.0
8801,11.5687019,48.1506954,517.0
8802,11.5506031,48.1390011,526.0
8803,11.5509408,48.1389079,526.0
8804,11.5509361,48.1389520,526.0
8805,11.5508738,48.1389502,526.0
8806,11.5508545,48.1383225,526.0
8807,11.5508860,48.1388014,526.0
8808,11.5508774,48.1389233,526.0
8809,11.5508688,48.1390103,526.0
8810,11.5509311,48.1390125,526.0
8811,11.5509412,48.1384439,526.0
8812,11.5509482,48.1388033,526.0
8813,11.5509396,48.1389252,526.0
8814,11.5703643,48.1427161,526.0
8815,11.5603691,48.1448783,520.0
8816,11.5603198,48.1448931,520.0
8817,11.5601887,48.1448616,520.0
8818,11.5600512,48.1449737,520.0
8819,11.5581250,48.1456505,524.0
8820,11.5580221,48.1454509,524.0
8821,11.5578413,48.1454920,524.0
8822,11.5579991,48.1454141,524.0
8823,11.5579784,48.1457321,524.0
8824,11.5582753,48.1454733,524.0
8825,11.5582518,48.1454790,524.0
8826,11.5577027,48.1456554,524.0
8827,11.5577364,48.1456442,524.0
8828,11.5937144,48.1404110,517.0
8829,11.5887061,48.1321424,519.0
8830,11.5888912,48.1322659,519.0
8831,11.5889776,48.1323905,519.0
8832,11.5888665,48.1324286,519.0
8833,11.5887400,48.1323153,519.0
8834,11.5888311,48.1324399,519.0
8835,11.5892808,48.1332291,519.0
8836,11.5889563,48.1327217,519.0
8837,11.5890336,48.1328404,519.0
8838,11.5893093,48.1332713,519.0
8839,11.5889283,48.1326814,519.0
8840,11.5887749,48.1328222,519.0
8841,11.5886636,48.1327642,519.0
8842,11.5943675,48.1416173,514.0
8843,11.5832702,48.1346843,518.0
8844,11.5834197,48.1341975,521.0
8845,11.5639110,48.1460857,525.0
8846,11.5735120,48.1357115,530.0
8847,11.5585666,48.1476142,520.0
8848,11.5591890,48.1474983,520.0
8849,11.5585070,48.1476254,520.0
8850,11.5587920,48.1477605,520.0
8851,11.5592305,48.1474876,520.0
8852,11.5590052,48.1473158,520.0
8853,11.5790658,48.1453211,519.0
8854,11.6016086,48.1367164,527.0
8855,11.6012914,48.1362820,527.0
8856,11.6012753,48.1359875,527.0
8857,11.6012889,48.1358773,527.0
8858,11.6012776,48.1359523,527.0
8859,11.5639736,48.1524828,518.0
8860,11.5901673,48.1223743,531.0
8861,11.5887524,48.1221806,532.0
8862,11.5833890,48.1330329,517.0
8863,11.5598793,48.1473181,520.0
8864,11.5988748,48.1355730,526.0
8865,11.5993671,48.1356937,526.0
8866,11.5978970,48.1358527,532.0
8867,11.5978780,48.1354918,532.0
8868,11.5976160,48.1356771,532.0
8869,11.5981963,48.1357233,526.0
8870,11.5961489,48.1359397,532.0
8871,11.5963424,48.1358428,532.0
8872,11.5965820,48.1359700,532.0
8873,11.5964591,48.1360728,532.0
8874,11.5899466,48.1372062,509.0
8875,11.5894730,48.1372951,519.0
8876,11.5889982,48.1373879,519.0
8877,11.5892086,48.1374749,519.0
8878,11.5893044,48.1373286,519.0
8879,11.5888037,48.1374528,519.0
8880,11.5873057,48.1376644,518.0
8881,11.5849035,48.1382306,517.0
8882,11.5845164,48.1384883,517.0
8883,11.5845922,48.1380051,517.0
8884,11.5841784,48.1383137,517.0
8885,11.5846374,48.1382119,517.0
8886,11.5844925,48.1384145,517.0
8887,11.5563042,48.1425786,525.0
8888,11.5582465,48.1417681,525.0
8889,11.5951625,48.1486765,509.0
8890,11.5747464,48.1202983,521.0
8891,11.5747037,48.1203825,521.0
8892,11.5746440,48.1205002,521.0
8893,11.5745778,48.1205042,521.0
8894,11.5745032,48.1206769,521.0
8895,11.5551963,48.1313007,524.0
8896,11.5547897,48.1315721,524.0
8897,11.5543161,48.1446100,524.0
8898,11.5543480,48.1446531,524.0
8899,11.5543843,48.1447105,524.0
8900,11.5543853,48.1447366,524.0
8901,11.5543501,48.1447741,524.0
8902,11.5540017,48.1448982,527.0
8903,11.5568969,48.1339813,525.0
8904,11.5572701,48.1342007,525.0
8905,11.5569469,48.1330287,525.0
8906,11.5542057,48.1333338,530.0
8907,11.5543366,48.1334332,530.0
8908,11.5545256,48.1335635,530.0
8909,11.5545611,48.1335704,530.0
8910,11.5547698,48.1334924,530.0
8911,11.6012863,48.1358936,527.0
8912,11.5748454,48.1457542,529.0
8913,11.5747388,48.1457033,529.0
8914,11.5748108,48.1457437,529.0
8915,11.5837326,48.1358905,517.0
8916,11.5844282,48.1374836,517.0
8917,11.5884681,48.1229577,538.0
8918,11.5879331,48.1231036,538.0
8919,11.5883411,48.1229923,538.0
8920,11.5986147,48.1302238,534.0
8921,11.5989576,48.1300012,534.0
8922,11.5557317,48.1264811,527.0
8923,11.5558249,48.1264761,527.0
8924,11.5562662,48.1264749,525.0
8925,11.5578966,48.1346089,525.0
8926,11.5578689,48.1345329,525.0
8927,11.5578771,48.1344597,525.0
8928,11.5579015,48.1343946,525.0
8929,11.5578460,48.1341315,525.0
8930,11.5579061,48.1340981,525.0
8931,11.5579739,48.1340709,525.0
8932,11.5580171,48.1340641,525.0
8933,11.5583344,48.1340596,523.0
8934,11.5585436,48.1340460,523.0
8935,11.5578365,48.1341481,525.0
8936,11.5675318,48.1277881,522.0
8937,11.5678049,48.1277093,522.0
8938,11.5678940,48.1276560,522.0
8939,11.5647271,48.1325175,529.0
8940,11.5643696,48.1323282,523.0
8941,11.5657628,48.1330069,529.0
8942,11.5598132,48.1473356,520.0
8943,11.5598648,48.1474183,520.0
8944,11.5599640,48.1475761,520.0
8945,11.5599911,48.1476223,520.0
8946,11.5599527,48.1477006,520.0
8947,11.5600016,48.1477932,520.0
8948,11.5627890,48.1233857,520.0
8949,11.5626590,48.1232221,520.0
8950,11.5624606,48.1231707,523.0
8951,11.5618915,48.1227593,528.0
8952,11.5675637,48.1416469,526.0
8953,11.5754854,48.1452678,519.0
8954,11.5754195,48.1451153,519.0
8955,11.5746770,48.1452793,529.0
8956,11.5746754,48.1452773,529.0
8957,11.5634048,48.1439951,518.0
8958,11.5653003,48.1433832,528.0
8959,11.5778168,48.1205733,524.0
8960,11.5779345,48.1205460,524.0
8961,11.5781925,48.1204955,524.0
8962,11.5782223,48.1205035,524.0
8963,11.5783117,48.1205783,524.0
8964,11.5781056,48.1218566,516.0
8965,11.5786057,48.1216287,516.0
8966,11.5784985,48.1216781,516.0
8967,11.5533339,48.1379548,526.0
8968,11.5534065,48.1375154,526.0
8969,11.5534155,48.1379541,526.0
8970,11.5534110,48.1377345,526.0
8971,11.5534085,48.1376097,526.0
8972,11.5699983,48.1309845,526.0
8973,11.5958159,48.1344661,531.0
8974,11.5959748,48.1345238,532.0
8975,11.5960750,48.1341415,532.0
8976,11.5720854,48.1464683,517.0
8977,11.5719396,48.1462511,517.0
8978,11.5719601,48.1462432,517.0
8979,11.5719727,48.1462255,517.0
8980,11.5719746,48.1462083,517.0
8981,11.5719726,48.1461931,517.0
8982,11.5719330,48.1461641,517.0
8983,11.5718586,48.1460576,517.0
8984,11.5719080,48.1462606,517.0
8985,11.5718622,48.1462537,517.0
8986,11.5718396,48.1462391,517.0
8987,11.5718218,48.1462209,517.0
8988,11.5717295,48.1460826,517.0
8989,11.5719595,48.1461775,517.0
8990,11.5779773,48.1387501,524.0
8991,11.5772984,48.1389693,524.0
8992,11.5605242,48.1326217,527.0
8993,11.5604171,48.1326178,527.0
8994,11.5603872,48.1326243,525.0
8995,11.5603617,48.1326395,525.0
8996,11.5603494,48.1326612,525.0
8997,11.5603424,48.1327644,525.0
8998,11.5603257,48.1327885,525.0
8999,11.5602905,48.1328067,525.0
9000,11.5601934,48.1328354,525.0
9001,11.5920063,48.1292082,533.0
9002,11.5919000,48.1292461,533.0
9003,11.5917352,48.1293040,533.0
9004,11.5971244,48.1411614,523.0
9005,11.5963235,48.1422901,519.0
9006,11.5971285,48.1417088,519.0
9007,11.5971180,48.1416055,523.0
9008,11.5972325,48.1414397,523.0
9009,11.5972745,48.1421991,519.0
9010,11.6013018,48.1362940,527.0
9011,11.5734389,48.1335560,518.0
9012,11.5733938,48.1333652,518.0
9013,11.5736905,48.1335543,518.0
9014,11.5710276,48.1357231,525.0
9015,11.5738063,48.1363769,530.0
9016,11.5732437,48.1364731,530.0
9017,11.5736748,48.1291362,516.0
9018,11.5734221,48.1293168,522.0
9019,11.5736660,48.1294707,522.0
9020,11.5737868,48.1295502,522.0
9021,11.5738815,48.1296038,522.0
9022,11.5738672,48.1296002,522.0
9023,11.5736463,48.1294592,522.0
9024,11.5667368,48.1261455,523.0
9025,11.5663480,48.1255894,523.0
9026,11.5668360,48.1261127,523.0
9027,11.5669344,48.1260343,523.0
9028,11.5922628,48.1437336,515.0
9029,11.5921952,48.1437498,515.0
9030,11.5921097,48.1435828,515.0
9031,11.5852278,48.1268233,516.0
9032,11.6003167,48.1313384,530.0
9033,11.6005775,48.1311450,531.0
9034,11.5799060,48.1242831,516.0
9035,11.5798573,48.1242292,516.0
9036,11.5797847,48.1242144,516.0
9037,11.5793490,48.1235937,516.0
9038,11.5535497,48.1327348,514.0
9039,11.5536689,48.1327393,514.0
9040,11.5540847,48.1327583,514.0
9041,11.5536952,48.1327405,514.0
9042,11.6001315,48.1350859,530.0
9043,11.5662359,48.1495398,522.0
9044,11.5658431,48.1496554,522.0
9045,11.5649834,48.1517898,518.0
9046,11.5648153,48.1518377,518.0
9047,11.5647189,48.1518653,518.0
9048,11.5647892,48.1518452,518.0
9049,11.5574451,48.1269139,525.0
9050,11.5730131,48.1504630,519.0
9051,11.5732283,48.1504044,519.0
9052,11.5731723,48.1504197,519.0
9053,11.5730248,48.1504598,519.0
9054,11.5557410,48.1257733,527.0
9055,11.5562414,48.1257820,527.0
9056,11.5557848,48.1267651,527.0
9057,11.5559024,48.1267545,527.0
9058,11.5561198,48.1267385,527.0
9059,11.5562882,48.1267405,525.0
9060,11.5557287,48.1261096,527.0
9061,11.5560600,48.1261151,527.0
9062,11.5933582,48.1456116,515.0
9063,11.5937621,48.1455666,515.0
9064,11.5627523,48.1334936,523.0
9065,11.5622668,48.1334399,525.0
9066,11.5623083,48.1332413,527.0
9067,11.5623312,48.1328805,527.0
9068,11.5625505,48.1324503,523.0
9069,11.5609552,48.1293878,526.0
9070,11.5608157,48.1292066,526.0
9071,11.5609973,48.1294539,526.0
9072,11.5672072,48.1524950,517.0
9073,11.5661313,48.1495713,522.0
9074,11.5659616,48.1496224,522.0
9075,11.5663676,48.1523133,520.0
9076,11.5663044,48.1522127,520.0
9077,11.5673038,48.1526483,517.0
9078,11.5672304,48.1525318,517.0
9079,11.5619609,48.1365196,528.0
9080,11.5619594,48.1363980,528.0
9081,11.5540284,48.1375105,526.0
9082,11.5540267,48.1377466,526.0
9083,11.5565677,48.1459819,523.0
9084,11.5566298,48.1460608,523.0
9085,11.5567827,48.1462866,523.0
9086,11.5568129,48.1463866,523.0
9087,11.5567479,48.1464300,523.0
9088,11.5564346,48.1465188,523.0
9089,11.5516677,48.1281076,519.0
9090,11.5771137,48.1549306,519.0
9091,11.5772105,48.1552785,519.0
9092,11.5776539,48.1552355,519.0
9093,11.5871223,48.1263234,530.0
9094,11.5872674,48.1263078,530.0
9095,11.5874780,48.1263203,530.0
9096,11.5877027,48.1262328,531.0
9097,11.5552304,48.1385094,525.0
9098,11.5556241,48.1385070,525.0
9099,11.5557927,48.1385047,525.0
9100,11.5544678,48.1341135,530.0
9101,11.5544104,48.1341737,530.0
9102,11.5542090,48.1344093,530.0
9103,11.5542021,48.1344243,530.0
9104,11.5542082,48.1344376,530.0
9105,11.5543467,48.1344856,530.0
9106,11.5651530,48.1315976,529.0
9107,11.5652238,48.1317487,529.0
9108,11.5652793,48.1318628,529.0
9109,11.5653011,48.1318824,529.0
9110,11.5653196,48.1318926,529.0
9111,11.5653435,48.1318999,529.0
9112,11.5654687,48.1319071,529.0
9113,11.5651072,48.1316068,529.0
9114,11.5651648,48.1317442,529.0
9115,11.5651626,48.1317594,529.0
9116,11.5652279,48.1318960,529.0
9117,11.5635249,48.1533677,518.0
9118,11.5628353,48.1535196,518.0
9119,11.5878285,48.1536507,510.0
9120,11.5852932,48.1543062,521.0
9121,11.5620595,48.1289737,526.0
9122,11.5622113,48.1289494,526.0
9123,11.5626754,48.1288752,527.0
9124,11.5706141,48.1451256,522.0
9125,11.5705353,48.1451465,522.0
9126,11.5984644,48.1404378,526.0
9127,11.5985762,48.1404270,526.0
9128,11.5990394,48.1403440,526.0
9129,11.5531543,48.1351577,523.0
9130,11.5532002,48.1350792,523.0
9131,11.5532198,48.1350296,523.0
9132,11.5532256,48.1350082,523.0
9133,11.5532281,48.1349884,523.0
9134,11.5532333,48.1349663,523.0
9135,11.5532511,48.1349437,523.0
9136,11.5532826,48.1349220,523.0
9137,11.5533265,48.1348984,523.0
9138,11.5534875,48.1348164,523.0
9139,11.5536425,48.1347134,523.0
9140,11.5544307,48.1350626,530.0
9141,11.5543130,48.1346695,530.0
9142,11.5544108,48.1349952,530.0
9143,11.5929262,48.1294014,533.0
9144,11.5928797,48.1293666,533.0
9145,11.5929608,48.1294266,533.0
9146,11.5782596,48.1547950,519.0
9147,11.5700788,48.1461415,518.0
9148,11.5786098,48.1543487,519.0
9149,11.5782885,48.1544376,519.0
9150,11.5782307,48.1544370,519.0
9151,11.5781102,48.1544051,519.0
9152,11.5780534,48.1544109,519.0
9153,11.5785044,48.1543763,519.0
9154,11.5690638,48.1450380,522.0
9155,11.5691407,48.1450439,522.0
9156,11.5691326,48.1452060,522.0
9157,11.5691205,48.1452526,522.0
9158,11.5690816,48.1452848,522.0
9159,11.5690306,48.1453009,522.0
9160,11.5689569,48.1453071,522.0
9161,11.5688979,48.1453009,522.0
9162,11.5687356,48.1452624,520.0
9163,11.5691343,48.1451732,522.0
9164,11.5507426,48.1444855,524.0
9165,11.5520114,48.1441856,524.0
9166,11.5511048,48.1444604,524.0
9167,11.5509801,48.1444854,524.0
9168,11.5508328,48.1444882,524.0
9169,11.5852699,48.1387235,517.0
9170,11.5852561,48.1387426,517.0
9171,11.5853227,48.1389089,517.0
9172,11.5853345,48.1389898,517.0
9173,11.5850061,48.1390569,517.0
9174,11.5850624,48.1390461,517.0
9175,11.5852428,48.1390093,517.0
9176,11.5661098,48.1525576,520.0
9177,11.5661750,48.1526608,520.0
9178,11.5802316,48.1482726,521.0
9179,11.5612040,48.1394110,532.0
9180,11.5760886,48.1320526,526.0
9181,11.5763685,48.1314330,526.0
9182,11.5775022,48.1326251,523.0
9183,11.5764075,48.1319476,526.0
9184,11.5859126,48.1383075,518.0
9185,11.5855792,48.1388547,518.0
9186,11.5864692,48.1384868,518.0
9187,11.5867761,48.1384487,518.0
9188,11.5865535,48.1384753,518.0
9189,11.5862666,48.1385196,518.0
9190,11.5704507,48.1443216,522.0
9191,11.5703075,48.1441025,522.0
9192,11.5909911,48.1408198,518.0
9193,11.6004795,48.1355065,527.0
9194,11.6022144,48.1356159,525.0
9195,11.6019890,48.1351038,530.0
9196,11.6020587,48.1353311,530.0
9197,11.6021244,48.1353682,532.0
9198,11.6021626,48.1354464,525.0
9199,11.6022089,48.1355866,525.0
9200,11.6022105,48.1356842,525.0
9201,11.6004601,48.1352411,530.0
9202,11.6004669,48.1353639,530.0
9203,11.6004796,48.1354848,527.0
9204,11.6004734,48.1356009,527.0
9205,11.6001872,48.1360610,527.0
9206,11.6002296,48.1358017,527.0
9207,11.6002369,48.1357036,527.0
9208,11.6024037,48.1360055,525.0
9209,11.5984994,48.1365456,526.0
9210,11.5981745,48.1364333,526.0
9211,11.5980389,48.1364545,526.0
9212,11.5981292,48.1364402,526.0
9213,11.5981472,48.1364374,526.0
9214,11.5982520,48.1359124,526.0
9215,11.5982869,48.1359921,526.0
9216,11.5983660,48.1360632,526.0
9217,11.5985641,48.1360613,526.0
9218,11.5985242,48.1360547,526.0
9219,11.5984832,48.1360568,526.0
9220,11.5984453,48.1360674,526.0
9221,11.5984142,48.1360853,526.0
9222,11.5983937,48.1361077,526.0
9223,11.5983842,48.1361332,526.0
9224,11.5983866,48.1361595,526.0
9225,11.5984006,48.1361840,526.0
9226,11.5984591,48.1362199,526.0
9227,11.5984987,48.1362274,526.0
9228,11.5985397,48.1362262,526.0
9229,11.5985782,48.1362165,526.0
9230,11.5986102,48.1361993,526.0
9231,11.5986325,48.1361762,526.0
9232,11.5986430,48.1361497,526.0
9233,11.5986405,48.1361223,526.0
9234,11.5986253,48.1360968,526.0
9235,11.5985990,48.1360758,526.0
9236,11.5984250,48.1362046,526.0
9237,11.5982914,48.1362236,526.0
9238,11.5980879,48.1362418,526.0
9239,11.5980714,48.1362422,526.0
9240,11.5979770,48.1362486,526.0
9241,11.5987225,48.1370026,526.0
9242,11.5987457,48.1370437,526.0
9243,11.5988157,48.1381343,526.0
9244,11.5988306,48.1385783,526.0
9245,11.5989980,48.1385415,526.0
9246,11.5996761,48.1399668,526.0
9247,11.5997922,48.1399405,526.0
9248,11.5992773,48.1385915,526.0
9249,11.5991912,48.1389917,526.0
9250,11.5994100,48.1385560,526.0
9251,11.5997164,48.1384772,526.0
9252,11.5997676,48.1384625,526.0
9253,11.6002442,48.1383311,528.0
9254,11.6000025,48.1384028,528.0
9255,11.5999644,48.1384134,526.0
9256,11.5990448,48.1386505,526.0
9257,11.5984277,48.1383128,526.0
9258,11.5988583,48.1382273,526.0
9259,11.5986292,48.1382311,526.0
9260,11.5988404,48.1381882,526.0
9261,11.5989487,48.1380993,526.0
9262,11.5987799,48.1377314,526.0
9263,11.5990654,48.1376447,526.0
9264,11.5991264,48.1376514,526.0
9265,11.5990271,48.1376818,526.0
9266,11.5991445,48.1377324,526.0
9267,11.5991083,48.1377028,526.0
9268,11.5989923,48.1376872,526.0
9269,11.5983104,48.1370679,526.0
9270,11.5997954,48.1377111,526.0
9271,11.5997044,48.1377371,526.0
9272,11.5995659,48.1377766,526.0
9273,11.5995012,48.1377986,526.0
9274,11.5995012,48.1379132,526.0
9275,11.5993094,48.1379785,526.0
9276,11.5989970,48.1375122,526.0
9277,11.5993765,48.1375811,526.0
9278,11.5990694,48.1376831,526.0
9279,11.5986441,48.1377602,526.0
9280,11.5988763,48.1377109,526.0
9281,11.5985846,48.1372732,526.0
9282,11.5987274,48.1372034,526.0
9283,11.5987636,48.1370924,526.0
9284,11.5995444,48.1353208,528.0
9285,11.5995363,48.1353006,528.0
9286,11.6010726,48.1386187,528.0
9287,11.6010152,48.1385983,528.0
9288,11.6009466,48.1384817,528.0
9289,11.6008442,48.1382318,528.0
9290,11.6008375,48.1381546,528.0
9291,11.5684891,48.1436817,521.0
9292,11.5580033,48.1259962,525.0
9293,11.5583855,48.1262131,528.0
9294,11.5951600,48.1278153,532.0
9295,11.5951945,48.1277945,532.0
9296,11.5949640,48.1279309,532.0
9297,11.5952473,48.1279739,532.0
9298,11.5949493,48.1277843,532.0
9299,11.5906437,48.1322749,528.0
9300,11.5903487,48.1322343,528.0
9301,11.5558369,48.1257750,527.0
9302,11.5558188,48.1261111,527.0
9303,11.5560570,48.1261971,527.0
9304,11.5575821,48.1291477,529.0
9305,11.5574666,48.1292555,526.0
9306,11.5573699,48.1293457,526.0
9307,11.5573061,48.1294845,526.0
9308,11.5577841,48.1292421,526.0
9309,11.5686464,48.1449046,520.0
9310,11.5685863,48.1447780,520.0
9311,11.5697463,48.1446005,522.0
9312,11.5688284,48.1443323,522.0
9313,11.5821891,48.1313610,519.0
9314,11.5820298,48.1314387,519.0
9315,11.5819146,48.1313335,519.0
9316,11.5829828,48.1323090,519.0
9317,11.5827923,48.1324020,519.0
9318,11.5831421,48.1322313,519.0
9319,11.5819954,48.1311841,522.0
9320,11.5813105,48.1313687,519.0
9321,11.5815029,48.1312899,519.0
9322,11.5814342,48.1313040,519.0
9323,11.5807680,48.1316941,523.0
9324,11.5808282,48.1317640,523.0
9325,11.5808740,48.1314967,523.0
9326,11.5810320,48.1314007,523.0
9327,11.5811368,48.1313530,523.0
9328,11.5809806,48.1314242,523.0
9329,11.5812870,48.1312935,519.0
9330,11.5806942,48.1315871,523.0
9331,11.5807660,48.1316122,523.0
9332,11.5807807,48.1315889,523.0
9333,11.5815479,48.1312962,519.0
9334,11.6018839,48.1380042,528.0
9335,11.6017137,48.1379957,528.0
9336,11.6014013,48.1379563,528.0
9337,11.5526460,48.1360752,523.0
9338,11.5515496,48.1360849,522.0
9339,11.5515004,48.1360407,522.0
9340,11.5515848,48.1368317,522.0
9341,11.5515945,48.1367474,522.0
9342,11.5516872,48.1367044,522.0
9343,11.5516187,48.1367263,522.0
9344,11.5515847,48.1367721,522.0
9345,11.5515760,48.1360955,522.0
9346,11.5513009,48.1356084,522.0
9347,11.5506928,48.1360237,522.0
9348,11.5506164,48.1360632,522.0
9349,11.5644845,48.1216766,520.0
9350,11.5574898,48.1292336,526.0
9351,11.5584485,48.1313553,525.0
9352,11.5747153,48.1362872,530.0
9353,11.5746428,48.1362686,530.0
9354,11.5735252,48.1357011,530.0
9355,11.5748366,48.1361377,530.0
9356,11.5732822,48.1364609,530.0
9357,11.5733174,48.1364561,530.0
9358,11.5743661,48.1362053,530.0
9359,11.5733233,48.1358466,530.0
9360,11.5722316,48.1352733,519.0
9361,11.5719629,48.1352308,519.0
9362,11.5716042,48.1351789,519.0
9363,11.5710862,48.1347065,519.0
9364,11.5710363,48.1346658,519.0
9365,11.5702989,48.1340722,522.0
9366,11.5711308,48.1337659,519.0
9367,11.5823659,48.1523150,517.0
9368,11.5819458,48.1524450,517.0
9369,11.5825124,48.1531376,517.0
9370,11.5824381,48.1529749,517.0
9371,11.5825345,48.1531860,517.0
9372,11.5823350,48.1526328,517.0
9373,11.5822478,48.1526667,517.0
9374,11.5823790,48.1523993,517.0
9375,11.5816621,48.1523111,517.0
9376,11.5819225,48.1523890,517.0
9377,11.5820453,48.1519923,517.0
9378,11.5819173,48.1520486,517.0
9379,11.5819053,48.1519804,517.0
9380,11.5812732,48.1504989,517.0
9381,11.5817757,48.1516989,517.0
9382,11.5814907,48.1510798,517.0
9383,11.5815945,48.1510569,517.0
9384,11.5814040,48.1506687,517.0
9385,11.5812944,48.1506816,517.0
9386,11.5816050,48.1513251,517.0
9387,11.5815216,48.1511424,517.0
9388,11.5816261,48.1511213,517.0
9389,11.5816571,48.1511873,517.0
9390,11.5790756,48.1360595,521.0
9391,11.5812906,48.1354048,518.0
9392,11.5819075,48.1523118,517.0
9393,11.5823155,48.1522406,517.0
9394,11.5820935,48.1521850,517.0
9395,11.5813982,48.1354699,521.0
9396,11.5792582,48.1361381,520.0
9397,11.5782600,48.1363215,521.0
9398,11.5791677,48.1359703,520.0
9399,11.5813929,48.1354602,521.0
9400,11.5819466,48.1353627,518.0
9401,11.5826423,48.1531091,517.0
9402,11.5565043,48.1422802,525.0
9403,11.5565670,48.1424145,525.0
9404,11.5690205,48.1510676,520.0
9405,11.5687887,48.1507081,520.0
9406,11.5731527,48.1459068,518.0
9407,11.5732254,48.1459303,518.0
9408,11.5731524,48.1460063,518.0
9409,11.5722857,48.1445354,521.0
9410,11.5725247,48.1451382,521.0
9411,11.5709486,48.1366114,525.0
9412,11.5710876,48.1367015,525.0
9413,11.5822898,48.1404562,518.0
9414,11.5943829,48.1331591,533.0
9415,11.5944875,48.1330545,533.0
9416,11.5681448,48.1338438,524.0
9417,11.5682909,48.1337876,524.0
9418,11.5680386,48.1337727,524.0
9419,11.5682265,48.1336960,524.0
9420,11.5701426,48.1340949,522.0
9421,11.5702771,48.1341722,522.0
9422,11.5694734,48.1339146,522.0
9423,11.5695891,48.1337947,522.0
9424,11.5695097,48.1338605,522.0
9425,11.5832515,48.1455347,517.0
9426,11.5829977,48.1449781,517.0
9427,11.5581371,48.1294073,526.0
9428,11.5532427,48.1300434,524.0
9429,11.5536248,48.1302502,524.0
9430,11.5533382,48.1303083,524.0
9431,11.5535844,48.1300662,524.0
9432,11.5537918,48.1301446,524.0
9433,11.5537931,48.1303616,524.0
9434,11.5536457,48.1299339,524.0
9435,11.5830181,48.1535351,517.0
9436,11.5607949,48.1486551,519.0
9437,11.5607408,48.1485682,519.0
9438,11.5601298,48.1485991,519.0
9439,11.5600761,48.1485164,519.0
9440,11.5687935,48.1506732,520.0
9441,11.5688241,48.1506644,520.0
9442,11.5687705,48.1506798,520.0
9443,11.5690736,48.1510514,520.0
9444,11.5699643,48.1396599,521.0
9445,11.5700293,48.1397899,521.0
9446,11.5834579,48.1486183,518.0
9447,11.5947157,48.1481346,509.0
9448,11.5935861,48.1477627,513.0
9449,11.5932872,48.1473757,513.0
9450,11.5850240,48.1402320,516.0
9451,11.5852869,48.1400047,516.0
9452,11.5852842,48.1400754,516.0
9453,11.5852822,48.1401353,516.0
9454,11.5853023,48.1402257,516.0
9455,11.5853023,48.1402588,516.0
9456,11.5852815,48.1402942,516.0
9457,11.5852453,48.1403161,516.0
9458,11.5852010,48.1403242,516.0
9459,11.5851313,48.1403210,516.0
9460,11.5850917,48.1403009,516.0
9461,11.5850502,48.1402637,516.0
9462,11.5850032,48.1401743,516.0
9463,11.5850066,48.1400933,516.0
9464,11.5850280,48.1399984,516.0
9465,11.5851045,48.1399375,516.0
9466,11.5852104,48.1399304,516.0
9467,11.5853204,48.1399322,516.0
9468,11.5854304,48.1399232,515.0
9469,11.5855162,48.1399044,515.0
9470,11.5859587,48.1398355,515.0
9471,11.5671709,48.1325342,525.0
9472,11.5813353,48.1415229,518.0
9473,11.5556679,48.1267154,527.0
9474,11.5711477,48.1305434,520.0
9475,11.5712490,48.1305927,520.0
9476,11.5882155,48.1379055,519.0
9477,11.5551843,48.1391516,525.0
9478,11.5585621,48.1344639,523.0
9479,11.5583807,48.1340566,523.0
9480,11.5569624,48.1340198,525.0
9481,11.5582768,48.1330638,525.0
9482,11.5583845,48.1331054,525.0
9483,11.5585010,48.1329805,525.0
9484,11.5586092,48.1314635,525.0
9485,11.5586384,48.1328306,525.0
9486,11.5585669,48.1346159,523.0
9487,11.5586841,48.1345029,523.0
9488,11.5583969,48.1345404,523.0
9489,11.5584855,48.1327145,525.0
9490,11.5557912,48.1346730,530.0
9491,11.5559589,48.1348744,530.0
9492,11.5556290,48.1349069,530.0
9493,11.5557965,48.1349970,530.0
9494,11.5557941,48.1345902,530.0
9495,11.5580509,48.1327996,525.0
9496,11.5585031,48.1330594,525.0
9497,11.5584274,48.1331168,525.0
9498,11.5581028,48.1326678,525.0
9499,11.5583519,48.1325218,525.0
9500,11.5583249,48.1317661,525.0
9501,11.5583163,48.1308795,526.0
9502,11.5665779,48.1356451,524.0
9503,11.5673253,48.1347279,524.0
9504,11.5586446,48.1416253,527.0
9505,11.5570859,48.1326480,525.0
9506,11.5571407,48.1325025,525.0
9507,11.5556623,48.1345885,530.0
9508,11.5554585,48.1325602,524.0
9509,11.5556715,48.1310289,527.0
9510,11.5554346,48.1314590,524.0
9511,11.5553808,48.1322924,524.0
9512,11.5556703,48.1300157,527.0
9513,11.5559025,48.1300008,527.0
9514,11.5561362,48.1314511,524.0
9515,11.5557351,48.1325867,524.0
9516,11.5558897,48.1326047,524.0
9517,11.5562078,48.1324311,524.0
9518,11.5560882,48.1323425,524.0
9519,11.5555113,48.1323593,524.0
9520,11.5633766,48.1268044,524.0
9521,11.5636857,48.1271688,527.0
9522,11.5637226,48.1272431,527.0
9523,11.5636947,48.1273041,527.0
9524,11.5636497,48.1273404,527.0
9525,11.5798056,48.1228444,521.0
9526,11.5864843,48.1241964,534.0
9527,11.5847877,48.1406954,516.0
9528,11.5963056,48.1319459,526.0
9529,11.5964161,48.1319204,526.0
9530,11.5966007,48.1318934,526.0
9531,11.5966174,48.1318717,526.0
9532,11.5965972,48.1317814,526.0
9533,11.5963192,48.1319918,526.0
9534,11.5964767,48.1319726,526.0
9535,11.5966270,48.1319556,526.0
9536,11.5966956,48.1319615,526.0
9537,11.5967439,48.1319779,526.0
9538,11.5967580,48.1320307,526.0
9539,11.5987257,48.1346874,528.0
9540,11.5987517,48.1347156,528.0
9541,11.5943031,48.1418857,513.0
9542,11.5847344,48.1321960,517.0
9543,11.5851717,48.1322717,517.0
9544,11.5850785,48.1324877,517.0
9545,11.5734657,48.1503428,519.0
9546,11.5729242,48.1504880,519.0
9547,11.5747963,48.1342564,518.0
9548,11.5663243,48.1372142,524.0
9549,11.5875451,48.1219796,532.0
9550,11.5560256,48.1279190,528.0
9551,11.5903649,48.1363554,509.0
9552,11.5904507,48.1363208,509.0
9553,11.5896056,48.1360528,509.0
9554,11.5899728,48.1364028,509.0
9555,11.5907834,48.1365009,509.0
9556,11.5906714,48.1364798,509.0
9557,11.5900682,48.1364557,509.0
9558,11.5817109,48.1513017,517.0
9559,11.5819428,48.1522420,517.0
9560,11.5497752,48.1371356,524.0
9561,11.5499044,48.1371784,524.0
9562,11.5498678,48.1366345,524.0
9563,11.5569983,48.1438943,524.0
9564,11.5569274,48.1434418,525.0
9565,11.5572939,48.1435927,525.0
9566,11.5566605,48.1437070,525.0
9567,11.5559688,48.1480272,524.0
9568,11.5558253,48.1482203,524.0
9569,11.5554538,48.1481044,524.0
9570,11.5556041,48.1479245,524.0
9571,11.5518652,48.1390435,526.0
9572,11.5514507,48.1390299,526.0
9573,11.5516557,48.1389213,526.0
9574,11.5688464,48.1323091,521.0
9575,11.5755752,48.1346952,520.0
9576,11.5606670,48.1296962,526.0
9577,11.5609343,48.1298547,526.0
9578,11.5987579,48.1370685,526.0
9579,11.5987475,48.1371703,526.0
9580,11.5820526,48.1229980,519.0
9581,11.5818016,48.1229278,519.0
9582,11.5584855,48.1357644,524.0
9583,11.5582846,48.1357669,527.0
9584,11.5584882,48.1359728,524.0
9585,11.5586055,48.1359725,524.0
9586,11.5730865,48.1464346,518.0
9587,11.5711408,48.1469861,517.0
9588,11.5720022,48.1467508,517.0
9589,11.5713457,48.1469302,517.0
9590,11.5719405,48.1466516,517.0
9591,11.5712847,48.1468334,517.0
9592,11.5711928,48.1478184,517.0
9593,11.5613090,48.1409848,524.0
9594,11.5613052,48.1409526,524.0
9595,11.5610730,48.1410304,524.0
9596,11.5610629,48.1410338,524.0
9597,11.5629932,48.1514761,518.0
9598,11.5625492,48.1516010,518.0
9599,11.5632931,48.1495173,519.0
9600,11.5633283,48.1495075,519.0
9601,11.5634799,48.1494654,519.0
9602,11.5634687,48.1488848,519.0
9603,11.5636180,48.1494270,519.0
9604,11.5632029,48.1495424,519.0
9605,11.5585997,48.1357630,524.0
9606,11.5841487,48.1360814,517.0
9607,11.5842176,48.1361840,517.0
9608,11.5843589,48.1372521,517.0
9609,11.5842109,48.1371611,517.0
9610,11.5815518,48.1349146,518.0
9611,11.5824251,48.1351107,518.0
9612,11.5824106,48.1347824,518.0
9613,11.5816455,48.1346917,518.0
9614,11.5521280,48.1452334,527.0
9615,11.5574445,48.1447701,524.0
9616,11.5993306,48.1344240,528.0
9617,11.5993776,48.1344093,528.0
9618,11.5762279,48.1331941,526.0
9619,11.5818560,48.1516092,517.0
9620,11.5816698,48.1514671,517.0
9621,11.5818781,48.1519156,517.0
9622,11.5819217,48.1517484,517.0
9623,11.6007256,48.1338332,530.0
9624,11.6008180,48.1340228,530.0
9625,11.5676120,48.1253665,523.0
9626,11.5734028,48.1272555,516.0
9627,11.5522300,48.1375314,526.0
9628,11.5522342,48.1376385,526.0
9629,11.5522464,48.1379469,526.0
9630,11.5526012,48.1375261,526.0
9631,11.5526036,48.1376385,526.0
9632,11.5526076,48.1378289,526.0
9633,11.5623774,48.1234965,523.0
9634,11.5623482,48.1234516,523.0
9635,11.5623057,48.1234095,523.0
9636,11.5622354,48.1233616,523.0
9637,11.5621768,48.1233391,523.0
9638,11.5620479,48.1232912,523.0
9639,11.5619263,48.1227844,528.0
9640,11.5616149,48.1229725,523.0
9641,11.5557359,48.1259139,527.0
9642,11.5555408,48.1259045,527.0
9643,11.5553265,48.1258979,527.0
9644,11.5552869,48.1259150,527.0
9645,11.5552613,48.1259508,527.0
9646,11.5552588,48.1260960,527.0
9647,11.5642146,48.1242787,520.0
9648,11.5642181,48.1244317,520.0
9649,11.5640153,48.1242904,520.0
9650,11.5639119,48.1244469,520.0
9651,11.5616901,48.1278504,526.0
9652,11.5616667,48.1277752,526.0
9653,11.5956595,48.1416118,514.0
9654,11.5930481,48.1412957,517.0
9655,11.5935936,48.1412276,517.0
9656,11.5800475,48.1286330,518.0
9657,11.5671479,48.1258184,523.0
9658,11.5666286,48.1501493,518.0
9659,11.5626348,48.1431813,520.0
9660,11.5842576,48.1366590,517.0
9661,11.5843924,48.1370596,517.0
9662,11.5840958,48.1371002,517.0
9663,11.5633577,48.1352538,523.0
9664,11.5633208,48.1354683,525.0
9665,11.5678291,48.1451359,520.0
9666,11.5703182,48.1444330,522.0
9667,11.5714232,48.1441138,521.0
9668,11.5704146,48.1442649,522.0
9669,11.5706325,48.1428019,526.0
9670,11.5695324,48.1440043,522.0
9671,11.5684185,48.1437015,521.0
9672,11.5687370,48.1465131,518.0
9673,11.5680644,48.1476836,518.0
9674,11.5669355,48.1479807,525.0
9675,11.5688460,48.1490565,521.0
9676,11.5692726,48.1497108,521.0
9677,11.5693911,48.1497489,521.0
9678,11.5689994,48.1488900,521.0
9679,11.5694870,48.1496506,521.0
9680,11.5695596,48.1496302,521.0
9681,11.5682049,48.1499510,525.0
9682,11.5687876,48.1499108,521.0
9683,11.5683466,48.1482738,525.0
9684,11.5719034,48.1465920,517.0
9685,11.5712467,48.1467711,517.0
9686,11.5720442,48.1464069,517.0
9687,11.5714978,48.1465663,517.0
9688,11.5700047,48.1461618,518.0
9689,11.5697894,48.1458090,522.0
9690,11.5704666,48.1469188,518.0
9691,11.5727194,48.1486681,516.0
9692,11.5732609,48.1485914,519.0
9693,11.5736653,48.1484779,519.0
9694,11.5739296,48.1484037,519.0
9695,11.5707145,48.1468488,518.0
9696,11.5706392,48.1469690,518.0
9697,11.5759912,48.1503252,521.0
9698,11.5790151,48.1513166,521.0
9699,11.5747641,48.1506753,519.0
9700,11.5770710,48.1518414,521.0
9701,11.5775071,48.1525082,514.0
9702,11.5794058,48.1528705,518.0
9703,11.5807770,48.1525745,518.0
9704,11.5812996,48.1543582,518.0
9705,11.5771259,48.1549803,519.0
9706,11.5785278,48.1543692,519.0
9707,11.5788066,48.1546505,519.0
9708,11.5780519,48.1537245,514.0
9709,11.5773258,48.1525600,514.0
9710,11.5767911,48.1517271,521.0
9711,11.5744787,48.1527761,518.0
9712,11.5758069,48.1529378,518.0
9713,11.5759741,48.1518978,521.0
9714,11.5734100,48.1537597,518.0
9715,11.5747707,48.1533604,518.0
9716,11.5757445,48.1530793,518.0
9717,11.5765301,48.1528686,518.0
9718,11.5762172,48.1543216,517.0
9719,11.5763610,48.1538808,518.0
9720,11.5763355,48.1540260,518.0
9721,11.5761707,48.1550873,517.0
9722,11.5667649,48.1503598,517.0
9723,11.5661568,48.1495636,522.0
9724,11.5649356,48.1485338,522.0
9725,11.5646938,48.1486052,522.0
9726,11.5646270,48.1486240,522.0
9727,11.5664302,48.1504508,518.0
9728,11.5663503,48.1504724,518.0
9729,11.5660659,48.1505546,518.0
9730,11.5653943,48.1507451,518.0
9731,11.5647063,48.1496873,522.0
9732,11.5654897,48.1483931,522.0
9733,11.5650994,48.1479610,522.0
9734,11.5645609,48.1471182,525.0
9735,11.5653536,48.1483529,522.0
9736,11.5655466,48.1482985,522.0
9737,11.5635766,48.1478882,525.0
9738,11.5629184,48.1491001,519.0
9739,11.5628408,48.1489824,519.0
9740,11.5616896,48.1493128,519.0
9741,11.5595118,48.1493534,519.0
9742,11.5607301,48.1485511,519.0
9743,11.5611832,48.1484265,519.0
9744,11.5599178,48.1504891,524.0
9745,11.5600796,48.1509850,524.0
9746,11.5601398,48.1486145,519.0
9747,11.5631742,48.1513611,518.0
9748,11.5618558,48.1517462,521.0
9749,11.5614014,48.1518584,521.0
9750,11.5624562,48.1516930,521.0
9751,11.5642863,48.1544289,520.0
9752,11.5634061,48.1533939,518.0
9753,11.5627756,48.1523835,518.0
9754,11.5627682,48.1523536,518.0
9755,11.5630081,48.1527520,518.0
9756,11.5631033,48.1526882,518.0
9757,11.5631551,48.1527704,518.0
9758,11.5631841,48.1527014,518.0
9759,11.5649185,48.1521739,520.0
9760,11.5649758,48.1522621,520.0
9761,11.5661273,48.1518370,518.0
9762,11.5668358,48.1506226,517.0
9763,11.5655067,48.1508303,518.0
9764,11.5646194,48.1510746,518.0
9765,11.5657831,48.1520400,518.0
9766,11.5661342,48.1519415,518.0
9767,11.5673103,48.1526587,517.0
9768,11.5663456,48.1529313,520.0
9769,11.5682199,48.1524569,517.0
9770,11.5698472,48.1520710,520.0
9771,11.5683333,48.1513169,517.0
9772,11.5675289,48.1515619,517.0
9773,11.5674279,48.1515296,517.0
9774,11.5674568,48.1514505,517.0
9775,11.5675933,48.1514822,517.0
9776,11.5689887,48.1510182,520.0
9777,11.5690426,48.1510033,520.0
9778,11.5668329,48.1504659,517.0
9779,11.5668834,48.1503868,517.0
9780,11.5694654,48.1508843,520.0
9781,11.5680711,48.1536547,517.0
9782,11.5705947,48.1407455,521.0
9783,11.5738562,48.1400934,529.0
9784,11.5996788,48.1401988,526.0
9785,11.5988923,48.1385647,526.0
9786,11.5987525,48.1382483,526.0
9787,11.5987383,48.1382090,526.0
9788,11.5985511,48.1404294,526.0
9789,11.5997628,48.1401791,526.0
9790,11.5989789,48.1385460,526.0
9791,11.5988387,48.1382317,526.0
9792,11.5988228,48.1381942,526.0
9793,11.5998487,48.1310367,534.0
9794,11.6012229,48.1321561,530.0
9795,11.6003702,48.1313003,530.0
9796,11.5989565,48.1312054,534.0
9797,11.5986732,48.1301877,534.0
9798,11.5972860,48.1306375,531.0
9799,11.5981398,48.1299832,534.0
9800,11.5990521,48.1312682,535.0
9801,11.5994619,48.1307786,534.0
9802,11.5964707,48.1322921,526.0
9803,11.5948374,48.1330951,533.0
9804,11.5932811,48.1323354,534.0
9805,11.5960563,48.1330687,526.0
9806,11.5930768,48.1314148,534.0
9807,11.5934197,48.1322758,534.0
9808,11.5943881,48.1336541,531.0
9809,11.5922573,48.1331108,534.0
9810,11.5941424,48.1337264,531.0
9811,11.5945711,48.1338334,531.0
9812,11.5946686,48.1338434,531.0
9813,11.5957608,48.1341126,531.0
9814,11.5961970,48.1342071,532.0
9815,11.5967131,48.1342855,532.0
9816,11.5998587,48.1343269,528.0
9817,11.6007947,48.1339749,530.0
9818,11.5997185,48.1324058,535.0
9819,11.5993726,48.1327581,535.0
9820,11.5996626,48.1332802,535.0
9821,11.5994708,48.1329904,535.0
9822,11.5994291,48.1329809,535.0
9823,11.5994391,48.1329429,535.0
9824,11.5987749,48.1331826,535.0
9825,11.5990465,48.1335329,528.0
9826,11.5970166,48.1342446,532.0
9827,11.5880224,48.1354258,519.0
9828,11.5869420,48.1342855,522.0
9829,11.5861885,48.1336232,522.0
9830,11.5826985,48.1444631,517.0
9831,11.5826148,48.1442777,517.0
9832,11.5820594,48.1443978,517.0
9833,11.5878013,48.1278311,528.0
9834,11.5878707,48.1279224,528.0
9835,11.5951519,48.1357946,526.0
9836,11.5903026,48.1271733,533.0
9837,11.5904769,48.1274114,533.0
9838,11.5741001,48.1278450,516.0
9839,11.5738306,48.1276441,516.0
9840,11.5670270,48.1259186,523.0
9841,11.5912590,48.1327324,528.0
9842,11.5798956,48.1492270,521.0
9843,11.5801974,48.1518128,520.0
9844,11.5806999,48.1516638,520.0
9845,11.5794724,48.1518877,520.0
9846,11.5794293,48.1519584,520.0
9847,11.5795853,48.1519130,520.0
9848,11.5795436,48.1519958,520.0
9849,11.5777259,48.1493488,519.0
9850,11.5775879,48.1491503,519.0
9851,11.5770716,48.1483475,517.0
9852,11.5770293,48.1482880,517.0
9853,11.5697424,48.1210763,526.0
9854,11.5694450,48.1209926,526.0
9855,11.5692520,48.1209776,526.0
9856,11.5695347,48.1210061,526.0
9857,11.5799222,48.1525722,518.0
9858,11.5800451,48.1526473,518.0
9859,11.5851892,48.1539507,518.0
9860,11.5591452,48.1462896,520.0
9861,11.5592092,48.1460432,520.0
9862,11.5594517,48.1451506,520.0
9863,11.5599360,48.1433493,521.0
9864,11.5598613,48.1436457,521.0
9865,11.5597264,48.1441230,520.0
9866,11.6010633,48.1420208,527.0
9867,11.6013903,48.1419563,527.0
9868,11.6014072,48.1366302,527.0
9869,11.6011870,48.1366955,527.0
9870,11.6016745,48.1368428,527.0
9871,11.5544163,48.1375075,525.0
9872,11.5544037,48.1372810,523.0
9873,11.5543891,48.1370918,523.0
9874,11.5544054,48.1370792,523.0
9875,11.5544312,48.1370728,523.0
9876,11.5547597,48.1370642,523.0
9877,11.6000120,48.1437432,527.0
9878,11.5672338,48.1417641,521.0
9879,11.5672531,48.1417502,521.0
9880,11.5672403,48.1416933,521.0
9881,11.5672537,48.1416826,521.0
9882,11.5672508,48.1417560,521.0
9883,11.5672411,48.1417620,521.0
9884,11.5672413,48.1416897,521.0
9885,11.5672487,48.1416845,521.0
9886,11.5631759,48.1268326,524.0
9887,11.5829548,48.1339430,518.0
9888,11.5838701,48.1359723,517.0
9889,11.5691720,48.1488430,521.0
9890,11.5855211,48.1383845,518.0
9891,11.5557199,48.1263493,527.0
9892,11.5563556,48.1263499,525.0
9893,11.5558362,48.1263494,527.0
9894,11.5589137,48.1233991,523.0
9895,11.5592743,48.1236921,523.0
9896,11.5589860,48.1238512,523.0
9897,11.5595000,48.1235736,523.0
9898,11.5776259,48.1439443,519.0
9899,11.5773672,48.1434267,521.0
9900,11.5706555,48.1254236,519.0
9901,11.5697238,48.1249172,514.0
9902,11.5697213,48.1249057,514.0
9903,11.5697295,48.1248964,514.0
9904,11.5699353,48.1247109,514.0
9905,11.5704876,48.1253327,519.0
9906,11.5651284,48.1492214,522.0
9907,11.5652517,48.1494157,522.0
9908,11.5652656,48.1494376,522.0
9909,11.5652905,48.1494768,522.0
9910,11.5651815,48.1493051,522.0
9911,11.5553718,48.1463155,525.0
9912,11.5553082,48.1463333,525.0
9913,11.5607238,48.1487028,519.0
9914,11.5606577,48.1487203,519.0
9915,11.5986804,48.1411158,526.0
9916,11.5985137,48.1411738,526.0
9917,11.5958710,48.1416358,523.0
9918,11.5889634,48.1433581,517.0
9919,11.5980387,48.1366897,526.0
9920,11.5982467,48.1371397,526.0
9921,11.5968704,48.1372939,532.0
9922,11.5544660,48.1481576,524.0
9923,11.5766506,48.1280704,521.0
9924,11.5756820,48.1291264,521.0
9925,11.5986486,48.1346460,528.0
9926,11.5982137,48.1347576,528.0
9927,11.5981941,48.1347694,528.0
9928,11.5979211,48.1349498,528.0
9929,11.5976791,48.1349509,532.0
9930,11.5977002,48.1349586,532.0
9931,11.5977418,48.1349689,532.0
9932,11.5977627,48.1349721,532.0
9933,11.5978026,48.1349751,532.0
9934,11.5978350,48.1349736,532.0
9935,11.5978499,48.1349715,532.0
9936,11.5978656,48.1349684,532.0
9937,11.5978802,48.1349646,532.0
9938,11.5978192,48.1349748,532.0
9939,11.5985467,48.1346394,528.0
9940,11.5650068,48.1484514,522.0
9941,11.5730996,48.1331919,517.0
9942,11.5696679,48.1367611,522.0
9943,11.5778747,48.1537502,514.0
9944,11.5593951,48.1492030,519.0
9945,11.5643428,48.1426449,520.0
9946,11.5833751,48.1356735,517.0
9947,11.5834859,48.1356197,517.0
9948,11.5570994,48.1287589,529.0
9949,11.5985085,48.1412927,526.0
9950,11.5987959,48.1411770,526.0
9951,11.6000847,48.1436945,527.0
9952,11.6001747,48.1437290,527.0
9953,11.5984978,48.1407857,526.0
9954,11.5777310,48.1433360,521.0
9955,11.5779690,48.1438833,519.0
9956,11.5775534,48.1429812,521.0
9957,11.5707939,48.1319750,521.0
9958,11.5686608,48.1325369,525.0
9959,11.5688981,48.1322774,521.0
9960,11.5687143,48.1324043,525.0
9961,11.5651968,48.1494566,522.0
9962,11.5650633,48.1492474,522.0
9963,11.5673602,48.1486423,525.0
9964,11.5677889,48.1493065,525.0
9965,11.5663752,48.1489556,522.0
9966,11.5664490,48.1488239,522.0
9967,11.5670280,48.1497057,525.0
9968,11.5665542,48.1492301,522.0
9969,11.5647922,48.1383376,527.0
9970,11.5650304,48.1390375,527.0
9971,11.5646660,48.1380414,527.0
9972,11.5647255,48.1383427,527.0
9973,11.5763899,48.1343533,520.0
9974,11.5765539,48.1344332,520.0
9975,11.5762631,48.1344527,520.0
9976,11.5763859,48.1343197,520.0
9977,11.5766018,48.1344324,520.0
9978,11.5650859,48.1492828,522.0
9979,11.5651834,48.1494356,522.0
9980,11.5652221,48.1494963,522.0
9981,11.5632429,48.1267381,524.0
9982,11.5630950,48.1267359,524.0
9983,11.5633279,48.1267708,524.0
9984,11.5631911,48.1267320,524.0
9985,11.5736069,48.1331653,517.0
9986,11.5733565,48.1333415,518.0
9987,11.5736268,48.1331513,517.0
9988,11.5851164,48.1500443,515.0
9989,11.5840105,48.1501876,515.0
9990,11.5874991,48.1532982,515.0
9991,11.5669624,48.1233993,525.0
9992,11.5667280,48.1227796,513.0
9993,11.5669583,48.1229007,513.0
9994,11.5650331,48.1239956,521.0
9995,11.6012728,48.1383509,528.0
9996,11.6008802,48.1383198,528.0
9997,11.6010934,48.1378860,528.0
9998,11.6009784,48.1378765,528.0
9999,11.6008387,48.1378972,528.0
10000,11.6007578,48.1379480,528.0
10001,11.6007650,48.1380237,528.0
10002,11.6012092,48.1379538,528.0
10003,11.6013298,48.1380316,528.0
10004,11.6012695,48.1383694,528.0
10005,11.6017502,48.1371910,527.0
10006,11.6018422,48.1372402,527.0
10007,11.6016715,48.1363485,527.0
10008,11.6017796,48.1362359,527.0
10009,11.6018727,48.1367384,527.0
10010,11.6014175,48.1364523,527.0
10011,11.6016392,48.1363778,527.0
10012,11.6017756,48.1362539,527.0
10013,11.6017669,48.1362174,527.0
10014,11.6015606,48.1361978,527.0
10015,11.6014932,48.1361682,527.0
10016,11.6012758,48.1362608,527.0
10017,11.6014432,48.1361089,527.0
10018,11.6013599,48.1360041,527.0
10019,11.5839493,48.1359377,517.0
10020,11.5613051,48.1409518,524.0
10021,11.5842896,48.1374401,517.0
10022,11.5842485,48.1369002,517.0
10023,11.5841469,48.1369274,517.0
10024,11.5837899,48.1361670,517.0
10025,11.5839892,48.1365234,517.0
10026,11.5837255,48.1360692,517.0
10027,11.5839019,48.1361247,517.0
10028,11.5834778,48.1357693,517.0
10029,11.5836337,48.1357737,517.0
10030,11.5652509,48.1372987,524.0
10031,11.5643296,48.1466174,525.0
10032,11.5781626,48.1264096,519.0
10033,11.5781914,48.1264277,519.0
10034,11.5509707,48.1357528,522.0
10035,11.5603806,48.1451588,520.0
10036,11.5642800,48.1465539,525.0
10037,11.5667909,48.1453592,520.0
10038,11.6017941,48.1372659,527.0
10039,11.6017680,48.1372005,527.0
10040,11.6002530,48.1393346,528.0
10041,11.6009832,48.1387813,528.0
10042,11.6010691,48.1389156,528.0
10043,11.6009302,48.1386578,528.0
10044,11.6010947,48.1390116,528.0
10045,11.6010878,48.1390544,528.0
10046,11.6014001,48.1373850,527.0
10047,11.6009997,48.1388070,528.0
10048,11.5996265,48.1402105,526.0
10049,11.5843011,48.1459714,516.0
10050,11.5835494,48.1460826,516.0
10051,11.5837413,48.1460686,516.0
10052,11.5837917,48.1462072,516.0
10053,11.5837951,48.1460608,516.0
10054,11.5837723,48.1459799,516.0
10055,11.5871264,48.1232707,534.0
10056,11.5703470,48.1518541,520.0
10057,11.5719801,48.1514712,518.0
10058,11.5684351,48.1523946,517.0
10059,11.5926842,48.1234876,533.0
10060,11.5837975,48.1395376,517.0
10061,11.5618921,48.1222714,528.0
10062,11.5626759,48.1226627,520.0
10063,11.5626379,48.1225498,520.0
10064,11.5626626,48.1225157,520.0
10065,11.5626692,48.1224685,520.0
10066,11.5626475,48.1226302,520.0
10067,11.5626229,48.1226114,520.0
10068,11.5680546,48.1476686,518.0
10069,11.5729415,48.1504831,519.0
10070,11.5655344,48.1241004,521.0
10071,11.5656362,48.1240936,521.0
10072,11.5661511,48.1240807,521.0
10073,11.5897305,48.1316100,528.0
10074,11.5937650,48.1283529,532.0
10075,11.5936896,48.1286666,534.0
10076,11.5941333,48.1285087,532.0
10077,11.5732154,48.1556502,518.0
10078,11.5625737,48.1407542,534.0
10079,11.5626201,48.1406073,534.0
10080,11.5778670,48.1402375,522.0
10081,11.5778269,48.1402582,522.0
10082,11.5777785,48.1402677,522.0
10083,11.5777296,48.1402651,522.0
10084,11.5776827,48.1402498,522.0
10085,11.5776295,48.1401640,522.0
10086,11.5776794,48.1401058,522.0
10087,11.5777279,48.1400892,522.0
10088,11.5777888,48.1400872,522.0
10089,11.5808828,48.1515303,520.0
10090,11.5679173,48.1358292,525.0
10091,11.5676812,48.1377678,530.0
10092,11.5760686,48.1502467,521.0
10093,11.5759019,48.1501873,521.0
10094,11.5758222,48.1503167,521.0
10095,11.5761019,48.1502370,521.0
10096,11.5581148,48.1262047,525.0
10097,11.5552565,48.1271904,528.0
10098,11.5552082,48.1272280,528.0
10099,11.5555006,48.1272065,528.0
10100,11.5557420,48.1271850,528.0
10101,11.5558699,48.1271728,528.0
10102,11.5550072,48.1273301,528.0
10103,11.5547037,48.1275166,528.0
10104,11.5800284,48.1227800,521.0
10105,11.5796640,48.1228852,521.0
10106,11.5761412,48.1205397,518.0
10107,11.5962795,48.1336300,532.0
10108,11.5690680,48.1411194,521.0
10109,11.5692741,48.1408494,521.0
10110,11.5638365,48.1460150,525.0
10111,11.5637434,48.1461876,525.0
10112,11.5641743,48.1463880,525.0
10113,11.5639946,48.1463020,525.0
10114,11.5640246,48.1462686,525.0
10115,11.5637410,48.1462534,525.0
10116,11.5692276,48.1410331,521.0
10117,11.5612249,48.1394097,532.0
10118,11.5982390,48.1299728,534.0
10119,11.5972463,48.1293843,531.0
10120,11.5973490,48.1293812,531.0
10121,11.5994997,48.1308960,534.0
10122,11.5995839,48.1310065,534.0
10123,11.6017451,48.1337621,530.0
10124,11.6023001,48.1356843,525.0
10125,11.5971610,48.1333475,532.0
10126,11.5971045,48.1332554,526.0
10127,11.5973302,48.1331899,526.0
10128,11.5961392,48.1314070,526.0
10129,11.5732855,48.1444789,529.0
10130,11.5735544,48.1444831,529.0
10131,11.5736944,48.1444440,529.0
10132,11.5729422,48.1438326,529.0
10133,11.5729580,48.1438583,529.0
10134,11.5731047,48.1440963,529.0
10135,11.5496067,48.1370877,524.0
10136,11.5495635,48.1368753,524.0
10137,11.5494821,48.1367019,524.0
10138,11.5493414,48.1365368,524.0
10139,11.5496818,48.1367828,524.0
10140,11.5883051,48.1374079,519.0
10141,11.5812757,48.1294656,522.0
10142,11.5982784,48.1347266,528.0
10143,11.5986901,48.1346654,528.0
10144,11.5638058,48.1241165,520.0
10145,11.5611280,48.1413271,524.0
10146,11.5611568,48.1414534,524.0
10147,11.5610946,48.1411631,524.0
10148,11.5609706,48.1412231,524.0
10149,11.5613137,48.1410978,524.0
10150,11.5612391,48.1411200,524.0
10151,11.5609814,48.1412255,524.0
10152,11.5610913,48.1411424,524.0
10153,11.5617315,48.1425327,524.0
10154,11.5628105,48.1441660,518.0
10155,11.5626996,48.1441188,518.0
10156,11.5630506,48.1448763,518.0
10157,11.5627878,48.1442548,518.0
10158,11.5634924,48.1451624,518.0
10159,11.5627173,48.1247401,520.0
10160,11.5618448,48.1279840,526.0
10161,11.5630999,48.1282764,527.0
10162,11.5615478,48.1244586,523.0
10163,11.5618638,48.1243413,523.0
10164,11.5622982,48.1241871,523.0
10165,11.5613724,48.1245244,523.0
10166,11.5614434,48.1244977,523.0
10167,11.5748270,48.1452403,529.0
10168,11.5644342,48.1452334,518.0
10169,11.6017442,48.1379972,528.0
10170,11.5535150,48.1375145,526.0
10171,11.5645338,48.1241572,520.0
10172,11.5841258,48.1365757,517.0
10173,11.5843339,48.1371685,517.0
10174,11.5675478,48.1326894,525.0
10175,11.5674443,48.1326920,525.0
10176,11.5681747,48.1326132,525.0
10177,11.5679415,48.1326158,525.0
10178,11.5681725,48.1324721,525.0
10179,11.5681247,48.1324329,525.0
10180,11.5889961,48.1392437,519.0
10181,11.5866652,48.1381637,518.0
10182,11.5871375,48.1380719,518.0
10183,11.5880748,48.1377484,519.0
10184,11.5881241,48.1378965,519.0
10185,11.5882884,48.1378637,519.0
10186,11.5865064,48.1384810,518.0
10187,11.5867286,48.1388051,518.0
10188,11.5866254,48.1384648,518.0
10189,11.5835966,48.1341024,521.0
10190,11.5833086,48.1340529,518.0
10191,11.5639534,48.1393161,523.0
10192,11.5606116,48.1422689,524.0
10193,11.5611511,48.1395021,532.0
10194,11.5611438,48.1394678,532.0
10195,11.5611336,48.1394380,532.0
10196,11.5686741,48.1445599,520.0
10197,11.5608185,48.1353296,525.0
10198,11.5999015,48.1303691,534.0
10199,11.5997307,48.1302532,534.0
10200,11.5998838,48.1303574,534.0
10201,11.5999727,48.1304158,534.0
10202,11.5996111,48.1302059,534.0
10203,11.5837924,48.1203486,536.0
10204,11.5507988,48.1418006,528.0
10205,11.5559045,48.1310122,527.0
10206,11.5561433,48.1310140,527.0
10207,11.5562372,48.1310301,527.0
10208,11.5562962,48.1310677,526.0
10209,11.5564971,48.1311910,526.0
10210,11.5673015,48.1298799,521.0
10211,11.5673465,48.1298116,521.0
10212,11.5676511,48.1296155,521.0
10213,11.5675348,48.1300583,521.0
10214,11.5672686,48.1300226,521.0
10215,11.5672976,48.1296616,521.0
10216,11.5560982,48.1245461,528.0
10217,11.5647204,48.1217250,523.0
10218,11.5706083,48.1206446,516.0
10219,11.5703667,48.1204665,516.0
10220,11.5703438,48.1206620,516.0
10221,11.5693610,48.1215203,526.0
10222,11.5569386,48.1288959,529.0
10223,11.5728894,48.1269749,521.0
10224,11.5755900,48.1314418,526.0
10225,11.5726622,48.1296021,520.0
10226,11.5719809,48.1291800,520.0
10227,11.5718325,48.1290885,521.0
10228,11.5716823,48.1289959,521.0
10229,11.5741859,48.1305609,522.0
10230,11.5730523,48.1298480,522.0
10231,11.5738334,48.1303398,522.0
10232,11.5722980,48.1293754,520.0
10233,11.5749333,48.1310298,522.0
10234,11.5747610,48.1309217,522.0
10235,11.5763649,48.1341783,520.0
10236,11.5760997,48.1321431,526.0
10237,11.5761437,48.1325031,526.0
10238,11.5761713,48.1327293,526.0
10239,11.5775414,48.1368615,521.0
10240,11.5864687,48.1414641,515.0
10241,11.5736409,48.1425609,524.0
10242,11.5633602,48.1404491,534.0
10243,11.5633186,48.1403893,534.0
10244,11.5714823,48.1417203,521.0
10245,11.5716281,48.1415683,525.0
10246,11.5702337,48.1511831,520.0
10247,11.5757946,48.1436094,528.0
10248,11.5758627,48.1436233,528.0
10249,11.5759150,48.1437016,528.0
10250,11.5759930,48.1437107,528.0
10251,11.5765143,48.1436044,528.0
10252,11.5765484,48.1436063,528.0
10253,11.5766049,48.1436353,528.0
10254,11.5776046,48.1439352,519.0
10255,11.5776504,48.1439474,519.0
10256,11.5802067,48.1209541,521.0
10257,11.5590128,48.1515184,524.0
10258,11.5586503,48.1513209,524.0
10259,11.5737284,48.1295088,522.0
10260,11.5708271,48.1282385,522.0
10261,11.5705434,48.1253611,519.0
10262,11.5680062,48.1234744,525.0
10263,11.5736950,48.1399474,529.0
10264,11.5766985,48.1390794,524.0
10265,11.5770458,48.1390302,524.0
10266,11.5667136,48.1258458,523.0
10267,11.5636609,48.1239294,520.0
10268,11.5635049,48.1236386,520.0
10269,11.5833313,48.1208904,529.0
10270,11.5834841,48.1208436,537.0
10271,11.5839428,48.1213567,537.0
10272,11.5838813,48.1213878,537.0
10273,11.5839833,48.1215046,537.0
10274,11.5603528,48.1520204,524.0
10275,11.5602750,48.1520737,524.0
10276,11.5601883,48.1520921,522.0
10277,11.5603061,48.1520613,524.0
10278,11.5626312,48.1222173,520.0
10279,11.5672350,48.1273639,522.0
10280,11.5771229,48.1323894,523.0
10281,11.5765495,48.1320352,526.0
10282,11.5809654,48.1316951,523.0
10283,11.5805939,48.1318815,523.0
10284,11.5655794,48.1489693,522.0
10285,11.5657231,48.1489270,522.0
10286,11.5658179,48.1489015,522.0
10287,11.5654353,48.1490130,522.0
10288,11.5657379,48.1489231,522.0
10289,11.5767684,48.1475957,520.0
10290,11.5766030,48.1476436,520.0
10291,11.5756131,48.1459507,520.0
10292,11.5770678,48.1480525,517.0
10293,11.5786513,48.1470070,521.0
10294,11.5775777,48.1474350,521.0
10295,11.5773148,48.1475088,521.0
10296,11.5773470,48.1474998,521.0
10297,11.5766702,48.1475677,520.0
10298,11.5773530,48.1473650,521.0
10299,11.5796274,48.1347151,521.0
10300,11.5979450,48.1349338,528.0
10301,11.5991085,48.1323965,535.0
10302,11.5991885,48.1326253,535.0
10303,11.5985329,48.1328395,535.0
10304,11.6007303,48.1329694,530.0
10305,11.6011396,48.1330836,530.0
10306,11.5962828,48.1322900,526.0
10307,11.5963479,48.1323798,526.0
10308,11.5946342,48.1322802,533.0
10309,11.5913079,48.1322368,528.0
10310,11.5941560,48.1309693,530.0
10311,11.5748102,48.1532794,518.0
10312,11.5741151,48.1521566,518.0
10313,11.5584133,48.1293366,525.0
10314,11.5587399,48.1296878,525.0
10315,11.5649761,48.1327380,529.0
10316,11.5785572,48.1234198,519.0
10317,11.5780803,48.1230303,519.0
10318,11.5763547,48.1208981,518.0
10319,11.5586549,48.1489968,519.0
10320,11.5660174,48.1498251,522.0
10321,11.5658987,48.1496399,522.0
10322,11.5656361,48.1497148,522.0
10323,11.5671661,48.1477348,518.0
10324,11.5587159,48.1393237,526.0
10325,11.5678358,48.1404573,526.0
10326,11.5691447,48.1409060,521.0
10327,11.5581737,48.1501126,522.0
10328,11.5586059,48.1470941,520.0
10329,11.5598644,48.1518090,524.0
10330,11.5599603,48.1517170,524.0
10331,11.5598324,48.1518585,524.0
10332,11.5706511,48.1443419,522.0
10333,11.5675075,48.1416534,526.0
10334,11.5692593,48.1423453,526.0
10335,11.5746666,48.1431843,524.0
10336,11.5717453,48.1434300,521.0
10337,11.5718207,48.1433258,521.0
10338,11.5718661,48.1432632,521.0
10339,11.5691701,48.1436237,526.0
10340,11.5690333,48.1438187,522.0
10341,11.5691024,48.1438778,522.0
10342,11.5696218,48.1440306,522.0
10343,11.5705709,48.1427028,526.0
10344,11.5704096,48.1427303,526.0
10345,11.5704780,48.1428332,526.0
10346,11.5699900,48.1436837,526.0
10347,11.5702665,48.1437695,522.0
10348,11.5698916,48.1436532,526.0
10349,11.5709968,48.1432939,521.0
10350,11.5706990,48.1432004,526.0
10351,11.5715030,48.1431453,521.0
10352,11.5711816,48.1430482,521.0
10353,11.5712256,48.1429898,521.0
10354,11.5708110,48.1435409,526.0
10355,11.5712596,48.1435932,521.0
10356,11.5714017,48.1433937,521.0
10357,11.5713756,48.1433221,521.0
10358,11.5715426,48.1430902,521.0
10359,11.5717880,48.1451299,521.0
10360,11.5718675,48.1452545,521.0
10361,11.5711932,48.1451064,521.0
10362,11.5714741,48.1449472,521.0
10363,11.5716384,48.1448957,521.0
10364,11.5719116,48.1453235,521.0
10365,11.5707848,48.1445621,522.0
10366,11.5706088,48.1442759,522.0
10367,11.5716162,48.1439207,521.0
10368,11.5715321,48.1437869,521.0
10369,11.5715481,48.1438124,521.0
10370,11.5719073,48.1432062,521.0
10371,11.5715110,48.1437534,521.0
10372,11.5716513,48.1439766,521.0
10373,11.5708734,48.1441335,521.0
10374,11.5708412,48.1441427,521.0
10375,11.5706715,48.1438693,522.0
10376,11.5706648,48.1437843,522.0
10377,11.5709075,48.1441906,521.0
10378,11.5686189,48.1436948,521.0
10379,11.5678974,48.1439621,520.0
10380,11.5682240,48.1446143,520.0
10381,11.5688126,48.1449560,522.0
10382,11.5686795,48.1450525,520.0
10383,11.5686511,48.1450742,520.0
10384,11.5686189,48.1451314,520.0
10385,11.5686176,48.1451693,520.0
10386,11.5686377,48.1452133,520.0
10387,11.5686620,48.1452343,520.0
10388,11.5681973,48.1326774,525.0
10389,11.5682658,48.1326511,525.0
10390,11.5684306,48.1325709,525.0
10391,11.5732486,48.1460327,518.0
10392,11.5730894,48.1461310,518.0
10393,11.5739120,48.1457764,529.0
10394,11.5712836,48.1315671,520.0
10395,11.5884316,48.1221349,532.0
10396,11.5687740,48.1325729,521.0
10397,11.5679856,48.1323123,525.0
10398,11.5683686,48.1325293,525.0
10399,11.5682031,48.1324897,525.0
10400,11.5684340,48.1325334,525.0
10401,11.5686328,48.1324596,525.0
10402,11.5686092,48.1325348,525.0
10403,11.5688551,48.1326782,521.0
10404,11.5680527,48.1323730,525.0
10405,11.5682390,48.1325040,525.0
10406,11.5683208,48.1325240,525.0
10407,11.5687490,48.1325587,525.0
10408,11.5687244,48.1325476,525.0
10409,11.5688558,48.1327202,521.0
10410,11.5627479,48.1465184,525.0
10411,11.5574022,48.1391608,527.0
10412,11.5740384,48.1402812,529.0
10413,11.5751012,48.1455864,519.0
10414,11.5739612,48.1333756,518.0
10415,11.5740558,48.1334305,518.0
10416,11.5739431,48.1333651,518.0
10417,11.5739194,48.1333508,518.0
10418,11.5738522,48.1333116,517.0
10419,11.6010317,48.1361567,527.0
10420,11.6010800,48.1362507,527.0
10421,11.6010998,48.1362891,527.0
10422,11.6009656,48.1361302,527.0
10423,11.6005500,48.1362270,527.0
10424,11.6005392,48.1362494,527.0
10425,11.6005574,48.1362895,527.0
10426,11.6005921,48.1363639,527.0
10427,11.6006076,48.1363899,527.0
10428,11.6006345,48.1364024,527.0
10429,11.6006783,48.1363974,527.0
10430,11.6007339,48.1363818,527.0
10431,11.6010582,48.1363004,527.0
10432,11.5583998,48.1298154,525.0
10433,11.5999221,48.1309380,534.0
10434,11.5730055,48.1238678,525.0
10435,11.5729699,48.1238822,525.0
10436,11.5729435,48.1239037,525.0
10437,11.5729294,48.1239298,525.0
10438,11.5729291,48.1239576,525.0
10439,11.5747076,48.1219319,516.0
10440,11.5756987,48.1213551,518.0
10441,11.5756967,48.1213369,518.0
10442,11.5757437,48.1211281,518.0
10443,11.5757098,48.1213682,518.0
10444,11.5761431,48.1214131,518.0
10445,11.5909802,48.1292646,533.0
10446,11.5691679,48.1376781,526.0
10447,11.5718437,48.1369528,525.0
10448,11.5719585,48.1368652,525.0
10449,11.5717492,48.1370241,525.0
10450,11.5712170,48.1374048,525.0
10451,11.5886733,48.1217772,532.0
10452,11.5886952,48.1218300,532.0
10453,11.5885360,48.1220806,532.0
10454,11.5886173,48.1218176,532.0
10455,11.5756850,48.1530351,518.0
10456,11.5766084,48.1527651,518.0
10457,11.5774002,48.1524731,514.0
10458,11.5774766,48.1525887,514.0
10459,11.5758708,48.1529814,518.0
10460,11.5763956,48.1528272,518.0
10461,11.5605369,48.1471188,520.0
10462,11.5604754,48.1471363,520.0
10463,11.5868727,48.1289273,517.0
10464,11.5869824,48.1289588,517.0
10465,11.5871097,48.1289323,517.0
10466,11.5871817,48.1289180,517.0
10467,11.5816600,48.1237487,519.0
10468,11.5815695,48.1237203,519.0
10469,11.5808396,48.1216039,521.0
10470,11.5808193,48.1216683,521.0
10471,11.5808271,48.1216437,521.0
10472,11.5805006,48.1215336,521.0
10473,11.5815569,48.1217281,529.0
10474,11.5996625,48.1333355,528.0
10475,11.5997270,48.1333141,535.0
10476,11.6014978,48.1420529,527.0
10477,11.5878422,48.1243748,538.0
10478,11.5878463,48.1244053,538.0
10479,11.5829899,48.1224306,529.0
10480,11.5559384,48.1385035,525.0
10481,11.5668119,48.1322789,525.0
10482,11.5663171,48.1309941,524.0
10483,11.5664307,48.1313420,529.0
10484,11.5666879,48.1320776,525.0
10485,11.5618312,48.1408594,524.0
10486,11.5615032,48.1409635,524.0
10487,11.5987204,48.1382547,526.0
10488,11.5985034,48.1368401,526.0
10489,11.5731314,48.1239814,525.0
10490,11.5644297,48.1363251,525.0
10491,11.5971528,48.1358429,532.0
10492,11.5692412,48.1459544,518.0
10493,11.5868991,48.1398743,515.0
10494,11.5778128,48.1428746,521.0
10495,11.5861287,48.1210210,535.0
10496,11.5860217,48.1208864,535.0
10497,11.5860401,48.1208911,535.0
10498,11.5970775,48.1342045,532.0
10499,11.5762388,48.1391944,524.0
10500,11.5811352,48.1380397,524.0
10501,11.5816205,48.1380286,521.0
10502,11.5976573,48.1340330,532.0
10503,11.5693157,48.1496312,521.0
10504,11.5945360,48.1341000,531.0
10505,11.5948179,48.1342548,531.0
10506,11.5523136,48.1434896,541.0
10507,11.5521114,48.1435295,541.0
10508,11.5523461,48.1432874,541.0
10509,11.5670139,48.1481032,525.0
10510,11.5673937,48.1483086,525.0
10511,11.5669821,48.1480532,525.0
10512,11.5558271,48.1355301,523.0
10513,11.5729996,48.1506046,519.0
10514,11.5722331,48.1494185,516.0
10515,11.5777675,48.1473796,521.0
10516,11.5777357,48.1473888,521.0
10517,11.5921922,48.1395270,514.0
10518,11.5920432,48.1395812,514.0
10519,11.5922828,48.1394903,514.0
10520,11.5989160,48.1383548,526.0
10521,11.5597784,48.1517060,524.0
10522,11.5596304,48.1518391,524.0
10523,11.5598350,48.1518545,524.0
10524,11.5632839,48.1450095,518.0
10525,11.5732643,48.1322755,517.0
10526,11.5739416,48.1318497,517.0
10527,11.5741182,48.1316979,517.0
10528,11.5739057,48.1314848,517.0
10529,11.5738893,48.1318826,517.0
10530,11.5740912,48.1320135,517.0
10531,11.5732767,48.1322677,517.0
10532,11.5731659,48.1322426,517.0
10533,11.5898604,48.1291936,533.0
10534,11.5902592,48.1289682,533.0
10535,11.5885256,48.1294533,524.0
10536,11.5914756,48.1285844,533.0
10537,11.5908150,48.1288053,533.0
10538,11.5853186,48.1208391,537.0
10539,11.5581499,48.1501821,522.0
10540,11.5583679,48.1501970,524.0
10541,11.5532092,48.1449636,527.0
10542,11.5531615,48.1449016,527.0
10543,11.5549119,48.1444177,524.0
10544,11.5834873,48.1226659,537.0
10545,11.6012601,48.1369604,527.0
10546,11.6012198,48.1367998,527.0
10547,11.6015082,48.1367170,527.0
10548,11.5825927,48.1258521,517.0
10549,11.5542545,48.1427503,531.0
10550,11.5545910,48.1433654,531.0
10551,11.5546799,48.1435549,531.0
10552,11.5547123,48.1436141,531.0
10553,11.5559885,48.1277412,528.0
10554,11.5855474,48.1211996,535.0
10555,11.5854198,48.1210656,535.0
10556,11.5683232,48.1406739,526.0
10557,11.5686111,48.1407762,526.0
10558,11.5688001,48.1408426,521.0
10559,11.5691184,48.1409562,521.0
10560,11.5691708,48.1409757,521.0
10561,11.5693523,48.1409804,521.0
10562,11.5692200,48.1408712,521.0
10563,11.5686902,48.1408042,526.0
10564,11.5698631,48.1412193,521.0
10565,11.5716015,48.1417555,521.0
10566,11.5729896,48.1421691,524.0
10567,11.5715501,48.1416256,525.0
10568,11.5676965,48.1404607,526.0
10569,11.5672742,48.1404000,526.0
10570,11.5688473,48.1408584,521.0
10571,11.5653136,48.1328092,529.0
10572,11.5785771,48.1442300,519.0
10573,11.5817508,48.1435452,514.0
10574,11.5691370,48.1415634,521.0
10575,11.5692002,48.1416069,521.0
10576,11.5694666,48.1417327,526.0
10577,11.5717085,48.1424430,521.0
10578,11.5728480,48.1428126,521.0
10579,11.5730745,48.1429467,524.0
10580,11.5680903,48.1408339,526.0
10581,11.5685062,48.1410973,526.0
10582,11.6012716,48.1423533,527.0
10583,11.5678436,48.1404482,526.0
10584,11.5983614,48.1371740,526.0
10585,11.5983831,48.1372181,526.0
10586,11.5986634,48.1377561,526.0
10587,11.5979972,48.1362472,526.0
10588,11.5980562,48.1364518,526.0
10589,11.5988353,48.1381291,526.0
10590,11.5990635,48.1386457,526.0
10591,11.5996189,48.1398105,526.0
10592,11.5996951,48.1399625,526.0
10593,11.5979015,48.1360112,532.0
10594,11.5978975,48.1349589,532.0
10595,11.5990655,48.1354462,526.0
10596,11.5654784,48.1423120,528.0
10597,11.5657941,48.1421029,528.0
10598,11.5630139,48.1427456,520.0
10599,11.5633260,48.1427920,520.0
10600,11.5624773,48.1425936,524.0
10601,11.5624315,48.1425429,524.0
10602,11.5623079,48.1424948,524.0
10603,11.5622894,48.1424960,524.0
10604,11.5623246,48.1424971,524.0
10605,11.5619882,48.1425759,524.0
10606,11.5689069,48.1421647,526.0
10607,11.5689266,48.1422050,526.0
10608,11.5690004,48.1422396,526.0
10609,11.5691377,48.1422834,526.0
10610,11.5760100,48.1213993,518.0
10611,11.5757843,48.1213769,518.0
10612,11.5741614,48.1222373,516.0
10613,11.5742829,48.1221688,516.0
10614,11.5569510,48.1245919,525.0
10615,11.5568899,48.1244877,525.0
10616,11.5567930,48.1244093,525.0
10617,11.5602744,48.1449943,520.0
10618,11.5595367,48.1451949,520.0
10619,11.6002240,48.1358359,527.0
10620,11.6010378,48.1362613,527.0
10621,11.6009815,48.1361697,527.0
10622,11.6006345,48.1362637,527.0
10623,11.6006291,48.1362923,527.0
10624,11.6006492,48.1363272,527.0
10625,11.6006801,48.1363407,527.0
10626,11.6011038,48.1360614,527.0
10627,11.5818324,48.1216138,529.0
10628,11.5914356,48.1233482,533.0
10629,11.5914453,48.1233948,533.0
10630,11.5598400,48.1473786,520.0
10631,11.5675723,48.1527201,517.0
10632,11.5660600,48.1530760,520.0
10633,11.5660963,48.1531370,520.0
10634,11.5661868,48.1532692,520.0
10635,11.5662244,48.1532901,520.0
10636,11.5662704,48.1532922,520.0
10637,11.5663629,48.1532689,520.0
10638,11.5665074,48.1529488,520.0
10639,11.5665447,48.1530078,520.0
10640,11.5666244,48.1531373,520.0
10641,11.5666290,48.1531558,520.0
10642,11.5666145,48.1531882,520.0
10643,11.5665206,48.1532146,520.0
10644,11.5665518,48.1529359,520.0
10645,11.5665897,48.1529948,520.0
10646,11.5666738,48.1531236,517.0
10647,11.5667204,48.1531743,517.0
10648,11.5667540,48.1531829,517.0
10649,11.5668592,48.1531573,517.0
10650,11.5666047,48.1530178,520.0
10651,11.5676071,48.1526331,517.0
10652,11.5676492,48.1526993,517.0
10653,11.5676558,48.1527098,517.0
10654,11.5777507,48.1363292,521.0
10655,11.5584202,48.1290379,526.0
10656,11.5615102,48.1220948,528.0
10657,11.5598967,48.1230595,523.0
10658,11.5785755,48.1324111,523.0
10659,11.5786729,48.1325332,523.0
10660,11.5785334,48.1323562,523.0
10661,11.5788052,48.1326810,523.0
10662,11.5786917,48.1325572,523.0
10663,11.5790745,48.1332583,523.0
10664,11.5791953,48.1333286,523.0
10665,11.5790112,48.1332221,523.0
10666,11.5792253,48.1333464,521.0
10667,11.5847883,48.1406534,516.0
10668,11.5586089,48.1360866,524.0
10669,11.5582786,48.1360898,527.0
10670,11.5584960,48.1360877,524.0
10671,11.5519860,48.1421608,528.0
10672,11.5521180,48.1421828,541.0
10673,11.5522971,48.1422429,541.0
10674,11.5524030,48.1422955,541.0
10675,11.5524205,48.1423133,541.0
10676,11.5522634,48.1422299,541.0
10677,11.5510400,48.1425350,528.0
10678,11.5658171,48.1344299,524.0
10679,11.5658933,48.1341018,524.0
10680,11.5656193,48.1329415,529.0
10681,11.5664789,48.1339104,524.0
10682,11.5662803,48.1342346,524.0
10683,11.5759660,48.1220646,518.0
10684,11.5761048,48.1215541,518.0
10685,11.5720550,48.1370736,525.0
10686,11.5620877,48.1250367,527.0
10687,11.5609101,48.1254861,527.0
10688,11.5685623,48.1437111,521.0
10689,11.5780675,48.1338500,526.0
10690,11.5781535,48.1337176,526.0
10691,11.5781893,48.1336627,526.0
10692,11.5781862,48.1336672,526.0
10693,11.5780439,48.1338863,526.0
10694,11.5781806,48.1336759,526.0
10695,11.5865239,48.1434858,518.0
10696,11.5863216,48.1434617,518.0
10697,11.5863397,48.1435195,518.0
10698,11.5841459,48.1441468,514.0
10699,11.5842225,48.1440301,514.0
10700,11.5842608,48.1438613,514.0
10701,11.5842643,48.1438304,514.0
10702,11.5842458,48.1442164,514.0
10703,11.5842047,48.1442549,514.0
10704,11.5840947,48.1443197,514.0
10705,11.5841393,48.1442984,514.0
10706,11.5843401,48.1440610,514.0
10707,11.5843384,48.1440343,514.0
10708,11.5843378,48.1440835,514.0
10709,11.5843299,48.1441074,514.0
10710,11.5840696,48.1442124,514.0
10711,11.5840250,48.1442417,514.0
10712,11.5839951,48.1442558,514.0
10713,11.5839162,48.1442847,514.0
10714,11.5886642,48.1432840,517.0
10715,11.5886121,48.1432386,517.0
10716,11.5885797,48.1431949,517.0
10717,11.5884605,48.1429866,517.0
10718,11.5884680,48.1430066,517.0
10719,11.5884784,48.1430286,517.0
10720,11.5884827,48.1430365,517.0
10721,11.5932368,48.1473915,513.0
10722,11.5931980,48.1474031,513.0
10723,11.5934977,48.1477940,513.0
10724,11.5935361,48.1477818,513.0
10725,11.5845315,48.1501221,515.0
10726,11.5854281,48.1209669,535.0
10727,11.5709821,48.1272207,521.0
10728,11.5711380,48.1270884,521.0
10729,11.5712746,48.1269547,521.0
10730,11.5714929,48.1267193,521.0
10731,11.5777098,48.1326502,523.0
10732,11.5777106,48.1327520,523.0
10733,11.5775061,48.1327227,523.0
10734,11.5677290,48.1450939,520.0
10735,11.5619795,48.1303946,526.0
10736,11.5620705,48.1303422,526.0
10737,11.5625595,48.1304593,525.0
10738,11.5624671,48.1304146,526.0
10739,11.5622884,48.1303285,526.0
10740,11.5622251,48.1303154,526.0
10741,11.5620461,48.1303562,526.0
10742,11.5618694,48.1304664,526.0
10743,11.5624685,48.1299550,526.0
10744,11.5623510,48.1299997,526.0
10745,11.5621048,48.1300943,526.0
10746,11.5615572,48.1303256,526.0
10747,11.5613546,48.1304507,526.0
10748,11.5612358,48.1305548,526.0
10749,11.5611212,48.1306507,526.0
10750,11.5611069,48.1306627,526.0
10751,11.5622125,48.1298292,526.0
10752,11.5620652,48.1298828,526.0
10753,11.5619764,48.1299191,526.0
10754,11.5618709,48.1301124,526.0
10755,11.5624732,48.1307354,526.0
10756,11.5623801,48.1307336,526.0
10757,11.5621764,48.1307226,526.0
10758,11.5620876,48.1306429,526.0
10759,11.5977045,48.1357363,532.0
10760,11.5977630,48.1357298,532.0
10761,11.5977866,48.1357285,532.0
10762,11.5978130,48.1357280,532.0
10763,11.5978867,48.1357463,532.0
10764,11.5978870,48.1357632,532.0
10765,11.5978967,48.1356004,532.0
10766,11.5978884,48.1357062,532.0
10767,11.5981675,48.1355912,526.0
10768,11.5980751,48.1355979,526.0
10769,11.5980440,48.1356022,526.0
10770,11.5980108,48.1356076,526.0
10771,11.5932309,48.1365090,517.0
10772,11.5982521,48.1347297,528.0
10773,11.5984482,48.1346608,528.0
10774,11.5975071,48.1331401,526.0
10775,11.5973345,48.1333589,532.0
10776,11.5973356,48.1333999,532.0
10777,11.5973447,48.1334750,532.0
10778,11.5973660,48.1335536,532.0
10779,11.5974074,48.1336483,532.0
10780,11.5974562,48.1337321,532.0
10781,11.5974332,48.1336943,532.0
10782,11.5983358,48.1347020,528.0
10783,11.5983873,48.1346812,528.0
10784,11.5987634,48.1347379,528.0
10785,11.5987349,48.1346952,528.0
10786,11.5984243,48.1346682,528.0
10787,11.5984893,48.1346496,528.0
10788,11.5985142,48.1346442,528.0
10789,11.5986730,48.1346563,528.0
10790,11.5986045,48.1346374,528.0
10791,11.5986159,48.1346387,528.0
10792,11.5985786,48.1346369,528.0
10793,11.5985600,48.1346379,528.0
10794,11.5985362,48.1346405,528.0
10795,11.5985932,48.1346369,528.0
10796,11.5986289,48.1346405,528.0
10797,11.5986386,48.1346430,528.0
10798,11.5986601,48.1346506,528.0
10799,11.5987592,48.1347287,528.0
10800,11.5987566,48.1347236,528.0
10801,11.5987459,48.1347074,528.0
10802,11.5987408,48.1347012,528.0
10803,11.5987302,48.1346910,528.0
10804,11.5982267,48.1345454,528.0
10805,11.5982447,48.1345603,528.0
10806,11.5982613,48.1345772,528.0
10807,11.5982715,48.1345897,528.0
10808,11.5982787,48.1346000,528.0
10809,11.5982904,48.1346743,528.0
10810,11.5982854,48.1346867,528.0
10811,11.5982666,48.1347140,528.0
10812,11.5982381,48.1347414,528.0
10813,11.5982296,48.1347475,528.0
10814,11.5982791,48.1346982,528.0
10815,11.5982833,48.1346090,528.0
10816,11.5977598,48.1341605,532.0
10817,11.5977956,48.1341977,532.0
10818,11.5978219,48.1342247,532.0
10819,11.5978981,48.1342934,532.0
10820,11.5979745,48.1343544,528.0
10821,11.5980264,48.1343949,528.0
10822,11.5979324,48.1343219,528.0
10823,11.5982880,48.1346208,528.0
10824,11.5983671,48.1345913,528.0
10825,11.5984679,48.1346155,528.0
10826,11.5984941,48.1346184,528.0
10827,11.5985569,48.1346272,528.0
10828,11.5985937,48.1346327,528.0
10829,11.5986103,48.1346363,528.0
10830,11.5983878,48.1345973,528.0
10831,11.5981751,48.1345065,528.0
10832,11.5985251,48.1346222,528.0
10833,11.5984477,48.1346122,528.0
10834,11.5983303,48.1345783,528.0
10835,11.5982905,48.1345637,528.0
10836,11.5982563,48.1345499,528.0
10837,11.5982315,48.1345386,528.0
10838,11.5982060,48.1345249,528.0
10839,11.5976883,48.1349546,532.0
10840,11.5976663,48.1349454,532.0
10841,11.5982510,48.1347390,528.0
10842,11.5982346,48.1347468,528.0
10843,11.5982920,48.1346640,528.0
10844,11.5981766,48.1347800,528.0
10845,11.5982448,48.1347361,528.0
10846,11.5978843,48.1349740,532.0
10847,11.5978614,48.1349903,532.0
10848,11.5978367,48.1350089,532.0
10849,11.5978206,48.1350232,532.0
10850,11.5978023,48.1350433,532.0
10851,11.5977961,48.1350515,532.0
10852,11.5977973,48.1351733,532.0
10853,11.5977890,48.1350620,532.0
10854,11.5977807,48.1350759,532.0
10855,11.5670767,48.1408285,526.0
10856,11.5671022,48.1408668,526.0
10857,11.5671246,48.1408920,526.0
10858,11.5675161,48.1412684,526.0
10859,11.5675534,48.1413125,526.0
10860,11.5675778,48.1413474,526.0
10861,11.5668614,48.1403475,526.0
10862,11.5667792,48.1402765,526.0
10863,11.5668820,48.1403702,526.0
10864,11.5669006,48.1403926,526.0
10865,11.5669300,48.1404338,526.0
10866,11.5669783,48.1405187,526.0
10867,11.5671465,48.1404022,526.0
10868,11.5674332,48.1404100,526.0
10869,11.5675789,48.1404317,526.0
10870,11.5676434,48.1404472,526.0
10871,11.5661849,48.1405505,523.0
10872,11.5660648,48.1406592,523.0
10873,11.5660022,48.1406651,523.0
10874,11.5660633,48.1405848,523.0
10875,11.5661474,48.1405591,523.0
10876,11.5666604,48.1405798,523.0
10877,11.5666282,48.1405800,523.0
10878,11.5665834,48.1405771,523.0
10879,11.5663615,48.1408621,523.0
10880,11.5663745,48.1407950,523.0
10881,11.5665033,48.1406531,523.0
10882,11.5661221,48.1406549,523.0
10883,11.5659010,48.1406780,523.0
10884,11.5663034,48.1404180,523.0
10885,11.5663489,48.1404846,523.0
10886,11.5665242,48.1405654,523.0
10887,11.5656544,48.1392946,527.0
10888,11.5655953,48.1391690,527.0
10889,11.5655642,48.1390405,527.0
10890,11.5656356,48.1392646,527.0
10891,11.5657054,48.1393685,527.0
10892,11.5655249,48.1390047,527.0
10893,11.5655330,48.1389680,527.0
10894,11.5611781,48.1410689,524.0
10895,11.5611658,48.1410616,524.0
10896,11.5611389,48.1410494,524.0
10897,11.5611010,48.1410389,524.0
10898,11.5610864,48.1410364,524.0
10899,11.5610494,48.1410329,524.0
10900,11.5612842,48.1411661,524.0
10901,11.5613113,48.1410198,524.0
10902,11.5609295,48.1409912,524.0
10903,11.5610042,48.1409294,524.0
10904,11.5610220,48.1408983,524.0
10905,11.5608849,48.1410155,524.0
10906,11.5608528,48.1410295,524.0
10907,11.5608766,48.1410396,524.0
10908,11.5609239,48.1410365,524.0
10909,11.5609933,48.1410332,524.0
10910,11.5674435,48.1406271,526.0
10911,11.5675106,48.1406324,526.0
10912,11.5676432,48.1406531,526.0
10913,11.5677152,48.1406690,526.0
10914,11.5675208,48.1405714,526.0
10915,11.5674738,48.1405655,526.0
10916,11.5673968,48.1405607,526.0
10917,11.5676761,48.1406173,526.0
10918,11.5676183,48.1405937,526.0
10919,11.5675957,48.1405867,526.0
10920,11.5609484,48.1394211,532.0
10921,11.5608177,48.1394167,532.0
10922,11.5605756,48.1393813,532.0
10923,11.5606811,48.1394004,532.0
10924,11.5608586,48.1394192,532.0
10925,11.5609380,48.1394211,532.0
10926,11.5604900,48.1393675,532.0
10927,11.5604352,48.1393613,532.0
10928,11.5603867,48.1393575,526.0
10929,11.5602160,48.1393524,526.0
10930,11.5600072,48.1393510,526.0
10931,11.5601169,48.1393502,526.0
10932,11.5595863,48.1393368,526.0
10933,11.5578547,48.1392707,527.0
10934,11.5608153,48.1394742,532.0
10935,11.5607711,48.1394263,532.0
10936,11.5607881,48.1394398,532.0
10937,11.5608011,48.1394540,532.0
10938,11.5608232,48.1394912,532.0
10939,11.5610763,48.1393687,532.0
10940,11.5610532,48.1393530,532.0
10941,11.5610036,48.1393262,532.0
10942,11.5609655,48.1393066,532.0
10943,11.5609161,48.1392875,532.0
10944,11.5608989,48.1392818,532.0
10945,11.5611030,48.1392978,532.0
10946,11.5611753,48.1392261,532.0
10947,11.5611834,48.1392049,532.0
10948,11.5611884,48.1391862,532.0
10949,11.5610984,48.1392664,532.0
10950,11.5602897,48.1392295,526.0
10951,11.5606673,48.1392599,532.0
10952,11.5609205,48.1392688,532.0
10953,11.5609614,48.1394087,532.0
10954,11.5691236,48.1326482,521.0
10955,11.5698228,48.1323959,521.0
10956,11.5607652,48.1413546,524.0
10957,11.5610383,48.1412426,524.0
10958,11.5610569,48.1412508,524.0
10959,11.5610829,48.1412665,524.0
10960,11.5611061,48.1412883,524.0
10961,11.5611149,48.1413002,524.0
10962,11.5610000,48.1412303,524.0
10963,11.5659023,48.1366510,524.0
10964,11.5658708,48.1366439,524.0
10965,11.5659441,48.1366701,524.0
10966,11.5659166,48.1366558,524.0
10967,11.5651320,48.1364438,524.0
10968,11.5645990,48.1365969,524.0
10969,11.5652659,48.1375229,527.0
10970,11.5652845,48.1375394,527.0
10971,11.5652949,48.1375524,527.0
10972,11.5663165,48.1333270,529.0
10973,11.5662149,48.1332872,529.0
10974,11.5662732,48.1333100,529.0
10975,11.5661491,48.1331700,529.0
10976,11.5660761,48.1331421,529.0
10977,11.5662378,48.1332027,529.0
10978,11.5671406,48.1328387,525.0
10979,11.5671608,48.1328094,525.0
10980,11.5671779,48.1327875,525.0
10981,11.5657723,48.1344703,524.0
10982,11.5657944,48.1343444,524.0
10983,11.5658031,48.1342646,524.0
10984,11.5658183,48.1342349,524.0
10985,11.5658787,48.1341381,524.0
10986,11.5658952,48.1340768,524.0
10987,11.5658923,48.1340546,524.0
10988,11.5658591,48.1340007,524.0
10989,11.5658385,48.1339820,524.0
10990,11.5714347,48.1313161,520.0
10991,11.5716069,48.1312946,520.0
10992,11.5699089,48.1309450,526.0
10993,11.5707621,48.1309702,526.0
10994,11.5706347,48.1309217,526.0
10995,11.5705421,48.1308992,526.0
10996,11.5701692,48.1308880,526.0
10997,11.5704401,48.1308844,526.0
10998,11.5702428,48.1308806,526.0
10999,11.5702052,48.1308836,526.0
11000,11.5702944,48.1308786,526.0
11001,11.5715049,48.1313790,520.0
11002,11.5709289,48.1310278,520.0
11003,11.5702624,48.1308799,526.0
11004,11.5733379,48.1300285,522.0
11005,11.5725714,48.1305549,520.0
11006,11.5739459,48.1295775,522.0
11007,11.5733098,48.1300108,522.0
11008,11.5714408,48.1313192,520.0
11009,11.5715322,48.1313555,520.0
11010,11.5749507,48.1454556,529.0
11011,11.5750045,48.1454739,519.0
11012,11.5750580,48.1454881,519.0
11013,11.5751041,48.1454965,519.0
11014,11.5750764,48.1455105,519.0
11015,11.5748547,48.1455305,529.0
11016,11.5747223,48.1455070,529.0
11017,11.5749811,48.1455755,529.0
11018,11.5747993,48.1453822,529.0
11019,11.5745844,48.1453507,529.0
11020,11.5745488,48.1452901,529.0
11021,11.5744921,48.1451692,529.0
11022,11.5748081,48.1454402,529.0
11023,11.5749657,48.1454153,529.0
11024,11.5750292,48.1454056,519.0
11025,11.5752686,48.1453943,519.0
11026,11.5752007,48.1453944,519.0
11027,11.5750665,48.1454014,519.0
11028,11.5748929,48.1457632,529.0
11029,11.5749193,48.1455709,529.0
11030,11.5748455,48.1455607,529.0
11031,11.5742897,48.1457482,529.0
11032,11.5735242,48.1459733,518.0
11033,11.5734859,48.1459922,518.0
11034,11.5735577,48.1459575,518.0
11035,11.5734324,48.1460209,518.0
11036,11.5733961,48.1460452,518.0
11037,11.5733721,48.1460674,518.0
11038,11.5733275,48.1461925,518.0
11039,11.5732363,48.1461931,518.0
11040,11.5731934,48.1461913,518.0
11041,11.5732518,48.1461965,518.0
11042,11.5732672,48.1462010,518.0
11043,11.5732961,48.1462167,518.0
11044,11.5733146,48.1462308,518.0
11045,11.5733277,48.1462105,518.0
11046,11.5733308,48.1462270,518.0
11047,11.5732245,48.1461916,518.0
11048,11.5730385,48.1461580,518.0
11049,11.5729635,48.1461948,518.0
11050,11.5733563,48.1462872,518.0
11051,11.5733442,48.1462673,518.0
11052,11.5854752,48.1499200,510.0
11053,11.5669817,48.1323393,525.0
11054,11.5669424,48.1323405,525.0
11055,11.5669089,48.1323358,525.0
11056,11.5668900,48.1323314,525.0
11057,11.5668693,48.1323245,525.0
11058,11.5670716,48.1323188,525.0
11059,11.5670900,48.1323121,525.0
11060,11.5671300,48.1322929,525.0
11061,11.5671467,48.1322824,525.0
11062,11.5674527,48.1326106,525.0
11063,11.5673588,48.1326216,525.0
11064,11.5673065,48.1326312,525.0
11065,11.5672161,48.1326572,525.0
11066,11.5671792,48.1326710,525.0
11067,11.5671107,48.1327064,525.0
11068,11.5670435,48.1327680,525.0
11069,11.5670594,48.1327493,525.0
11070,11.5670726,48.1327357,525.0
11071,11.5671332,48.1326926,525.0
11072,11.5671233,48.1325009,525.0
11073,11.5671434,48.1325161,525.0
11074,11.5672067,48.1325549,525.0
11075,11.5672322,48.1325669,525.0
11076,11.5672974,48.1325906,525.0
11077,11.5673339,48.1326004,525.0
11078,11.5673678,48.1326076,525.0
11079,11.5670726,48.1324196,525.0
11080,11.5670741,48.1323965,525.0
11081,11.5670953,48.1323523,525.0
11082,11.5670838,48.1323715,525.0
11083,11.5670734,48.1324018,525.0
11084,11.5832829,48.1209054,529.0
11085,11.5654119,48.1335831,524.0
11086,11.5655006,48.1336372,524.0
11087,11.5654850,48.1336144,524.0
11088,11.5669161,48.1334451,524.0
11089,11.5672239,48.1336064,524.0
11090,11.5666614,48.1333597,524.0
11091,11.5667895,48.1334043,524.0
11092,11.5671296,48.1335173,524.0
11093,11.5672587,48.1335567,524.0
11094,11.5669400,48.1334535,524.0
11095,11.5659506,48.1330892,529.0
11096,11.5663982,48.1337980,524.0
11097,11.5557809,48.1310113,527.0
11098,11.5692899,48.1338830,522.0
11099,11.5693559,48.1340162,522.0
11100,11.5696393,48.1341955,522.0
11101,11.5693333,48.1340358,522.0
11102,11.5692138,48.1339638,522.0
11103,11.5695389,48.1338675,522.0
11104,11.5698519,48.1339670,522.0
11105,11.5693205,48.1338203,522.0
11106,11.5913941,48.1228018,531.0
11107,11.5746260,48.1365573,530.0
11108,11.5745966,48.1365807,530.0
11109,11.5745959,48.1365294,530.0
11110,11.5535697,48.1302060,524.0
11111,11.5960005,48.1282645,533.0
11112,11.5961735,48.1282605,533.0
11113,11.5963417,48.1283023,533.0
11114,11.5965366,48.1284719,533.0
11115,11.5576784,48.1322176,525.0
11116,11.5575090,48.1326494,525.0
11117,11.5575402,48.1325698,525.0
11118,11.5855738,48.1213621,535.0
11119,11.5853154,48.1210877,537.0
11120,11.5803057,48.1504209,520.0
11121,11.5806351,48.1511375,520.0
11122,11.5678707,48.1464481,518.0
11123,11.5678564,48.1451827,520.0
11124,11.5646313,48.1480975,522.0
11125,11.5506238,48.1431862,528.0
11126,11.5516444,48.1429617,528.0
11127,11.5522675,48.1428356,541.0
11128,11.5527555,48.1427350,541.0
11129,11.5642729,48.1511732,518.0
11130,11.5607540,48.1457370,521.0
11131,11.5615815,48.1454929,521.0
11132,11.5608479,48.1457091,521.0
11133,11.5610299,48.1456575,521.0
11134,11.5681485,48.1466758,518.0
11135,11.5686820,48.1465283,518.0
11136,11.5694043,48.1463286,518.0
11137,11.5597963,48.1505094,524.0
11138,11.5601125,48.1513951,524.0
11139,11.5596024,48.1499738,519.0
11140,11.5597305,48.1499384,519.0
11141,11.5596423,48.1498847,519.0
11142,11.5596884,48.1500179,524.0
11143,11.5585997,48.1512265,524.0
11144,11.5596688,48.1518046,524.0
11145,11.5598172,48.1518821,524.0
11146,11.5780306,48.1229719,519.0
11147,11.6002690,48.1393656,528.0
11148,11.6004060,48.1396603,531.0
11149,11.5629571,48.1486817,519.0
11150,11.5781595,48.1337083,526.0
11151,11.5760793,48.1336483,520.0
11152,11.5750862,48.1343227,520.0
11153,11.5755570,48.1346955,520.0
11154,11.5744754,48.1339381,518.0
11155,11.5748728,48.1334483,518.0
11156,11.5768663,48.1311864,523.0
11157,11.5783051,48.1324887,523.0
11158,11.5785649,48.1323972,523.0
11159,11.5797499,48.1319220,523.0
11160,11.5772084,48.1307805,519.0
11161,11.5740067,48.1296143,522.0
11162,11.5733505,48.1322213,517.0
11163,11.5746803,48.1325574,517.0
11164,11.5734553,48.1332720,517.0
11165,11.5731056,48.1322889,517.0
11166,11.5725233,48.1327273,520.0
11167,11.5779554,48.1303330,519.0
11168,11.5781490,48.1303563,519.0
11169,11.5779442,48.1301644,519.0
11170,11.5786544,48.1298993,519.0
11171,11.5805173,48.1338504,521.0
11172,11.5805673,48.1345363,521.0
11173,11.5796296,48.1345072,521.0
11174,11.5796348,48.1340440,521.0
11175,11.5610032,48.1307494,526.0
11176,11.5630369,48.1413985,534.0
11177,11.5648601,48.1424968,528.0
11178,11.5857579,48.1215937,535.0
11179,11.5856448,48.1215779,535.0
11180,11.5860045,48.1216186,535.0
11181,11.5858563,48.1218000,535.0
11182,11.5858026,48.1215803,535.0
11183,11.5850034,48.1207152,536.0
11184,11.5850862,48.1208371,537.0
11185,11.5851639,48.1209267,537.0
11186,11.5857405,48.1215393,535.0
11187,11.5854323,48.1213514,535.0
11188,11.5849071,48.1207112,536.0
11189,11.5849365,48.1207782,536.0
11190,11.5848814,48.1205867,536.0
11191,11.5860881,48.1220588,535.0
11192,11.5861319,48.1220994,535.0
11193,11.5862467,48.1221547,535.0
11194,11.5862404,48.1220589,535.0
11195,11.5860129,48.1219797,535.0
11196,11.5858705,48.1216531,535.0
11197,11.5859113,48.1218627,535.0
11198,11.5849874,48.1208692,537.0
11199,11.5850947,48.1209930,537.0
11200,11.5853794,48.1212943,537.0
11201,11.5857657,48.1216912,535.0
11202,11.5862967,48.1221837,535.0
11203,11.5866897,48.1226748,535.0
11204,11.5865442,48.1224904,535.0
11205,11.5850039,48.1251759,516.0
11206,11.5845833,48.1252342,516.0
11207,11.5844530,48.1252595,516.0
11208,11.5842912,48.1253122,516.0
11209,11.5842132,48.1253370,516.0
11210,11.5848621,48.1204867,536.0
11211,11.5862831,48.1221426,535.0
11212,11.5876546,48.1240041,538.0
11213,11.5728500,48.1435013,521.0
11214,11.5729347,48.1436290,524.0
11215,11.5728591,48.1435150,521.0
11216,11.5768664,48.1455004,519.0
11217,11.5761620,48.1454590,519.0
11218,11.5773229,48.1458742,521.0
11219,11.5772160,48.1457111,519.0
11220,11.5759069,48.1458218,519.0
11221,11.5733392,48.1424855,524.0
11222,11.5771511,48.1385380,524.0
11223,11.5693228,48.1408344,521.0
11224,11.5747816,48.1452504,529.0
11225,11.5690808,48.1375711,526.0
11226,11.5900936,48.1231991,533.0
11227,11.5900821,48.1230017,533.0
11228,11.5902337,48.1231929,533.0
11229,11.5902281,48.1229976,533.0
11230,11.5887462,48.1231697,538.0
11231,11.5886028,48.1232040,538.0
11232,11.5889206,48.1231285,538.0
11233,11.5857204,48.1217668,535.0
11234,11.5858033,48.1217364,535.0
11235,11.5857040,48.1217729,535.0
11236,11.5741249,48.1362787,530.0
11237,11.5500230,48.1364152,522.0
11238,11.5848065,48.1370616,517.0
11239,11.5847292,48.1369464,517.0
11240,11.5525976,48.1426294,541.0
11241,11.5506134,48.1425441,528.0
11242,11.5826323,48.1444744,517.0
11243,11.5828159,48.1444530,517.0
11244,11.5827780,48.1444550,517.0
11245,11.5833530,48.1444121,514.0
11246,11.5831565,48.1444401,517.0
11247,11.5831012,48.1444427,517.0
11248,11.5832088,48.1444352,517.0
11249,11.5816259,48.1447332,517.0
11250,11.5822685,48.1446005,517.0
11251,11.5824699,48.1445591,517.0
11252,11.5827697,48.1445112,517.0
11253,11.5826902,48.1445200,517.0
11254,11.5828517,48.1445073,517.0
11255,11.5829480,48.1445053,517.0
11256,11.5851243,48.1437654,514.0
11257,11.5855289,48.1436839,518.0
11258,11.5852148,48.1436753,516.0
11259,11.5861003,48.1435012,518.0
11260,11.5658059,48.1339561,524.0
11261,11.5656699,48.1338536,524.0
11262,11.5657949,48.1342871,524.0
11263,11.5657925,48.1343288,524.0
11264,11.5657988,48.1343722,524.0
11265,11.5655620,48.1337490,524.0
11266,11.5655914,48.1337871,524.0
11267,11.5656152,48.1338109,524.0
11268,11.5656411,48.1338321,524.0
11269,11.5654508,48.1338074,524.0
11270,11.5658873,48.1341208,524.0
11271,11.5648803,48.1335324,524.0
11272,11.5651214,48.1335567,524.0
11273,11.5654394,48.1335874,524.0
11274,11.5654728,48.1336027,524.0
11275,11.5585799,48.1464527,520.0
11276,11.5759761,48.1455350,519.0
11277,11.5764586,48.1455571,519.0
11278,11.5765583,48.1455610,519.0
11279,11.5770695,48.1455757,519.0
11280,11.5773066,48.1455724,519.0
11281,11.5766054,48.1456648,519.0
11282,11.5767740,48.1456690,519.0
11283,11.5770688,48.1456654,519.0
11284,11.5772983,48.1456485,519.0
11285,11.5699304,48.1199046,516.0
11286,11.5698497,48.1198049,516.0
11287,11.5587289,48.1308420,525.0
11288,11.5590590,48.1308387,525.0
11289,11.5591325,48.1308382,525.0
11290,11.5619879,48.1333995,525.0
11291,11.5617905,48.1333764,525.0
11292,11.5617027,48.1333663,525.0
11293,11.5831662,48.1419847,514.0
11294,11.5830777,48.1417564,514.0
11295,11.5765098,48.1391201,524.0
11296,11.5772407,48.1389810,524.0
11297,11.5772692,48.1388699,524.0
11298,11.5769483,48.1390397,524.0
11299,11.5827192,48.1350458,518.0
11300,11.5843874,48.1373473,517.0
11301,11.5833198,48.1354666,521.0
11302,11.5834122,48.1357081,517.0
11303,11.5839866,48.1362732,517.0
11304,11.5843023,48.1375070,517.0
11305,11.5844165,48.1379875,517.0
11306,11.5829351,48.1351699,518.0
11307,11.5844389,48.1375177,517.0
11308,11.5832038,48.1355412,521.0
11309,11.5838781,48.1373472,517.0
11310,11.5847098,48.1390469,517.0
11311,11.5848904,48.1392142,517.0
11312,11.5849158,48.1391143,517.0
11313,11.5848933,48.1389848,517.0
11314,11.5847438,48.1386346,517.0
11315,11.5845803,48.1394199,517.0
11316,11.5830954,48.1415165,518.0
11317,11.5830198,48.1413557,518.0
11318,11.5828983,48.1413391,518.0
11319,11.5830321,48.1416814,514.0
11320,11.5831300,48.1413860,518.0
11321,11.5831622,48.1414676,518.0
11322,11.5833632,48.1406824,516.0
11323,11.5832800,48.1407692,518.0
11324,11.5839128,48.1401674,516.0
11325,11.5836353,48.1403247,516.0
11326,11.5836926,48.1403720,516.0
11327,11.5838574,48.1328874,517.0
11328,11.5837965,48.1329577,517.0
11329,11.5760455,48.1277680,521.0
11330,11.5764636,48.1277630,521.0
11331,11.5760548,48.1279511,521.0
11332,11.5764530,48.1279721,521.0
11333,11.5670802,48.1323792,525.0
11334,11.5831593,48.1353313,518.0
11335,11.5830205,48.1352261,518.0
11336,11.5832490,48.1346684,518.0
11337,11.5834661,48.1349437,521.0
11338,11.5835233,48.1349801,521.0
11339,11.5835543,48.1349889,521.0
11340,11.5710809,48.1271069,521.0
11341,11.5714368,48.1267903,521.0
11342,11.5670826,48.1266871,523.0
11343,11.5688932,48.1264824,519.0
11344,11.5699420,48.1263139,519.0
11345,11.5700034,48.1262209,519.0
11346,11.5703435,48.1283033,522.0
11347,11.5698036,48.1285658,522.0
11348,11.5695878,48.1286190,522.0
11349,11.5685022,48.1264919,523.0
11350,11.5685066,48.1265201,523.0
11351,11.5687659,48.1265147,519.0
11352,11.5687235,48.1265089,523.0
11353,11.5686813,48.1265081,523.0
11354,11.5683579,48.1265432,523.0
11355,11.5684535,48.1264310,523.0
11356,11.5688571,48.1266072,519.0
11357,11.5611310,48.1298457,526.0
11358,11.5609761,48.1298203,526.0
11359,11.5607132,48.1296598,526.0
11360,11.5664889,48.1231114,521.0
11361,11.5662645,48.1233106,521.0
11362,11.5664073,48.1231031,521.0
11363,11.5650746,48.1227708,523.0
11364,11.5643113,48.1214845,520.0
11365,11.5637645,48.1211669,520.0
11366,11.5553132,48.1286270,528.0
11367,11.5695042,48.1318487,521.0
11368,11.5695197,48.1318679,521.0
11369,11.5695504,48.1319057,521.0
11370,11.5695804,48.1319427,521.0
11371,11.5694169,48.1317411,521.0
11372,11.5700686,48.1318536,521.0
11373,11.5769430,48.1293282,523.0
11374,11.5769609,48.1293201,523.0
11375,11.5770234,48.1292918,523.0
11376,11.5768142,48.1293867,523.0
11377,11.5767205,48.1294286,523.0
11378,11.5766770,48.1294572,523.0
11379,11.5766522,48.1294885,523.0
11380,11.5766454,48.1295270,523.0
11381,11.5706602,48.1428107,526.0
11382,11.5983473,48.1286384,537.0
11383,11.5983423,48.1285269,537.0
11384,11.5983391,48.1284557,537.0
11385,11.5983503,48.1287067,537.0
11386,11.5681869,48.1290917,522.0
11387,11.5680369,48.1287579,522.0
11388,11.5684041,48.1289187,522.0
11389,11.5858140,48.1317781,516.0
11390,11.5830916,48.1303387,522.0
11391,11.5974252,48.1329166,526.0
11392,11.5705537,48.1446225,522.0
11393,11.5696968,48.1447173,522.0
11394,11.5702540,48.1447558,522.0
11395,11.5698895,48.1447292,522.0
11396,11.5704243,48.1447076,522.0
11397,11.5702204,48.1443874,522.0
11398,11.5702629,48.1444522,522.0
11399,11.5702970,48.1445044,522.0
11400,11.5641887,48.1395713,523.0
11401,11.5641558,48.1393305,523.0
11402,11.5641911,48.1395898,534.0
11403,11.5650703,48.1395303,527.0
11404,11.5649609,48.1395561,527.0
11405,11.5649176,48.1395661,527.0
11406,11.5648939,48.1395674,527.0
11407,11.5648676,48.1395648,527.0
11408,11.5648432,48.1395595,527.0
11409,11.5648215,48.1395508,527.0
11410,11.5648030,48.1395377,527.0
11411,11.5647909,48.1395207,527.0
11412,11.5647352,48.1394161,527.0
11413,11.5646911,48.1393332,527.0
11414,11.5650925,48.1395253,527.0
11415,11.5652212,48.1394952,527.0
11416,11.5641672,48.1394138,523.0
11417,11.5644207,48.1393996,523.0
11418,11.5645211,48.1393939,523.0
11419,11.5645828,48.1393352,523.0
11420,11.5647285,48.1394034,527.0
11421,11.5673061,48.1485582,525.0
11422,11.5948523,48.1313441,533.0
11423,11.5948208,48.1313181,533.0
11424,11.5944300,48.1313428,533.0
11425,11.5712926,48.1524328,516.0
11426,11.5734972,48.1434743,524.0
11427,11.5743355,48.1362130,530.0
11428,11.5605697,48.1421970,524.0
11429,11.5605866,48.1421161,524.0
11430,11.5599773,48.1239779,523.0
11431,11.5599902,48.1240907,523.0
11432,11.5600014,48.1240112,523.0
11433,11.5600057,48.1240748,523.0
11434,11.5600113,48.1240337,523.0
11435,11.5599904,48.1239945,523.0
11436,11.5584690,48.1235808,523.0
11437,11.5588677,48.1230660,523.0
11438,11.5597110,48.1229066,527.0
11439,11.5987221,48.1346851,528.0
11440,11.5708952,48.1372146,525.0
11441,11.5710302,48.1373941,525.0
11442,11.5710077,48.1373366,525.0
11443,11.5708485,48.1371641,525.0
11444,11.5795116,48.1514375,520.0
11445,11.5792394,48.1515117,520.0
11446,11.5793157,48.1514907,520.0
11447,11.5795286,48.1514326,520.0
11448,11.5531034,48.1386824,526.0
11449,11.5530973,48.1388725,526.0
11450,11.5530989,48.1389994,526.0
11451,11.5531001,48.1390235,526.0
11452,11.5646090,48.1496712,522.0
11453,11.5617741,48.1475709,520.0
11454,11.5612405,48.1477721,520.0
11455,11.5615134,48.1476452,520.0
11456,11.5615903,48.1476233,520.0
11457,11.5617454,48.1475784,520.0
11458,11.5618927,48.1475372,520.0
11459,11.5614859,48.1477023,520.0
11460,11.5671125,48.1437539,520.0
11461,11.5671218,48.1437709,520.0
11462,11.5672473,48.1437403,521.0
11463,11.5669195,48.1437902,520.0
11464,11.5669309,48.1438074,520.0
11465,11.5669025,48.1258937,523.0
11466,11.5656509,48.1237956,521.0
11467,11.5658980,48.1240762,521.0
11468,11.5670968,48.1238375,525.0
11469,11.5671709,48.1249467,525.0
11470,11.5672067,48.1248208,525.0
11471,11.5668735,48.1247786,525.0
11472,11.5667817,48.1247670,525.0
11473,11.5668820,48.1247507,525.0
11474,11.5670787,48.1250150,523.0
11475,11.5669978,48.1249731,525.0
11476,11.5668248,48.1249537,525.0
11477,11.5667345,48.1249436,525.0
11478,11.5665797,48.1255114,523.0
11479,11.5670192,48.1238778,525.0
11480,11.5798030,48.1487757,521.0
11481,11.5799509,48.1490808,521.0
11482,11.5798578,48.1488889,521.0
11483,11.5823163,48.1349743,518.0
11484,11.5820733,48.1348004,518.0
11485,11.5811066,48.1345999,521.0
11486,11.5760648,48.1468009,520.0
11487,11.5758352,48.1468674,520.0
11488,11.5760477,48.1468059,520.0
11489,11.5758001,48.1468775,520.0
11490,11.5761554,48.1467747,520.0
11491,11.5773774,48.1494876,519.0
11492,11.5773578,48.1494603,519.0
11493,11.5766528,48.1488700,517.0
11494,11.5770835,48.1487520,519.0
11495,11.5772800,48.1486966,519.0
11496,11.5772932,48.1486921,519.0
11497,11.5773755,48.1486679,519.0
11498,11.5774333,48.1489099,519.0
11499,11.5766636,48.1490347,517.0
11500,11.5767452,48.1490124,517.0
11501,11.5769048,48.1489709,517.0
11502,11.5771725,48.1488908,519.0
11503,11.5773710,48.1488365,519.0
11504,11.5773834,48.1488324,519.0
11505,11.5774677,48.1488094,519.0
11506,11.5766743,48.1491103,517.0
11507,11.5767182,48.1490984,517.0
11508,11.5769078,48.1490439,517.0
11509,11.5772260,48.1489678,519.0
11510,11.5774177,48.1489141,519.0
11511,11.5775182,48.1488868,519.0
11512,11.5625404,48.1529381,518.0
11513,11.5626316,48.1530785,518.0
11514,11.5625555,48.1529633,518.0
11515,11.5627466,48.1532557,518.0
11516,11.5626911,48.1531700,518.0
11517,11.5625139,48.1528972,518.0
11518,11.5746209,48.1455061,529.0
11519,11.5893777,48.1368561,519.0
11520,11.5628701,48.1316322,523.0
11521,11.5571158,48.1267465,525.0
11522,11.5571069,48.1265855,525.0
11523,11.5670736,48.1324273,525.0
11524,11.5668527,48.1323177,525.0
11525,11.5668309,48.1323038,525.0
11526,11.5668392,48.1323102,525.0
11527,11.5668456,48.1323141,525.0
11528,11.5664121,48.1365670,524.0
11529,11.5664172,48.1366112,524.0
11530,11.5664057,48.1366412,524.0
11531,11.5663774,48.1366624,524.0
11532,11.5663429,48.1366749,524.0
11533,11.5661447,48.1366901,524.0
11534,11.5661003,48.1366929,524.0
11535,11.5660793,48.1367989,524.0
11536,11.5660925,48.1368383,524.0
11537,11.5661492,48.1369633,524.0
11538,11.5661265,48.1369104,524.0
11539,11.5661095,48.1368744,524.0
11540,11.5659614,48.1367021,524.0
11541,11.5836953,48.1203909,536.0
11542,11.5835651,48.1208102,536.0
11543,11.5820764,48.1208207,536.0
11544,11.5700707,48.1301069,526.0
11545,11.5697745,48.1294685,526.0
11546,11.5679516,48.1300928,521.0
11547,11.5733916,48.1459378,518.0
11548,11.5660134,48.1427481,528.0
11549,11.5662074,48.1426906,528.0
11550,11.5663866,48.1426338,528.0
11551,11.5664251,48.1426238,528.0
11552,11.5670938,48.1426424,521.0
11553,11.5668817,48.1425997,521.0
11554,11.5666800,48.1426284,521.0
11555,11.5665210,48.1426785,528.0
11556,11.5665518,48.1428152,528.0
11557,11.5665719,48.1428420,528.0
11558,11.5666537,48.1429686,528.0
11559,11.5666655,48.1429856,528.0
11560,11.5666988,48.1430296,521.0
11561,11.5964864,48.1346289,532.0
11562,11.5966164,48.1345524,532.0
11563,11.5966004,48.1345296,532.0
11564,11.5965209,48.1344198,532.0
11565,11.5964770,48.1343593,532.0
11566,11.5965542,48.1345890,532.0
11567,11.5637590,48.1461725,525.0
11568,11.5642723,48.1465446,525.0
11569,11.5643537,48.1463810,525.0
11570,11.5637481,48.1457318,518.0
11571,11.5639537,48.1461545,525.0
11572,11.5639886,48.1462106,525.0
11573,11.5722410,48.1286571,521.0
11574,11.5725732,48.1288423,521.0
11575,11.5723155,48.1286983,521.0
11576,11.5724747,48.1287871,521.0
11577,11.5570688,48.1362069,527.0
11578,11.5570679,48.1361666,527.0
11579,11.5570711,48.1363129,527.0
11580,11.5570323,48.1361670,527.0
11581,11.5570724,48.1363719,527.0
11582,11.5570684,48.1361875,527.0
11583,11.5570707,48.1362966,527.0
11584,11.5819977,48.1298578,522.0
11585,11.5684988,48.1512194,517.0
11586,11.5505653,48.1431991,528.0
11587,11.5522971,48.1428295,541.0
11588,11.6020367,48.1336618,530.0
11589,11.6019611,48.1337803,530.0
11590,11.6018069,48.1336806,530.0
11591,11.5803986,48.1270938,518.0
11592,11.5652553,48.1338694,524.0
11593,11.5654259,48.1338150,524.0
11594,11.5986267,48.1410880,526.0
11595,11.5985433,48.1411273,526.0
11596,11.5985285,48.1409190,526.0
11597,11.5987475,48.1410292,526.0
11598,11.5961514,48.1311705,531.0
11599,11.5960020,48.1311607,531.0
11600,11.5963783,48.1321992,526.0
11601,11.5961651,48.1341600,532.0
11602,11.5963806,48.1319286,526.0
11603,11.5963969,48.1319823,526.0
11604,11.5860983,48.1345196,522.0
11605,11.5859798,48.1332410,516.0
11606,11.5913582,48.1286236,533.0
11607,11.5893676,48.1283639,528.0
11608,11.5894515,48.1284849,528.0
11609,11.5906861,48.1280999,533.0
11610,11.5761669,48.1549559,517.0
11611,11.5635268,48.1236837,520.0
11612,11.5588795,48.1265913,528.0
11613,11.5588602,48.1265829,528.0
11614,11.5588344,48.1265745,528.0
11615,11.5587262,48.1265552,528.0
11616,11.5587008,48.1265542,528.0
11617,11.5583446,48.1263799,528.0
11618,11.5609418,48.1255528,527.0
11619,11.5609635,48.1256115,527.0
11620,11.5634926,48.1236130,520.0
11621,11.5638370,48.1241482,520.0
11622,11.5642351,48.1242679,520.0
11623,11.5639374,48.1244372,520.0
11624,11.5641613,48.1243107,520.0
11625,11.5642623,48.1242545,520.0
11626,11.5641853,48.1242957,520.0
11627,11.5639959,48.1244103,520.0
11628,11.5640337,48.1243897,520.0
11629,11.5639606,48.1244271,520.0
11630,11.5638714,48.1241784,520.0
11631,11.5636183,48.1238661,520.0
11632,11.5634781,48.1235873,520.0
11633,11.5634600,48.1235626,520.0
11634,11.5635689,48.1237706,520.0
11635,11.5635911,48.1238170,520.0
11636,11.5642899,48.1244971,520.0
11637,11.5977825,48.1349738,532.0
11638,11.5903916,48.1424066,510.0
11639,11.5903288,48.1422636,510.0
11640,11.5686039,48.1306114,521.0
11641,11.5888048,48.1412511,519.0
11642,11.5888455,48.1410368,519.0
11643,11.5890273,48.1411025,519.0
11644,11.5888455,48.1409899,519.0
11645,11.5886070,48.1411618,519.0
11646,11.5945496,48.1275989,532.0
11647,11.5943277,48.1281396,532.0
11648,11.5950216,48.1261653,533.0
11649,11.5754023,48.1543419,517.0
11650,11.5754736,48.1452405,519.0
11651,11.5821235,48.1222184,529.0
11652,11.5820628,48.1222312,529.0
11653,11.5820156,48.1223016,529.0
11654,11.5820671,48.1224803,529.0
11655,11.5821215,48.1224979,529.0
11656,11.5803444,48.1249394,516.0
11657,11.5740596,48.1198881,521.0
11658,11.5740853,48.1199199,521.0
11659,11.5741336,48.1199780,521.0
11660,11.5735618,48.1203164,521.0
11661,11.5735431,48.1202938,521.0
11662,11.5734975,48.1202353,521.0
11663,11.5867572,48.1230131,534.0
11664,11.5868009,48.1230019,534.0
11665,11.5840470,48.1331673,517.0
11666,11.5806869,48.1241724,516.0
11667,11.5984894,48.1406985,526.0
11668,11.5984479,48.1402747,526.0
11669,11.5980171,48.1389905,526.0
11670,11.5979304,48.1388874,526.0
11671,11.5582639,48.1393248,527.0
11672,11.5583559,48.1393341,526.0
11673,11.5585441,48.1393333,526.0
11674,11.5584894,48.1393367,526.0
11675,11.5870579,48.1393885,518.0
11676,11.5874410,48.1394015,518.0
11677,11.5755592,48.1542892,517.0
11678,11.5724729,48.1451539,521.0
11679,11.5833166,48.1243199,519.0
11680,11.5839720,48.1250158,516.0
11681,11.5699351,48.1205507,516.0
11682,11.5700840,48.1204399,516.0
11683,11.5702860,48.1203707,516.0
11684,11.5751813,48.1221299,518.0
11685,11.5749262,48.1223949,516.0
11686,11.5748710,48.1224012,516.0
11687,11.5747365,48.1225336,516.0
11688,11.5747803,48.1224899,516.0
11689,11.5693629,48.1497063,521.0
11690,11.5687679,48.1498777,521.0
11691,11.5668180,48.1504424,517.0
11692,11.5624402,48.1516685,521.0
11693,11.5642634,48.1511582,518.0
11694,11.5646118,48.1510607,518.0
11695,11.5654958,48.1508133,518.0
11696,11.5604406,48.1522261,520.0
11697,11.5689113,48.1490380,521.0
11698,11.5684064,48.1482562,525.0
11699,11.5679595,48.1476201,518.0
11700,11.5678054,48.1473757,518.0
11701,11.5644760,48.1485937,519.0
11702,11.5654283,48.1482987,522.0
11703,11.5668907,48.1479117,518.0
11704,11.5628793,48.1490398,519.0
11705,11.5640373,48.1487168,519.0
11706,11.5672216,48.1478171,518.0
11707,11.5580017,48.1360831,527.0
11708,11.5581905,48.1360811,527.0
11709,11.5609641,48.1330888,527.0
11710,11.5611108,48.1327850,527.0
11711,11.5609488,48.1327493,527.0
11712,11.5607820,48.1330682,527.0
11713,11.5610047,48.1327616,527.0
11714,11.5684049,48.1507795,517.0
11715,11.5683723,48.1507883,517.0
11716,11.5622140,48.1451179,521.0
11717,11.5853691,48.1294588,519.0
11718,11.5626907,48.1487589,519.0
11719,11.5630119,48.1486654,519.0
11720,11.5629398,48.1485604,519.0
11721,11.5630678,48.1485212,519.0
11722,11.5637268,48.1482208,519.0
11723,11.5637778,48.1482067,519.0
11724,11.5639521,48.1481564,519.0
11725,11.5640273,48.1477596,525.0
11726,11.5641796,48.1480054,519.0
11727,11.5644404,48.1479339,519.0
11728,11.5665533,48.1509490,518.0
11729,11.5509325,48.1389983,526.0
11730,11.5508698,48.1389961,526.0
11731,11.5911237,48.1381125,521.0
11732,11.5910962,48.1382510,521.0
11733,11.5490555,48.1390216,526.0
11734,11.5492152,48.1390148,526.0
11735,11.5495142,48.1388399,526.0
11736,11.5495806,48.1388121,526.0
11737,11.5496336,48.1387723,526.0
11738,11.5497041,48.1386166,526.0
11739,11.5496926,48.1386792,526.0
11740,11.5496812,48.1387083,526.0
11741,11.5494928,48.1390068,526.0
11742,11.5524000,48.1366991,523.0
11743,11.5524653,48.1366859,523.0
11744,11.5502451,48.1361988,522.0
11745,11.5501036,48.1363277,522.0
11746,11.5505918,48.1359428,522.0
11747,11.5505938,48.1358994,522.0
11748,11.5497006,48.1360516,524.0
11749,11.5490140,48.1360959,524.0
11750,11.5490583,48.1360449,524.0
11751,11.5489838,48.1360001,524.0
11752,11.5489925,48.1362042,524.0
11753,11.5490019,48.1362458,524.0
11754,11.5496892,48.1360708,524.0
11755,11.5490616,48.1361241,524.0
11756,11.5489416,48.1361274,524.0
11757,11.5488685,48.1361268,524.0
11758,11.5487853,48.1361236,524.0
11759,11.5485969,48.1359334,524.0
11760,11.5487425,48.1359598,524.0
11761,11.5499843,48.1360328,524.0
11762,11.5502062,48.1359978,522.0
11763,11.5503531,48.1359674,522.0
11764,11.5490153,48.1382855,526.0
11765,11.5490039,48.1383163,526.0
11766,11.5489704,48.1383436,526.0
11767,11.5489469,48.1383535,526.0
11768,11.5799606,48.1491116,521.0
11769,11.5518864,48.1398186,520.0
11770,11.5518394,48.1398026,520.0
11771,11.5518979,48.1398316,520.0
11772,11.5518049,48.1397976,520.0
11773,11.5519129,48.1398623,520.0
11774,11.5547649,48.1395428,525.0
11775,11.5539434,48.1394427,526.0
11776,11.5540927,48.1395545,526.0
11777,11.5541389,48.1395545,526.0
11778,11.5540078,48.1395388,526.0
11779,11.5539737,48.1395186,526.0
11780,11.5539563,48.1394998,526.0
11781,11.5539464,48.1394796,526.0
11782,11.5541927,48.1395529,525.0
11783,11.5546793,48.1395256,525.0
11784,11.5546543,48.1395241,525.0
11785,11.5547134,48.1395302,525.0
11786,11.5546171,48.1395241,525.0
11787,11.5535805,48.1419950,541.0
11788,11.5535449,48.1419900,541.0
11789,11.5535114,48.1419869,541.0
11790,11.5537106,48.1420526,541.0
11791,11.5536998,48.1420370,541.0
11792,11.5536857,48.1420245,541.0
11793,11.5536670,48.1420146,541.0
11794,11.5542222,48.1419885,531.0
11795,11.5541705,48.1420068,531.0
11796,11.5541427,48.1420138,541.0
11797,11.5542451,48.1419831,531.0
11798,11.5545806,48.1419451,531.0
11799,11.5545960,48.1419514,531.0
11800,11.5545705,48.1419447,531.0
11801,11.5545873,48.1419457,531.0
11802,11.5545990,48.1419556,531.0
11803,11.5545501,48.1419462,531.0
11804,11.5542322,48.1419853,531.0
11805,11.5499630,48.1431353,527.0
11806,11.5499715,48.1431999,527.0
11807,11.5499768,48.1432401,527.0
11808,11.5499300,48.1428836,527.0
11809,11.5538909,48.1425033,541.0
11810,11.5527932,48.1422142,541.0
11811,11.5523627,48.1434110,541.0
11812,11.5523641,48.1434334,541.0
11813,11.5523496,48.1434717,541.0
11814,11.5523347,48.1434820,541.0
11815,11.5793253,48.1547902,518.0
11816,11.5648038,48.1352521,524.0
11817,11.5646203,48.1355431,524.0
11818,11.5643822,48.1354779,525.0
11819,11.5645630,48.1351852,523.0
11820,11.5651232,48.1353347,524.0
11821,11.5652180,48.1353604,524.0
11822,11.5748349,48.1348967,518.0
11823,11.5836084,48.1328867,517.0
11824,11.5826813,48.1338506,518.0
11825,11.5652696,48.1347896,524.0
11826,11.5654179,48.1347437,524.0
11827,11.5755647,48.1542687,517.0
11828,11.5755991,48.1458405,520.0
11829,11.5745518,48.1455381,529.0
11830,11.5745797,48.1456072,529.0
11831,11.5746550,48.1455796,529.0
11832,11.5746868,48.1456463,529.0
11833,11.5747176,48.1453225,529.0
11834,11.5734358,48.1459168,518.0
11835,11.5747504,48.1454591,529.0
11836,11.5751221,48.1457831,519.0
11837,11.5754009,48.1457923,519.0
11838,11.5755474,48.1458015,519.0
11839,11.5740782,48.1440589,529.0
11840,11.5740275,48.1440758,529.0
11841,11.5744113,48.1439756,529.0
11842,11.5954503,48.1362165,526.0
11843,11.5605390,48.1521699,520.0
11844,11.5604992,48.1521773,520.0
11845,11.5604506,48.1521817,520.0
11846,11.5603608,48.1521766,522.0
11847,11.5603187,48.1521658,522.0
11848,11.5604059,48.1521816,522.0
11849,11.5604059,48.1520641,524.0
11850,11.5603389,48.1521719,522.0
11851,11.5602952,48.1521580,522.0
11852,11.5603816,48.1521795,522.0
11853,11.5604656,48.1521807,520.0
11854,11.5605225,48.1521734,520.0
11855,11.5604819,48.1521793,520.0
11856,11.5854549,48.1501389,510.0
11857,11.5854104,48.1514919,515.0
11858,11.5851875,48.1510872,515.0
11859,11.5856650,48.1519617,510.0
11860,11.5872182,48.1524000,515.0
11861,11.5875294,48.1526371,510.0
11862,11.5873290,48.1527594,515.0
11863,11.5869181,48.1525131,515.0
11864,11.5874196,48.1527925,515.0
11865,11.5531115,48.1340849,523.0
11866,11.5807027,48.1245566,516.0
11867,11.5797633,48.1345633,521.0
11868,11.5797460,48.1346311,521.0
11869,11.5795119,48.1345839,521.0
11870,11.5795139,48.1345347,521.0
11871,11.5612724,48.1489000,519.0
11872,11.5511784,48.1429955,528.0
11873,11.5512079,48.1430568,528.0
11874,11.5634995,48.1413941,534.0
11875,11.5653654,48.1526661,520.0
11876,11.5655152,48.1526220,520.0
11877,11.5654679,48.1526360,520.0
11878,11.5653330,48.1526758,520.0
11879,11.5652592,48.1526965,520.0
11880,11.5741482,48.1472997,518.0
11881,11.5743265,48.1472478,518.0
11882,11.5740320,48.1473313,518.0
11883,11.5623724,48.1327996,527.0
11884,11.5617551,48.1333723,525.0
11885,11.5562249,48.1348377,530.0
11886,11.5790868,48.1412743,522.0
11887,11.5548696,48.1443567,524.0
11888,11.5543683,48.1482983,524.0
11889,11.5560704,48.1485752,524.0
11890,11.5733237,48.1418355,524.0
11891,11.5811082,48.1496043,521.0
11892,11.5704274,48.1427359,526.0
11893,11.5661597,48.1421583,528.0
11894,11.5665803,48.1421046,528.0
11895,11.5660600,48.1421723,528.0
11896,11.5658947,48.1422029,528.0
11897,11.5658066,48.1422243,528.0
11898,11.5859408,48.1386058,518.0
11899,11.5861222,48.1385727,518.0
11900,11.5861993,48.1385517,518.0
11901,11.5495981,48.1434426,527.0
11902,11.5833088,48.1548216,518.0
11903,11.6003240,48.1410215,531.0
11904,11.5930460,48.1421416,515.0
11905,11.5928997,48.1421723,515.0
11906,11.5896479,48.1428347,510.0
11907,11.5938619,48.1405015,514.0
11908,11.5889065,48.1365381,519.0
11909,11.5899633,48.1373892,509.0
11910,11.5896452,48.1309087,533.0
11911,11.5911703,48.1305232,533.0
11912,11.5801709,48.1297701,532.0
11913,11.5620831,48.1254079,527.0
11914,11.5584032,48.1265139,528.0
11915,11.5596419,48.1292463,525.0
11916,11.5595638,48.1290548,526.0
11917,11.5595386,48.1289917,526.0
11918,11.5566634,48.1392259,527.0
11919,11.5552616,48.1375008,525.0
11920,11.5527720,48.1375236,526.0
11921,11.5753649,48.1282467,521.0
11922,11.5946663,48.1466875,514.0
11923,11.5946397,48.1466518,514.0
11924,11.5947305,48.1467612,514.0
11925,11.5943702,48.1462946,514.0
11926,11.5944800,48.1464275,514.0
11927,11.5944372,48.1463738,514.0
11928,11.5946067,48.1466073,514.0
11929,11.5942937,48.1465302,514.0
11930,11.5943573,48.1465277,514.0
11931,11.5944650,48.1465096,514.0
11932,11.5946403,48.1465557,514.0
11933,11.5834529,48.1475927,516.0
11934,11.5833858,48.1473726,516.0
11935,11.5841997,48.1457514,514.0
11936,11.5841026,48.1457671,514.0
11937,11.5844483,48.1500793,515.0
11938,11.5842084,48.1459878,516.0
11939,11.5843230,48.1462507,516.0
11940,11.5844492,48.1465346,516.0
11941,11.5848054,48.1481488,518.0
11942,11.5845632,48.1495081,518.0
11943,11.5839967,48.1467010,516.0
11944,11.5839967,48.1466643,516.0
11945,11.5840671,48.1466223,516.0
11946,11.5843232,48.1465618,516.0
11947,11.5844192,48.1462294,516.0
11948,11.5841708,48.1462844,516.0
11949,11.5840135,48.1463163,516.0
11950,11.5839317,48.1463453,516.0
11951,11.5840074,48.1466447,516.0
11952,11.5838854,48.1463865,516.0
11953,11.5840799,48.1468540,516.0
11954,11.5829496,48.1467408,520.0
11955,11.5837801,48.1459248,516.0
11956,11.5839488,48.1454466,514.0
11957,11.5829144,48.1449046,517.0
11958,11.5828735,48.1448173,517.0
11959,11.5802101,48.1466926,519.0
11960,11.5806580,48.1465198,519.0
11961,11.5805502,48.1462477,519.0
11962,11.5803985,48.1465708,519.0
11963,11.5802844,48.1462852,519.0
11964,11.5801323,48.1466151,519.0
11965,11.5800128,48.1463234,519.0
11966,11.5807512,48.1462194,519.0
11967,11.5829425,48.1411885,518.0
11968,11.5829730,48.1411382,518.0
11969,11.5831784,48.1412280,518.0
11970,11.5831392,48.1412311,518.0
11971,11.6013263,48.1358792,527.0
11972,11.5857271,48.1414713,515.0
11973,11.5855972,48.1414455,515.0
11974,11.5860281,48.1415231,515.0
11975,11.5859714,48.1415231,515.0
11976,11.5862835,48.1411479,515.0
11977,11.5862498,48.1412183,515.0
11978,11.5861966,48.1413701,515.0
11979,11.5862042,48.1414263,515.0
11980,11.5855134,48.1414402,515.0
11981,11.5919881,48.1436090,515.0
11982,11.5920515,48.1437333,515.0
11983,11.5920340,48.1437373,515.0
11984,11.5920683,48.1438048,515.0
11985,11.5921616,48.1437838,515.0
11986,11.5921930,48.1438456,515.0
11987,11.5922481,48.1437838,515.0
11988,11.5916588,48.1439559,514.0
11989,11.5938338,48.1430598,513.0
11990,11.5939244,48.1433501,513.0
11991,11.5918606,48.1443066,515.0
11992,11.5920137,48.1435293,515.0
11993,11.5925185,48.1442594,515.0
11994,11.5921732,48.1437057,515.0
11995,11.5923655,48.1440170,515.0
11996,11.5921041,48.1440777,515.0
11997,11.5921313,48.1441293,515.0
11998,11.5923915,48.1440697,515.0
11999,11.5924598,48.1442065,515.0
12000,11.5919910,48.1435342,515.0
12001,11.5920870,48.1437253,515.0
12002,11.5924136,48.1440351,515.0
12003,11.5920437,48.1441199,515.0
12004,11.5916299,48.1439882,514.0
12005,11.5918522,48.1444139,515.0
12006,11.5924903,48.1441993,515.0
12007,11.5925222,48.1441918,515.0
12008,11.5920731,48.1435151,515.0
12009,11.5920165,48.1435850,515.0
12010,11.5921011,48.1435662,515.0
12011,11.5918256,48.1443603,515.0
12012,11.5924931,48.1442082,515.0
12013,11.5927058,48.1433645,515.0
12014,11.5931476,48.1441139,515.0
12015,11.5931800,48.1439981,515.0
12016,11.5920930,48.1435507,515.0
12017,11.5920248,48.1436011,515.0
12018,11.5918052,48.1443205,515.0
12019,11.5918310,48.1443726,515.0
12020,11.5920089,48.1435693,515.0
12021,11.5924986,48.1442198,515.0
12022,11.5924349,48.1440125,515.0
12023,11.5924329,48.1439997,515.0
12024,11.5924314,48.1440036,515.0
12025,11.5922628,48.1440694,515.0
12026,11.5924849,48.1441893,515.0
12027,11.5921970,48.1437720,515.0
12028,11.5922301,48.1438372,515.0
12029,11.5922751,48.1438354,515.0
12030,11.5922158,48.1437736,515.0
12031,11.5922359,48.1437769,515.0
12032,11.5921807,48.1437040,515.0
12033,11.5923353,48.1436694,515.0
12034,11.5889192,48.1433644,517.0
12035,11.5919916,48.1423711,515.0
12036,11.5920764,48.1423533,515.0
12037,11.5918904,48.1423908,515.0
12038,11.5917167,48.1417575,515.0
12039,11.5916646,48.1417096,510.0
12040,11.5904746,48.1425851,510.0
12041,11.5917383,48.1417513,515.0
12042,11.5917074,48.1416979,515.0
12043,11.5899807,48.1413009,518.0
12044,11.5902801,48.1420022,510.0
12045,11.5903079,48.1420668,510.0
12046,11.5919465,48.1418472,515.0
12047,11.5900122,48.1412963,518.0
12048,11.5903055,48.1419980,510.0
12049,11.5903312,48.1420622,510.0
12050,11.5904592,48.1424689,510.0
12051,11.5912875,48.1408724,518.0
12052,11.5898205,48.1410645,518.0
12053,11.5899563,48.1413048,518.0
12054,11.5900044,48.1420063,510.0
12055,11.5901128,48.1419862,510.0
12056,11.5901540,48.1419779,510.0
12057,11.5902104,48.1421059,510.0
12058,11.5902514,48.1420779,510.0
12059,11.5887022,48.1411491,519.0
12060,11.5888937,48.1411221,519.0
12061,11.5887785,48.1411376,519.0
12062,11.5917419,48.1415085,517.0
12063,11.5912203,48.1407125,518.0
12064,11.5905460,48.1408252,518.0
12065,11.5911517,48.1407984,518.0
12066,11.5922279,48.1438452,515.0
12067,11.5922537,48.1438978,515.0
12068,11.5922987,48.1438873,515.0
12069,11.5922765,48.1440958,515.0
12070,11.5921173,48.1441027,515.0
12071,11.5580889,48.1374547,527.0
12072,11.5532036,48.1363107,523.0
12073,11.5531714,48.1355835,523.0
12074,11.5530199,48.1364626,523.0
12075,11.5513207,48.1368353,522.0
12076,11.5510444,48.1359137,522.0
12077,11.5507403,48.1360618,522.0
12078,11.5509083,48.1361965,522.0
12079,11.5506375,48.1360792,522.0
12080,11.5505219,48.1359901,522.0
12081,11.5507118,48.1361353,522.0
12082,11.5502525,48.1371766,522.0
12083,11.5499278,48.1371787,524.0
12084,11.5497800,48.1371790,524.0
12085,11.5519282,48.1367044,522.0
12086,11.5553004,48.1353727,530.0
12087,11.5552169,48.1353653,530.0
12088,11.5551546,48.1353456,530.0
12089,11.5550812,48.1352828,530.0
12090,11.5550171,48.1352514,530.0
12091,11.5549448,48.1349957,530.0
12092,11.5549775,48.1351095,530.0
12093,11.5534229,48.1351919,523.0
12094,11.5535134,48.1347686,523.0
12095,11.5544224,48.1341596,530.0
12096,11.5555635,48.1345896,530.0
12097,11.5555627,48.1348527,530.0
12098,11.5544138,48.1350054,530.0
12099,11.5531918,48.1350935,523.0
12100,11.5520813,48.1353495,510.0
12101,11.5523740,48.1355861,523.0
12102,11.5525116,48.1353250,523.0
12103,11.5523335,48.1351784,523.0
12104,11.5521988,48.1350606,523.0
12105,11.5516373,48.1354269,522.0
12106,11.5517814,48.1355334,522.0
12107,11.5520348,48.1357205,522.0
12108,11.5520628,48.1353346,510.0
12109,11.5516893,48.1355560,522.0
12110,11.5517103,48.1355722,522.0
12111,11.5518069,48.1358099,522.0
12112,11.5519289,48.1357500,522.0
12113,11.5531037,48.1390843,526.0
12114,11.5531027,48.1390694,526.0
12115,11.5896293,48.1398344,518.0
12116,11.5902081,48.1395624,521.0
12117,11.5908308,48.1392573,521.0
12118,11.5885933,48.1401315,519.0
12119,11.5896698,48.1398797,518.0
12120,11.5886128,48.1401934,519.0
12121,11.5907860,48.1393633,521.0
12122,11.5906535,48.1393626,521.0
12123,11.5896864,48.1397975,518.0
12124,11.5895839,48.1397865,518.0
12125,11.5895540,48.1398640,519.0
12126,11.5587566,48.1296956,525.0
12127,11.5714032,48.1201545,522.0
12128,11.5714728,48.1203893,522.0
12129,11.5715915,48.1203423,522.0
12130,11.5715720,48.1203235,522.0
12131,11.5714997,48.1202526,522.0
12132,11.5713886,48.1201397,522.0
12133,11.5713297,48.1200844,522.0
12134,11.5584525,48.1296267,525.0
12135,11.5584587,48.1296501,525.0
12136,11.5583199,48.1295977,526.0
12137,11.5582971,48.1296349,526.0
12138,11.5583578,48.1298255,525.0
12139,11.5583407,48.1302986,525.0
12140,11.5583349,48.1302603,525.0
12141,11.5720689,48.1316461,520.0
12142,11.5638184,48.1537064,518.0
12143,11.5637101,48.1536714,518.0
12144,11.5923220,48.1282292,534.0
12145,11.5921131,48.1283119,534.0
12146,11.5826844,48.1487327,516.0
12147,11.5826134,48.1487712,516.0
12148,11.5825403,48.1479547,516.0
12149,11.5817235,48.1480965,516.0
12150,11.6019945,48.1375723,528.0
12151,11.5749296,48.1196562,521.0
12152,11.5745206,48.1198226,521.0
12153,11.5720152,48.1208393,516.0
12154,11.5733687,48.1202871,521.0
12155,11.5718219,48.1209180,516.0
12156,11.5790129,48.1258090,519.0
12157,11.5787216,48.1260239,519.0
12158,11.5791730,48.1256908,519.0
12159,11.5798138,48.1234528,516.0
12160,11.5800412,48.1234762,516.0
12161,11.5769495,48.1206945,518.0
12162,11.5708517,48.1207844,522.0
12163,11.5753051,48.1233342,525.0
12164,11.5754111,48.1232629,525.0
12165,11.5732466,48.1220567,516.0
12166,11.5730459,48.1219540,516.0
12167,11.5758048,48.1231190,525.0
12168,11.5782488,48.1250264,519.0
12169,11.5764737,48.1202182,518.0
12170,11.5765105,48.1200836,518.0
12171,11.5766258,48.1211812,518.0
12172,11.5775054,48.1223383,516.0
12173,11.5758300,48.1225645,518.0
12174,11.5759789,48.1220172,518.0
12175,11.5794151,48.1232324,516.0
12176,11.5794946,48.1199979,529.0
12177,11.5776649,48.1202331,524.0
12178,11.5796511,48.1200853,529.0
12179,11.5796291,48.1212487,521.0
12180,11.5898810,48.1425372,510.0
12181,11.5903596,48.1424448,510.0
12182,11.5904056,48.1424359,510.0
12183,11.5534933,48.1385396,526.0
12184,11.5534906,48.1383186,526.0
12185,11.5534933,48.1385284,526.0
12186,11.5534934,48.1386471,526.0
12187,11.5534960,48.1388694,526.0
12188,11.5534986,48.1390109,526.0
12189,11.5535040,48.1390347,526.0
12190,11.5535041,48.1390975,526.0
12191,11.5628200,48.1359777,525.0
12192,11.5630067,48.1360576,525.0
12193,11.5631527,48.1360694,525.0
12194,11.5632165,48.1360745,525.0
12195,11.5628985,48.1360489,525.0
12196,11.5646449,48.1425571,528.0
12197,11.5964152,48.1312045,531.0
12198,11.5897925,48.1251998,535.0
12199,11.5931382,48.1273837,534.0
12200,11.5886451,48.1246526,538.0
12201,11.5935975,48.1281022,534.0
12202,11.5928139,48.1269014,533.0
12203,11.5917405,48.1299709,533.0
12204,11.5926087,48.1293913,533.0
12205,11.5921636,48.1296862,533.0
12206,11.5932541,48.1291150,534.0
12207,11.5959322,48.1273518,533.0
12208,11.5955808,48.1275624,532.0
12209,11.5967292,48.1268738,536.0
12210,11.5904581,48.1308942,533.0
12211,11.5911967,48.1303497,533.0
12212,11.5908876,48.1305775,533.0
12213,11.5913155,48.1302621,533.0
12214,11.5914624,48.1301580,533.0
12215,11.5871060,48.1308825,521.0
12216,11.5865216,48.1304451,521.0
12217,11.5816888,48.1279058,517.0
12218,11.5815883,48.1274507,517.0
12219,11.5840140,48.1282604,517.0
12220,11.5824966,48.1278803,517.0
12221,11.5827889,48.1278711,517.0
12222,11.5820842,48.1278933,517.0
12223,11.5599179,48.1394254,526.0
12224,11.5591943,48.1411502,527.0
12225,11.5591534,48.1411309,527.0
12226,11.5584896,48.1415104,527.0
12227,11.5585439,48.1415354,527.0
12228,11.5584279,48.1412987,527.0
12229,11.5586304,48.1411296,527.0
12230,11.5585057,48.1411784,527.0
12231,11.5584755,48.1412030,527.0
12232,11.5584433,48.1412513,527.0
12233,11.5584312,48.1412759,527.0
12234,11.5584286,48.1413265,527.0
12235,11.5584420,48.1414079,527.0
12236,11.5584587,48.1414737,527.0
12237,11.5585345,48.1411596,527.0
12238,11.5589925,48.1411068,527.0
12239,11.5586539,48.1411269,527.0
12240,11.5586016,48.1411350,527.0
12241,11.5585674,48.1411452,527.0
12242,11.5874508,48.1304418,521.0
12243,11.5872704,48.1302383,521.0
12244,11.5838989,48.1268919,516.0
12245,11.5849503,48.1280855,517.0
12246,11.5837688,48.1267430,516.0
12247,11.5856067,48.1285633,517.0
12248,11.5839723,48.1269760,516.0
12249,11.5855051,48.1293059,521.0
12250,11.5860826,48.1300772,521.0
12251,11.5859563,48.1299678,521.0
12252,11.5835944,48.1278695,517.0
12253,11.5806324,48.1276563,518.0
12254,11.5787667,48.1267755,519.0
12255,11.5840508,48.1251207,516.0
12256,11.5845210,48.1257469,516.0
12257,11.5835330,48.1244311,520.0
12258,11.5846698,48.1259451,516.0
12259,11.5835475,48.1241928,520.0
12260,11.5823549,48.1247524,519.0
12261,11.5830093,48.1244576,519.0
12262,11.5840539,48.1265342,516.0
12263,11.5861722,48.1284481,517.0
12264,11.5858337,48.1279184,517.0
12265,11.5861387,48.1285784,517.0
12266,11.5855040,48.1277590,517.0
12267,11.5888304,48.1310729,524.0
12268,11.5891657,48.1303762,524.0
12269,11.5894259,48.1307418,524.0
12270,11.5889570,48.1300784,524.0
12271,11.5926583,48.1271354,534.0
12272,11.5916928,48.1282829,534.0
12273,11.5913868,48.1282289,533.0
12274,11.5886385,48.1296398,524.0
12275,11.5912963,48.1275457,533.0
12276,11.5921282,48.1272927,534.0
12277,11.5908881,48.1276237,533.0
12278,11.5883674,48.1281773,528.0
12279,11.5901313,48.1276381,533.0
12280,11.5885677,48.1281157,528.0
12281,11.5890092,48.1279800,528.0
12282,11.5904823,48.1278106,533.0
12283,11.5913322,48.1284157,533.0
12284,11.5921455,48.1293546,533.0
12285,11.5876239,48.1277273,528.0
12286,11.5860686,48.1250303,530.0
12287,11.5861626,48.1253873,530.0
12288,11.5858981,48.1245431,534.0
12289,11.5867946,48.1266135,530.0
12290,11.5841878,48.1229525,520.0
12291,11.5851868,48.1236247,520.0
12292,11.5840474,48.1228943,537.0
12293,11.5854109,48.1238844,520.0
12294,11.5855138,48.1240036,534.0
12295,11.5847283,48.1231825,520.0
12296,11.5624441,48.1405740,524.0
12297,11.5620611,48.1400413,524.0
12298,11.5624254,48.1405479,524.0
12299,11.5823348,48.1218803,529.0
12300,11.5820208,48.1211631,529.0
12301,11.5832007,48.1225397,529.0
12302,11.5827232,48.1222660,529.0
12303,11.5836144,48.1203210,536.0
12304,11.5826317,48.1206068,536.0
12305,11.5821230,48.1215641,529.0
12306,11.5630751,48.1393548,523.0
12307,11.5626575,48.1393992,523.0
12308,11.5624739,48.1394081,532.0
12309,11.5621726,48.1393833,532.0
12310,11.5623134,48.1393908,532.0
12311,11.5617816,48.1393805,532.0
12312,11.5616954,48.1393833,532.0
12313,11.5616253,48.1393861,532.0
12314,11.5629945,48.1393609,523.0
12315,11.5628593,48.1393749,523.0
12316,11.5623800,48.1393978,532.0
12317,11.5625166,48.1394086,523.0
12318,11.5622462,48.1393857,532.0
12319,11.5964092,48.1270633,536.0
12320,11.5966035,48.1269483,536.0
12321,11.5958741,48.1273866,533.0
12322,11.5957199,48.1274790,532.0
12323,11.5731144,48.1337647,518.0
12324,11.5697270,48.1450443,522.0
12325,11.5777908,48.1541027,514.0
12326,11.5772603,48.1538956,514.0
12327,11.5782918,48.1539990,514.0
12328,11.5783662,48.1539770,514.0
12329,11.5780576,48.1540680,514.0
12330,11.5773465,48.1541606,514.0
12331,11.5772414,48.1538374,514.0
12332,11.5775779,48.1549300,519.0
12333,11.5775648,48.1548772,519.0
12334,11.5682860,48.1547160,519.0
12335,11.5682143,48.1545393,519.0
12336,11.5681616,48.1544594,519.0
12337,11.5676669,48.1545849,519.0
12338,11.5677322,48.1546963,519.0
12339,11.5676082,48.1544849,519.0
12340,11.5675757,48.1544295,519.0
12341,11.5671632,48.1545493,519.0
12342,11.5667847,48.1538889,517.0
12343,11.5668567,48.1539998,517.0
12344,11.5666884,48.1537409,517.0
12345,11.5668882,48.1540483,517.0
12346,11.5672296,48.1539486,517.0
12347,11.5673364,48.1544379,519.0
12348,11.5672749,48.1543425,519.0
12349,11.5672026,48.1542302,519.0
12350,11.5673594,48.1541120,517.0
12351,11.5669852,48.1542202,519.0
12352,11.5671631,48.1541688,519.0
12353,11.5673698,48.1544897,519.0
12354,11.5679911,48.1536303,517.0
12355,11.5679959,48.1541980,519.0
12356,11.5697443,48.1450597,522.0
12357,11.5698923,48.1450994,522.0
12358,11.5701103,48.1455041,522.0
12359,11.5703408,48.1454735,522.0
12360,11.5697979,48.1456299,522.0
12361,11.5697766,48.1456357,522.0
12362,11.5698959,48.1456032,522.0
12363,11.5679992,48.1454825,520.0
12364,11.5681167,48.1460805,518.0
12365,11.5680535,48.1455670,520.0
12366,11.5678839,48.1456130,520.0
12367,11.5683030,48.1459550,518.0
12368,11.5681279,48.1460027,518.0
12369,11.5683188,48.1462813,518.0
12370,11.5695456,48.1458733,518.0
12371,11.5678364,48.1451485,520.0
12372,11.5696035,48.1457018,522.0
12373,11.5693549,48.1457735,522.0
12374,11.5693721,48.1457685,522.0
12375,11.5679259,48.1453020,520.0
12376,11.5690771,48.1458536,518.0
12377,11.5684786,48.1460261,518.0
12378,11.5697013,48.1456736,522.0
12379,11.5697641,48.1456556,522.0
12380,11.5697878,48.1456487,522.0
12381,11.5585385,48.1430509,521.0
12382,11.5585171,48.1430224,521.0
12383,11.5584335,48.1429112,521.0
12384,11.5581797,48.1425736,525.0
12385,11.5585946,48.1431255,521.0
12386,11.5875329,48.1311923,524.0
12387,11.5876957,48.1312451,524.0
12388,11.5878231,48.1315279,519.0
12389,11.5878354,48.1315472,519.0
12390,11.5877945,48.1315029,519.0
12391,11.5877213,48.1315635,519.0
12392,11.5876704,48.1315847,519.0
12393,11.5878205,48.1315217,519.0
12394,11.5877782,48.1315212,519.0
12395,11.5878332,48.1315442,519.0
12396,11.5877516,48.1315434,519.0
12397,11.5873472,48.1310595,521.0
12398,11.5934611,48.1366790,517.0
12399,11.5935058,48.1367295,517.0
12400,11.5935615,48.1367745,517.0
12401,11.5936908,48.1368577,517.0
12402,11.5938126,48.1369205,526.0
12403,11.5939220,48.1369656,526.0
12404,11.5940646,48.1370018,526.0
12405,11.5941341,48.1369986,526.0
12406,11.5941683,48.1369827,526.0
12407,11.5941845,48.1369580,526.0
12408,11.5941788,48.1369154,526.0
12409,11.5937603,48.1359246,526.0
12410,11.5937289,48.1358947,517.0
12411,11.5936756,48.1358852,517.0
12412,11.5936252,48.1358928,517.0
12413,11.5935434,48.1359499,517.0
12414,11.5934483,48.1360674,517.0
12415,11.5933703,48.1362115,517.0
12416,11.5933456,48.1363575,517.0
12417,11.5647709,48.1459991,519.0
12418,11.5647131,48.1458934,519.0
12419,11.5566108,48.1492080,528.0
12420,11.5566371,48.1492004,528.0
12421,11.5565296,48.1492332,528.0
12422,11.5566966,48.1493229,528.0
12423,11.5567208,48.1493157,528.0
12424,11.5566131,48.1493491,528.0
12425,11.5608752,48.1409070,524.0
12426,11.5609107,48.1398143,524.0
12427,11.5608819,48.1397649,524.0
12428,11.5608607,48.1394818,532.0
12429,11.5593358,48.1412933,527.0
12430,11.5585788,48.1414446,527.0
12431,11.5585312,48.1414745,527.0
12432,11.5608863,48.1405572,524.0
12433,11.5597406,48.1406325,527.0
12434,11.5599611,48.1397205,527.0
12435,11.5596252,48.1398200,527.0
12436,11.5595507,48.1398711,527.0
12437,11.5596836,48.1406109,527.0
12438,11.5600894,48.1406100,527.0
12439,11.5609513,48.1406406,524.0
12440,11.5609764,48.1406747,524.0
12441,11.5610085,48.1407368,524.0
12442,11.5608220,48.1398375,524.0
12443,11.5608130,48.1399031,524.0
12444,11.5608927,48.1406143,524.0
12445,11.5608434,48.1406883,524.0
12446,11.5608615,48.1408712,524.0
12447,11.5609200,48.1398477,524.0
12448,11.5608616,48.1397201,524.0
12449,11.5610480,48.1407619,524.0
12450,11.5610418,48.1406853,524.0
12451,11.5604629,48.1418368,524.0
12452,11.5605656,48.1417693,524.0
12453,11.5607349,48.1414294,524.0
12454,11.5607540,48.1413957,524.0
12455,11.5608567,48.1412501,524.0
12456,11.5607355,48.1413788,524.0
12457,11.5607083,48.1414115,524.0
12458,11.5603241,48.1417922,521.0
12459,11.5603932,48.1418017,521.0
12460,11.5591608,48.1415751,527.0
12461,11.5590753,48.1416009,527.0
12462,11.5589916,48.1416291,527.0
12463,11.5588743,48.1416605,527.0
12464,11.5585570,48.1417041,521.0
12465,11.5586614,48.1416949,521.0
12466,11.5584831,48.1417176,521.0
12467,11.5613581,48.1414877,524.0
12468,11.5611742,48.1415063,524.0
12469,11.5698562,48.1520850,517.0
12470,11.5602579,48.1468603,520.0
12471,11.5603236,48.1469007,520.0
12472,11.5893407,48.1370123,519.0
12473,11.5895918,48.1371774,509.0
12474,11.5897061,48.1372341,509.0
12475,11.5897295,48.1372457,509.0
12476,11.5896167,48.1371897,509.0
12477,11.5724014,48.1267324,521.0
12478,11.5736575,48.1273525,516.0
12479,11.5727404,48.1268432,521.0
12480,11.5728503,48.1268454,521.0
12481,11.5785419,48.1398335,522.0
12482,11.5785226,48.1396701,522.0
12483,11.5779541,48.1401287,522.0
12484,11.5784930,48.1399943,522.0
12485,11.5779435,48.1395018,524.0
12486,11.5778767,48.1401100,522.0
12487,11.5965231,48.1362347,532.0
12488,11.5966637,48.1366874,532.0
12489,11.5909465,48.1370149,509.0
12490,11.5915437,48.1369007,509.0
12491,11.5975076,48.1356973,532.0
12492,11.5986969,48.1355778,526.0
12493,11.5967695,48.1358347,532.0
12494,11.6020520,48.1356828,527.0
12495,11.5984964,48.1374533,526.0
12496,11.5974616,48.1367515,532.0
12497,11.5980422,48.1371653,526.0
12498,11.5977632,48.1367192,532.0
12499,11.5999587,48.1405025,526.0
12500,11.5987072,48.1378978,526.0
12501,11.5992263,48.1390734,526.0
12502,11.6014542,48.1401286,531.0
12503,11.6014497,48.1402214,531.0
12504,11.6014682,48.1398369,531.0
12505,11.6014586,48.1400376,531.0
12506,11.5578248,48.1256607,525.0
12507,11.5556210,48.1259084,527.0
12508,11.5560680,48.1263496,527.0
12509,11.5558106,48.1263494,527.0
12510,11.5920104,48.1329718,534.0
12511,11.5939238,48.1335835,531.0
12512,11.5917740,48.1328962,534.0
12513,11.5956078,48.1340340,531.0
12514,11.5931521,48.1333410,526.0
12515,11.5974664,48.1347427,532.0
12516,11.5978588,48.1354067,532.0
12517,11.5950356,48.1351073,531.0
12518,11.5947678,48.1352395,531.0
12519,11.5959433,48.1348758,532.0
12520,11.5951664,48.1300019,530.0
12521,11.5943595,48.1292532,530.0
12522,11.5940698,48.1289799,532.0
12523,11.5947210,48.1294160,530.0
12524,11.5946005,48.1293012,530.0
12525,11.5950118,48.1298585,530.0
12526,11.5946958,48.1295653,530.0
12527,11.5954058,48.1300682,530.0
12528,11.5942135,48.1291177,532.0
12529,11.5972024,48.1341375,532.0
12530,11.5974049,48.1330055,526.0
12531,11.5967974,48.1314304,526.0
12532,11.5972785,48.1317080,526.0
12533,11.5912475,48.1324913,528.0
12534,11.5915802,48.1318980,528.0
12535,11.5919468,48.1317637,534.0
12536,11.5953261,48.1303593,530.0
12537,11.5925556,48.1315432,534.0
12538,11.5926429,48.1322619,534.0
12539,11.5922849,48.1322551,534.0
12540,11.5921402,48.1322524,534.0
12541,11.5924536,48.1322583,534.0
12542,11.5916082,48.1322424,528.0
12543,11.5950259,48.1330557,533.0
12544,11.5953275,48.1330595,533.0
12545,11.5951700,48.1330575,533.0
12546,11.5935005,48.1321544,534.0
12547,11.5952594,48.1310804,530.0
12548,11.5945842,48.1310074,530.0
12549,11.5954610,48.1311022,530.0
12550,11.5945917,48.1325086,533.0
12551,11.5935805,48.1323828,534.0
12552,11.5949225,48.1310440,530.0
12553,11.5956249,48.1311199,530.0
12554,11.5962495,48.1317663,526.0
12555,11.5961013,48.1312833,526.0
12556,11.5963620,48.1321421,526.0
12557,11.5973988,48.1323077,526.0
12558,11.5958050,48.1322872,533.0
12559,11.5956479,48.1322863,533.0
12560,11.5954549,48.1322851,533.0
12561,11.5949866,48.1322823,533.0
12562,11.5960489,48.1322886,526.0
12563,11.5962253,48.1328234,526.0
12564,11.5963036,48.1339959,532.0
12565,11.6007016,48.1340532,530.0
12566,11.6001242,48.1342047,530.0
12567,11.5994215,48.1309802,534.0
12568,11.5984446,48.1317065,535.0
12569,11.5983944,48.1323256,535.0
12570,11.6003130,48.1322795,530.0
12571,11.6005238,48.1322509,530.0
12572,11.6010319,48.1317851,530.0
12573,11.6009162,48.1321977,530.0
12574,11.5999419,48.1310968,534.0
12575,11.5975772,48.1331187,526.0
12576,11.5994820,48.1342476,528.0
12577,11.5983069,48.1328776,535.0
12578,11.5976947,48.1330819,526.0
12579,11.5979768,48.1329910,535.0
12580,11.5985364,48.1328995,535.0
12581,11.6004536,48.1330645,530.0
12582,11.6006442,48.1329990,530.0
12583,11.5979236,48.1301292,534.0
12584,11.5981466,48.1312043,534.0
12585,11.5973296,48.1306662,531.0
12586,11.5984656,48.1314144,535.0
12587,11.5967313,48.1309330,531.0
12588,11.5979865,48.1310989,534.0
12589,11.5965702,48.1310414,531.0
12590,11.5993521,48.1307021,534.0
12591,11.6012667,48.1331401,530.0
12592,11.6009989,48.1330210,530.0
12593,11.6004345,48.1327680,530.0
12594,11.5999709,48.1287334,537.0
12595,11.5988157,48.1284341,537.0
12596,11.5967740,48.1285267,533.0
12597,11.5980186,48.1284702,537.0
12598,11.5985866,48.1284445,537.0
12599,11.5975890,48.1284897,533.0
12600,11.5995463,48.1284009,537.0
12601,11.5966978,48.1289452,533.0
12602,11.5965167,48.1288240,533.0
12603,11.5957042,48.1282760,532.0
12604,11.5956367,48.1282314,532.0
12605,11.5953990,48.1280742,532.0
12606,11.5974989,48.1276176,533.0
12607,11.5971290,48.1278642,533.0
12608,11.5965385,48.1282576,533.0
12609,11.5979603,48.1273096,537.0
12610,11.5967578,48.1281115,533.0
12611,11.5696845,48.1454926,522.0
12612,11.5721648,48.1438351,521.0
12613,11.5712465,48.1440952,521.0
12614,11.5703386,48.1469545,518.0
12615,11.5695175,48.1452324,522.0
12616,11.5894088,48.1244383,538.0
12617,11.5904650,48.1237567,533.0
12618,11.5883449,48.1221219,532.0
12619,11.5865772,48.1217232,535.0
12620,11.5891624,48.1222367,532.0
12621,11.5897266,48.1223139,531.0
12622,11.5889105,48.1222022,532.0
12623,11.5880982,48.1220825,532.0
12624,11.5892610,48.1394591,519.0
12625,11.5902437,48.1226922,531.0
12626,11.5899188,48.1238119,533.0
12627,11.5902307,48.1230985,533.0
12628,11.5883579,48.1239280,538.0
12629,11.5886946,48.1217079,532.0
12630,11.5884819,48.1223710,532.0
12631,11.5927261,48.1263925,533.0
12632,11.5872413,48.1228876,535.0
12633,11.5929667,48.1254381,533.0
12634,11.5939862,48.1257799,533.0
12635,11.5938942,48.1256480,533.0
12636,11.5949736,48.1261506,533.0
12637,11.5970639,48.1264861,536.0
12638,11.5955728,48.1263660,533.0
12639,11.5956665,48.1256343,533.0
12640,11.5953502,48.1260868,533.0
12641,11.5953860,48.1260356,533.0
12642,11.5958323,48.1253971,533.0
12643,11.5927877,48.1253182,533.0
12644,11.5927875,48.1237346,533.0
12645,11.5945126,48.1266512,533.0
12646,11.5949663,48.1268239,533.0
12647,11.5943589,48.1279859,532.0
12648,11.5944353,48.1278308,532.0
12649,11.5662006,48.1527014,520.0
12650,11.5596254,48.1498379,519.0
12651,11.5595014,48.1500026,524.0
12652,11.5573303,48.1503292,522.0
12653,11.5574408,48.1502150,522.0
12654,11.5576444,48.1507685,522.0
12655,11.5575814,48.1507029,522.0
12656,11.5586124,48.1502425,524.0
12657,11.5573076,48.1501870,522.0
12658,11.5573384,48.1503007,522.0
12659,11.5572894,48.1504634,522.0
12660,11.5691694,48.1361416,522.0
12661,11.5691248,48.1361419,522.0
12662,11.5695789,48.1362666,522.0
12663,11.5830033,48.1304327,522.0
12664,11.5760920,48.1555251,517.0
12665,11.5682524,48.1263675,523.0
12666,11.5732303,48.1319071,517.0
12667,11.5735099,48.1321211,517.0
12668,11.5621680,48.1458892,520.0
12669,11.5621682,48.1458561,520.0
12670,11.5620850,48.1457364,521.0
12671,11.5784959,48.1232643,519.0
12672,11.5781495,48.1232438,519.0
12673,11.5785975,48.1232133,519.0
12674,11.5785417,48.1232414,519.0
12675,11.5786684,48.1231776,519.0
12676,11.5784074,48.1233085,519.0
12677,11.5787832,48.1231198,519.0
12678,11.5752571,48.1312329,523.0
12679,11.5748916,48.1314933,517.0
12680,11.5752118,48.1312652,526.0
12681,11.5681073,48.1418777,521.0
12682,11.5681881,48.1419489,521.0
12683,11.5682411,48.1419966,521.0
12684,11.5684349,48.1421747,521.0
12685,11.5686429,48.1423660,521.0
12686,11.5763296,48.1436397,528.0
12687,11.5760631,48.1436959,528.0
12688,11.5901287,48.1419830,510.0
12689,11.5701173,48.1485076,521.0
12690,11.5732604,48.1273732,516.0
12691,11.5733300,48.1273157,516.0
12692,11.5735055,48.1271729,516.0
12693,11.5735366,48.1271479,516.0
12694,11.5732310,48.1273975,516.0
12695,11.5901199,48.1385544,521.0
12696,11.5899156,48.1383368,521.0
12697,11.5894128,48.1378736,519.0
12698,11.5865922,48.1403263,515.0
12699,11.5866138,48.1402742,515.0
12700,11.5865465,48.1404353,515.0
12701,11.5865707,48.1403773,515.0
12702,11.5624782,48.1369276,528.0
12703,11.5608185,48.1456628,521.0
12704,11.5609997,48.1456102,521.0
12705,11.5614568,48.1454401,521.0
12706,11.5610597,48.1455587,521.0
12707,11.5610556,48.1455940,521.0
12708,11.5709207,48.1391817,531.0
12709,11.5611123,48.1462919,520.0
12710,11.5605036,48.1453493,521.0
12711,11.5737463,48.1417562,524.0
12712,11.5735454,48.1417933,524.0
12713,11.5737920,48.1417784,524.0
12714,11.5738365,48.1418983,524.0
12715,11.5737813,48.1417497,524.0
12716,11.5783007,48.1384416,524.0
12717,11.5780420,48.1381037,524.0
12718,11.5568577,48.1347511,525.0
12719,11.5541945,48.1363318,523.0
12720,11.5541896,48.1361898,523.0
12721,11.5541968,48.1363963,523.0
12722,11.5541860,48.1360860,523.0
12723,11.5675470,48.1300331,521.0
12724,11.5679093,48.1312960,525.0
12725,11.5680273,48.1315083,525.0
12726,11.5679827,48.1314281,525.0
12727,11.5690790,48.1311052,526.0
12728,11.5682912,48.1301986,521.0
12729,11.5675981,48.1277690,522.0
12730,11.5678852,48.1282630,522.0
12731,11.5679930,48.1284701,522.0
12732,11.5671441,48.1280238,522.0
12733,11.5659690,48.1306952,524.0
12734,11.5660900,48.1306020,524.0
12735,11.5672698,48.1300379,521.0
12736,11.5671829,48.1271729,522.0
12737,11.5680293,48.1287394,522.0
12738,11.5676701,48.1296061,521.0
12739,11.5673280,48.1307782,521.0
12740,11.5672567,48.1308222,521.0
12741,11.5673368,48.1308630,521.0
12742,11.5674844,48.1318216,525.0
12743,11.5676575,48.1318237,525.0
12744,11.5676439,48.1319758,525.0
12745,11.5674572,48.1320028,525.0
12746,11.5663529,48.1308975,524.0
12747,11.5635892,48.1291539,527.0
12748,11.5621782,48.1289547,526.0
12749,11.5647012,48.1309952,524.0
12750,11.5647665,48.1309373,524.0
12751,11.5641920,48.1299456,525.0
12752,11.5652477,48.1295772,524.0
12753,11.5649349,48.1291398,527.0
12754,11.5633559,48.1314119,523.0
12755,11.5636069,48.1312197,525.0
12756,11.5641175,48.1298255,525.0
12757,11.5642380,48.1298572,525.0
12758,11.5703209,48.1316970,521.0
12759,11.5700022,48.1309932,526.0
12760,11.5709860,48.1318234,520.0
12761,11.5710354,48.1320129,520.0
12762,11.5711907,48.1333948,519.0
12763,11.5705099,48.1322222,521.0
12764,11.5622907,48.1333257,527.0
12765,11.5629659,48.1333212,523.0
12766,11.5632761,48.1470414,525.0
12767,11.5630949,48.1467457,525.0
12768,11.5829203,48.1540069,517.0
12769,11.5837954,48.1538165,518.0
12770,11.5831316,48.1539609,517.0
12771,11.5830551,48.1539776,517.0
12772,11.5858229,48.1537328,515.0
12773,11.5689720,48.1414270,521.0
12774,11.5653007,48.1392507,527.0
12775,11.5622875,48.1481584,519.0
12776,11.5548957,48.1278680,528.0
12777,11.5559240,48.1274320,528.0
12778,11.5559502,48.1275578,528.0
12779,11.6018703,48.1337196,530.0
12780,11.6017496,48.1336182,530.0
12781,11.5975092,48.1323096,526.0
12782,11.5978594,48.1323154,526.0
12783,11.5975430,48.1324152,526.0
12784,11.5977376,48.1321792,526.0
12785,11.5980177,48.1319988,535.0
12786,11.5976931,48.1350180,532.0
12787,11.5877979,48.1313431,519.0
12788,11.5859929,48.1319548,516.0
12789,11.5810242,48.1278272,518.0
12790,11.5811298,48.1277430,518.0
12791,11.5808575,48.1279538,518.0
12792,11.5810883,48.1277757,518.0
12793,11.5809040,48.1277869,518.0
12794,11.5811620,48.1278598,518.0
12795,11.5888627,48.1249688,538.0
12796,11.5891214,48.1247180,538.0
12797,11.5889007,48.1249387,538.0
12798,11.5929362,48.1270593,533.0
12799,11.5927370,48.1271133,534.0
12800,11.5928470,48.1269441,533.0
12801,11.5930149,48.1271856,534.0
12802,11.5928813,48.1269884,533.0
12803,11.5929802,48.1271303,534.0
12804,11.5933454,48.1367242,517.0
12805,11.5971532,48.1266248,536.0
12806,11.5834450,48.1390438,517.0
12807,11.5967370,48.1370397,532.0
12808,11.5968816,48.1361660,532.0
12809,11.5968938,48.1361952,532.0
12810,11.5969984,48.1362773,532.0
12811,11.5965727,48.1362252,532.0
12812,11.5504683,48.1375474,526.0
12813,11.5516302,48.1381931,526.0
12814,11.5516389,48.1384402,526.0
12815,11.5730029,48.1464697,518.0
12816,11.5657095,48.1322567,529.0
12817,11.5861661,48.1358467,524.0
12818,11.5846141,48.1352290,521.0
12819,11.5864944,48.1350783,522.0
12820,11.5861180,48.1353765,522.0
12821,11.5860336,48.1353306,522.0
12822,11.5862885,48.1358767,524.0
12823,11.5849384,48.1372687,517.0
12824,11.5840858,48.1358702,517.0
12825,11.5840534,48.1359392,517.0
12826,11.5871949,48.1356607,524.0
12827,11.5873248,48.1356899,524.0
12828,11.5866319,48.1374687,524.0
12829,11.5879127,48.1372044,519.0
12830,11.5797670,48.1295627,532.0
12831,11.5758493,48.1276655,521.0
12832,11.5769102,48.1282011,521.0
12833,11.5811848,48.1302906,532.0
12834,11.5714771,48.1252996,521.0
12835,11.5646310,48.1216755,523.0
12836,11.5666351,48.1227309,523.0
12837,11.5708902,48.1257493,521.0
12838,11.5708334,48.1249579,517.0
12839,11.5647417,48.1217367,523.0
12840,11.5730288,48.1261207,516.0
12841,11.5596256,48.1228419,527.0
12842,11.5606400,48.1237507,523.0
12843,11.5615104,48.1246965,523.0
12844,11.5601908,48.1233328,523.0
12845,11.5632927,48.1246534,520.0
12846,11.5624686,48.1214084,528.0
12847,11.5626588,48.1223939,520.0
12848,11.5637508,48.1240482,520.0
12849,11.5628218,48.1228302,520.0
12850,11.5624265,48.1225179,528.0
12851,11.5622752,48.1224481,528.0
12852,11.5592309,48.1258731,528.0
12853,11.5594314,48.1258148,528.0
12854,11.5656301,48.1532656,520.0
12855,11.5655540,48.1531484,520.0
12856,11.5655923,48.1532071,520.0
12857,11.5654405,48.1532508,520.0
12858,11.5655273,48.1531075,520.0
12859,11.5656632,48.1533166,520.0
12860,11.5681379,48.1524806,517.0
12861,11.5679804,48.1525275,517.0
12862,11.5682176,48.1525996,517.0
12863,11.5680714,48.1523802,517.0
12864,11.5706879,48.1517557,520.0
12865,11.5705070,48.1518078,520.0
12866,11.5707622,48.1518717,520.0
12867,11.5706206,48.1516508,520.0
12868,11.5724994,48.1444734,521.0
12869,11.5725285,48.1445203,521.0
12870,11.5728677,48.1444232,521.0
12871,11.5722623,48.1445972,521.0
12872,11.5723153,48.1445813,521.0
12873,11.5703568,48.1444905,522.0
12874,11.5720973,48.1438534,521.0
12875,11.5704056,48.1442513,522.0
12876,11.5703742,48.1442036,522.0
12877,11.5698688,48.1444914,522.0
12878,11.5698215,48.1444897,522.0
12879,11.5697910,48.1444887,522.0
12880,11.5705846,48.1446147,522.0
12881,11.5705580,48.1446215,522.0
12882,11.5588251,48.1465037,520.0
12883,11.5587855,48.1464242,520.0
12884,11.5588104,48.1463791,520.0
12885,11.5587905,48.1464664,520.0
12886,11.5589690,48.1465101,520.0
12887,11.5590220,48.1464612,520.0
12888,11.5589330,48.1466133,520.0
12889,11.5590213,48.1465955,520.0
12890,11.5590835,48.1465638,520.0
12891,11.5585165,48.1466983,520.0
12892,11.5591740,48.1466207,520.0
12893,11.5591384,48.1466884,520.0
12894,11.5561436,48.1422462,531.0
12895,11.5558275,48.1420320,531.0
12896,11.5561675,48.1418665,531.0
12897,11.5564092,48.1420944,525.0
12898,11.5577907,48.1418775,525.0
12899,11.5577866,48.1417181,525.0
12900,11.5571353,48.1420161,525.0
12901,11.5596315,48.1447752,520.0
12902,11.5832183,48.1520445,517.0
12903,11.5842751,48.1518637,515.0
12904,11.5848676,48.1529494,518.0
12905,11.5853013,48.1534398,518.0
12906,11.5851224,48.1534626,518.0
12907,11.5839139,48.1519236,515.0
12908,11.5860308,48.1525060,515.0
12909,11.5858117,48.1527268,515.0
12910,11.5859812,48.1525533,515.0
12911,11.5859735,48.1525612,515.0
12912,11.5870871,48.1529810,515.0
12913,11.5834348,48.1483153,518.0
12914,11.5836179,48.1489148,518.0
12915,11.5842753,48.1501049,515.0
12916,11.5841803,48.1507226,515.0
12917,11.5847012,48.1481501,518.0
12918,11.5846275,48.1481456,518.0
12919,11.5844732,48.1481707,518.0
12920,11.5844598,48.1481984,518.0
12921,11.5844652,48.1482682,518.0
12922,11.5848951,48.1480060,518.0
12923,11.5848015,48.1480085,518.0
12924,11.5833258,48.1479635,516.0
12925,11.5810550,48.1451296,520.0
12926,11.5809800,48.1449750,520.0
12927,11.5811454,48.1453261,520.0
12928,11.5809571,48.1449322,520.0
12929,11.5807723,48.1449692,520.0
12930,11.5808076,48.1450406,520.0
12931,11.5807938,48.1450127,520.0
12932,11.5808651,48.1451678,520.0
12933,11.5809083,48.1452636,520.0
12934,11.5561994,48.1261165,527.0
12935,11.5562004,48.1259890,527.0
12936,11.5723486,48.1317932,520.0
12937,11.5719036,48.1315593,520.0
12938,11.5904959,48.1389199,521.0
12939,11.5927368,48.1432666,515.0
12940,11.5948415,48.1468898,514.0
12941,11.5930796,48.1438324,515.0
12942,11.5859345,48.1332036,516.0
12943,11.5855233,48.1328631,516.0
12944,11.5876930,48.1349329,509.0
12945,11.5857479,48.1330496,516.0
12946,11.5957152,48.1462997,514.0
12947,11.5959035,48.1472669,509.0
12948,11.5955812,48.1456970,515.0
12949,11.5959275,48.1473934,509.0
12950,11.5948930,48.1429061,513.0
12951,11.5921675,48.1387546,514.0
12952,11.5923123,48.1388453,514.0
12953,11.5936549,48.1401568,517.0
12954,11.5937495,48.1403007,517.0
12955,11.5903690,48.1376463,521.0
12956,11.5919591,48.1386265,514.0
12957,11.5942084,48.1427714,513.0
12958,11.5910438,48.1391875,521.0
12959,11.5931086,48.1414257,517.0
12960,11.5942725,48.1445730,515.0
12961,11.5915697,48.1407389,518.0
12962,11.5572489,48.1268153,525.0
12963,11.5751670,48.1431045,528.0
12964,11.5758328,48.1302692,523.0
12965,11.5902297,48.1404855,518.0
12966,11.5883458,48.1408465,519.0
12967,11.5883230,48.1407794,519.0
12968,11.5887749,48.1407230,519.0
12969,11.5886760,48.1407354,519.0
12970,11.5886507,48.1407385,519.0
12971,11.5901500,48.1395886,518.0
12972,11.5887547,48.1407256,519.0
12973,11.5934177,48.1364591,517.0
12974,11.5728744,48.1340620,519.0
12975,11.5743268,48.1354251,530.0
12976,11.5745504,48.1353909,518.0
12977,11.5749472,48.1353552,518.0
12978,11.5748367,48.1353065,518.0
12979,11.5749791,48.1352089,518.0
12980,11.5738208,48.1340855,518.0
12981,11.5800029,48.1365081,520.0
12982,11.5809632,48.1364329,520.0
12983,11.5784948,48.1387335,524.0
12984,11.5784363,48.1386443,524.0
12985,11.5790174,48.1384941,524.0
12986,11.5787033,48.1378597,524.0
12987,11.5799570,48.1365750,520.0
12988,11.5804673,48.1371675,520.0
12989,11.5741729,48.1216962,516.0
12990,11.5744687,48.1219133,516.0
12991,11.5787044,48.1372235,521.0
12992,11.5787034,48.1371787,521.0
12993,11.5787922,48.1371872,521.0
12994,11.5782441,48.1373834,521.0
12995,11.5783358,48.1373974,521.0
12996,11.5783171,48.1374607,521.0
12997,11.5962480,48.1327412,526.0
12998,11.5970086,48.1279439,533.0
12999,11.5977343,48.1296381,531.0
13000,11.5980332,48.1294287,534.0
13001,11.5974767,48.1298566,531.0
13002,11.5977753,48.1296654,531.0
13003,11.5977164,48.1297031,531.0
13004,11.5978054,48.1295883,531.0
13005,11.5977059,48.1297098,531.0
13006,11.5977850,48.1296718,531.0
13007,11.5980806,48.1294739,534.0
13008,11.5978558,48.1296238,531.0
13009,11.5987222,48.1302935,534.0
13010,11.5984315,48.1304751,534.0
13011,11.5986638,48.1303292,534.0
13012,11.5986430,48.1303420,534.0
13013,11.5989567,48.1304456,534.0
13014,11.5991414,48.1303286,534.0
13015,11.5990073,48.1304151,534.0
13016,11.5990070,48.1304783,534.0
13017,11.5993095,48.1302826,534.0
13018,11.5990547,48.1304474,534.0
13019,11.5986376,48.1307369,534.0
13020,11.5987497,48.1306667,534.0
13021,11.5988209,48.1306504,534.0
13022,11.5990522,48.1305076,534.0
13023,11.5989882,48.1305471,534.0
13024,11.5989677,48.1305598,534.0
13025,11.5701257,48.1373140,522.0
13026,11.5701617,48.1373209,522.0
13027,11.5808166,48.1515495,520.0
13028,11.5808597,48.1516166,520.0
13029,11.5786801,48.1506653,521.0
13030,11.5792843,48.1515842,520.0
13031,11.5671165,48.1260321,523.0
13032,11.5679241,48.1262660,523.0
13033,11.5675612,48.1261572,523.0
13034,11.5673357,48.1260928,523.0
13035,11.5677427,48.1262100,523.0
13036,11.5680887,48.1263167,523.0
13037,11.5684729,48.1264383,523.0
13038,11.5684863,48.1264482,523.0
13039,11.5684258,48.1265384,523.0
13040,11.5684981,48.1264718,523.0
13041,11.5684949,48.1264610,523.0
13042,11.5684799,48.1264425,523.0
13043,11.5684911,48.1264537,523.0
13044,11.5672351,48.1266256,523.0
13045,11.5691937,48.1262024,519.0
13046,11.5690600,48.1272590,522.0
13047,11.5692160,48.1277490,522.0
13048,11.5688628,48.1265074,519.0
13049,11.5670793,48.1258868,523.0
13050,11.5666037,48.1254205,523.0
13051,11.5665677,48.1255604,523.0
13052,11.5664885,48.1256103,523.0
13053,11.5665601,48.1256027,523.0
13054,11.5665733,48.1255362,523.0
13055,11.5665631,48.1255829,523.0
13056,11.5665598,48.1256239,523.0
13057,11.5665870,48.1256817,523.0
13058,11.5666175,48.1257430,523.0
13059,11.5666377,48.1257855,523.0
13060,11.5666776,48.1258362,523.0
13061,11.5669911,48.1259301,523.0
13062,11.5669368,48.1259237,523.0
13063,11.5670518,48.1260167,523.0
13064,11.5670009,48.1260080,523.0
13065,11.5668751,48.1260881,523.0
13066,11.5668440,48.1262100,523.0
13067,11.5669560,48.1264349,523.0
13068,11.5672045,48.1266287,523.0
13069,11.5669989,48.1265264,523.0
13070,11.5670305,48.1265876,523.0
13071,11.5671457,48.1266399,523.0
13072,11.5670856,48.1268253,523.0
13073,11.5670894,48.1267419,523.0
13074,11.5670875,48.1267158,523.0
13075,11.5671750,48.1266333,523.0
13076,11.5668208,48.1261476,523.0
13077,11.5668261,48.1261724,523.0
13078,11.5668283,48.1261201,523.0
13079,11.5668210,48.1261379,523.0
13080,11.5668226,48.1261605,523.0
13081,11.5668934,48.1260751,523.0
13082,11.5669239,48.1260475,523.0
13083,11.5669444,48.1260187,523.0
13084,11.5666489,48.1258084,523.0
13085,11.5666661,48.1258283,523.0
13086,11.5666920,48.1258418,523.0
13087,11.5667530,48.1258490,523.0
13088,11.5668233,48.1258603,523.0
13089,11.5668794,48.1258805,523.0
13090,11.5669190,48.1259059,523.0
13091,11.5669552,48.1259572,523.0
13092,11.5669563,48.1259888,523.0
13093,11.5670641,48.1258993,523.0
13094,11.5670466,48.1259101,523.0
13095,11.5597822,48.1505123,524.0
13096,11.5748028,48.1456337,529.0
13097,11.5745991,48.1454441,529.0
13098,11.5735463,48.1433711,524.0
